PdfType: error
Format: lhagrid1
---
1.00000E-06 1.28121E-06 1.64152E-06 2.10317E-06 2.69463E-06 3.45242E-06 4.42329E-06 5.66715E-06 7.26076E-06 9.30241E-06 1.19180E-05 1.52689E-05 1.95617E-05 2.50609E-05 3.21053E-05 4.11287E-05 5.26863E-05 6.74889E-05 8.64459E-05 1.10720E-04 1.41800E-04 1.81585E-04 2.32503E-04 2.97652E-04 3.80981E-04 4.87518E-04 6.26039E-04 8.00452E-04 1.02297E-03 1.30657E-03 1.66759E-03 2.12729E-03 2.71054E-03 3.44865E-03 4.37927E-03 5.54908E-03 7.01192E-03 8.83064E-03 1.10763E-02 1.38266E-02 1.71641E-02 2.11717E-02 2.59364E-02 3.15062E-02 3.79623E-02 4.53425E-02 5.36750E-02 6.29705E-02 7.32221E-02 8.44039E-02 9.64793E-02 1.09332E-01 1.23067E-01 1.37507E-01 1.52639E-01 1.68416E-01 1.84794E-01 2.01731E-01 2.19016E-01 2.36948E-01 2.55242E-01 2.73927E-01 2.92954E-01 3.12340E-01 3.32036E-01 3.52019E-01 3.72282E-01 3.92772E-01 4.13533E-01 4.34326E-01 4.55495E-01 4.76836E-01 4.98342E-01 5.20006E-01 5.41818E-01 5.63773E-01 5.85861E-01 6.08077E-01 6.30459E-01 6.52800E-01 6.75387E-01 6.98063E-01 7.20830E-01 7.43683E-01 7.66623E-01 7.89636E-01 8.12791E-01 8.35940E-01 8.59175E-01 8.82485E-01 9.05866E-01 9.29311E-01 9.52817E-01 9.76387E-01 1.00000E+00
1.30000E+00 1.50159E+00 1.75516E+00 2.07810E+00 2.49495E+00 3.04086E+00 3.76715E+00 4.50000E+00 4.75000E+00 6.23113E+00 8.37423E+00 1.15549E+01 1.64076E+01 2.40380E+01 3.64361E+01 5.73145E+01 9.38707E+01 1.60654E+02 2.88438E+02 5.45587E+02 1.09231E+03 2.32646E+03 5.30043E+03 1.29956E+04 3.45140E+04 1.00000E+05
-5 -4 -3 -2 -1 1 2 3 4 5 21
0.00000E+00 0.00000E+00 4.56849E-01 1.14212E+00 1.14212E+00 1.14213E+00 1.14460E+00 4.56849E-01 0.00000E+00 0.00000E+00 1.06608E-02
0.00000E+00 3.96820E-02 4.90911E-01 1.16775E+00 1.16775E+00 1.16777E+00 1.17035E+00 4.90911E-01 3.96820E-02 0.00000E+00 1.45002E+00
0.00000E+00 1.14891E-01 5.60743E-01 1.22951E+00 1.22952E+00 1.22954E+00 1.23224E+00 5.60743E-01 1.14891E-01 0.00000E+00 3.84804E+00
0.00000E+00 2.29567E-01 6.70230E-01 1.33121E+00 1.33122E+00 1.33125E+00 1.33406E+00 6.70230E-01 2.29567E-01 0.00000E+00 7.46496E+00
0.00000E+00 3.90030E-01 8.25666E-01 1.47911E+00 1.47912E+00 1.47915E+00 1.48208E+00 8.25666E-01 3.90030E-01 0.00000E+00 1.25636E+01
0.00000E+00 6.05910E-01 1.03667E+00 1.68279E+00 1.68280E+00 1.68285E+00 1.68589E+00 1.03667E+00 6.05910E-01 0.00000E+00 1.95145E+01
0.00000E+00 8.84727E-01 1.31073E+00 1.94972E+00 1.94973E+00 1.94979E+00 1.95295E+00 1.31073E+00 8.84727E-01 0.00000E+00 2.86103E+01
1.99840E-15 1.14476E+00 1.56715E+00 2.20073E+00 2.20075E+00 2.20082E+00 2.20407E+00 1.56715E+00 1.14476E+00 1.99840E-15 3.71701E+01
8.18273E-02 1.22486E+00 1.64622E+00 2.27824E+00 2.27826E+00 2.27834E+00 2.28161E+00 1.64622E+00 1.22486E+00 8.18273E-02 4.00075E+01
5.47472E-01 1.68232E+00 2.09881E+00 2.72351E+00 2.72353E+00 2.72363E+00 2.72703E+00 2.09881E+00 1.68232E+00 5.47472E-01 5.46579E+01
1.12724E+00 2.25396E+00 2.66564E+00 3.28312E+00 3.28315E+00 3.28326E+00 3.28680E+00 2.66564E+00 2.25396E+00 1.12724E+00 7.27083E+01
1.82796E+00 2.94657E+00 3.35349E+00 3.96385E+00 3.96387E+00 3.96401E+00 3.96768E+00 3.35349E+00 2.94657E+00 1.82796E+00 9.46956E+01
2.66551E+00 3.77604E+00 4.17827E+00 4.78157E+00 4.78160E+00 4.78176E+00 4.78558E+00 4.17827E+00 3.77604E+00 2.66551E+00 1.21088E+02
3.65999E+00 4.76245E+00 5.16003E+00 5.75636E+00 5.75639E+00 5.75658E+00 5.76054E+00 5.16003E+00 4.76245E+00 3.65999E+00 1.52440E+02
4.82993E+00 5.92433E+00 6.31732E+00 6.90674E+00 6.90678E+00 6.90700E+00 6.91111E+00 6.31732E+00 5.92433E+00 4.82993E+00 1.89212E+02
6.19350E+00 7.27984E+00 7.66828E+00 8.25087E+00 8.25091E+00 8.25117E+00 8.25542E+00 7.66828E+00 7.27984E+00 6.19350E+00 2.31817E+02
7.77134E+00 8.84964E+00 9.23356E+00 9.80939E+00 9.80943E+00 9.80973E+00 9.81414E+00 9.23356E+00 8.84964E+00 7.77134E+00 2.80703E+02
9.58495E+00 1.06552E+01 1.10347E+01 1.16038E+01 1.16038E+01 1.16042E+01 1.16087E+01 1.10347E+01 1.06552E+01 9.58495E+00 3.36296E+02
1.16565E+01 1.27187E+01 1.30937E+01 1.36562E+01 1.36563E+01 1.36566E+01 1.36614E+01 1.30937E+01 1.27187E+01 1.16565E+01 3.98996E+02
1.40086E+01 1.50627E+01 1.54334E+01 1.59893E+01 1.59893E+01 1.59898E+01 1.59947E+01 1.54334E+01 1.50627E+01 1.40086E+01 4.69167E+02
1.66643E+01 1.77103E+01 1.80766E+01 1.86260E+01 1.86261E+01 1.86266E+01 1.86316E+01 1.80766E+01 1.77103E+01 1.66643E+01 5.47135E+02
1.96465E+01 2.06844E+01 2.10464E+01 2.15894E+01 2.15894E+01 2.15900E+01 2.15952E+01 2.10464E+01 2.06844E+01 1.96465E+01 6.33181E+02
2.29782E+01 2.40080E+01 2.43658E+01 2.49023E+01 2.49024E+01 2.49030E+01 2.49084E+01 2.43658E+01 2.40080E+01 2.29782E+01 7.27535E+02
2.66818E+01 2.77036E+01 2.80571E+01 2.85873E+01 2.85874E+01 2.85880E+01 2.85937E+01 2.80571E+01 2.77036E+01 2.66818E+01 8.30372E+02
3.07868E+01 3.18005E+01 3.21498E+01 3.26737E+01 3.26738E+01 3.26746E+01 3.26804E+01 3.21498E+01 3.18005E+01 3.07868E+01 9.41966E+02
3.53107E+01 3.63162E+01 3.66614E+01 3.71791E+01 3.71792E+01 3.71800E+01 3.71860E+01 3.66614E+01 3.63162E+01 3.53107E+01 1.06228E+03
0.00000E+00 0.00000E+00 4.52810E-01 1.13202E+00 1.13202E+00 1.13203E+00 1.13459E+00 4.52810E-01 0.00000E+00 0.00000E+00 1.13875E-02
0.00000E+00 3.98752E-02 4.87107E-01 1.15795E+00 1.15795E+00 1.15797E+00 1.16064E+00 4.87107E-01 3.98752E-02 0.00000E+00 1.45238E+00
0.00000E+00 1.15070E-01 5.56965E-01 1.21980E+00 1.21981E+00 1.21983E+00 1.22262E+00 5.56965E-01 1.15070E-01 0.00000E+00 3.84619E+00
0.00000E+00 2.29412E-01 6.66157E-01 1.32126E+00 1.32127E+00 1.32130E+00 1.32421E+00 6.66157E-01 2.29412E-01 0.00000E+00 7.44929E+00
0.00000E+00 3.89117E-01 8.20872E-01 1.46849E+00 1.46850E+00 1.46855E+00 1.47157E+00 8.20872E-01 3.89117E-01 0.00000E+00 1.25202E+01
0.00000E+00 6.03668E-01 1.03058E+00 1.67093E+00 1.67095E+00 1.67100E+00 1.67415E+00 1.03058E+00 6.03668E-01 0.00000E+00 1.94236E+01
0.00000E+00 8.80452E-01 1.30265E+00 1.93592E+00 1.93594E+00 1.93601E+00 1.93927E+00 1.30265E+00 8.80452E-01 0.00000E+00 2.84466E+01
1.33227E-15 1.13838E+00 1.55700E+00 2.18491E+00 2.18492E+00 2.18501E+00 2.18836E+00 1.55700E+00 1.13838E+00 1.33227E-15 3.69309E+01
8.11338E-02 1.21779E+00 1.63538E+00 2.26174E+00 2.26176E+00 2.26185E+00 2.26523E+00 1.63538E+00 1.21779E+00 8.11338E-02 3.97415E+01
5.42645E-01 1.67111E+00 2.08387E+00 2.70296E+00 2.70298E+00 2.70309E+00 2.70661E+00 2.08387E+00 1.67111E+00 5.42645E-01 5.42465E+01
1.11683E+00 2.23716E+00 2.64513E+00 3.25707E+00 3.25709E+00 3.25723E+00 3.26088E+00 2.64513E+00 2.23716E+00 1.11683E+00 7.21028E+01
1.81030E+00 2.92251E+00 3.32577E+00 3.93063E+00 3.93065E+00 3.93081E+00 3.93460E+00 3.32577E+00 2.92251E+00 1.81030E+00 9.38374E+01
2.63865E+00 3.74277E+00 4.14137E+00 4.73924E+00 4.73926E+00 4.73945E+00 4.74338E+00 4.14137E+00 3.74277E+00 2.63865E+00 1.19909E+02
3.62162E+00 4.71766E+00 5.11165E+00 5.70259E+00 5.70262E+00 5.70284E+00 5.70692E+00 5.11165E+00 4.71766E+00 3.62162E+00 1.50859E+02
4.77736E+00 5.86533E+00 6.25476E+00 6.83886E+00 6.83889E+00 6.83914E+00 6.84337E+00 6.25476E+00 5.86533E+00 4.77736E+00 1.87139E+02
6.12369E+00 7.20359E+00 7.58851E+00 8.16582E+00 8.16586E+00 8.16615E+00 8.17053E+00 7.58851E+00 7.20359E+00 6.12369E+00 2.29151E+02
7.68082E+00 8.75266E+00 9.13310E+00 9.70371E+00 9.70374E+00 9.70408E+00 9.70862E+00 9.13310E+00 8.75266E+00 7.68082E+00 2.77331E+02
9.46979E+00 1.05336E+01 1.09096E+01 1.14735E+01 1.14736E+01 1.14740E+01 1.14787E+01 1.09096E+01 1.05336E+01 9.46979E+00 3.32095E+02
1.15123E+01 1.25680E+01 1.29396E+01 1.34970E+01 1.34970E+01 1.34975E+01 1.35024E+01 1.29396E+01 1.25680E+01 1.15123E+01 3.93831E+02
1.38305E+01 1.48781E+01 1.52454E+01 1.57962E+01 1.57963E+01 1.57968E+01 1.58018E+01 1.52454E+01 1.48781E+01 1.38305E+01 4.62892E+02
1.64467E+01 1.74863E+01 1.78493E+01 1.83936E+01 1.83937E+01 1.83942E+01 1.83995E+01 1.78493E+01 1.74863E+01 1.64467E+01 5.39595E+02
1.93836E+01 2.04151E+01 2.07738E+01 2.13117E+01 2.13118E+01 2.13124E+01 2.13178E+01 2.07738E+01 2.04151E+01 1.93836E+01 6.24210E+02
2.26634E+01 2.36868E+01 2.40413E+01 2.45729E+01 2.45729E+01 2.45736E+01 2.45792E+01 2.40413E+01 2.36868E+01 2.26634E+01 7.16958E+02
2.63081E+01 2.73234E+01 2.76736E+01 2.81990E+01 2.81990E+01 2.81998E+01 2.82056E+01 2.76736E+01 2.73234E+01 2.63081E+01 8.18007E+02
3.03464E+01 3.13534E+01 3.16996E+01 3.22187E+01 3.22188E+01 3.22196E+01 3.22256E+01 3.16996E+01 3.13534E+01 3.03464E+01 9.27618E+02
3.47951E+01 3.57941E+01 3.61361E+01 3.66490E+01 3.66491E+01 3.66500E+01 3.66562E+01 3.61361E+01 3.57941E+01 3.47951E+01 1.04575E+03
0.00000E+00 0.00000E+00 4.47733E-01 1.11933E+00 1.11933E+00 1.11934E+00 1.12201E+00 4.47733E-01 0.00000E+00 0.00000E+00 1.23103E-02
0.00000E+00 4.01187E-02 4.82326E-01 1.14563E+00 1.14564E+00 1.14566E+00 1.14844E+00 4.82326E-01 4.01187E-02 0.00000E+00 1.45539E+00
0.00000E+00 1.15296E-01 5.52218E-01 1.20759E+00 1.20760E+00 1.20763E+00 1.21053E+00 5.52218E-01 1.15296E-01 0.00000E+00 3.84388E+00
0.00000E+00 2.29217E-01 6.61037E-01 1.30876E+00 1.30877E+00 1.30881E+00 1.31183E+00 6.61037E-01 2.29217E-01 0.00000E+00 7.42957E+00
0.00000E+00 3.87965E-01 8.14844E-01 1.45515E+00 1.45516E+00 1.45521E+00 1.45836E+00 8.14844E-01 3.87965E-01 0.00000E+00 1.24656E+01
0.00000E+00 6.00842E-01 1.02292E+00 1.65603E+00 1.65604E+00 1.65611E+00 1.65938E+00 1.02292E+00 6.00842E-01 0.00000E+00 1.93091E+01
0.00000E+00 8.75068E-01 1.29248E+00 1.91857E+00 1.91859E+00 1.91868E+00 1.92207E+00 1.29248E+00 8.75068E-01 0.00000E+00 2.82405E+01
1.33227E-15 1.13036E+00 1.54423E+00 2.16500E+00 2.16502E+00 2.16512E+00 2.16861E+00 1.54423E+00 1.13036E+00 1.33227E-15 3.66299E+01
8.02613E-02 1.20889E+00 1.62174E+00 2.24099E+00 2.24101E+00 2.24112E+00 2.24463E+00 1.62174E+00 1.20889E+00 8.02613E-02 3.94067E+01
5.36574E-01 1.65701E+00 2.06506E+00 2.67712E+00 2.67714E+00 2.67727E+00 2.68092E+00 2.06506E+00 1.65701E+00 5.36574E-01 5.37288E+01
1.10373E+00 2.21601E+00 2.61934E+00 3.22430E+00 3.22432E+00 3.22448E+00 3.22827E+00 2.61934E+00 2.21601E+00 1.10373E+00 7.13411E+01
1.78809E+00 2.89224E+00 3.29090E+00 3.88885E+00 3.88888E+00 3.88906E+00 3.89300E+00 3.29090E+00 2.89224E+00 1.78809E+00 9.27582E+01
2.60489E+00 3.70093E+00 4.09498E+00 4.68600E+00 4.68603E+00 4.68624E+00 4.69033E+00 4.09498E+00 3.70093E+00 2.60489E+00 1.18426E+02
3.57338E+00 4.66133E+00 5.05081E+00 5.63498E+00 5.63501E+00 5.63526E+00 5.63950E+00 5.05081E+00 4.66133E+00 3.57338E+00 1.48872E+02
4.71129E+00 5.79116E+00 6.17612E+00 6.75351E+00 6.75355E+00 6.75384E+00 6.75823E+00 6.17612E+00 5.79116E+00 4.71129E+00 1.84534E+02
6.03595E+00 7.10775E+00 7.48824E+00 8.05891E+00 8.05895E+00 8.05928E+00 8.06383E+00 7.48824E+00 7.10775E+00 6.03595E+00 2.25801E+02
7.56707E+00 8.63078E+00 9.00685E+00 9.57088E+00 9.57092E+00 9.57130E+00 9.57601E+00 9.00685E+00 8.63078E+00 7.56707E+00 2.73095E+02
9.32510E+00 1.03807E+01 1.07524E+01 1.13099E+01 1.13099E+01 1.13103E+01 1.13152E+01 1.07524E+01 1.03807E+01 9.32510E+00 3.26817E+02
1.13312E+01 1.23787E+01 1.27460E+01 1.32970E+01 1.32970E+01 1.32975E+01 1.33026E+01 1.27460E+01 1.23787E+01 1.13312E+01 3.87343E+02
1.36067E+01 1.46462E+01 1.50092E+01 1.55537E+01 1.55537E+01 1.55543E+01 1.55595E+01 1.50092E+01 1.46462E+01 1.36067E+01 4.55012E+02
1.61736E+01 1.72049E+01 1.75637E+01 1.81018E+01 1.81018E+01 1.81024E+01 1.81078E+01 1.75637E+01 1.72049E+01 1.61736E+01 5.30126E+02
1.90535E+01 2.00768E+01 2.04313E+01 2.09631E+01 2.09631E+01 2.09638E+01 2.09694E+01 2.04313E+01 2.00768E+01 1.90535E+01 6.12946E+02
2.22682E+01 2.32834E+01 2.36337E+01 2.41592E+01 2.41592E+01 2.41600E+01 2.41658E+01 2.36337E+01 2.32834E+01 2.22682E+01 7.03680E+02
2.58389E+01 2.68459E+01 2.71921E+01 2.77114E+01 2.77114E+01 2.77123E+01 2.77183E+01 2.71921E+01 2.68459E+01 2.58389E+01 8.02484E+02
2.97933E+01 3.07922E+01 3.11343E+01 3.16474E+01 3.16474E+01 3.16483E+01 3.16545E+01 3.11343E+01 3.07922E+01 2.97933E+01 9.09609E+02
3.41478E+01 3.51385E+01 3.54766E+01 3.59835E+01 3.59836E+01 3.59846E+01 3.59910E+01 3.54766E+01 3.51385E+01 3.41478E+01 1.02501E+03
0.00000E+00 0.00000E+00 4.41389E-01 1.10347E+00 1.10347E+00 1.10349E+00 1.10628E+00 4.41389E-01 0.00000E+00 0.00000E+00 1.34794E-02
0.00000E+00 4.04245E-02 4.76354E-01 1.13024E+00 1.13025E+00 1.13027E+00 1.13319E+00 4.76354E-01 4.04245E-02 0.00000E+00 1.45920E+00
0.00000E+00 1.15579E-01 5.46286E-01 1.19234E+00 1.19235E+00 1.19238E+00 1.19543E+00 5.46286E-01 1.15579E-01 0.00000E+00 3.84103E+00
0.00000E+00 2.28971E-01 6.54638E-01 1.29313E+00 1.29314E+00 1.29319E+00 1.29636E+00 6.54638E-01 2.28971E-01 0.00000E+00 7.40488E+00
0.00000E+00 3.86520E-01 8.07304E-01 1.43847E+00 1.43848E+00 1.43854E+00 1.44184E+00 8.07304E-01 3.86520E-01 0.00000E+00 1.23971E+01
0.00000E+00 5.97299E-01 1.01334E+00 1.63739E+00 1.63741E+00 1.63749E+00 1.64092E+00 1.01334E+00 5.97299E-01 0.00000E+00 1.91657E+01
0.00000E+00 8.68320E-01 1.27975E+00 1.89687E+00 1.89689E+00 1.89699E+00 1.90055E+00 1.27975E+00 8.68320E-01 0.00000E+00 2.79824E+01
1.33227E-15 1.12031E+00 1.52824E+00 2.14011E+00 2.14013E+00 2.14025E+00 2.14391E+00 1.52824E+00 1.12031E+00 1.33227E-15 3.62530E+01
7.91694E-02 1.19775E+00 1.60467E+00 2.21503E+00 2.21505E+00 2.21518E+00 2.21887E+00 1.60467E+00 1.19775E+00 7.91694E-02 3.89875E+01
5.28977E-01 1.63935E+00 2.04153E+00 2.64479E+00 2.64481E+00 2.64496E+00 2.64879E+00 2.04153E+00 1.63935E+00 5.28977E-01 5.30808E+01
1.08734E+00 2.18954E+00 2.58706E+00 3.18331E+00 3.18333E+00 3.18351E+00 3.18749E+00 2.58706E+00 2.18954E+00 1.08734E+00 7.03881E+01
1.76031E+00 2.85437E+00 3.24727E+00 3.83660E+00 3.83662E+00 3.83684E+00 3.84096E+00 3.24727E+00 2.85437E+00 1.76031E+00 9.14083E+01
2.56266E+00 3.64860E+00 4.03695E+00 4.61942E+00 4.61945E+00 4.61970E+00 4.62398E+00 4.03695E+00 3.64860E+00 2.56266E+00 1.16572E+02
3.51307E+00 4.59090E+00 4.97474E+00 5.55045E+00 5.55048E+00 5.55077E+00 5.55520E+00 4.97474E+00 4.59090E+00 3.51307E+00 1.46388E+02
4.62871E+00 5.69843E+00 6.07781E+00 6.64682E+00 6.64686E+00 6.64719E+00 6.65179E+00 6.07781E+00 5.69843E+00 4.62871E+00 1.81278E+02
5.92632E+00 6.98794E+00 7.36291E+00 7.92529E+00 7.92533E+00 7.92571E+00 7.93047E+00 7.36291E+00 6.98794E+00 5.92632E+00 2.21615E+02
7.42494E+00 8.47848E+00 8.84907E+00 9.40489E+00 9.40493E+00 9.40536E+00 9.41030E+00 8.84907E+00 8.47848E+00 7.42494E+00 2.67802E+02
9.14435E+00 1.01898E+01 1.05561E+01 1.11054E+01 1.11054E+01 1.11059E+01 1.11110E+01 1.05561E+01 1.01898E+01 9.14435E+00 3.20225E+02
1.11049E+01 1.21422E+01 1.25042E+01 1.30471E+01 1.30471E+01 1.30477E+01 1.30530E+01 1.25042E+01 1.21422E+01 1.11049E+01 3.79241E+02
1.33273E+01 1.43565E+01 1.47142E+01 1.52507E+01 1.52508E+01 1.52514E+01 1.52569E+01 1.47142E+01 1.43565E+01 1.33273E+01 4.45172E+02
1.58325E+01 1.68536E+01 1.72071E+01 1.77373E+01 1.77373E+01 1.77380E+01 1.77437E+01 1.72071E+01 1.68536E+01 1.58325E+01 5.18307E+02
1.86414E+01 1.96544E+01 2.00037E+01 2.05277E+01 2.05277E+01 2.05285E+01 2.05343E+01 2.00037E+01 1.96544E+01 1.86414E+01 5.98886E+02
2.17749E+01 2.27798E+01 2.31250E+01 2.36427E+01 2.36428E+01 2.36436E+01 2.36497E+01 2.31250E+01 2.27798E+01 2.17749E+01 6.87108E+02
2.52533E+01 2.62500E+01 2.65911E+01 2.71027E+01 2.71028E+01 2.71037E+01 2.71100E+01 2.65911E+01 2.62500E+01 2.52533E+01 7.83116E+02
2.91032E+01 3.00917E+01 3.04288E+01 3.09343E+01 3.09344E+01 3.09354E+01 3.09419E+01 3.04288E+01 3.00917E+01 2.91032E+01 8.87142E+02
3.33402E+01 3.43205E+01 3.46536E+01 3.51531E+01 3.51532E+01 3.51543E+01 3.51610E+01 3.46536E+01 3.43205E+01 3.33402E+01 9.99133E+02
0.00000E+00 0.00000E+00 4.33518E-01 1.08380E+00 1.08380E+00 1.08382E+00 1.08678E+00 4.33518E-01 0.00000E+00 0.00000E+00 1.49557E-02
0.00000E+00 4.08061E-02 4.68948E-01 1.11116E+00 1.11116E+00 1.11119E+00 1.11429E+00 4.68948E-01 4.08061E-02 0.00000E+00 1.46403E+00
0.00000E+00 1.15932E-01 5.38930E-01 1.17342E+00 1.17342E+00 1.17347E+00 1.17670E+00 5.38930E-01 1.15932E-01 0.00000E+00 3.83756E+00
0.00000E+00 2.28663E-01 6.46696E-01 1.27373E+00 1.27374E+00 1.27381E+00 1.27717E+00 6.46696E-01 2.28663E-01 0.00000E+00 7.37419E+00
0.00000E+00 3.84717E-01 7.97942E-01 1.41776E+00 1.41777E+00 1.41786E+00 1.42135E+00 7.97942E-01 3.84717E-01 0.00000E+00 1.23118E+01
0.00000E+00 5.92885E-01 1.00144E+00 1.61426E+00 1.61427E+00 1.61438E+00 1.61800E+00 1.00144E+00 5.92885E-01 0.00000E+00 1.89872E+01
0.00000E+00 8.59920E-01 1.26393E+00 1.86993E+00 1.86994E+00 1.87007E+00 1.87383E+00 1.26393E+00 8.59920E-01 0.00000E+00 2.76613E+01
1.33227E-15 1.10781E+00 1.50837E+00 2.10919E+00 2.10921E+00 2.10936E+00 2.11323E+00 1.50837E+00 1.10781E+00 1.33227E-15 3.57842E+01
7.78127E-02 1.18388E+00 1.58346E+00 2.18279E+00 2.18281E+00 2.18297E+00 2.18687E+00 1.58346E+00 1.18388E+00 7.78127E-02 3.84662E+01
5.19540E-01 1.61738E+00 2.01229E+00 2.60463E+00 2.60465E+00 2.60484E+00 2.60888E+00 2.01229E+00 1.61738E+00 5.19540E-01 5.22755E+01
1.06699E+00 2.15665E+00 2.54696E+00 3.13239E+00 3.13242E+00 3.13264E+00 3.13684E+00 2.54696E+00 2.15665E+00 1.06699E+00 6.92042E+01
1.72582E+00 2.80732E+00 3.19309E+00 3.77170E+00 3.77173E+00 3.77199E+00 3.77635E+00 3.19309E+00 2.80732E+00 1.72582E+00 8.97319E+01
2.51025E+00 3.58360E+00 3.96488E+00 4.53676E+00 4.53679E+00 4.53709E+00 4.54161E+00 3.96488E+00 3.58360E+00 2.51025E+00 1.14271E+02
3.43824E+00 4.50345E+00 4.88030E+00 5.44551E+00 5.44555E+00 5.44589E+00 5.45057E+00 4.88030E+00 4.50345E+00 3.43824E+00 1.43306E+02
4.52625E+00 5.58334E+00 5.95580E+00 6.51442E+00 6.51446E+00 6.51485E+00 6.51970E+00 5.95580E+00 5.58334E+00 4.52625E+00 1.77239E+02
5.79032E+00 6.83930E+00 7.20741E+00 7.75951E+00 7.75955E+00 7.75999E+00 7.76502E+00 7.20741E+00 6.83930E+00 5.79032E+00 2.16423E+02
7.24870E+00 8.28956E+00 8.65336E+00 9.19900E+00 9.19905E+00 9.19955E+00 9.20475E+00 8.65336E+00 8.28956E+00 7.24870E+00 2.61241E+02
8.92026E+00 9.95300E+00 1.03125E+01 1.08518E+01 1.08518E+01 1.08524E+01 1.08578E+01 1.03125E+01 9.95300E+00 8.92026E+00 3.12055E+02
1.08244E+01 1.18491E+01 1.22044E+01 1.27373E+01 1.27373E+01 1.27380E+01 1.27436E+01 1.22044E+01 1.18491E+01 1.08244E+01 3.69201E+02
1.29810E+01 1.39975E+01 1.43486E+01 1.48753E+01 1.48753E+01 1.48760E+01 1.48818E+01 1.43486E+01 1.39975E+01 1.29810E+01 4.32983E+02
1.54098E+01 1.64182E+01 1.67652E+01 1.72856E+01 1.72857E+01 1.72864E+01 1.72924E+01 1.67652E+01 1.64182E+01 1.54098E+01 5.03666E+02
1.81309E+01 1.91311E+01 1.94740E+01 1.99883E+01 1.99883E+01 1.99892E+01 1.99954E+01 1.94740E+01 1.91311E+01 1.81309E+01 5.81476E+02
2.11639E+01 2.21559E+01 2.24948E+01 2.30030E+01 2.30030E+01 2.30040E+01 2.30104E+01 2.24948E+01 2.21559E+01 2.11639E+01 6.66592E+02
2.45281E+01 2.55120E+01 2.58468E+01 2.63489E+01 2.63490E+01 2.63500E+01 2.63566E+01 2.58468E+01 2.55120E+01 2.45281E+01 7.59141E+02
2.82487E+01 2.92244E+01 2.95553E+01 3.00514E+01 3.00515E+01 3.00526E+01 3.00594E+01 2.95553E+01 2.92244E+01 2.82487E+01 8.59335E+02
3.23403E+01 3.33079E+01 3.36348E+01 3.41250E+01 3.41251E+01 3.41263E+01 3.41334E+01 3.36348E+01 3.33079E+01 3.23403E+01 9.67116E+02
0.00000E+00 0.00000E+00 4.23851E-01 1.05963E+00 1.05963E+00 1.05965E+00 1.06283E+00 4.23851E-01 0.00000E+00 0.00000E+00 1.68123E-02
0.00000E+00 4.12785E-02 4.59853E-01 1.08771E+00 1.08771E+00 1.08776E+00 1.09107E+00 4.59853E-01 4.12785E-02 0.00000E+00 1.47010E+00
0.00000E+00 1.16367E-01 5.29894E-01 1.15018E+00 1.15018E+00 1.15025E+00 1.15370E+00 5.29894E-01 1.16367E-01 0.00000E+00 3.83339E+00
0.00000E+00 2.28279E-01 6.36936E-01 1.24991E+00 1.24992E+00 1.25000E+00 1.25359E+00 6.36936E-01 2.28279E-01 0.00000E+00 7.33635E+00
0.00000E+00 3.82485E-01 7.86424E-01 1.39231E+00 1.39233E+00 1.39243E+00 1.39616E+00 7.86424E-01 3.82485E-01 0.00000E+00 1.22066E+01
0.00000E+00 5.87429E-01 9.86788E-01 1.58581E+00 1.58582E+00 1.58595E+00 1.58983E+00 9.86788E-01 5.87429E-01 0.00000E+00 1.87670E+01
0.00000E+00 8.49549E-01 1.24445E+00 1.83677E+00 1.83679E+00 1.83695E+00 1.84097E+00 1.24445E+00 8.49549E-01 0.00000E+00 2.72653E+01
6.66134E-16 1.09238E+00 1.48390E+00 2.07115E+00 2.07117E+00 2.07135E+00 2.07548E+00 1.48390E+00 1.09238E+00 6.66134E-16 3.52064E+01
7.61420E-02 1.16678E+00 1.55733E+00 2.14312E+00 2.14314E+00 2.14333E+00 2.14749E+00 1.55733E+00 1.16678E+00 7.61420E-02 3.78238E+01
5.07923E-01 1.59031E+00 1.97628E+00 2.55521E+00 2.55523E+00 2.55546E+00 2.55978E+00 1.97628E+00 1.59031E+00 5.07923E-01 5.12836E+01
1.04195E+00 2.11612E+00 2.49759E+00 3.06974E+00 3.06977E+00 3.07003E+00 3.07452E+00 2.49759E+00 2.11612E+00 1.04195E+00 6.77468E+01
1.68340E+00 2.74939E+00 3.12640E+00 3.69187E+00 3.69190E+00 3.69221E+00 3.69685E+00 3.12640E+00 2.74939E+00 1.68340E+00 8.76695E+01
2.44580E+00 3.50362E+00 3.87623E+00 4.43509E+00 4.43513E+00 4.43548E+00 4.44030E+00 3.87623E+00 3.50362E+00 2.44580E+00 1.11441E+02
3.34625E+00 4.39591E+00 4.76417E+00 5.31649E+00 5.31653E+00 5.31694E+00 5.32193E+00 4.76417E+00 4.39591E+00 3.34625E+00 1.39518E+02
4.40035E+00 5.44186E+00 5.80581E+00 6.35168E+00 6.35172E+00 6.35218E+00 6.35735E+00 5.80581E+00 5.44186E+00 4.40035E+00 1.72277E+02
5.62328E+00 6.65665E+00 7.01634E+00 7.55581E+00 7.55585E+00 7.55637E+00 7.56173E+00 7.01634E+00 6.65665E+00 5.62328E+00 2.10047E+02
7.03227E+00 8.05750E+00 8.41297E+00 8.94611E+00 8.94616E+00 8.94675E+00 8.95229E+00 8.41297E+00 8.05750E+00 7.03227E+00 2.53186E+02
8.64517E+00 9.66224E+00 1.00135E+01 1.05404E+01 1.05405E+01 1.05411E+01 1.05469E+01 1.00135E+01 9.66224E+00 8.64517E+00 3.02028E+02
1.04803E+01 1.14892E+01 1.18363E+01 1.23570E+01 1.23571E+01 1.23578E+01 1.23637E+01 1.18363E+01 1.14892E+01 1.04803E+01 3.56885E+02
1.25561E+01 1.35569E+01 1.38999E+01 1.44145E+01 1.44145E+01 1.44153E+01 1.44215E+01 1.38999E+01 1.35569E+01 1.25561E+01 4.18034E+02
1.48914E+01 1.58840E+01 1.62231E+01 1.67315E+01 1.67315E+01 1.67324E+01 1.67388E+01 1.62231E+01 1.58840E+01 1.48914E+01 4.85717E+02
1.75049E+01 1.84893E+01 1.88243E+01 1.93267E+01 1.93268E+01 1.93278E+01 1.93343E+01 1.88243E+01 1.84893E+01 1.75049E+01 5.60137E+02
2.04148E+01 2.13911E+01 2.17221E+01 2.22186E+01 2.22186E+01 2.22197E+01 2.22265E+01 2.17221E+01 2.13911E+01 2.04148E+01 6.41452E+02
2.36392E+01 2.46073E+01 2.49344E+01 2.54249E+01 2.54250E+01 2.54262E+01 2.54332E+01 2.49344E+01 2.46073E+01 2.36392E+01 7.29770E+02
2.72017E+01 2.81615E+01 2.84847E+01 2.89694E+01 2.89695E+01 2.89708E+01 2.89780E+01 2.84847E+01 2.81615E+01 2.72017E+01 8.25281E+02
3.11155E+01 3.20671E+01 3.23865E+01 3.28653E+01 3.28654E+01 3.28668E+01 3.28743E+01 3.23865E+01 3.20671E+01 3.11155E+01 9.27913E+02
0.00000E+00 0.00000E+00 4.12127E-01 1.03032E+00 1.03032E+00 1.03035E+00 1.03379E+00 4.12127E-01 0.00000E+00 0.00000E+00 1.91353E-02
0.00000E+00 4.18574E-02 4.48831E-01 1.05929E+00 1.05929E+00 1.05935E+00 1.06293E+00 4.48831E-01 4.18574E-02 0.00000E+00 1.47772E+00
0.00000E+00 1.16897E-01 5.18941E-01 1.12200E+00 1.12200E+00 1.12208E+00 1.12581E+00 5.18941E-01 1.16897E-01 0.00000E+00 3.82848E+00
0.00000E+00 2.27805E-01 6.25092E-01 1.22101E+00 1.22102E+00 1.22112E+00 1.22500E+00 6.25092E-01 2.27805E-01 0.00000E+00 7.29026E+00
0.00000E+00 3.79751E-01 7.72429E-01 1.36143E+00 1.36144E+00 1.36157E+00 1.36560E+00 7.72429E-01 3.79751E-01 0.00000E+00 1.20783E+01
0.00000E+00 5.80759E-01 9.68966E-01 1.55125E+00 1.55127E+00 1.55143E+00 1.55561E+00 9.68966E-01 5.80759E-01 0.00000E+00 1.84983E+01
0.00000E+00 8.36889E-01 1.22074E+00 1.79649E+00 1.79651E+00 1.79671E+00 1.80104E+00 1.22074E+00 8.36889E-01 0.00000E+00 2.67827E+01
6.66134E-16 1.07356E+00 1.45411E+00 2.02491E+00 2.02493E+00 2.02515E+00 2.02961E+00 1.45411E+00 1.07356E+00 6.66134E-16 3.45026E+01
7.41097E-02 1.14592E+00 1.52553E+00 2.09490E+00 2.09492E+00 2.09515E+00 2.09964E+00 1.52553E+00 1.14592E+00 7.41097E-02 3.70413E+01
4.93797E-01 1.55733E+00 1.93247E+00 2.49513E+00 2.49516E+00 2.49543E+00 2.50009E+00 1.93247E+00 1.55733E+00 4.93797E-01 5.00765E+01
1.01151E+00 2.06680E+00 2.43754E+00 2.99360E+00 2.99362E+00 2.99395E+00 2.99878E+00 2.43754E+00 2.06680E+00 1.01151E+00 6.59746E+01
1.63187E+00 2.67894E+00 3.04533E+00 3.59486E+00 3.59489E+00 3.59526E+00 3.60027E+00 3.04533E+00 2.67894E+00 1.63187E+00 8.51633E+01
2.36755E+00 3.40642E+00 3.76851E+00 4.31160E+00 4.31163E+00 4.31206E+00 4.31725E+00 3.76851E+00 3.40642E+00 2.36755E+00 1.08004E+02
3.23461E+00 4.26529E+00 4.62314E+00 5.15984E+00 5.15988E+00 5.16037E+00 5.16575E+00 4.62314E+00 4.26529E+00 3.23461E+00 1.34920E+02
4.24763E+00 5.27013E+00 5.62378E+00 6.15418E+00 6.15422E+00 6.15477E+00 6.16034E+00 5.62378E+00 5.27013E+00 4.24763E+00 1.66258E+02
5.42074E+00 6.43506E+00 6.78455E+00 7.30871E+00 7.30876E+00 7.30938E+00 7.31514E+00 6.78455E+00 6.43506E+00 5.42074E+00 2.02319E+02
6.76998E+00 7.77612E+00 8.12149E+00 8.63948E+00 8.63953E+00 8.64023E+00 8.64619E+00 8.12149E+00 7.77612E+00 6.76998E+00 2.43427E+02
8.31190E+00 9.30986E+00 9.65117E+00 1.01630E+01 1.01631E+01 1.01639E+01 1.01700E+01 9.65117E+00 9.30986E+00 8.31190E+00 2.89887E+02
1.00635E+01 1.10532E+01 1.13905E+01 1.18963E+01 1.18964E+01 1.18973E+01 1.19036E+01 1.13905E+01 1.10532E+01 1.00635E+01 3.41978E+02
1.20418E+01 1.30234E+01 1.33567E+01 1.38565E+01 1.38566E+01 1.38575E+01 1.38641E+01 1.33567E+01 1.30234E+01 1.20418E+01 3.99948E+02
1.42641E+01 1.52375E+01 1.55669E+01 1.60608E+01 1.60608E+01 1.60619E+01 1.60687E+01 1.55669E+01 1.52375E+01 1.42641E+01 4.64011E+02
1.67476E+01 1.77128E+01 1.80382E+01 1.85262E+01 1.85263E+01 1.85275E+01 1.85345E+01 1.80382E+01 1.77128E+01 1.67476E+01 5.34341E+02
1.95090E+01 2.04660E+01 2.07876E+01 2.12698E+01 2.12699E+01 2.12711E+01 2.12784E+01 2.07876E+01 2.04660E+01 1.95090E+01 6.11072E+02
2.25648E+01 2.35136E+01 2.38313E+01 2.43077E+01 2.43078E+01 2.43092E+01 2.43167E+01 2.38313E+01 2.35136E+01 2.25648E+01 6.94291E+02
2.59363E+01 2.68769E+01 2.71908E+01 2.76616E+01 2.76616E+01 2.76632E+01 2.76709E+01 2.71908E+01 2.68769E+01 2.59363E+01 7.84156E+02
2.96357E+01 3.05681E+01 3.08782E+01 3.13433E+01 3.13434E+01 3.13451E+01 3.13531E+01 3.08782E+01 3.05681E+01 2.96357E+01 8.80587E+02
0.00000E+00 0.00000E+00 3.98155E-01 9.95386E-01 9.95386E-01 9.95435E-01 9.99184E-01 3.98155E-01 0.00000E+00 0.00000E+00 2.20228E-02
0.00000E+00 4.25569E-02 4.35705E-01 1.02542E+00 1.02542E+00 1.02550E+00 1.02941E+00 4.35705E-01 4.25569E-02 0.00000E+00 1.48721E+00
0.00000E+00 1.17534E-01 5.05892E-01 1.08842E+00 1.08843E+00 1.08853E+00 1.09260E+00 5.05892E-01 1.17534E-01 0.00000E+00 3.82286E+00
0.00000E+00 2.27225E-01 6.10962E-01 1.18655E+00 1.18656E+00 1.18669E+00 1.19093E+00 6.10962E-01 2.27225E-01 0.00000E+00 7.23497E+00
0.00000E+00 3.76444E-01 7.55705E-01 1.32458E+00 1.32459E+00 1.32475E+00 1.32915E+00 7.55705E-01 3.76444E-01 0.00000E+00 1.19239E+01
0.00000E+00 5.72719E-01 9.47636E-01 1.50999E+00 1.51000E+00 1.51021E+00 1.51477E+00 9.47636E-01 5.72719E-01 0.00000E+00 1.81755E+01
0.00000E+00 8.21660E-01 1.19235E+00 1.74835E+00 1.74837E+00 1.74861E+00 1.75334E+00 1.19235E+00 8.21660E-01 0.00000E+00 2.62033E+01
4.44089E-16 1.05095E+00 1.41843E+00 1.96962E+00 1.96964E+00 1.96992E+00 1.97477E+00 1.41843E+00 1.05095E+00 4.44089E-16 3.36583E+01
7.16768E-02 1.12087E+00 1.48744E+00 2.03724E+00 2.03726E+00 2.03755E+00 2.04244E+00 1.48744E+00 1.12087E+00 7.16768E-02 3.61031E+01
4.76896E-01 1.51778E+00 1.88000E+00 2.42330E+00 2.42332E+00 2.42366E+00 2.42873E+00 1.88000E+00 1.51778E+00 4.76896E-01 4.86308E+01
9.75122E-01 2.00772E+00 2.36567E+00 2.90255E+00 2.90258E+00 2.90298E+00 2.90824E+00 2.36567E+00 2.00772E+00 9.75122E-01 6.38542E+01
1.57030E+00 2.59464E+00 2.94837E+00 3.47892E+00 3.47895E+00 3.47941E+00 3.48486E+00 2.94837E+00 2.59464E+00 1.57030E+00 8.21680E+01
2.27413E+00 3.29023E+00 3.63979E+00 4.16407E+00 4.16411E+00 4.16463E+00 4.17028E+00 3.63979E+00 3.29023E+00 2.27413E+00 1.03900E+02
3.10142E+00 4.10928E+00 4.45473E+00 4.97282E+00 4.97287E+00 4.97346E+00 4.97930E+00 4.45473E+00 4.10928E+00 3.10142E+00 1.29435E+02
4.06554E+00 5.06518E+00 5.40655E+00 5.91853E+00 5.91858E+00 5.91925E+00 5.92529E+00 5.40655E+00 5.06518E+00 4.06554E+00 1.59084E+02
5.17939E+00 6.17081E+00 6.50815E+00 7.01408E+00 7.01413E+00 7.01488E+00 7.02114E+00 6.50815E+00 6.17081E+00 5.17939E+00 1.93114E+02
6.45760E+00 7.44081E+00 7.77416E+00 8.27410E+00 8.27416E+00 8.27499E+00 8.28147E+00 7.77416E+00 7.44081E+00 6.45760E+00 2.31811E+02
7.91524E+00 8.89022E+00 9.21963E+00 9.71364E+00 9.71370E+00 9.71463E+00 9.72133E+00 9.21963E+00 8.89022E+00 7.91524E+00 2.75445E+02
9.56764E+00 1.05344E+01 1.08599E+01 1.13481E+01 1.13481E+01 1.13491E+01 1.13561E+01 1.08599E+01 1.05344E+01 9.56764E+00 3.24257E+02
1.14303E+01 1.23888E+01 1.27105E+01 1.31928E+01 1.31929E+01 1.31940E+01 1.32012E+01 1.27105E+01 1.23888E+01 1.14303E+01 3.78462E+02
1.35187E+01 1.44690E+01 1.47868E+01 1.52634E+01 1.52635E+01 1.52647E+01 1.52721E+01 1.47868E+01 1.44690E+01 1.35187E+01 4.38238E+02
1.58482E+01 1.67902E+01 1.71042E+01 1.75751E+01 1.75752E+01 1.75766E+01 1.75842E+01 1.71042E+01 1.67902E+01 1.58482E+01 5.03729E+02
1.84337E+01 1.93675E+01 1.96778E+01 2.01431E+01 2.01431E+01 2.01446E+01 2.01525E+01 1.96778E+01 1.93675E+01 1.84337E+01 5.75039E+02
2.12898E+01 2.22154E+01 2.25219E+01 2.29816E+01 2.29817E+01 2.29833E+01 2.29915E+01 2.25219E+01 2.22154E+01 2.12898E+01 6.52230E+02
2.44355E+01 2.53529E+01 2.56557E+01 2.61099E+01 2.61100E+01 2.61118E+01 2.61202E+01 2.56557E+01 2.53529E+01 2.44355E+01 7.35426E+02
2.78813E+01 2.87904E+01 2.90897E+01 2.95384E+01 2.95385E+01 2.95404E+01 2.95491E+01 2.90897E+01 2.87904E+01 2.78813E+01 8.24535E+02
0.00000E+00 0.00000E+00 3.81889E-01 9.54721E-01 9.54721E-01 9.54784E-01 9.58919E-01 3.81889E-01 0.00000E+00 0.00000E+00 2.55823E-02
0.00000E+00 4.33867E-02 4.20439E-01 9.86013E-01 9.86017E-01 9.86111E-01 9.90422E-01 4.20439E-01 4.33867E-02 0.00000E+00 1.49891E+00
0.00000E+00 1.18281E-01 4.90708E-01 1.04934E+00 1.04935E+00 1.04947E+00 1.05396E+00 4.90708E-01 1.18281E-01 0.00000E+00 3.81669E+00
0.00000E+00 2.26522E-01 5.94487E-01 1.14642E+00 1.14643E+00 1.14660E+00 1.15126E+00 5.94487E-01 2.26522E-01 0.00000E+00 7.16997E+00
0.00000E+00 3.72514E-01 7.36157E-01 1.28160E+00 1.28161E+00 1.28182E+00 1.28666E+00 7.36157E-01 3.72514E-01 0.00000E+00 1.17420E+01
0.00000E+00 5.63208E-01 9.22658E-01 1.46180E+00 1.46182E+00 1.46208E+00 1.46709E+00 9.22658E-01 5.63208E-01 0.00000E+00 1.77953E+01
0.00000E+00 8.03697E-01 1.15907E+00 1.69208E+00 1.69210E+00 1.69241E+00 1.69760E+00 1.15907E+00 8.03697E-01 0.00000E+00 2.55219E+01
0.00000E+00 1.02433E+00 1.37660E+00 1.90497E+00 1.90500E+00 1.90534E+00 1.91068E+00 1.37660E+00 1.02433E+00 0.00000E+00 3.26667E+01
6.88270E-02 1.09139E+00 1.44278E+00 1.96981E+00 1.96984E+00 1.97019E+00 1.97557E+00 1.44278E+00 1.09139E+00 6.88270E-02 3.50014E+01
4.57115E-01 1.47131E+00 1.81852E+00 2.33927E+00 2.33930E+00 2.33972E+00 2.34529E+00 1.81852E+00 1.47131E+00 4.57115E-01 4.69359E+01
9.32573E-01 1.93844E+00 2.28152E+00 2.79609E+00 2.79612E+00 2.79661E+00 2.80238E+00 2.28152E+00 1.93844E+00 9.32573E-01 6.13725E+01
1.49838E+00 2.49594E+00 2.83495E+00 3.34341E+00 3.34345E+00 3.34400E+00 3.34998E+00 2.83495E+00 2.49594E+00 1.49838E+00 7.86670E+01
2.16510E+00 3.15437E+00 3.48936E+00 3.99178E+00 3.99182E+00 3.99246E+00 3.99865E+00 3.48936E+00 3.15437E+00 2.16510E+00 9.91097E+01
2.94612E+00 3.92711E+00 4.25813E+00 4.75458E+00 4.75463E+00 4.75535E+00 4.76176E+00 4.25813E+00 3.92711E+00 2.94612E+00 1.23041E+02
3.85343E+00 4.82615E+00 5.15324E+00 5.64380E+00 5.64385E+00 5.64466E+00 5.65128E+00 5.15324E+00 4.82615E+00 3.85343E+00 1.50731E+02
4.89850E+00 5.86296E+00 6.18616E+00 6.67089E+00 6.67094E+00 6.67185E+00 6.67870E+00 6.18616E+00 5.86296E+00 4.89850E+00 1.82406E+02
6.09437E+00 7.05056E+00 7.36992E+00 7.84888E+00 7.84894E+00 7.84995E+00 7.85703E+00 7.36992E+00 7.05056E+00 6.09437E+00 2.18314E+02
7.45436E+00 8.40228E+00 8.71785E+00 9.19110E+00 9.19116E+00 9.19228E+00 9.19961E+00 8.71785E+00 8.40228E+00 7.45436E+00 2.58680E+02
8.99201E+00 9.93167E+00 1.02435E+01 1.07111E+01 1.07111E+01 1.07124E+01 1.07199E+01 1.02435E+01 9.93167E+00 8.99201E+00 3.03705E+02
1.07209E+01 1.16523E+01 1.19604E+01 1.24224E+01 1.24225E+01 1.24238E+01 1.24316E+01 1.19604E+01 1.16523E+01 1.07209E+01 3.53563E+02
1.26545E+01 1.35776E+01 1.38821E+01 1.43385E+01 1.43386E+01 1.43401E+01 1.43482E+01 1.38821E+01 1.35776E+01 1.26545E+01 4.08395E+02
1.48062E+01 1.57210E+01 1.60218E+01 1.64728E+01 1.64729E+01 1.64745E+01 1.64828E+01 1.60218E+01 1.57210E+01 1.48062E+01 4.68311E+02
1.71888E+01 1.80954E+01 1.83925E+01 1.88381E+01 1.88382E+01 1.88400E+01 1.88486E+01 1.83925E+01 1.80954E+01 1.71888E+01 5.33380E+02
1.98147E+01 2.07130E+01 2.10065E+01 2.14467E+01 2.14468E+01 2.14488E+01 2.14577E+01 2.10065E+01 2.07130E+01 1.98147E+01 6.03637E+02
2.27003E+01 2.35903E+01 2.38804E+01 2.43153E+01 2.43154E+01 2.43175E+01 2.43266E+01 2.38804E+01 2.35903E+01 2.27003E+01 6.79167E+02
2.58542E+01 2.67359E+01 2.70224E+01 2.74521E+01 2.74522E+01 2.74545E+01 2.74639E+01 2.70224E+01 2.67359E+01 2.58542E+01 7.59863E+02
0.00000E+00 0.00000E+00 3.63556E-01 9.08889E-01 9.08889E-01 9.08971E-01 9.13564E-01 3.63556E-01 0.00000E+00 0.00000E+00 2.99255E-02
0.00000E+00 4.43463E-02 4.03260E-01 9.41624E-01 9.41628E-01 9.41749E-01 9.46536E-01 4.03260E-01 4.43463E-02 0.00000E+00 1.51317E+00
0.00000E+00 1.19131E-01 4.73606E-01 1.00530E+00 1.00531E+00 1.00548E+00 1.01046E+00 4.73606E-01 1.19131E-01 0.00000E+00 3.81030E+00
0.00000E+00 2.25683E-01 5.75875E-01 1.10114E+00 1.10116E+00 1.10137E+00 1.10654E+00 5.75875E-01 2.25683E-01 0.00000E+00 7.09560E+00
0.00000E+00 3.67948E-01 7.13994E-01 1.23304E+00 1.23305E+00 1.23332E+00 1.23868E+00 7.13994E-01 3.67948E-01 0.00000E+00 1.15331E+01
0.00000E+00 5.52234E-01 8.94259E-01 1.40726E+00 1.40728E+00 1.40760E+00 1.41316E+00 8.94259E-01 5.52234E-01 0.00000E+00 1.73593E+01
0.00000E+00 7.83062E-01 1.12117E+00 1.62830E+00 1.62832E+00 1.62870E+00 1.63445E+00 1.12117E+00 7.83062E-01 0.00000E+00 2.47426E+01
0.00000E+00 9.93822E-01 1.32896E+00 1.83163E+00 1.83166E+00 1.83208E+00 1.83799E+00 1.32896E+00 9.93822E-01 0.00000E+00 3.15343E+01
6.55861E-02 1.05763E+00 1.39192E+00 1.89331E+00 1.89334E+00 1.89378E+00 1.89973E+00 1.39192E+00 1.05763E+00 6.55861E-02 3.37442E+01
4.34646E-01 1.41827E+00 1.74855E+00 2.24391E+00 2.24395E+00 2.24446E+00 2.25063E+00 1.74855E+00 1.41827E+00 4.34646E-01 4.50064E+01
8.84310E-01 1.85954E+00 2.18587E+00 2.67531E+00 2.67534E+00 2.67594E+00 2.68233E+00 2.18587E+00 1.85954E+00 8.84310E-01 5.85533E+01
1.41692E+00 2.38379E+00 2.70622E+00 3.18980E+00 3.18984E+00 3.19052E+00 3.19714E+00 2.70622E+00 2.38379E+00 1.41692E+00 7.46984E+01
2.04179E+00 3.00030E+00 3.31888E+00 3.79668E+00 3.79673E+00 3.79750E+00 3.80435E+00 3.31888E+00 3.00030E+00 2.04179E+00 9.36903E+01
2.77072E+00 3.72089E+00 4.03568E+00 4.50776E+00 4.50781E+00 4.50869E+00 4.51577E+00 4.03568E+00 3.72089E+00 2.77072E+00 1.15821E+02
3.61417E+00 4.55602E+00 4.86704E+00 5.33349E+00 5.33354E+00 5.33453E+00 5.34184E+00 4.86704E+00 4.55602E+00 3.61417E+00 1.41313E+02
4.58208E+00 5.51560E+00 5.82291E+00 6.28377E+00 6.28383E+00 6.28493E+00 6.29250E+00 5.82291E+00 5.51560E+00 4.58208E+00 1.70355E+02
5.68569E+00 6.61089E+00 6.91452E+00 7.36987E+00 7.36993E+00 7.37115E+00 7.37897E+00 6.91452E+00 6.61089E+00 5.68569E+00 2.03145E+02
6.93644E+00 7.85332E+00 8.15333E+00 8.60321E+00 8.60328E+00 8.60463E+00 8.61271E+00 8.15333E+00 7.85332E+00 6.93644E+00 2.39864E+02
8.34588E+00 9.25445E+00 9.55086E+00 9.99534E+00 9.99542E+00 9.99691E+00 1.00052E+01 9.55086E+00 9.25445E+00 8.34588E+00 2.80670E+02
9.92550E+00 1.08258E+01 1.11186E+01 1.15577E+01 1.15578E+01 1.15595E+01 1.15681E+01 1.11186E+01 1.08258E+01 9.92550E+00 3.25691E+02
1.16866E+01 1.25786E+01 1.28679E+01 1.33018E+01 1.33019E+01 1.33036E+01 1.33125E+01 1.28679E+01 1.25786E+01 1.16866E+01 3.75030E+02
1.36403E+01 1.45240E+01 1.48098E+01 1.52384E+01 1.52385E+01 1.52405E+01 1.52497E+01 1.48098E+01 1.45240E+01 1.36403E+01 4.28757E+02
1.57973E+01 1.66726E+01 1.69550E+01 1.73784E+01 1.73785E+01 1.73807E+01 1.73901E+01 1.69550E+01 1.66726E+01 1.57973E+01 4.86908E+02
1.81674E+01 1.90344E+01 1.93134E+01 1.97318E+01 1.97319E+01 1.97342E+01 1.97440E+01 1.93134E+01 1.90344E+01 1.81674E+01 5.49485E+02
2.07644E+01 2.16231E+01 2.18987E+01 2.23120E+01 2.23121E+01 2.23146E+01 2.23247E+01 2.18987E+01 2.16231E+01 2.07644E+01 6.16535E+02
2.35946E+01 2.44450E+01 2.47173E+01 2.51255E+01 2.51257E+01 2.51284E+01 2.51388E+01 2.47173E+01 2.44450E+01 2.35946E+01 6.87937E+02
0.00000E+00 0.00000E+00 3.43810E-01 8.59525E-01 8.59525E-01 8.59631E-01 8.64759E-01 3.43810E-01 0.00000E+00 0.00000E+00 3.51589E-02
0.00000E+00 4.54176E-02 3.84796E-01 8.93856E-01 8.93861E-01 8.94016E-01 8.99357E-01 3.84796E-01 4.54176E-02 0.00000E+00 1.53024E+00
0.00000E+00 1.20055E-01 4.55197E-01 9.57895E-01 9.57904E-01 9.58113E-01 9.63666E-01 4.55197E-01 1.20055E-01 0.00000E+00 3.80423E+00
0.00000E+00 2.24693E-01 5.55749E-01 1.05231E+00 1.05232E+00 1.05259E+00 1.05836E+00 5.55749E-01 2.24693E-01 0.00000E+00 7.01351E+00
0.00000E+00 3.62796E-01 6.89897E-01 1.18052E+00 1.18054E+00 1.18087E+00 1.18684E+00 6.89897E-01 3.62796E-01 0.00000E+00 1.13017E+01
0.00000E+00 5.39987E-01 8.63253E-01 1.34812E+00 1.34814E+00 1.34854E+00 1.35473E+00 8.63253E-01 5.39987E-01 0.00000E+00 1.68775E+01
0.00000E+00 7.60182E-01 1.07972E+00 1.55898E+00 1.55900E+00 1.55947E+00 1.56588E+00 1.07972E+00 7.60182E-01 0.00000E+00 2.38841E+01
0.00000E+00 9.60125E-01 1.27683E+00 1.75184E+00 1.75187E+00 1.75240E+00 1.75897E+00 1.27683E+00 9.60125E-01 0.00000E+00 3.02904E+01
6.20480E-02 1.02038E+00 1.33627E+00 1.81007E+00 1.81010E+00 1.81065E+00 1.81727E+00 1.33627E+00 1.02038E+00 6.20480E-02 3.23644E+01
4.10160E-01 1.35999E+00 1.67207E+00 2.14012E+00 2.14016E+00 2.14080E+00 2.14766E+00 1.67207E+00 1.35999E+00 4.10160E-01 4.28962E+01
8.31829E-01 1.77320E+00 2.08152E+00 2.54392E+00 2.54396E+00 2.54470E+00 2.55180E+00 2.08152E+00 1.77320E+00 8.31829E-01 5.54807E+01
1.32853E+00 2.26147E+00 2.56608E+00 3.02291E+00 3.02295E+00 3.02379E+00 3.03114E+00 2.56608E+00 2.26147E+00 1.32853E+00 7.03867E+01
1.90827E+00 2.83278E+00 3.13373E+00 3.58506E+00 3.58511E+00 3.58606E+00 3.59365E+00 3.13373E+00 2.83278E+00 1.90827E+00 8.78199E+01
2.58120E+00 3.49731E+00 3.79464E+00 4.24054E+00 4.24059E+00 4.24166E+00 4.24952E+00 3.79464E+00 3.49731E+00 2.58120E+00 1.08021E+02
3.35620E+00 4.26391E+00 4.55767E+00 4.99819E+00 4.99826E+00 4.99945E+00 5.00757E+00 4.55767E+00 4.26391E+00 3.35620E+00 1.31167E+02
4.24157E+00 5.14090E+00 5.43112E+00 5.86634E+00 5.86641E+00 5.86774E+00 5.87613E+00 5.43112E+00 5.14090E+00 4.24157E+00 1.57402E+02
5.24673E+00 6.13768E+00 6.42441E+00 6.85439E+00 6.85446E+00 6.85594E+00 6.86460E+00 6.42441E+00 6.13768E+00 5.24673E+00 1.86879E+02
6.38117E+00 7.26374E+00 7.54703E+00 7.97182E+00 7.97190E+00 7.97353E+00 7.98248E+00 7.54703E+00 7.26374E+00 6.38117E+00 2.19732E+02
7.65438E+00 8.52859E+00 8.80846E+00 9.22812E+00 9.22821E+00 9.23000E+00 9.23924E+00 8.80846E+00 8.52859E+00 7.65438E+00 2.56073E+02
9.07570E+00 9.94154E+00 1.02180E+01 1.06326E+01 1.06327E+01 1.06347E+01 1.06442E+01 1.02180E+01 9.94154E+00 9.07570E+00 2.95989E+02
1.06543E+01 1.15117E+01 1.17849E+01 1.21945E+01 1.21946E+01 1.21967E+01 1.22066E+01 1.17849E+01 1.15117E+01 1.06543E+01 3.39539E+02
1.23988E+01 1.32479E+01 1.35178E+01 1.39224E+01 1.39225E+01 1.39249E+01 1.39350E+01 1.35178E+01 1.32479E+01 1.23988E+01 3.86757E+02
1.43177E+01 1.51585E+01 1.54251E+01 1.58248E+01 1.58249E+01 1.58274E+01 1.58379E+01 1.54251E+01 1.51585E+01 1.43177E+01 4.37646E+02
1.64186E+01 1.72510E+01 1.75144E+01 1.79092E+01 1.79094E+01 1.79121E+01 1.79229E+01 1.75144E+01 1.72510E+01 1.64186E+01 4.92177E+02
1.87121E+01 1.95362E+01 1.97964E+01 2.01864E+01 2.01865E+01 2.01895E+01 2.02007E+01 1.97964E+01 1.95362E+01 1.87121E+01 5.50357E+02
2.12026E+01 2.20183E+01 2.22754E+01 2.26607E+01 2.26608E+01 2.26641E+01 2.26755E+01 2.22754E+01 2.20183E+01 2.12026E+01 6.12055E+02
0.00000E+00 0.00000E+00 3.23867E-01 8.09668E-01 8.09668E-01 8.09806E-01 8.15543E-01 3.23867E-01 0.00000E+00 0.00000E+00 4.13754E-02
0.00000E+00 4.65550E-02 3.66207E-01 8.45677E-01 8.45682E-01 8.45881E-01 8.51853E-01 3.66207E-01 4.65550E-02 0.00000E+00 1.55016E+00
0.00000E+00 1.20989E-01 4.36613E-01 9.10033E-01 9.10043E-01 9.10309E-01 9.16514E-01 4.36613E-01 1.20989E-01 0.00000E+00 3.79917E+00
0.00000E+00 2.23537E-01 5.35278E-01 1.00287E+00 1.00288E+00 1.00322E+00 1.00966E+00 5.35278E-01 2.23537E-01 0.00000E+00 6.92698E+00
0.00000E+00 3.57188E-01 6.65172E-01 1.12712E+00 1.12714E+00 1.12755E+00 1.13422E+00 6.65172E-01 3.57188E-01 0.00000E+00 1.10569E+01
0.00000E+00 5.26893E-01 8.31237E-01 1.28771E+00 1.28773E+00 1.28823E+00 1.29514E+00 8.31237E-01 5.26893E-01 0.00000E+00 1.63702E+01
0.00000E+00 7.35984E-01 1.03679E+00 1.48794E+00 1.48797E+00 1.48856E+00 1.49570E+00 1.03679E+00 7.35984E-01 0.00000E+00 2.29856E+01
2.22045E-16 9.24701E-01 1.22282E+00 1.66994E+00 1.66997E+00 1.67063E+00 1.67796E+00 1.22282E+00 9.24701E-01 2.22045E-16 2.89940E+01
5.83978E-02 9.81286E-01 1.27864E+00 1.72460E+00 1.72464E+00 1.72532E+00 1.73270E+00 1.27864E+00 9.81286E-01 5.83978E-02 3.09284E+01
3.84968E-01 1.29927E+00 1.59300E+00 2.03353E+00 2.03356E+00 2.03435E+00 2.04199E+00 1.59300E+00 1.29927E+00 3.84968E-01 4.07128E+01
7.78024E-01 1.68378E+00 1.97395E+00 2.40912E+00 2.40916E+00 2.41007E+00 2.41797E+00 1.97395E+00 1.68378E+00 7.78024E-01 5.23186E+01
1.23823E+00 2.13547E+00 2.42212E+00 2.85201E+00 2.85206E+00 2.85309E+00 2.86126E+00 2.42212E+00 2.13547E+00 1.23823E+00 6.59722E+01
1.77232E+00 2.66107E+00 2.94425E+00 3.36892E+00 3.36898E+00 3.37014E+00 3.37859E+00 2.94425E+00 2.66107E+00 1.77232E+00 8.18380E+01
2.38889E+00 3.26915E+00 3.54891E+00 3.96844E+00 3.96851E+00 3.96981E+00 3.97854E+00 3.54891E+00 3.26915E+00 2.38889E+00 1.00108E+02
3.09527E+00 3.96707E+00 4.24345E+00 4.65791E+00 4.65797E+00 4.65943E+00 4.66845E+00 4.24345E+00 3.96707E+00 3.09527E+00 1.20918E+02
3.89826E+00 4.76161E+00 5.03466E+00 5.44409E+00 5.44416E+00 5.44578E+00 5.45510E+00 5.03466E+00 4.76161E+00 3.89826E+00 1.44370E+02
4.80553E+00 5.66044E+00 5.93019E+00 6.33466E+00 6.33474E+00 6.33653E+00 6.34615E+00 5.93019E+00 5.66044E+00 4.80553E+00 1.70575E+02
5.82474E+00 6.67122E+00 6.93770E+00 7.33728E+00 7.33737E+00 7.33934E+00 7.34926E+00 6.93770E+00 6.67122E+00 5.82474E+00 1.99625E+02
6.96344E+00 7.80150E+00 8.06476E+00 8.45949E+00 8.45959E+00 8.46175E+00 8.47199E+00 8.06476E+00 7.80150E+00 6.96344E+00 2.31590E+02
8.22897E+00 9.05863E+00 9.31870E+00 9.70864E+00 9.70875E+00 9.71111E+00 9.72168E+00 9.31870E+00 9.05863E+00 8.22897E+00 2.66518E+02
9.62840E+00 1.04497E+01 1.07066E+01 1.10918E+01 1.10919E+01 1.10945E+01 1.11054E+01 1.07066E+01 1.04497E+01 9.62840E+00 3.04433E+02
1.11684E+01 1.19812E+01 1.22351E+01 1.26156E+01 1.26157E+01 1.26185E+01 1.26297E+01 1.22351E+01 1.19812E+01 1.11684E+01 3.45336E+02
1.28551E+01 1.36596E+01 1.39103E+01 1.42862E+01 1.42864E+01 1.42894E+01 1.43010E+01 1.39103E+01 1.36596E+01 1.28551E+01 3.89200E+02
1.46941E+01 1.54903E+01 1.57380E+01 1.61093E+01 1.61094E+01 1.61127E+01 1.61246E+01 1.57380E+01 1.54903E+01 1.46941E+01 4.35973E+02
1.66933E+01 1.74811E+01 1.77258E+01 1.80926E+01 1.80927E+01 1.80963E+01 1.81086E+01 1.77258E+01 1.74811E+01 1.66933E+01 4.85626E+02
1.88553E+01 1.96347E+01 1.98764E+01 2.02387E+01 2.02389E+01 2.02427E+01 2.02554E+01 1.98764E+01 1.96347E+01 1.88553E+01 5.38024E+02
0.00000E+00 0.00000E+00 3.05456E-01 7.63641E-01 7.63641E-01 7.63820E-01 7.70230E-01 3.05456E-01 0.00000E+00 0.00000E+00 4.86522E-02
0.00000E+00 4.76780E-02 3.49127E-01 8.01290E-01 8.01295E-01 8.01551E-01 8.08220E-01 3.49127E-01 4.76780E-02 0.00000E+00 1.57252E+00
0.00000E+00 1.21822E-01 4.19443E-01 8.65857E-01 8.65867E-01 8.66206E-01 8.73131E-01 4.19443E-01 1.21822E-01 0.00000E+00 3.79555E+00
0.00000E+00 2.22173E-01 5.16108E-01 9.56981E-01 9.56996E-01 9.57424E-01 9.64605E-01 5.16108E-01 2.22173E-01 0.00000E+00 6.84036E+00
0.00000E+00 3.51312E-01 6.41681E-01 1.07720E+00 1.07722E+00 1.07774E+00 1.08518E+00 6.41681E-01 3.51312E-01 0.00000E+00 1.08122E+01
0.00000E+00 5.13593E-01 8.00508E-01 1.23083E+00 1.23086E+00 1.23148E+00 1.23918E+00 8.00508E-01 5.13593E-01 0.00000E+00 1.58678E+01
0.00000E+00 7.11849E-01 9.95408E-01 1.42069E+00 1.42072E+00 1.42145E+00 1.42940E+00 9.95408E-01 7.11849E-01 0.00000E+00 2.21050E+01
2.22045E-16 8.89732E-01 1.17075E+00 1.59221E+00 1.59224E+00 1.59306E+00 1.60122E+00 1.17075E+00 8.89732E-01 2.22045E-16 2.77327E+01
5.49072E-02 9.42804E-01 1.22309E+00 1.64346E+00 1.64350E+00 1.64434E+00 1.65255E+00 1.22309E+00 9.42804E-01 5.49072E-02 2.95346E+01
3.60991E-01 1.24020E+00 1.51706E+00 1.93227E+00 1.93232E+00 1.93329E+00 1.94179E+00 1.51706E+00 1.24020E+00 3.60991E-01 3.86140E+01
7.27109E-01 1.59768E+00 1.87117E+00 2.28131E+00 2.28136E+00 2.28247E+00 2.29126E+00 1.87117E+00 1.59768E+00 7.27109E-01 4.93070E+01
1.15328E+00 2.01525E+00 2.28541E+00 2.69055E+00 2.69061E+00 2.69187E+00 2.70096E+00 2.28541E+00 2.01525E+00 1.15328E+00 6.18037E+01
1.64517E+00 2.49857E+00 2.76545E+00 3.16566E+00 3.16573E+00 3.16715E+00 3.17653E+00 2.76545E+00 2.49857E+00 1.64517E+00 7.62351E+01
2.21006E+00 3.05490E+00 3.31855E+00 3.71390E+00 3.71397E+00 3.71556E+00 3.72525E+00 3.31855E+00 3.05490E+00 2.21006E+00 9.27540E+01
2.85401E+00 3.69032E+00 3.95078E+00 4.34133E+00 4.34140E+00 4.34317E+00 4.35318E+00 3.95078E+00 3.69032E+00 2.85401E+00 1.11461E+02
3.58257E+00 4.41037E+00 4.66768E+00 5.05349E+00 5.05357E+00 5.05553E+00 5.06586E+00 4.66768E+00 4.41037E+00 3.58257E+00 1.32429E+02
4.40200E+00 5.22131E+00 5.47550E+00 5.85663E+00 5.85672E+00 5.85889E+00 5.86954E+00 5.47550E+00 5.22131E+00 4.40200E+00 1.55733E+02
5.31846E+00 6.12930E+00 6.38041E+00 6.75692E+00 6.75702E+00 6.75940E+00 6.77038E+00 6.38041E+00 6.12930E+00 5.31846E+00 1.81435E+02
6.33797E+00 7.14035E+00 7.38843E+00 7.76036E+00 7.76047E+00 7.76307E+00 7.77441E+00 7.38843E+00 7.14035E+00 6.33797E+00 2.09573E+02
7.46627E+00 8.26022E+00 8.50529E+00 8.87271E+00 8.87283E+00 8.87567E+00 8.88735E+00 8.50529E+00 8.26022E+00 7.46627E+00 2.40168E+02
8.70881E+00 9.49434E+00 9.73644E+00 1.00994E+01 1.00995E+01 1.01026E+01 1.01147E+01 9.73644E+00 9.49434E+00 8.70881E+00 2.73219E+02
1.00706E+01 1.08477E+01 1.10869E+01 1.14455E+01 1.14456E+01 1.14490E+01 1.14614E+01 1.10869E+01 1.08477E+01 1.00706E+01 3.08704E+02
1.15562E+01 1.23250E+01 1.25612E+01 1.29154E+01 1.29156E+01 1.29192E+01 1.29320E+01 1.25612E+01 1.23250E+01 1.15562E+01 3.46577E+02
1.31696E+01 1.39300E+01 1.41634E+01 1.45133E+01 1.45134E+01 1.45174E+01 1.45305E+01 1.41634E+01 1.39300E+01 1.31696E+01 3.86772E+02
1.49165E+01 1.56686E+01 1.58991E+01 1.62448E+01 1.62449E+01 1.62492E+01 1.62627E+01 1.58991E+01 1.56686E+01 1.49165E+01 4.29240E+02
1.67983E+01 1.75420E+01 1.77698E+01 1.81112E+01 1.81114E+01 1.81160E+01 1.81299E+01 1.77698E+01 1.75420E+01 1.67983E+01 4.73843E+02
0.00000E+00 0.00000E+00 2.87251E-01 7.18127E-01 7.18127E-01 7.18358E-01 7.25529E-01 2.87251E-01 0.00000E+00 0.00000E+00 5.72552E-02
0.00000E+00 4.87451E-02 3.32212E-01 7.57402E-01 7.57408E-01 7.57734E-01 7.65189E-01 3.32212E-01 4.87451E-02 0.00000E+00 1.59550E+00
0.00000E+00 1.22433E-01 4.02289E-01 8.22052E-01 8.22063E-01 8.22492E-01 8.30228E-01 4.02289E-01 1.22433E-01 0.00000E+00 3.78862E+00
0.00000E+00 2.20344E-01 4.96723E-01 9.11259E-01 9.11276E-01 9.11814E-01 9.19830E-01 4.96723E-01 2.20344E-01 0.00000E+00 6.74410E+00
0.00000E+00 3.44679E-01 6.17698E-01 1.02718E+00 1.02720E+00 1.02786E+00 1.03616E+00 6.17698E-01 3.44679E-01 0.00000E+00 1.05501E+01
0.00000E+00 4.99234E-01 7.68999E-01 1.17359E+00 1.17362E+00 1.17440E+00 1.18298E+00 7.68999E-01 4.99234E-01 0.00000E+00 1.53402E+01
0.00000E+00 6.86385E-01 9.52988E-01 1.35283E+00 1.35286E+00 1.35377E+00 1.36263E+00 9.52988E-01 6.86385E-01 0.00000E+00 2.11930E+01
4.44089E-16 8.53266E-01 1.11748E+00 1.51372E+00 1.51376E+00 1.51477E+00 1.52385E+00 1.11748E+00 8.53266E-01 4.44089E-16 2.64371E+01
5.13847E-02 9.02798E-01 1.16632E+00 1.56153E+00 1.56158E+00 1.56262E+00 1.57177E+00 1.16632E+00 9.02798E-01 5.13847E-02 2.81064E+01
3.36891E-01 1.17953E+00 1.43983E+00 1.83019E+00 1.83024E+00 1.83144E+00 1.84090E+00 1.43983E+00 1.17953E+00 3.36891E-01 3.64835E+01
6.76174E-01 1.51010E+00 1.76723E+00 2.15281E+00 2.15287E+00 2.15424E+00 2.16401E+00 1.76723E+00 1.51010E+00 6.76174E-01 4.62744E+01
1.06869E+00 1.89394E+00 2.14794E+00 2.52883E+00 2.52889E+00 2.53043E+00 2.54053E+00 2.14794E+00 1.89394E+00 1.06869E+00 5.76363E+01
1.51913E+00 2.33574E+00 2.58666E+00 2.96291E+00 2.96298E+00 2.96472E+00 2.97514E+00 2.58666E+00 2.33574E+00 1.51913E+00 7.06700E+01
2.03354E+00 2.84155E+00 3.08943E+00 3.46111E+00 3.46119E+00 3.46312E+00 3.47388E+00 3.08943E+00 2.84155E+00 2.03354E+00 8.54925E+01
2.61686E+00 3.41629E+00 3.66117E+00 4.02835E+00 4.02843E+00 4.03058E+00 4.04168E+00 3.66117E+00 3.41629E+00 2.61686E+00 1.02175E+02
3.27349E+00 4.06439E+00 4.30631E+00 4.66903E+00 4.66912E+00 4.67149E+00 4.68295E+00 4.30631E+00 4.06439E+00 3.27349E+00 1.20761E+02
4.00843E+00 4.79080E+00 5.02980E+00 5.38813E+00 5.38823E+00 5.39084E+00 5.40265E+00 5.02980E+00 4.79080E+00 4.00843E+00 1.41300E+02
4.82649E+00 5.60038E+00 5.83649E+00 6.19047E+00 6.19059E+00 6.19345E+00 6.20562E+00 5.83649E+00 5.60038E+00 4.82649E+00 1.63823E+02
5.73232E+00 6.49774E+00 6.73101E+00 7.08070E+00 7.08083E+00 7.08395E+00 7.09649E+00 6.73101E+00 6.49774E+00 5.73232E+00 1.88345E+02
6.73026E+00 7.48725E+00 7.71769E+00 8.06315E+00 8.06329E+00 8.06669E+00 8.07961E+00 7.71769E+00 7.48725E+00 6.73026E+00 2.14862E+02
7.82433E+00 8.57290E+00 8.80057E+00 9.14184E+00 9.14199E+00 9.14568E+00 9.15899E+00 8.80057E+00 8.57290E+00 7.82433E+00 2.43354E+02
9.01812E+00 9.75830E+00 9.98322E+00 1.03204E+01 1.03205E+01 1.03245E+01 1.03382E+01 9.98322E+00 9.75830E+00 9.01812E+00 2.73779E+02
1.03148E+01 1.10466E+01 1.12688E+01 1.16018E+01 1.16020E+01 1.16063E+01 1.16205E+01 1.12688E+01 1.10466E+01 1.03148E+01 3.06079E+02
1.17168E+01 1.24404E+01 1.26599E+01 1.29889E+01 1.29891E+01 1.29937E+01 1.30083E+01 1.26599E+01 1.24404E+01 1.17168E+01 3.40177E+02
1.32283E+01 1.39436E+01 1.41604E+01 1.44854E+01 1.44856E+01 1.44907E+01 1.45056E+01 1.41604E+01 1.39436E+01 1.32283E+01 3.76010E+02
1.48495E+01 1.55565E+01 1.57707E+01 1.60918E+01 1.60920E+01 1.60974E+01 1.61128E+01 1.57707E+01 1.55565E+01 1.48495E+01 4.13442E+02
0.00000E+00 0.00000E+00 2.70541E-01 6.76353E-01 6.76353E-01 6.76653E-01 6.84661E-01 2.70541E-01 0.00000E+00 0.00000E+00 6.73015E-02
0.00000E+00 4.96099E-02 3.16601E-01 7.17076E-01 7.17083E-01 7.17501E-01 7.25819E-01 3.16601E-01 4.96099E-02 0.00000E+00 1.61672E+00
0.00000E+00 1.22593E-01 3.86198E-01 7.81581E-01 7.81593E-01 7.82136E-01 7.90762E-01 3.86198E-01 1.22593E-01 0.00000E+00 3.77532E+00
0.00000E+00 2.17847E-01 4.78191E-01 8.68671E-01 8.68690E-01 8.69366E-01 8.78298E-01 4.78191E-01 2.17847E-01 0.00000E+00 6.63778E+00
0.00000E+00 3.37269E-01 5.94462E-01 9.80203E-01 9.80229E-01 9.81045E-01 9.90284E-01 5.94462E-01 3.37269E-01 0.00000E+00 1.02778E+01
0.00000E+00 4.84181E-01 7.38324E-01 1.11948E+00 1.11951E+00 1.12048E+00 1.13002E+00 7.38324E-01 4.84181E-01 0.00000E+00 1.48093E+01
0.00000E+00 6.60592E-01 9.11773E-01 1.28847E+00 1.28851E+00 1.28963E+00 1.29949E+00 9.11773E-01 6.60592E-01 0.00000E+00 2.02949E+01
1.11022E-16 8.16985E-01 1.06592E+00 1.43925E+00 1.43929E+00 1.44054E+00 1.45063E+00 1.06592E+00 8.16985E-01 1.11022E-16 2.51776E+01
4.80561E-02 8.63176E-01 1.11147E+00 1.48383E+00 1.48388E+00 1.48516E+00 1.49533E+00 1.11147E+00 8.63176E-01 4.80561E-02 2.67233E+01
3.14250E-01 1.12055E+00 1.36582E+00 1.73363E+00 1.73368E+00 1.73516E+00 1.74566E+00 1.36582E+00 1.12055E+00 3.14250E-01 3.44499E+01
6.28668E-01 1.42621E+00 1.66851E+00 2.03185E+00 2.03191E+00 2.03358E+00 2.04443E+00 1.66851E+00 1.42621E+00 6.28668E-01 4.34159E+01
9.90345E-01 1.77918E+00 2.01855E+00 2.37748E+00 2.37755E+00 2.37944E+00 2.39063E+00 2.01855E+00 1.77918E+00 9.90345E-01 5.37517E+01
1.40318E+00 2.18336E+00 2.41984E+00 2.77443E+00 2.77451E+00 2.77662E+00 2.78817E+00 2.41984E+00 2.18336E+00 1.40318E+00 6.55341E+01
1.87223E+00 2.64379E+00 2.87743E+00 3.22774E+00 3.22783E+00 3.23017E+00 3.24209E+00 2.87743E+00 2.64379E+00 1.87223E+00 7.88524E+01
2.40152E+00 3.16450E+00 3.39534E+00 3.74141E+00 3.74151E+00 3.74411E+00 3.75640E+00 3.39534E+00 3.16450E+00 2.40152E+00 9.37544E+01
2.99456E+00 3.74901E+00 3.97707E+00 4.31897E+00 4.31908E+00 4.32194E+00 4.33461E+00 3.97707E+00 3.74901E+00 2.99456E+00 1.10265E+02
3.65532E+00 4.40128E+00 4.62660E+00 4.96438E+00 4.96450E+00 4.96764E+00 4.98070E+00 4.62660E+00 4.40128E+00 3.65532E+00 1.28411E+02
4.38761E+00 5.12510E+00 5.34771E+00 5.68143E+00 5.68156E+00 5.68499E+00 5.69844E+00 5.34771E+00 5.12510E+00 4.38761E+00 1.48204E+02
5.19498E+00 5.92404E+00 6.14399E+00 6.47369E+00 6.47383E+00 6.47757E+00 6.49142E+00 6.14399E+00 5.92404E+00 5.19498E+00 1.69641E+02
6.08071E+00 6.80139E+00 7.01870E+00 7.34442E+00 7.34458E+00 7.34864E+00 7.36291E+00 7.01870E+00 6.80139E+00 6.08071E+00 1.92703E+02
7.04774E+00 7.76007E+00 7.97477E+00 8.29657E+00 8.29674E+00 8.30115E+00 8.31583E+00 7.97477E+00 7.76007E+00 7.04774E+00 2.17356E+02
8.09862E+00 8.80263E+00 9.01476E+00 9.33268E+00 9.33286E+00 9.33763E+00 9.35274E+00 9.01476E+00 8.80263E+00 8.09862E+00 2.43548E+02
9.23544E+00 9.93117E+00 1.01408E+01 1.04548E+01 1.04550E+01 1.04602E+01 1.04757E+01 1.01408E+01 9.93117E+00 9.23544E+00 2.71215E+02
1.04598E+01 1.11473E+01 1.13544E+01 1.16647E+01 1.16649E+01 1.16704E+01 1.16864E+01 1.13544E+01 1.11473E+01 1.04598E+01 3.00275E+02
1.17744E+01 1.24537E+01 1.26582E+01 1.29648E+01 1.29650E+01 1.29710E+01 1.29874E+01 1.26582E+01 1.24537E+01 1.17744E+01 3.30657E+02
1.31787E+01 1.38499E+01 1.40520E+01 1.43548E+01 1.43551E+01 1.43615E+01 1.43784E+01 1.40520E+01 1.38499E+01 1.31787E+01 3.62234E+02
0.00000E+00 0.00000E+00 2.56376E-01 6.40941E-01 6.40941E-01 6.41329E-01 6.50245E-01 2.56376E-01 0.00000E+00 0.00000E+00 7.89516E-02
0.00000E+00 5.00990E-02 3.03153E-01 6.82720E-01 6.82727E-01 6.83260E-01 6.92513E-01 3.03153E-01 5.00990E-02 0.00000E+00 1.63294E+00
0.00000E+00 1.22027E-01 3.71911E-01 7.46708E-01 7.46722E-01 7.47408E-01 7.56995E-01 3.71911E-01 1.22027E-01 0.00000E+00 3.75119E+00
0.00000E+00 2.14420E-01 4.61250E-01 8.31454E-01 8.31475E-01 8.32323E-01 8.42243E-01 4.61250E-01 2.14420E-01 0.00000E+00 6.51887E+00
0.00000E+00 3.28968E-01 5.72847E-01 9.38611E-01 9.38640E-01 9.39658E-01 9.49911E-01 5.72847E-01 3.28968E-01 0.00000E+00 9.99912E+00
0.00000E+00 4.68648E-01 7.09671E-01 1.07114E+00 1.07117E+00 1.07237E+00 1.08296E+00 7.09671E-01 4.68648E-01 0.00000E+00 1.42910E+01
0.00000E+00 6.35219E-01 8.73466E-01 1.23075E+00 1.23080E+00 1.23218E+00 1.24310E+00 8.73466E-01 6.35219E-01 0.00000E+00 1.94465E+01
0.00000E+00 7.82195E-01 1.01834E+00 1.37246E+00 1.37251E+00 1.37405E+00 1.38523E+00 1.01834E+00 7.82195E-01 0.00000E+00 2.40103E+01
4.51044E-02 8.25434E-01 1.06098E+00 1.41419E+00 1.41425E+00 1.41583E+00 1.42709E+00 1.06098E+00 8.25434E-01 4.51044E-02 2.54485E+01
2.94346E-01 1.06585E+00 1.29856E+00 1.64751E+00 1.64758E+00 1.64938E+00 1.66100E+00 1.29856E+00 1.06585E+00 2.94346E-01 3.26161E+01
5.87339E-01 1.35010E+00 1.58002E+00 1.92478E+00 1.92485E+00 1.92689E+00 1.93889E+00 1.58002E+00 1.35010E+00 5.87339E-01 4.08864E+01
9.22889E-01 1.67697E+00 1.90415E+00 2.24476E+00 2.24485E+00 2.24714E+00 2.25951E+00 1.90415E+00 1.67697E+00 9.22889E-01 5.03718E+01
1.30435E+00 2.04981E+00 2.27428E+00 2.61081E+00 2.61091E+00 2.61346E+00 2.62622E+00 2.27428E+00 2.04981E+00 1.30435E+00 6.11335E+01
1.73609E+00 2.47298E+00 2.69477E+00 3.02729E+00 3.02739E+00 3.03022E+00 3.04338E+00 2.69477E+00 2.47298E+00 1.73609E+00 7.32431E+01
2.22150E+00 2.94988E+00 3.16903E+00 3.49758E+00 3.49769E+00 3.50082E+00 3.51437E+00 3.16903E+00 2.94988E+00 2.22150E+00 8.67348E+01
2.76354E+00 3.48345E+00 3.70000E+00 4.02462E+00 4.02475E+00 4.02819E+00 4.04215E+00 3.70000E+00 3.48345E+00 2.76354E+00 1.01623E+02
3.36550E+00 4.07699E+00 4.29097E+00 4.61172E+00 4.61186E+00 4.61563E+00 4.63000E+00 4.29097E+00 4.07699E+00 3.36550E+00 1.17922E+02
4.03053E+00 4.73365E+00 4.94509E+00 5.26201E+00 5.26217E+00 5.26627E+00 5.28107E+00 4.94509E+00 4.73365E+00 4.03053E+00 1.35634E+02
4.76153E+00 5.45633E+00 5.66526E+00 5.97840E+00 5.97857E+00 5.98303E+00 5.99827E+00 5.66526E+00 5.45633E+00 4.76153E+00 1.54748E+02
5.56114E+00 6.24766E+00 6.45411E+00 6.76351E+00 6.76369E+00 6.76854E+00 6.78421E+00 6.45411E+00 6.24766E+00 5.56114E+00 1.75239E+02
6.43166E+00 7.10996E+00 7.31395E+00 7.61966E+00 7.61986E+00 7.62510E+00 7.64122E+00 7.31395E+00 7.10996E+00 6.43166E+00 1.97068E+02
7.37505E+00 8.04516E+00 8.24673E+00 8.54878E+00 8.54899E+00 8.55465E+00 8.57123E+00 8.24673E+00 8.04516E+00 7.37505E+00 2.20183E+02
8.39284E+00 9.05481E+00 9.25399E+00 9.55243E+00 9.55266E+00 9.55875E+00 9.57580E+00 9.25399E+00 9.05481E+00 8.39284E+00 2.44519E+02
9.48613E+00 1.01400E+01 1.03368E+01 1.06317E+01 1.06319E+01 1.06385E+01 1.06560E+01 1.03368E+01 1.01400E+01 9.48613E+00 2.69999E+02
1.06569E+01 1.13028E+01 1.14972E+01 1.17886E+01 1.17888E+01 1.17959E+01 1.18139E+01 1.14972E+01 1.13028E+01 1.06569E+01 2.96553E+02
1.19045E+01 1.25424E+01 1.27345E+01 1.30224E+01 1.30227E+01 1.30302E+01 1.30487E+01 1.27345E+01 1.25424E+01 1.19045E+01 3.24065E+02
0.00000E+00 0.00000E+00 2.41573E-01 6.03931E-01 6.03931E-01 6.04435E-01 6.14377E-01 2.41573E-01 0.00000E+00 0.00000E+00 9.27363E-02
0.00000E+00 5.01680E-02 2.88630E-01 6.46307E-01 6.46315E-01 6.46995E-01 6.57305E-01 2.88630E-01 5.01680E-02 0.00000E+00 1.64096E+00
0.00000E+00 1.20588E-01 3.56080E-01 7.09287E-01 7.09304E-01 7.10170E-01 7.20844E-01 3.56080E-01 1.20588E-01 0.00000E+00 3.70779E+00
0.00000E+00 2.09661E-01 4.42293E-01 7.91194E-01 7.91220E-01 7.92281E-01 8.03318E-01 4.42293E-01 2.09661E-01 0.00000E+00 6.36875E+00
0.00000E+00 3.18863E-01 5.48731E-01 8.93469E-01 8.93504E-01 8.94770E-01 9.06169E-01 5.48731E-01 3.18863E-01 0.00000E+00 9.67625E+00
0.00000E+00 4.50808E-01 6.77999E-01 1.01871E+00 1.01875E+00 1.02023E+00 1.03199E+00 6.77999E-01 4.50808E-01 0.00000E+00 1.37142E+01
0.00000E+00 6.06982E-01 8.31570E-01 1.16836E+00 1.16841E+00 1.17011E+00 1.18224E+00 8.31570E-01 6.06982E-01 0.00000E+00 1.85229E+01
0.00000E+00 7.44060E-01 9.66678E-01 1.30050E+00 1.30056E+00 1.30244E+00 1.31485E+00 9.66678E-01 7.44060E-01 0.00000E+00 2.27535E+01
4.20007E-02 7.84204E-01 1.00626E+00 1.33923E+00 1.33929E+00 1.34123E+00 1.35372E+00 1.00626E+00 7.84204E-01 4.20007E-02 2.40796E+01
2.73437E-01 1.00687E+00 1.22626E+00 1.55523E+00 1.55530E+00 1.55751E+00 1.57040E+00 1.22626E+00 1.00687E+00 2.73437E-01 3.06645E+01
5.43955E-01 1.26871E+00 1.48549E+00 1.81051E+00 1.81060E+00 1.81308E+00 1.82638E+00 1.48549E+00 1.26871E+00 5.43955E-01 3.82105E+01
8.52092E-01 1.56824E+00 1.78244E+00 2.10358E+00 2.10368E+00 2.10646E+00 2.12016E+00 1.78244E+00 1.56824E+00 8.52092E-01 4.68095E+01
1.20059E+00 1.90820E+00 2.11986E+00 2.43717E+00 2.43728E+00 2.44037E+00 2.45449E+00 2.11986E+00 1.90820E+00 1.20059E+00 5.65059E+01
1.59304E+00 2.29218E+00 2.50134E+00 2.81487E+00 2.81499E+00 2.81841E+00 2.83296E+00 2.50134E+00 2.29218E+00 1.59304E+00 6.73513E+01
2.03216E+00 2.72289E+00 2.92957E+00 3.23937E+00 3.23951E+00 3.24328E+00 3.25825E+00 2.92957E+00 2.72289E+00 2.03216E+00 7.93643E+01
2.52022E+00 3.20260E+00 3.40684E+00 3.71295E+00 3.71310E+00 3.71723E+00 3.73265E+00 3.40684E+00 3.20260E+00 2.52022E+00 9.25458E+01
3.05977E+00 3.73387E+00 3.93569E+00 4.23816E+00 4.23833E+00 4.24284E+00 4.25870E+00 3.93569E+00 3.73387E+00 3.05977E+00 1.06897E+02
3.65319E+00 4.31906E+00 4.51849E+00 4.81737E+00 4.81755E+00 4.82246E+00 4.83878E+00 4.51849E+00 4.31906E+00 3.65319E+00 1.22408E+02
4.30262E+00 4.96031E+00 5.15739E+00 5.45272E+00 5.45291E+00 5.45824E+00 5.47503E+00 5.15739E+00 4.96031E+00 4.30262E+00 1.39056E+02
5.00992E+00 5.65950E+00 5.85425E+00 6.14606E+00 6.14627E+00 6.15204E+00 6.16930E+00 5.85425E+00 5.65950E+00 5.00992E+00 1.56808E+02
5.77666E+00 6.41817E+00 6.61062E+00 6.89895E+00 6.89918E+00 6.90541E+00 6.92315E+00 6.61062E+00 6.41817E+00 5.77666E+00 1.75619E+02
6.60405E+00 7.23756E+00 7.42772E+00 7.71262E+00 7.71287E+00 7.71958E+00 7.73781E+00 7.42772E+00 7.23756E+00 6.60405E+00 1.95433E+02
7.49294E+00 8.11850E+00 8.30641E+00 8.58792E+00 8.58818E+00 8.59540E+00 8.61413E+00 8.30641E+00 8.11850E+00 7.49294E+00 2.16183E+02
8.44378E+00 9.06144E+00 9.24713E+00 9.52528E+00 9.52556E+00 9.53330E+00 9.55254E+00 9.24713E+00 9.06144E+00 8.44378E+00 2.37794E+02
9.45772E+00 1.00675E+01 1.02510E+01 1.05259E+01 1.05262E+01 1.05344E+01 1.05542E+01 1.02510E+01 1.00675E+01 9.45772E+00 2.60193E+02
1.05337E+01 1.11357E+01 1.13170E+01 1.15886E+01 1.15889E+01 1.15977E+01 1.16180E+01 1.13170E+01 1.11357E+01 1.05337E+01 2.83277E+02
0.00000E+00 0.00000E+00 2.28192E-01 5.70481E-01 5.70481E-01 5.71132E-01 5.82198E-01 2.28192E-01 0.00000E+00 0.00000E+00 1.08802E-01
0.00000E+00 4.97209E-02 2.74988E-01 6.12871E-01 6.12881E-01 6.13748E-01 6.25214E-01 2.74988E-01 4.97209E-02 0.00000E+00 1.64026E+00
0.00000E+00 1.18192E-01 3.40666E-01 6.74341E-01 6.74361E-01 6.75454E-01 6.87316E-01 3.40666E-01 1.18192E-01 0.00000E+00 3.64697E+00
0.00000E+00 2.03663E-01 4.23447E-01 7.53068E-01 7.53098E-01 7.54426E-01 7.66682E-01 4.23447E-01 2.03663E-01 0.00000E+00 6.19656E+00
0.00000E+00 3.07442E-01 5.24624E-01 8.50324E-01 8.50365E-01 8.51938E-01 8.64588E-01 5.24624E-01 3.07442E-01 0.00000E+00 9.33271E+00
0.00000E+00 4.31839E-01 6.46501E-01 9.68403E-01 9.68454E-01 9.70284E-01 9.83326E-01 6.46501E-01 4.31839E-01 0.00000E+00 1.31267E+01
0.00000E+00 5.78116E-01 7.90328E-01 1.10854E+00 1.10860E+00 1.11070E+00 1.12413E+00 7.90328E-01 5.78116E-01 0.00000E+00 1.76098E+01
0.00000E+00 7.05912E-01 9.16268E-01 1.23168E+00 1.23175E+00 1.23406E+00 1.24781E+00 9.16268E-01 7.05912E-01 0.00000E+00 2.15316E+01
3.91044E-02 7.43187E-01 9.53012E-01 1.26762E+00 1.26770E+00 1.27007E+00 1.28390E+00 9.53012E-01 7.43187E-01 3.91044E-02 2.27550E+01
2.54036E-01 9.49481E-01 1.15680E+00 1.46764E+00 1.46772E+00 1.47041E+00 1.48468E+00 1.15680E+00 9.49481E-01 2.54036E-01 2.88096E+01
5.03977E-01 1.19089E+00 1.39574E+00 1.70286E+00 1.70296E+00 1.70599E+00 1.72068E+00 1.39574E+00 1.19089E+00 5.03977E-01 3.57038E+01
7.87272E-01 1.46573E+00 1.66816E+00 1.97162E+00 1.97173E+00 1.97510E+00 1.99024E+00 1.66816E+00 1.46573E+00 7.87272E-01 4.35134E+01
1.10616E+00 1.77625E+00 1.97628E+00 2.27613E+00 2.27625E+00 2.27999E+00 2.29558E+00 1.97628E+00 1.77625E+00 1.10616E+00 5.22695E+01
1.46360E+00 2.12540E+00 2.32306E+00 2.61934E+00 2.61949E+00 2.62361E+00 2.63966E+00 2.32306E+00 2.12540E+00 1.46360E+00 6.20082E+01
1.86174E+00 2.51531E+00 2.71065E+00 3.00341E+00 3.00357E+00 3.00810E+00 3.02461E+00 2.71065E+00 2.51531E+00 1.86174E+00 7.27366E+01
2.30232E+00 2.94774E+00 3.14077E+00 3.43006E+00 3.43023E+00 3.43518E+00 3.45217E+00 3.14077E+00 2.94774E+00 2.30232E+00 8.44463E+01
2.78730E+00 3.42464E+00 3.61539E+00 3.90124E+00 3.90143E+00 3.90683E+00 3.92429E+00 3.61539E+00 3.42464E+00 2.78730E+00 9.71288E+01
3.31845E+00 3.94777E+00 4.13627E+00 4.41873E+00 4.41893E+00 4.42480E+00 4.44275E+00 4.13627E+00 3.94777E+00 3.31845E+00 1.10766E+02
3.89731E+00 4.51868E+00 4.70496E+00 4.98405E+00 4.98428E+00 4.99063E+00 5.00908E+00 4.70496E+00 4.51868E+00 3.89731E+00 1.25328E+02
4.52516E+00 5.13864E+00 5.32272E+00 5.59850E+00 5.59874E+00 5.60560E+00 5.62456E+00 5.32272E+00 5.13864E+00 4.52516E+00 1.40778E+02
5.20299E+00 5.80864E+00 5.99055E+00 6.26305E+00 6.26331E+00 6.27071E+00 6.29018E+00 5.99055E+00 5.80864E+00 5.20299E+00 1.57067E+02
5.93149E+00 6.52937E+00 6.70913E+00 6.97838E+00 6.97867E+00 6.98662E+00 7.00662E+00 6.70913E+00 6.52937E+00 5.93149E+00 1.74139E+02
6.71100E+00 7.30117E+00 7.47881E+00 7.74486E+00 7.74516E+00 7.75369E+00 7.77422E+00 7.47881E+00 7.30117E+00 6.71100E+00 1.91929E+02
7.54151E+00 8.12404E+00 8.29958E+00 8.56246E+00 8.56278E+00 8.57191E+00 8.59299E+00 8.29958E+00 8.12404E+00 7.54151E+00 2.10364E+02
8.42356E+00 8.99850E+00 9.17197E+00 9.43171E+00 9.43206E+00 9.44182E+00 9.46344E+00 9.17197E+00 8.99850E+00 8.42356E+00 2.29374E+02
9.35582E+00 9.92324E+00 1.00947E+01 1.03513E+01 1.03517E+01 1.03621E+01 1.03843E+01 1.00947E+01 9.92324E+00 9.35582E+00 2.48865E+02
0.00000E+00 0.00000E+00 2.15343E-01 5.38356E-01 5.38356E-01 5.39200E-01 5.51509E-01 2.15343E-01 0.00000E+00 0.00000E+00 1.27618E-01
0.00000E+00 4.88248E-02 2.61410E-01 5.80266E-01 5.80277E-01 5.81382E-01 5.94126E-01 2.61410E-01 4.88248E-02 0.00000E+00 1.63220E+00
0.00000E+00 1.14976E-01 3.24927E-01 6.39812E-01 6.39836E-01 6.41213E-01 6.54386E-01 3.24927E-01 1.14976E-01 0.00000E+00 3.57100E+00
0.00000E+00 1.96593E-01 4.04008E-01 7.15066E-01 7.15102E-01 7.16762E-01 7.30362E-01 4.04008E-01 1.96593E-01 0.00000E+00 6.00410E+00
0.00000E+00 2.94822E-01 4.99783E-01 8.07140E-01 8.07189E-01 8.09143E-01 8.23169E-01 4.99783E-01 2.94822E-01 0.00000E+00 8.96715E+00
0.00000E+00 4.11685E-01 6.14269E-01 9.18041E-01 9.18103E-01 9.20363E-01 9.34815E-01 6.14269E-01 4.11685E-01 0.00000E+00 1.25197E+01
0.00000E+00 5.48233E-01 7.48507E-01 1.04879E+00 1.04887E+00 1.05145E+00 1.06632E+00 7.48507E-01 5.48233E-01 0.00000E+00 1.66846E+01
0.00000E+00 6.66982E-01 8.65506E-01 1.16315E+00 1.16324E+00 1.16607E+00 1.18128E+00 8.65506E-01 6.66982E-01 0.00000E+00 2.03070E+01
3.62789E-02 7.01478E-01 8.99501E-01 1.19639E+00 1.19648E+00 1.19939E+00 1.21469E+00 8.99501E-01 7.01478E-01 3.62789E-02 2.14313E+01
2.35173E-01 8.91962E-01 1.08762E+00 1.38095E+00 1.38105E+00 1.38433E+00 1.40010E+00 1.08762E+00 8.91962E-01 2.35173E-01 2.69761E+01
4.65260E-01 1.11375E+00 1.30709E+00 1.59691E+00 1.59703E+00 1.60070E+00 1.61694E+00 1.30709E+00 1.11375E+00 4.65260E-01 3.32477E+01
7.24728E-01 1.36501E+00 1.55606E+00 1.84242E+00 1.84256E+00 1.84664E+00 1.86335E+00 1.55606E+00 1.36501E+00 7.24728E-01 4.03070E+01
1.01536E+00 1.64752E+00 1.83631E+00 2.11926E+00 2.11941E+00 2.12393E+00 2.14112E+00 1.83631E+00 1.64752E+00 1.01536E+00 4.81732E+01
1.33953E+00 1.96365E+00 2.15021E+00 2.42980E+00 2.42997E+00 2.43494E+00 2.45263E+00 2.15021E+00 1.96365E+00 1.33953E+00 5.68691E+01
1.69889E+00 2.31505E+00 2.49941E+00 2.77568E+00 2.77587E+00 2.78131E+00 2.79949E+00 2.49941E+00 2.31505E+00 1.69889E+00 6.63917E+01
2.09470E+00 2.70298E+00 2.88517E+00 3.15816E+00 3.15836E+00 3.16430E+00 3.18299E+00 2.88517E+00 2.70298E+00 2.09470E+00 7.67252E+01
2.52840E+00 3.12887E+00 3.30891E+00 3.57866E+00 3.57888E+00 3.58534E+00 3.60455E+00 3.30891E+00 3.12887E+00 2.52840E+00 8.78532E+01
3.00123E+00 3.59396E+00 3.77188E+00 4.03842E+00 4.03867E+00 4.04566E+00 4.06539E+00 3.77188E+00 3.59396E+00 3.00123E+00 9.97508E+01
3.51421E+00 4.09927E+00 4.27510E+00 4.53847E+00 4.53874E+00 4.54630E+00 4.56656E+00 4.27510E+00 4.09927E+00 3.51421E+00 1.12385E+02
4.06812E+00 4.64558E+00 4.81933E+00 5.07958E+00 5.07987E+00 5.08802E+00 5.10882E+00 4.81933E+00 4.64558E+00 4.06812E+00 1.25714E+02
4.66348E+00 5.23340E+00 5.40511E+00 5.66226E+00 5.66257E+00 5.67134E+00 5.69269E+00 5.40511E+00 5.23340E+00 4.66348E+00 1.39688E+02
5.30052E+00 5.86296E+00 6.03265E+00 6.28675E+00 6.28707E+00 6.29648E+00 6.31839E+00 6.03265E+00 5.86296E+00 5.30052E+00 1.54253E+02
5.97918E+00 6.53421E+00 6.70190E+00 6.95297E+00 6.95332E+00 6.96340E+00 6.98588E+00 6.70190E+00 6.53421E+00 5.97918E+00 1.69345E+02
6.69909E+00 7.24677E+00 7.41248E+00 7.66057E+00 7.66094E+00 7.67171E+00 7.69476E+00 7.41248E+00 7.24677E+00 6.69909E+00 1.84897E+02
7.46028E+00 8.00067E+00 8.16443E+00 8.40956E+00 8.40996E+00 8.42145E+00 8.44509E+00 8.16443E+00 8.00067E+00 7.46028E+00 2.00841E+02
8.26127E+00 8.79444E+00 8.95626E+00 9.19848E+00 9.19890E+00 9.21114E+00 9.23538E+00 8.95626E+00 8.79444E+00 8.26127E+00 2.17095E+02
0.00000E+00 0.00000E+00 2.03144E-01 5.07859E-01 5.07859E-01 5.08950E-01 5.22628E-01 2.03144E-01 0.00000E+00 0.00000E+00 1.49617E-01
0.00000E+00 4.74848E-02 2.48027E-01 5.48814E-01 5.48829E-01 5.50236E-01 5.64385E-01 2.48027E-01 4.74848E-02 0.00000E+00 1.61737E+00
0.00000E+00 1.11003E-01 3.09060E-01 6.06097E-01 6.06126E-01 6.07860E-01 6.22475E-01 3.09060E-01 1.11003E-01 0.00000E+00 3.48202E+00
0.00000E+00 1.88617E-01 3.84281E-01 6.77703E-01 6.77748E-01 6.79821E-01 6.94897E-01 3.84281E-01 1.88617E-01 0.00000E+00 5.79634E+00
0.00000E+00 2.81310E-01 4.74660E-01 7.64588E-01 7.64647E-01 7.67072E-01 7.82608E-01 4.74660E-01 2.81310E-01 0.00000E+00 8.58853E+00
0.00000E+00 3.90833E-01 5.81942E-01 8.68484E-01 8.68559E-01 8.71348E-01 8.87343E-01 5.81942E-01 3.90833E-01 0.00000E+00 1.19074E+01
0.00000E+00 5.18035E-01 7.06965E-01 9.90216E-01 9.90306E-01 9.93474E-01 1.00993E+00 7.06965E-01 5.18035E-01 0.00000E+00 1.57682E+01
0.00000E+00 6.28161E-01 8.15440E-01 1.09620E+00 1.09630E+00 1.09977E+00 1.11658E+00 8.15440E-01 6.28161E-01 0.00000E+00 1.91064E+01
3.35797E-02 6.60025E-01 8.46832E-01 1.12688E+00 1.12698E+00 1.13054E+00 1.14746E+00 8.46832E-01 6.60025E-01 3.35797E-02 2.01372E+01
2.17211E-01 8.35566E-01 1.02015E+00 1.29683E+00 1.29695E+00 1.30095E+00 1.31836E+00 1.02015E+00 8.35566E-01 2.17211E-01 2.52029E+01
4.28536E-01 1.03891E+00 1.22130E+00 1.49468E+00 1.49482E+00 1.49928E+00 1.51719E+00 1.22130E+00 1.03891E+00 4.28536E-01 3.08928E+01
6.65616E-01 1.26811E+00 1.44834E+00 1.71845E+00 1.71861E+00 1.72356E+00 1.74198E+00 1.44834E+00 1.26811E+00 6.65616E-01 3.72547E+01
9.29825E-01 1.52452E+00 1.70262E+00 1.96952E+00 1.96970E+00 1.97515E+00 1.99409E+00 1.70262E+00 1.52452E+00 9.29825E-01 4.42981E+01
1.22304E+00 1.81003E+00 1.98603E+00 2.24975E+00 2.24995E+00 2.25593E+00 2.27540E+00 1.98603E+00 1.81003E+00 1.22304E+00 5.20341E+01
1.54647E+00 2.12582E+00 2.29975E+00 2.56034E+00 2.56056E+00 2.56709E+00 2.58709E+00 2.29975E+00 2.12582E+00 1.54647E+00 6.04521E+01
1.90097E+00 2.47277E+00 2.64466E+00 2.90215E+00 2.90239E+00 2.90950E+00 2.93004E+00 2.64466E+00 2.47277E+00 1.90097E+00 6.95306E+01
2.28754E+00 2.85186E+00 3.02172E+00 3.27616E+00 3.27642E+00 3.28414E+00 3.30523E+00 3.02172E+00 2.85186E+00 2.28754E+00 7.92475E+01
2.70698E+00 3.26389E+00 3.43175E+00 3.68318E+00 3.68346E+00 3.69180E+00 3.71345E+00 3.43175E+00 3.26389E+00 2.70698E+00 8.95734E+01
3.15989E+00 3.70945E+00 3.87535E+00 4.12379E+00 4.12409E+00 4.13309E+00 4.15530E+00 3.87535E+00 3.70945E+00 3.15989E+00 1.00472E+02
3.64665E+00 4.18893E+00 4.35287E+00 4.59837E+00 4.59869E+00 4.60837E+00 4.63116E+00 4.35287E+00 4.18893E+00 3.64665E+00 1.11902E+02
4.16738E+00 4.70245E+00 4.86447E+00 5.10705E+00 5.10740E+00 5.11779E+00 5.14116E+00 4.86447E+00 4.70245E+00 4.16738E+00 1.23813E+02
4.72199E+00 5.24991E+00 5.41002E+00 5.64973E+00 5.65010E+00 5.66122E+00 5.68519E+00 5.41002E+00 5.24991E+00 4.72199E+00 1.36153E+02
5.31010E+00 5.83094E+00 5.98917E+00 6.22603E+00 6.22643E+00 6.23831E+00 6.26289E+00 5.98917E+00 5.83094E+00 5.31010E+00 1.48862E+02
5.93108E+00 6.44489E+00 6.60127E+00 6.83531E+00 6.83574E+00 6.84842E+00 6.87360E+00 6.60127E+00 6.44489E+00 5.93108E+00 1.61879E+02
6.58459E+00 7.09145E+00 7.24598E+00 7.47725E+00 7.47770E+00 7.49120E+00 7.51701E+00 7.24598E+00 7.09145E+00 6.58459E+00 1.75141E+02
7.26909E+00 7.76905E+00 7.92177E+00 8.15028E+00 8.15076E+00 8.16512E+00 8.19156E+00 7.92177E+00 7.76905E+00 7.26909E+00 1.88576E+02
0.00000E+00 0.00000E+00 1.91714E-01 4.79284E-01 4.79284E-01 4.80694E-01 4.95869E-01 1.91714E-01 0.00000E+00 0.00000E+00 1.75258E-01
0.00000E+00 4.58678E-02 2.35129E-01 5.18991E-01 5.19009E-01 5.20800E-01 5.36483E-01 2.35129E-01 4.58678E-02 0.00000E+00 1.60031E+00
0.00000E+00 1.06624E-01 2.93542E-01 5.73863E-01 5.73899E-01 5.76083E-01 5.92268E-01 2.93542E-01 1.06624E-01 0.00000E+00 3.38896E+00
0.00000E+00 1.80269E-01 3.64931E-01 6.41840E-01 6.41894E-01 6.44484E-01 6.61166E-01 3.64931E-01 1.80269E-01 0.00000E+00 5.58683E+00
0.00000E+00 2.67624E-01 4.50105E-01 7.23715E-01 7.23786E-01 7.26795E-01 7.43972E-01 4.50105E-01 2.67624E-01 0.00000E+00 8.21520E+00
0.00000E+00 3.70183E-01 5.50550E-01 8.20964E-01 8.21053E-01 8.24496E-01 8.42166E-01 5.50550E-01 3.70183E-01 0.00000E+00 1.13131E+01
0.00000E+00 4.88604E-01 6.66918E-01 9.34225E-01 9.34332E-01 9.38224E-01 9.56386E-01 6.66918E-01 4.88604E-01 0.00000E+00 1.48890E+01
0.00000E+00 5.90676E-01 7.67434E-01 1.03239E+00 1.03251E+00 1.03676E+00 1.05530E+00 7.67434E-01 5.90676E-01 0.00000E+00 1.79627E+01
3.10538E-02 6.20094E-01 7.96406E-01 1.06069E+00 1.06081E+00 1.06517E+00 1.08382E+00 7.96406E-01 6.20094E-01 3.10538E-02 1.89071E+01
2.00449E-01 7.81774E-01 9.55989E-01 1.21710E+00 1.21724E+00 1.22212E+00 1.24130E+00 9.55989E-01 7.81774E-01 2.00449E-01 2.35304E+01
3.94379E-01 9.68097E-01 1.14025E+00 1.39823E+00 1.39840E+00 1.40382E+00 1.42354E+00 1.14025E+00 9.68097E-01 3.94379E-01 2.86865E+01
6.10818E-01 1.17702E+00 1.34714E+00 1.60205E+00 1.60223E+00 1.60822E+00 1.62848E+00 1.34714E+00 1.17702E+00 6.10818E-01 3.44123E+01
8.50791E-01 1.40956E+00 1.57767E+00 1.82955E+00 1.82975E+00 1.83633E+00 1.85715E+00 1.57767E+00 1.40956E+00 8.50791E-01 4.07093E+01
1.11575E+00 1.66717E+00 1.83330E+00 2.08219E+00 2.08241E+00 2.08961E+00 2.11099E+00 1.83330E+00 1.66717E+00 1.11575E+00 4.75798E+01
1.40653E+00 1.95068E+00 2.11486E+00 2.36079E+00 2.36104E+00 2.36888E+00 2.39082E+00 2.11486E+00 1.95068E+00 1.40653E+00 5.50075E+01
1.72368E+00 2.26062E+00 2.42288E+00 2.66590E+00 2.66617E+00 2.67468E+00 2.69720E+00 2.42288E+00 2.26062E+00 1.72368E+00 6.29672E+01
2.06783E+00 2.59764E+00 2.75799E+00 2.99813E+00 2.99843E+00 3.00763E+00 3.03074E+00 2.75799E+00 2.59764E+00 2.06783E+00 7.14333E+01
2.43943E+00 2.96218E+00 3.12065E+00 3.35794E+00 3.35826E+00 3.36820E+00 3.39190E+00 3.12065E+00 2.96218E+00 2.43943E+00 8.03742E+01
2.83876E+00 3.35451E+00 3.51112E+00 3.74561E+00 3.74595E+00 3.75664E+00 3.78094E+00 3.51112E+00 3.35451E+00 2.83876E+00 8.97531E+01
3.26588E+00 3.77469E+00 3.92948E+00 4.16118E+00 4.16155E+00 4.17303E+00 4.19794E+00 3.92948E+00 3.77469E+00 3.26588E+00 9.95279E+01
3.72066E+00 4.22259E+00 4.37557E+00 4.60453E+00 4.60493E+00 4.61722E+00 4.64275E+00 4.37557E+00 4.22259E+00 3.72066E+00 1.09652E+02
4.20273E+00 4.69785E+00 4.84903E+00 5.07529E+00 5.07571E+00 5.08885E+00 5.11501E+00 4.84903E+00 4.69785E+00 4.20273E+00 1.20076E+02
4.71153E+00 5.19990E+00 5.34931E+00 5.57289E+00 5.57334E+00 5.58735E+00 5.61414E+00 5.34931E+00 5.19990E+00 4.71153E+00 1.30745E+02
5.24625E+00 5.72792E+00 5.87558E+00 6.09651E+00 6.09700E+00 6.11191E+00 6.13936E+00 5.87558E+00 5.72792E+00 5.24625E+00 1.41604E+02
5.80630E+00 6.28134E+00 6.42727E+00 6.64559E+00 6.64610E+00 6.66195E+00 6.69006E+00 6.42727E+00 6.28134E+00 5.80630E+00 1.52597E+02
6.39014E+00 6.85860E+00 7.00283E+00 7.21856E+00 7.21911E+00 7.23593E+00 7.26470E+00 7.00283E+00 6.85860E+00 6.39014E+00 1.63661E+02
0.00000E+00 0.00000E+00 1.80888E-01 4.52219E-01 4.52219E-01 4.54040E-01 4.70851E-01 1.80888E-01 0.00000E+00 0.00000E+00 2.05154E-01
0.00000E+00 4.41927E-02 2.22760E-01 4.90577E-01 4.90598E-01 4.92878E-01 5.10237E-01 2.22760E-01 4.41927E-02 0.00000E+00 1.58671E+00
0.00000E+00 1.02221E-01 2.78573E-01 5.43037E-01 5.43078E-01 5.45829E-01 5.63727E-01 2.78573E-01 1.02221E-01 0.00000E+00 3.30076E+00
0.00000E+00 1.72023E-01 3.46242E-01 6.07476E-01 6.07538E-01 6.10774E-01 6.29205E-01 3.46242E-01 1.72023E-01 0.00000E+00 5.38585E+00
0.00000E+00 2.54257E-01 4.26415E-01 6.84527E-01 6.84609E-01 6.88345E-01 7.07305E-01 4.26415E-01 2.54257E-01 0.00000E+00 7.85673E+00
0.00000E+00 3.50172E-01 5.20334E-01 7.75424E-01 7.75526E-01 7.79777E-01 7.99265E-01 5.20334E-01 3.50172E-01 0.00000E+00 1.07434E+01
0.00000E+00 4.60252E-01 6.28475E-01 8.80629E-01 8.80751E-01 8.85534E-01 9.05547E-01 6.28475E-01 4.60252E-01 0.00000E+00 1.40483E+01
0.00000E+00 5.54694E-01 7.21450E-01 9.71381E-01 9.71518E-01 9.76722E-01 9.97142E-01 7.21450E-01 5.54694E-01 0.00000E+00 1.68713E+01
2.86645E-02 5.81800E-01 7.48136E-01 9.97430E-01 9.97572E-01 1.00290E+00 1.02344E+00 7.48136E-01 5.81800E-01 2.86645E-02 1.77338E+01
1.84618E-01 7.30405E-01 8.94762E-01 1.14106E+00 1.14122E+00 1.14717E+00 1.16827E+00 8.94762E-01 7.30405E-01 1.84618E-01 2.19403E+01
3.62185E-01 9.00725E-01 1.06314E+00 1.30649E+00 1.30667E+00 1.31325E+00 1.33493E+00 1.06314E+00 9.00725E-01 3.62185E-01 2.65960E+01
5.59279E-01 1.09066E+00 1.25115E+00 1.49160E+00 1.49181E+00 1.49905E+00 1.52131E+00 1.25115E+00 1.09066E+00 5.59279E-01 3.17285E+01
7.76631E-01 1.30093E+00 1.45954E+00 1.69713E+00 1.69736E+00 1.70529E+00 1.72813E+00 1.45954E+00 1.30093E+00 7.76631E-01 3.73330E+01
1.01532E+00 1.53262E+00 1.68936E+00 1.92413E+00 1.92438E+00 1.93304E+00 1.95647E+00 1.68936E+00 1.53262E+00 1.01532E+00 4.34049E+01
1.27588E+00 1.78625E+00 1.94116E+00 2.17314E+00 2.17342E+00 2.18282E+00 2.20686E+00 1.94116E+00 1.78625E+00 1.27588E+00 4.99238E+01
1.55860E+00 2.06210E+00 2.21520E+00 2.44444E+00 2.44474E+00 2.45492E+00 2.47957E+00 2.21520E+00 2.06210E+00 1.55860E+00 5.68625E+01
1.86380E+00 2.36051E+00 2.51181E+00 2.73834E+00 2.73867E+00 2.74966E+00 2.77493E+00 2.51181E+00 2.36051E+00 1.86380E+00 6.41933E+01
2.19167E+00 2.68164E+00 2.83118E+00 3.05504E+00 3.05540E+00 3.06722E+00 3.09311E+00 2.83118E+00 2.68164E+00 2.19167E+00 7.18839E+01
2.54222E+00 3.02552E+00 3.17332E+00 3.39453E+00 3.39492E+00 3.40761E+00 3.43414E+00 3.17332E+00 3.02552E+00 2.54222E+00 7.98981E+01
2.91528E+00 3.39198E+00 3.53805E+00 3.75665E+00 3.75707E+00 3.77066E+00 3.79784E+00 3.53805E+00 3.39198E+00 2.91528E+00 8.81954E+01
3.31051E+00 3.78066E+00 3.92503E+00 4.14105E+00 4.14150E+00 4.15602E+00 4.18385E+00 3.92503E+00 3.78066E+00 3.31051E+00 9.67326E+01
3.72738E+00 4.19103E+00 4.33372E+00 4.54720E+00 4.54767E+00 4.56316E+00 4.59166E+00 4.33372E+00 4.19103E+00 3.72738E+00 1.05464E+02
4.16517E+00 4.62238E+00 4.76341E+00 4.97437E+00 4.97488E+00 4.99137E+00 5.02054E+00 4.76341E+00 4.62238E+00 4.16517E+00 1.14341E+02
4.62298E+00 5.07381E+00 5.21320E+00 5.42167E+00 5.42221E+00 5.43973E+00 5.46959E+00 5.21320E+00 5.07381E+00 4.62298E+00 1.23315E+02
5.10005E+00 5.54456E+00 5.68233E+00 5.88835E+00 5.88892E+00 5.90751E+00 5.93805E+00 5.68233E+00 5.54456E+00 5.10005E+00 1.32335E+02
5.59490E+00 6.03314E+00 6.16931E+00 6.37290E+00 6.37351E+00 6.39319E+00 6.42444E+00 6.16931E+00 6.03314E+00 5.59490E+00 1.41350E+02
0.00000E+00 0.00000E+00 1.70514E-01 4.26286E-01 4.26286E-01 4.28635E-01 4.47237E-01 1.70514E-01 0.00000E+00 0.00000E+00 2.40036E-01
0.00000E+00 4.25783E-02 2.10900E-01 4.63345E-01 4.63369E-01 4.66269E-01 4.85457E-01 2.10900E-01 4.25783E-02 0.00000E+00 1.57992E+00
0.00000E+00 9.79831E-02 2.64213E-01 5.13486E-01 5.13533E-01 5.16997E-01 5.36761E-01 2.64213E-01 9.79831E-02 0.00000E+00 3.22195E+00
0.00000E+00 1.64092E-01 3.28309E-01 5.74529E-01 5.74598E-01 5.78641E-01 5.98975E-01 3.28309E-01 1.64092E-01 0.00000E+00 5.19799E+00
0.00000E+00 2.41407E-01 4.03680E-01 6.46952E-01 6.47044E-01 6.51681E-01 6.72578E-01 4.03680E-01 2.41407E-01 0.00000E+00 7.51672E+00
0.00000E+00 3.30950E-01 4.91343E-01 7.31763E-01 7.31876E-01 7.37124E-01 7.58582E-01 4.91343E-01 3.30950E-01 0.00000E+00 1.01999E+01
0.00000E+00 4.33049E-01 5.91616E-01 8.29266E-01 8.29401E-01 8.35277E-01 8.57295E-01 5.91616E-01 4.33049E-01 0.00000E+00 1.32447E+01
0.00000E+00 5.20207E-01 6.77392E-01 9.12947E-01 9.13100E-01 9.19472E-01 9.41922E-01 6.77392E-01 5.20207E-01 0.00000E+00 1.58282E+01
2.63890E-02 5.45111E-01 7.01901E-01 9.36857E-01 9.37014E-01 9.43535E-01 9.66111E-01 7.01901E-01 5.45111E-01 2.63890E-02 1.66127E+01
1.69562E-01 6.81283E-01 8.36212E-01 1.06834E+00 1.06853E+00 1.07576E+00 1.09894E+00 8.36212E-01 6.81283E-01 1.69562E-01 2.04231E+01
3.31629E-01 8.36444E-01 9.89544E-01 1.21890E+00 1.21911E+00 1.22709E+00 1.25088E+00 9.89544E-01 8.36444E-01 3.31629E-01 2.46059E+01
5.10473E-01 1.00846E+00 1.15976E+00 1.38639E+00 1.38662E+00 1.39538E+00 1.41978E+00 1.15976E+00 1.00846E+00 5.10473E-01 2.91810E+01
7.06572E-01 1.19782E+00 1.34734E+00 1.57128E+00 1.57154E+00 1.58110E+00 1.60612E+00 1.34734E+00 1.19782E+00 7.06572E-01 3.41387E+01
9.20689E-01 1.40526E+00 1.55304E+00 1.77433E+00 1.77461E+00 1.78501E+00 1.81065E+00 1.55304E+00 1.40526E+00 9.20689E-01 3.94690E+01
1.15311E+00 1.63108E+00 1.77714E+00 1.99581E+00 1.99612E+00 2.00739E+00 2.03367E+00 1.77714E+00 1.63108E+00 1.15311E+00 4.51490E+01
1.40391E+00 1.87533E+00 2.01969E+00 2.23579E+00 2.23613E+00 2.24829E+00 2.27521E+00 2.01969E+00 1.87533E+00 1.40391E+00 5.11507E+01
1.67317E+00 2.13812E+00 2.28080E+00 2.49435E+00 2.49472E+00 2.50782E+00 2.53539E+00 2.28080E+00 2.13812E+00 1.67317E+00 5.74457E+01
1.96087E+00 2.41940E+00 2.56042E+00 2.77147E+00 2.77187E+00 2.78593E+00 2.81417E+00 2.56042E+00 2.41940E+00 1.96087E+00 6.40021E+01
2.26682E+00 2.71899E+00 2.85838E+00 3.06694E+00 3.06737E+00 3.08243E+00 3.11134E+00 2.85838E+00 2.71899E+00 2.26682E+00 7.07851E+01
2.59067E+00 3.03654E+00 3.17432E+00 3.38043E+00 3.38090E+00 3.39699E+00 3.42658E+00 3.17432E+00 3.03654E+00 2.59067E+00 7.77571E+01
2.93193E+00 3.37155E+00 3.50774E+00 3.71144E+00 3.71194E+00 3.72910E+00 3.75937E+00 3.50774E+00 3.37155E+00 2.93193E+00 8.48786E+01
3.28996E+00 3.72339E+00 3.85801E+00 4.05932E+00 4.05986E+00 4.07811E+00 4.10909E+00 3.85801E+00 3.72339E+00 3.28996E+00 9.21084E+01
3.66396E+00 4.09125E+00 4.22432E+00 4.42327E+00 4.42385E+00 4.44323E+00 4.47492E+00 4.22432E+00 4.09125E+00 3.66396E+00 9.94045E+01
4.05299E+00 4.47419E+00 4.60572E+00 4.80235E+00 4.80296E+00 4.82351E+00 4.85592E+00 4.60572E+00 4.47419E+00 4.05299E+00 1.06724E+02
4.45618E+00 4.87135E+00 5.00136E+00 5.19569E+00 5.19634E+00 5.21810E+00 5.25124E+00 5.00136E+00 4.87135E+00 4.45618E+00 1.14024E+02
4.87212E+00 5.28131E+00 5.40983E+00 5.60189E+00 5.60258E+00 5.62558E+00 5.65946E+00 5.40983E+00 5.28131E+00 4.87212E+00 1.21260E+02
0.00000E+00 0.00000E+00 1.60542E-01 4.01355E-01 4.01355E-01 4.04383E-01 4.24930E-01 1.60542E-01 0.00000E+00 0.00000E+00 2.80600E-01
0.00000E+00 4.11269E-02 1.99618E-01 4.37314E-01 4.37339E-01 4.41027E-01 4.62197E-01 1.99618E-01 4.11269E-02 0.00000E+00 1.58279E+00
0.00000E+00 9.40748E-02 2.50610E-01 4.85335E-01 4.85385E-01 4.89746E-01 5.11527E-01 2.50610E-01 9.40748E-02 0.00000E+00 3.15642E+00
0.00000E+00 1.56667E-01 3.11322E-01 5.43188E-01 5.43263E-01 5.48312E-01 5.70696E-01 3.11322E-01 1.56667E-01 0.00000E+00 5.02747E+00
0.00000E+00 2.29276E-01 3.82115E-01 6.11222E-01 6.11321E-01 6.17073E-01 6.40055E-01 3.82115E-01 2.29276E-01 0.00000E+00 7.19942E+00
0.00000E+00 3.12721E-01 4.63803E-01 6.90243E-01 6.90366E-01 6.96839E-01 7.20414E-01 4.63803E-01 3.12721E-01 0.00000E+00 9.68683E+00
0.00000E+00 4.07199E-01 5.56578E-01 7.80428E-01 7.80575E-01 7.87788E-01 8.11952E-01 5.56578E-01 4.07199E-01 0.00000E+00 1.24829E+01
0.00000E+00 4.87424E-01 6.35513E-01 8.57405E-01 8.57571E-01 8.65368E-01 8.89988E-01 6.35513E-01 4.87424E-01 0.00000E+00 1.48381E+01
2.42282E-02 5.10239E-01 6.57959E-01 8.79291E-01 8.79462E-01 8.87432E-01 9.12185E-01 6.57959E-01 5.10239E-01 2.42282E-02 1.55488E+01
1.55294E-01 6.34636E-01 7.80621E-01 9.99315E-01 9.99513E-01 1.00832E+00 1.03371E+00 7.80621E-01 6.34636E-01 1.55294E-01 1.89849E+01
3.02748E-01 7.75513E-01 9.19792E-01 1.13590E+00 1.13612E+00 1.14580E+00 1.17183E+00 9.19792E-01 7.75513E-01 3.02748E-01 2.27240E+01
4.64477E-01 9.30742E-01 1.07334E+00 1.28690E+00 1.28715E+00 1.29773E+00 1.32440E+00 1.07334E+00 9.30742E-01 4.64477E-01 2.67797E+01
6.40750E-01 1.10059E+00 1.24154E+00 1.45258E+00 1.45286E+00 1.46438E+00 1.49170E+00 1.24154E+00 1.10059E+00 6.40750E-01 3.11388E+01
8.32071E-01 1.28555E+00 1.42487E+00 1.63344E+00 1.63375E+00 1.64623E+00 1.67422E+00 1.42487E+00 1.28555E+00 8.32071E-01 3.57876E+01
1.03853E+00 1.48571E+00 1.62343E+00 1.82956E+00 1.82990E+00 1.84339E+00 1.87204E+00 1.62343E+00 1.48571E+00 1.03853E+00 4.07020E+01
1.26003E+00 1.70098E+00 1.83711E+00 2.04083E+00 2.04121E+00 2.05573E+00 2.08506E+00 1.83711E+00 1.70098E+00 1.26003E+00 4.58540E+01
1.49648E+00 1.93125E+00 2.06582E+00 2.26717E+00 2.26759E+00 2.28318E+00 2.31319E+00 2.06582E+00 1.93125E+00 1.49648E+00 5.12157E+01
1.74768E+00 2.17634E+00 2.30937E+00 2.50838E+00 2.50883E+00 2.52552E+00 2.55623E+00 2.30937E+00 2.17634E+00 1.74768E+00 5.67565E+01
2.01332E+00 2.43592E+00 2.56743E+00 2.76412E+00 2.76461E+00 2.78244E+00 2.81386E+00 2.56743E+00 2.43592E+00 2.01332E+00 6.24440E+01
2.29293E+00 2.70952E+00 2.83953E+00 3.03394E+00 3.03446E+00 3.05347E+00 3.08560E+00 2.83953E+00 2.70952E+00 2.29293E+00 6.82439E+01
2.58592E+00 2.99655E+00 3.12508E+00 3.31724E+00 3.31780E+00 3.33802E+00 3.37088E+00 3.12508E+00 2.99655E+00 2.58592E+00 7.41209E+01
2.89159E+00 3.29631E+00 3.42338E+00 3.61330E+00 3.61391E+00 3.63538E+00 3.66897E+00 3.42338E+00 3.29631E+00 2.89159E+00 8.00388E+01
3.20909E+00 3.60797E+00 3.73359E+00 3.92131E+00 3.92196E+00 3.94472E+00 3.97906E+00 3.73359E+00 3.60797E+00 3.20909E+00 8.59614E+01
3.53750E+00 3.93057E+00 4.05476E+00 4.24031E+00 4.24101E+00 4.26508E+00 4.30018E+00 4.05476E+00 3.93057E+00 3.53750E+00 9.18527E+01
3.87591E+00 4.26323E+00 4.38601E+00 4.56941E+00 4.57015E+00 4.59558E+00 4.63145E+00 4.38601E+00 4.26323E+00 3.87591E+00 9.76756E+01
4.22303E+00 4.60465E+00 4.72603E+00 4.90731E+00 4.90810E+00 4.93493E+00 4.97157E+00 4.72603E+00 4.60465E+00 4.22303E+00 1.03395E+02
0.00000E+00 0.00000E+00 1.52141E-01 3.80353E-01 3.80353E-01 3.84251E-01 4.06819E-01 1.52141E-01 0.00000E+00 0.00000E+00 3.26908E-01
0.00000E+00 3.99811E-02 1.90212E-01 4.15515E-01 4.15541E-01 4.20226E-01 4.43448E-01 1.90212E-01 3.99811E-02 0.00000E+00 1.59905E+00
0.00000E+00 9.08886E-02 2.39299E-01 4.61830E-01 4.61882E-01 4.67365E-01 4.91228E-01 2.39299E-01 9.08886E-02 0.00000E+00 3.11460E+00
0.00000E+00 1.50513E-01 2.97171E-01 5.17036E-01 5.17114E-01 5.23411E-01 5.47905E-01 2.97171E-01 1.50513E-01 0.00000E+00 4.89535E+00
0.00000E+00 2.19136E-01 3.64104E-01 5.81395E-01 5.81499E-01 5.88625E-01 6.13743E-01 3.64104E-01 2.19136E-01 0.00000E+00 6.94133E+00
0.00000E+00 2.97435E-01 4.40768E-01 6.55571E-01 6.55701E-01 6.63673E-01 6.89411E-01 4.40768E-01 2.97435E-01 0.00000E+00 9.26216E+00
0.00000E+00 3.85526E-01 5.27273E-01 7.39661E-01 7.39818E-01 7.48655E-01 7.75009E-01 5.27273E-01 3.85526E-01 0.00000E+00 1.18489E+01
0.00000E+00 4.59977E-01 6.00524E-01 8.11085E-01 8.11263E-01 8.20782E-01 8.47612E-01 6.00524E-01 4.59977E-01 0.00000E+00 1.40141E+01
2.24385E-02 4.81062E-01 6.21265E-01 8.31304E-01 8.31488E-01 8.41210E-01 8.68178E-01 6.21265E-01 4.81062E-01 2.24385E-02 1.46638E+01
1.43525E-01 5.95764E-01 7.34350E-01 9.41928E-01 9.42143E-01 9.52841E-01 9.80470E-01 7.34350E-01 5.95764E-01 1.43525E-01 1.77931E+01
2.79055E-01 7.24994E-01 8.61993E-01 1.06715E+00 1.06740E+00 1.07911E+00 1.10740E+00 8.61993E-01 7.24994E-01 2.79055E-01 2.11737E+01
4.26965E-01 8.66678E-01 1.00211E+00 1.20490E+00 1.20517E+00 1.21792E+00 1.24689E+00 1.00211E+00 8.66678E-01 4.26965E-01 2.48160E+01
5.87407E-01 1.02096E+00 1.15486E+00 1.35529E+00 1.35561E+00 1.36943E+00 1.39908E+00 1.15486E+00 1.02096E+00 5.87407E-01 2.87057E+01
7.60727E-01 1.18819E+00 1.32057E+00 1.51869E+00 1.51904E+00 1.53398E+00 1.56432E+00 1.32057E+00 1.18819E+00 7.60727E-01 3.28278E+01
9.46918E-01 1.36835E+00 1.49923E+00 1.69508E+00 1.69546E+00 1.71155E+00 1.74258E+00 1.49923E+00 1.36835E+00 9.46918E-01 3.71594E+01
1.14580E+00 1.56125E+00 1.69066E+00 1.88426E+00 1.88468E+00 1.90196E+00 1.93370E+00 1.69066E+00 1.56125E+00 1.14580E+00 4.16743E+01
1.35722E+00 1.76675E+00 1.89470E+00 2.08609E+00 2.08655E+00 2.10505E+00 2.13750E+00 1.89470E+00 1.76675E+00 1.35722E+00 4.63466E+01
1.58091E+00 1.98458E+00 2.11109E+00 2.30029E+00 2.30079E+00 2.32054E+00 2.35372E+00 2.11109E+00 1.98458E+00 1.58091E+00 5.11485E+01
1.81650E+00 2.21436E+00 2.33945E+00 2.52649E+00 2.52703E+00 2.54808E+00 2.58200E+00 2.33945E+00 2.21436E+00 1.81650E+00 5.60509E+01
2.06352E+00 2.45561E+00 2.57931E+00 2.76420E+00 2.76479E+00 2.78717E+00 2.82183E+00 2.57931E+00 2.45561E+00 2.06352E+00 6.10235E+01
2.32137E+00 2.70775E+00 2.83006E+00 3.01284E+00 3.01348E+00 3.03723E+00 3.07265E+00 2.83006E+00 2.70775E+00 2.32137E+00 6.60355E+01
2.58937E+00 2.97009E+00 3.09103E+00 3.27173E+00 3.27241E+00 3.29757E+00 3.33376E+00 3.09103E+00 2.97009E+00 2.58937E+00 7.10558E+01
2.86675E+00 3.24185E+00 3.36144E+00 3.54007E+00 3.54081E+00 3.56741E+00 3.60438E+00 3.36144E+00 3.24185E+00 2.86675E+00 7.60538E+01
3.15261E+00 3.52215E+00 3.64040E+00 3.81700E+00 3.81778E+00 3.84587E+00 3.88363E+00 3.64040E+00 3.52215E+00 3.15261E+00 8.09990E+01
3.44614E+00 3.81015E+00 3.92709E+00 4.10167E+00 4.10251E+00 4.13211E+00 4.17068E+00 3.92709E+00 3.81015E+00 3.44614E+00 8.58602E+01
3.74618E+00 4.10472E+00 4.22035E+00 4.39293E+00 4.39383E+00 4.42499E+00 4.46438E+00 4.22035E+00 4.10472E+00 3.74618E+00 9.06093E+01
0.00000E+00 0.00000E+00 1.43734E-01 3.59336E-01 3.59336E-01 3.64346E-01 3.89109E-01 1.43734E-01 0.00000E+00 0.00000E+00 3.80800E-01
0.00000E+00 3.87440E-02 1.80703E-01 3.93596E-01 3.93624E-01 3.99568E-01 4.25013E-01 1.80703E-01 3.87440E-02 0.00000E+00 1.61980E+00
0.00000E+00 8.74663E-02 2.27733E-01 4.38043E-01 4.38100E-01 4.44988E-01 4.71101E-01 2.27733E-01 8.74663E-02 0.00000E+00 3.07250E+00
0.00000E+00 1.43948E-01 2.82587E-01 4.90414E-01 4.90499E-01 4.98345E-01 5.25117E-01 2.82587E-01 1.43948E-01 0.00000E+00 4.75722E+00
0.00000E+00 2.08396E-01 3.45464E-01 5.50893E-01 5.51008E-01 5.59828E-01 5.87250E-01 3.45464E-01 2.08396E-01 0.00000E+00 6.67107E+00
0.00000E+00 2.81356E-01 4.16905E-01 6.20015E-01 6.20160E-01 6.29971E-01 6.58038E-01 4.16905E-01 2.81356E-01 0.00000E+00 8.81926E+00
0.00000E+00 3.62872E-01 4.96946E-01 6.97806E-01 6.97981E-01 7.08802E-01 7.37511E-01 4.96946E-01 3.62872E-01 0.00000E+00 1.11911E+01
0.00000E+00 4.31410E-01 5.64367E-01 7.63524E-01 7.63724E-01 7.75339E-01 8.04543E-01 5.64367E-01 4.31410E-01 0.00000E+00 1.31624E+01
2.06153E-02 4.50730E-01 5.83367E-01 7.82037E-01 7.82244E-01 7.94095E-01 8.23443E-01 5.83367E-01 4.50730E-01 2.06153E-02 1.37502E+01
1.31556E-01 5.55559E-01 6.86694E-01 8.83070E-01 8.83311E-01 8.96296E-01 9.26333E-01 6.86694E-01 5.55559E-01 1.31556E-01 1.65691E+01
2.55005E-01 6.72981E-01 8.02639E-01 9.96761E-01 9.97038E-01 1.01119E+00 1.04192E+00 8.02639E-01 6.72981E-01 2.55005E-01 1.95890E+01
3.88961E-01 8.00979E-01 9.29182E-01 1.12108E+00 1.12140E+00 1.13676E+00 1.16819E+00 9.29182E-01 8.00979E-01 3.88961E-01 2.28171E+01
5.33454E-01 9.39579E-01 1.06635E+00 1.25606E+00 1.25642E+00 1.27302E+00 1.30516E+00 1.06635E+00 9.39579E-01 5.33454E-01 2.62382E+01
6.88679E-01 1.08897E+00 1.21433E+00 1.40189E+00 1.40229E+00 1.42016E+00 1.45302E+00 1.21433E+00 1.08897E+00 6.88679E-01 2.98365E+01
8.54525E-01 1.24905E+00 1.37301E+00 1.55845E+00 1.55888E+00 1.57808E+00 1.61166E+00 1.37301E+00 1.24905E+00 8.54525E-01 3.35897E+01
1.03074E+00 1.41955E+00 1.54214E+00 1.72547E+00 1.72595E+00 1.74650E+00 1.78083E+00 1.54214E+00 1.41955E+00 1.03074E+00 3.74736E+01
1.21708E+00 1.60023E+00 1.72146E+00 1.90272E+00 1.90325E+00 1.92519E+00 1.96026E+00 1.72146E+00 1.60023E+00 1.21708E+00 4.14642E+01
1.41323E+00 1.79076E+00 1.91066E+00 2.08987E+00 2.09045E+00 2.11382E+00 2.14965E+00 1.91066E+00 1.79076E+00 1.41323E+00 4.55362E+01
1.61876E+00 1.99074E+00 2.10931E+00 2.28650E+00 2.28712E+00 2.31196E+00 2.34857E+00 2.10931E+00 1.99074E+00 1.61876E+00 4.96638E+01
1.83317E+00 2.19963E+00 2.31690E+00 2.49209E+00 2.49277E+00 2.51911E+00 2.55650E+00 2.31690E+00 2.19963E+00 1.83317E+00 5.38204E+01
2.05587E+00 2.41686E+00 2.53283E+00 2.70605E+00 2.70678E+00 2.73468E+00 2.77285E+00 2.53283E+00 2.41686E+00 2.05587E+00 5.79796E+01
2.28618E+00 2.64176E+00 2.75645E+00 2.92771E+00 2.92850E+00 2.95798E+00 2.99696E+00 2.75645E+00 2.64176E+00 2.28618E+00 6.21152E+01
2.52337E+00 2.87357E+00 2.98700E+00 3.15633E+00 3.15718E+00 3.18827E+00 3.22808E+00 2.98700E+00 2.87357E+00 2.52337E+00 6.62013E+01
2.76661E+00 3.11149E+00 3.22367E+00 3.39108E+00 3.39199E+00 3.42474E+00 3.46539E+00 3.22367E+00 3.11149E+00 2.76661E+00 7.02132E+01
3.01513E+00 3.35472E+00 3.46566E+00 3.63119E+00 3.63216E+00 3.66660E+00 3.70809E+00 3.46566E+00 3.35472E+00 3.01513E+00 7.41251E+01
3.26790E+00 3.60225E+00 3.71197E+00 3.87563E+00 3.87666E+00 3.91284E+00 3.95519E+00 3.71197E+00 3.60225E+00 3.26790E+00 7.79150E+01
0.00000E+00 0.00000E+00 1.35970E-01 3.39926E-01 3.39926E-01 3.46379E-01 3.73470E-01 1.35970E-01 0.00000E+00 0.00000E+00 4.43541E-01
0.00000E+00 3.74411E-02 1.71758E-01 3.73184E-01 3.73216E-01 3.80774E-01 4.08571E-01 1.71758E-01 3.74411E-02 0.00000E+00 1.64673E+00
0.00000E+00 8.39438E-02 2.16685E-01 4.15699E-01 4.15764E-01 4.24435E-01 4.52922E-01 2.16685E-01 8.39438E-02 0.00000E+00 3.03475E+00
0.00000E+00 1.37309E-01 2.68534E-01 4.65228E-01 4.65326E-01 4.75123E-01 5.04291E-01 2.68534E-01 1.37309E-01 0.00000E+00 4.62345E+00
0.00000E+00 1.97692E-01 3.27453E-01 5.21906E-01 5.22039E-01 5.32976E-01 5.62818E-01 3.27453E-01 1.97692E-01 0.00000E+00 6.40800E+00
0.00000E+00 2.65529E-01 3.93872E-01 5.86158E-01 5.86326E-01 5.98421E-01 6.28931E-01 3.93872E-01 2.65529E-01 0.00000E+00 8.39032E+00
0.00000E+00 3.40808E-01 4.67776E-01 6.57957E-01 6.58161E-01 6.71434E-01 7.02609E-01 4.67776E-01 3.40808E-01 0.00000E+00 1.05588E+01
0.00000E+00 4.03781E-01 5.29708E-01 7.18297E-01 7.18529E-01 7.32725E-01 7.64414E-01 5.29708E-01 4.03781E-01 0.00000E+00 1.23485E+01
1.89100E-02 4.21450E-01 5.47079E-01 7.35212E-01 7.35453E-01 7.49922E-01 7.81761E-01 5.47079E-01 4.21450E-01 1.89100E-02 1.28788E+01
1.20396E-01 5.17085E-01 6.41311E-01 8.27298E-01 8.27579E-01 8.43363E-01 8.75916E-01 6.41311E-01 5.17085E-01 1.20396E-01 1.54109E+01
2.32672E-01 6.23590E-01 7.46438E-01 9.30314E-01 9.30638E-01 9.47771E-01 9.81046E-01 7.46438E-01 6.23590E-01 2.32672E-01 1.81012E+01
3.53804E-01 7.39020E-01 8.60510E-01 1.04231E+00 1.04268E+00 1.06120E+00 1.09520E+00 8.60510E-01 7.39020E-01 3.53804E-01 2.09542E+01
4.83730E-01 8.63306E-01 9.83458E-01 1.16321E+00 1.16362E+00 1.18357E+00 1.21831E+00 9.83458E-01 8.63306E-01 4.83730E-01 2.39548E+01
6.22523E-01 9.96519E-01 1.11535E+00 1.29308E+00 1.29354E+00 1.31495E+00 1.35045E+00 1.11535E+00 9.96519E-01 6.22523E-01 2.70868E+01
7.69991E-01 1.13847E+00 1.25600E+00 1.43173E+00 1.43224E+00 1.45516E+00 1.49141E+00 1.25600E+00 1.13847E+00 7.69991E-01 3.03292E+01
9.25830E-01 1.28884E+00 1.40508E+00 1.57884E+00 1.57941E+00 1.60387E+00 1.64089E+00 1.40508E+00 1.28884E+00 9.25830E-01 3.36596E+01
1.08974E+00 1.44733E+00 1.56231E+00 1.73412E+00 1.73474E+00 1.76079E+00 1.79859E+00 1.56231E+00 1.44733E+00 1.08974E+00 3.70564E+01
1.26136E+00 1.61358E+00 1.72730E+00 1.89720E+00 1.89787E+00 1.92554E+00 1.96414E+00 1.72730E+00 1.61358E+00 1.26136E+00 4.04969E+01
1.44023E+00 1.78713E+00 1.89961E+00 2.06761E+00 2.06834E+00 2.09767E+00 2.13708E+00 1.89961E+00 1.78713E+00 1.44023E+00 4.39583E+01
1.62584E+00 1.96747E+00 2.07873E+00 2.24484E+00 2.24564E+00 2.27666E+00 2.31689E+00 2.07873E+00 1.96747E+00 1.62584E+00 4.74178E+01
1.81762E+00 2.15401E+00 2.26406E+00 2.42832E+00 2.42917E+00 2.46194E+00 2.50300E+00 2.26406E+00 2.15401E+00 1.81762E+00 5.08528E+01
2.01490E+00 2.34611E+00 2.45496E+00 2.61738E+00 2.61830E+00 2.65284E+00 2.69475E+00 2.45496E+00 2.34611E+00 2.01490E+00 5.42413E+01
2.21700E+00 2.54308E+00 2.65074E+00 2.81134E+00 2.81233E+00 2.84867E+00 2.89145E+00 2.65074E+00 2.54308E+00 2.21700E+00 5.75622E+01
2.42318E+00 2.74415E+00 2.85064E+00 3.00944E+00 3.01050E+00 3.04869E+00 3.09235E+00 2.85064E+00 2.74415E+00 2.42318E+00 6.07953E+01
2.63268E+00 2.94860E+00 3.05393E+00 3.21094E+00 3.21207E+00 3.25214E+00 3.29670E+00 3.05393E+00 2.94860E+00 2.63268E+00 6.39196E+01
2.84462E+00 3.15553E+00 3.25971E+00 3.41496E+00 3.41616E+00 3.45815E+00 3.50361E+00 3.25971E+00 3.15553E+00 2.84462E+00 6.69185E+01
0.00000E+00 0.00000E+00 1.28632E-01 3.21581E-01 3.21581E-01 3.29843E-01 3.59342E-01 1.28632E-01 0.00000E+00 0.00000E+00 5.14554E-01
0.00000E+00 3.59267E-02 1.63016E-01 3.53596E-01 3.53635E-01 3.63195E-01 3.93420E-01 1.63016E-01 3.59267E-02 0.00000E+00 1.67551E+00
0.00000E+00 8.00971E-02 2.05716E-01 3.94037E-01 3.94115E-01 4.04978E-01 4.35915E-01 2.05716E-01 8.00971E-02 0.00000E+00 2.99539E+00
0.00000E+00 1.30345E-01 2.54549E-01 4.40697E-01 4.40815E-01 4.52993E-01 4.84631E-01 2.54549E-01 1.30345E-01 0.00000E+00 4.48773E+00
0.00000E+00 1.86768E-01 3.09604E-01 4.93654E-01 4.93812E-01 5.07319E-01 5.39652E-01 3.09604E-01 1.86768E-01 0.00000E+00 6.14597E+00
0.00000E+00 2.49695E-01 3.71209E-01 5.53229E-01 5.53428E-01 5.68281E-01 6.01305E-01 3.71209E-01 2.49695E-01 0.00000E+00 7.96910E+00
0.00000E+00 3.19060E-01 4.39289E-01 6.19337E-01 6.19579E-01 6.35797E-01 6.69509E-01 4.39289E-01 3.19060E-01 0.00000E+00 9.94471E+00
2.22045E-16 3.76786E-01 4.96044E-01 6.74600E-01 6.74874E-01 6.92161E-01 7.26405E-01 4.96044E-01 3.76786E-01 2.22045E-16 1.15636E+01
1.73011E-02 3.92907E-01 5.11886E-01 6.90015E-01 6.90299E-01 7.07902E-01 7.42301E-01 5.11886E-01 3.92907E-01 1.73011E-02 1.20401E+01
1.09890E-01 4.79928E-01 5.97597E-01 7.73713E-01 7.74046E-01 7.93163E-01 8.28303E-01 5.97597E-01 4.79928E-01 1.09890E-01 1.43047E+01
2.11701E-01 5.76247E-01 6.92628E-01 8.66767E-01 8.67149E-01 8.87818E-01 9.23708E-01 6.92628E-01 5.76247E-01 2.11701E-01 1.66894E+01
3.20875E-01 6.79992E-01 7.95104E-01 9.67293E-01 9.67728E-01 9.89987E-01 1.02664E+00 7.95104E-01 6.79992E-01 3.20875E-01 1.91967E+01
4.37264E-01 7.91013E-01 9.04874E-01 1.07514E+00 1.07563E+00 1.09952E+00 1.13694E+00 9.04874E-01 7.91013E-01 4.37264E-01 2.18114E+01
5.60835E-01 9.09272E-01 1.02190E+00 1.19027E+00 1.19081E+00 1.21637E+00 1.25458E+00 1.02190E+00 9.09272E-01 5.60835E-01 2.45175E+01
6.91337E-01 1.03451E+00 1.14592E+00 1.31242E+00 1.31302E+00 1.34029E+00 1.37929E+00 1.14592E+00 1.03451E+00 6.91337E-01 2.72951E+01
8.28421E-01 1.16639E+00 1.27659E+00 1.44125E+00 1.44191E+00 1.47093E+00 1.51073E+00 1.27659E+00 1.16639E+00 8.28421E-01 3.01243E+01
9.71748E-01 1.30455E+00 1.41357E+00 1.57639E+00 1.57712E+00 1.60793E+00 1.64855E+00 1.41357E+00 1.30455E+00 9.71748E-01 3.29855E+01
1.12092E+00 1.44861E+00 1.55645E+00 1.71747E+00 1.71826E+00 1.75089E+00 1.79235E+00 1.55645E+00 1.44861E+00 1.12092E+00 3.58587E+01
1.27547E+00 1.59809E+00 1.70477E+00 1.86400E+00 1.86486E+00 1.89936E+00 1.94167E+00 1.70477E+00 1.59809E+00 1.27547E+00 3.87242E+01
1.43490E+00 1.75249E+00 1.85802E+00 2.01549E+00 2.01641E+00 2.05282E+00 2.09599E+00 1.85802E+00 1.75249E+00 1.43490E+00 4.15626E+01
1.59864E+00 1.91124E+00 2.01564E+00 2.17135E+00 2.17235E+00 2.21069E+00 2.25475E+00 2.01564E+00 1.91124E+00 1.59864E+00 4.43551E+01
1.76608E+00 2.07373E+00 2.17700E+00 2.33099E+00 2.33206E+00 2.37238E+00 2.41733E+00 2.17700E+00 2.07373E+00 1.76608E+00 4.70838E+01
1.93658E+00 2.23932E+00 2.34149E+00 2.49375E+00 2.49490E+00 2.53723E+00 2.58310E+00 2.34149E+00 2.23932E+00 1.93658E+00 4.97318E+01
2.10946E+00 2.40734E+00 2.50840E+00 2.65897E+00 2.66020E+00 2.70457E+00 2.75137E+00 2.50840E+00 2.40734E+00 2.10946E+00 5.22832E+01
2.28405E+00 2.57710E+00 2.67707E+00 2.82595E+00 2.82727E+00 2.87371E+00 2.92146E+00 2.67707E+00 2.57710E+00 2.28405E+00 5.47213E+01
2.45958E+00 2.74784E+00 2.84673E+00 2.99395E+00 2.99535E+00 3.04389E+00 3.09261E+00 2.84673E+00 2.74784E+00 2.45958E+00 5.70342E+01
0.00000E+00 0.00000E+00 1.21747E-01 3.04368E-01 3.04368E-01 3.14922E-01 3.46906E-01 1.21747E-01 0.00000E+00 0.00000E+00 5.95578E-01
0.00000E+00 3.43768E-02 1.54684E-01 3.35085E-01 3.35131E-01 3.47205E-01 3.79933E-01 1.54684E-01 3.43768E-02 0.00000E+00 1.71215E+00
0.00000E+00 7.62583E-02 1.95192E-01 3.73477E-01 3.73570E-01 3.87166E-01 4.20623E-01 1.95192E-01 7.62583E-02 0.00000E+00 2.96397E+00
0.00000E+00 1.23507E-01 2.41120E-01 4.17369E-01 4.17508E-01 4.32636E-01 4.66815E-01 2.41120E-01 1.23507E-01 0.00000E+00 4.36223E+00
0.00000E+00 1.76159E-01 2.92496E-01 4.66778E-01 4.66965E-01 4.83637E-01 5.18532E-01 2.92496E-01 1.76159E-01 0.00000E+00 5.89886E+00
0.00000E+00 2.34442E-01 3.49545E-01 5.21924E-01 5.22159E-01 5.40391E-01 5.75999E-01 3.49545E-01 2.34442E-01 0.00000E+00 7.57025E+00
0.00000E+00 2.98238E-01 4.12141E-01 5.82673E-01 5.82957E-01 6.02766E-01 6.39086E-01 4.12141E-01 2.98238E-01 0.00000E+00 9.36346E+00
0.00000E+00 3.51040E-01 4.64036E-01 6.33169E-01 6.33492E-01 6.54533E-01 6.91404E-01 4.64036E-01 3.51040E-01 0.00000E+00 1.08216E+01
1.57913E-02 3.65711E-01 4.78447E-01 6.47180E-01 6.47515E-01 6.68918E-01 7.05950E-01 4.78447E-01 3.65711E-01 1.57913E-02 1.12477E+01
1.00047E-01 4.44682E-01 5.56194E-01 7.23041E-01 7.23432E-01 7.46574E-01 7.84377E-01 5.56194E-01 4.44682E-01 1.00047E-01 1.32627E+01
1.92101E-01 5.31519E-01 6.41829E-01 8.06820E-01 8.07269E-01 8.32187E-01 8.70771E-01 6.41829E-01 5.31519E-01 1.92101E-01 1.53640E+01
2.90172E-01 6.24431E-01 7.33554E-01 8.96717E-01 8.97226E-01 9.23960E-01 9.63336E-01 7.33554E-01 6.24431E-01 2.90172E-01 1.75527E+01
3.94051E-01 7.23204E-01 8.31159E-01 9.92518E-01 9.93090E-01 1.02168E+00 1.06186E+00 8.31159E-01 7.23204E-01 3.94051E-01 1.98141E+01
5.03624E-01 8.27721E-01 9.34522E-01 1.09410E+00 1.09474E+00 1.12522E+00 1.16622E+00 9.34522E-01 8.27721E-01 5.03624E-01 2.21325E+01
6.18594E-01 9.37684E-01 1.04335E+00 1.20117E+00 1.20187E+00 1.23429E+00 1.27612E+00 1.04335E+00 9.37684E-01 6.18594E-01 2.44903E+01
7.38597E-01 1.05272E+00 1.15726E+00 1.31334E+00 1.31412E+00 1.34851E+00 1.39119E+00 1.15726E+00 1.05272E+00 7.38597E-01 2.68695E+01
8.63268E-01 1.17247E+00 1.27590E+00 1.43026E+00 1.43111E+00 1.46751E+00 1.51106E+00 1.27590E+00 1.17247E+00 8.63268E-01 2.92530E+01
9.92201E-01 1.29652E+00 1.39885E+00 1.55152E+00 1.55244E+00 1.59088E+00 1.63531E+00 1.39885E+00 1.29652E+00 9.92201E-01 3.16238E+01
1.12494E+00 1.42442E+00 1.52566E+00 1.67665E+00 1.67765E+00 1.71817E+00 1.76350E+00 1.52566E+00 1.42442E+00 1.12494E+00 3.39652E+01
1.26100E+00 1.55568E+00 1.65584E+00 1.80516E+00 1.80624E+00 1.84889E+00 1.89513E+00 1.65584E+00 1.55568E+00 1.26100E+00 3.62613E+01
1.39985E+00 1.68976E+00 1.78886E+00 1.93653E+00 1.93769E+00 1.98249E+00 2.02967E+00 1.78886E+00 1.68976E+00 1.39985E+00 3.84968E+01
1.54093E+00 1.82611E+00 1.92415E+00 2.07019E+00 2.07144E+00 2.11842E+00 2.16655E+00 1.92415E+00 1.82611E+00 1.54093E+00 4.06576E+01
1.68366E+00 1.96415E+00 2.06115E+00 2.20557E+00 2.20691E+00 2.25610E+00 2.30520E+00 2.06115E+00 1.96415E+00 1.68366E+00 4.27305E+01
1.82745E+00 2.10329E+00 2.19925E+00 2.34207E+00 2.34350E+00 2.39493E+00 2.44502E+00 2.19925E+00 2.10329E+00 1.82745E+00 4.47038E+01
1.97169E+00 2.24290E+00 2.33784E+00 2.47907E+00 2.48059E+00 2.53429E+00 2.58539E+00 2.33784E+00 2.24290E+00 1.97169E+00 4.65648E+01
2.11573E+00 2.38236E+00 2.47628E+00 2.61593E+00 2.61755E+00 2.67355E+00 2.72568E+00 2.47628E+00 2.38236E+00 2.11573E+00 4.83051E+01
0.00000E+00 0.00000E+00 1.15276E-01 2.88190E-01 2.88190E-01 3.01632E-01 3.36147E-01 1.15276E-01 0.00000E+00 0.00000E+00 6.87570E-01
0.00000E+00 3.28951E-02 1.46831E-01 3.17671E-01 3.17725E-01 3.32944E-01 3.68217E-01 1.46831E-01 3.28951E-02 0.00000E+00 1.75984E+00
0.00000E+00 7.26074E-02 1.85266E-01 3.54127E-01 3.54235E-01 3.71226E-01 4.07248E-01 1.85266E-01 7.26074E-02 0.00000E+00 2.94514E+00
0.00000E+00 1.17025E-01 2.28453E-01 3.95410E-01 3.95573E-01 4.14343E-01 4.51105E-01 2.28453E-01 1.17025E-01 0.00000E+00 4.25258E+00
0.00000E+00 1.66123E-01 2.76363E-01 4.41481E-01 4.41699E-01 4.62256E-01 4.99757E-01 2.76363E-01 1.66123E-01 0.00000E+00 5.67286E+00
0.00000E+00 2.20040E-01 3.29131E-01 4.92469E-01 4.92742E-01 5.15099E-01 5.53337E-01 3.29131E-01 2.20040E-01 0.00000E+00 7.20027E+00
0.00000E+00 2.78613E-01 3.86586E-01 5.48195E-01 5.48526E-01 5.72696E-01 6.11672E-01 3.86586E-01 2.78613E-01 0.00000E+00 8.82175E+00
0.00000E+00 3.26808E-01 4.33935E-01 5.94234E-01 5.94611E-01 6.20193E-01 6.59743E-01 4.33935E-01 3.26808E-01 0.00000E+00 1.01294E+01
1.43844E-02 3.40125E-01 4.47011E-01 6.06935E-01 6.07325E-01 6.33322E-01 6.73039E-01 4.47011E-01 3.40125E-01 1.43844E-02 1.05086E+01
9.08901E-02 4.11595E-01 5.17340E-01 6.75497E-01 6.75952E-01 7.03936E-01 7.44456E-01 5.17340E-01 4.11595E-01 9.08901E-02 1.22919E+01
1.73901E-01 4.89631E-01 5.94254E-01 7.50672E-01 7.51195E-01 7.81201E-01 8.22538E-01 5.94254E-01 4.89631E-01 1.73901E-01 1.41322E+01
2.61725E-01 5.72530E-01 6.76047E-01 8.30751E-01 8.31344E-01 8.63409E-01 9.05577E-01 6.76047E-01 5.72530E-01 2.61725E-01 1.60297E+01
3.54109E-01 6.60037E-01 7.62462E-01 9.15474E-01 9.16139E-01 9.50302E-01 9.93316E-01 7.62462E-01 6.60037E-01 3.54109E-01 1.79706E+01
4.50879E-01 7.51973E-01 8.53321E-01 1.00466E+00 1.00540E+00 1.04170E+00 1.08558E+00 8.53321E-01 7.51973E-01 4.50879E-01 1.99403E+01
5.51715E-01 8.48018E-01 9.48301E-01 1.09799E+00 1.09881E+00 1.13728E+00 1.18204E+00 9.48301E-01 8.48018E-01 5.51715E-01 2.19229E+01
6.56247E-01 9.47798E-01 1.04703E+00 1.19509E+00 1.19599E+00 1.23666E+00 1.28232E+00 1.04703E+00 9.47798E-01 6.56247E-01 2.39033E+01
7.64109E-01 1.05095E+00 1.14914E+00 1.29558E+00 1.29656E+00 1.33948E+00 1.38605E+00 1.14914E+00 1.05095E+00 7.64109E-01 2.58668E+01
8.74900E-01 1.15706E+00 1.25422E+00 1.39906E+00 1.40013E+00 1.44532E+00 1.49283E+00 1.25422E+00 1.15706E+00 8.74900E-01 2.77990E+01
9.88189E-01 1.26570E+00 1.36185E+00 1.50510E+00 1.50626E+00 1.55376E+00 1.60223E+00 1.36185E+00 1.26570E+00 9.88189E-01 2.96864E+01
1.10351E+00 1.37642E+00 1.47155E+00 1.61324E+00 1.61449E+00 1.66433E+00 1.71377E+00 1.47155E+00 1.37642E+00 1.10351E+00 3.15162E+01
1.22040E+00 1.48873E+00 1.58286E+00 1.72299E+00 1.72434E+00 1.77655E+00 1.82698E+00 1.58286E+00 1.48873E+00 1.22040E+00 3.32766E+01
1.33834E+00 1.60213E+00 1.69527E+00 1.83386E+00 1.83531E+00 1.88990E+00 1.94135E+00 1.69527E+00 1.60213E+00 1.33834E+00 3.49568E+01
1.45683E+00 1.71612E+00 1.80828E+00 1.94533E+00 1.94688E+00 2.00390E+00 2.05638E+00 1.80828E+00 1.71612E+00 1.45683E+00 3.65471E+01
1.57536E+00 1.83017E+00 1.92136E+00 2.05689E+00 2.05855E+00 2.11800E+00 2.17154E+00 1.92136E+00 1.83017E+00 1.57536E+00 3.80390E+01
1.69338E+00 1.94375E+00 2.03397E+00 2.16800E+00 2.16976E+00 2.23168E+00 2.28630E+00 2.03397E+00 1.94375E+00 1.69338E+00 3.94234E+01
1.81038E+00 2.05635E+00 2.14561E+00 2.27813E+00 2.28001E+00 2.34440E+00 2.40012E+00 2.14561E+00 2.05635E+00 1.81038E+00 4.06952E+01
0.00000E+00 0.00000E+00 1.09348E-01 2.73369E-01 2.73370E-01 2.90435E-01 3.27455E-01 1.09348E-01 0.00000E+00 0.00000E+00 7.91004E-01
0.00000E+00 3.15507E-02 1.39650E-01 3.01730E-01 3.01792E-01 3.20925E-01 3.58721E-01 1.39650E-01 3.15507E-02 0.00000E+00 1.82049E+00
0.00000E+00 6.92675E-02 1.76177E-01 3.36403E-01 3.36527E-01 3.57716E-01 3.96280E-01 1.76177E-01 6.92675E-02 0.00000E+00 2.94187E+00
0.00000E+00 1.11062E-01 2.16825E-01 3.75268E-01 3.75456E-01 3.98698E-01 4.38027E-01 2.16825E-01 1.11062E-01 0.00000E+00 4.16265E+00
0.00000E+00 1.56863E-01 2.61519E-01 4.18238E-01 4.18490E-01 4.43789E-01 4.83882E-01 2.61519E-01 1.56863E-01 0.00000E+00 5.47281E+00
0.00000E+00 2.06731E-01 3.10314E-01 4.65364E-01 4.65682E-01 4.93044E-01 5.33903E-01 3.10314E-01 2.06731E-01 0.00000E+00 6.86514E+00
0.00000E+00 2.60472E-01 3.63013E-01 5.16441E-01 5.16826E-01 5.46260E-01 5.87889E-01 3.63013E-01 2.60472E-01 0.00000E+00 8.32694E+00
0.00000E+00 3.04417E-01 4.06168E-01 5.58368E-01 5.58805E-01 5.89849E-01 6.32078E-01 4.06168E-01 3.04417E-01 0.00000E+00 9.49570E+00
1.30978E-02 3.16489E-01 4.18014E-01 5.69862E-01 5.70315E-01 6.01830E-01 6.44235E-01 4.18014E-01 3.16489E-01 1.30978E-02 9.83181E+00
8.25286E-02 3.81076E-01 4.81536E-01 6.31725E-01 6.32254E-01 6.66023E-01 7.09270E-01 4.81536E-01 3.81076E-01 8.25286E-02 1.14035E+01
1.57320E-01 4.51079E-01 5.50491E-01 6.99047E-01 6.99655E-01 7.35708E-01 7.79815E-01 5.50491E-01 4.51079E-01 1.57320E-01 1.30075E+01
2.35875E-01 5.24891E-01 6.23270E-01 7.70213E-01 7.70903E-01 8.09276E-01 8.54259E-01 6.23270E-01 5.24891E-01 2.35875E-01 1.46440E+01
3.17917E-01 6.02233E-01 6.99591E-01 8.44944E-01 8.45718E-01 8.86444E-01 9.32322E-01 6.99591E-01 6.02233E-01 3.17917E-01 1.63004E+01
4.03233E-01 6.82890E-01 7.79240E-01 9.23020E-01 9.23882E-01 9.66994E-01 1.01379E+00 7.79240E-01 6.82890E-01 4.03233E-01 1.79635E+01
4.91502E-01 7.66538E-01 8.61891E-01 1.00412E+00 1.00507E+00 1.05060E+00 1.09833E+00 8.61891E-01 7.66538E-01 4.91502E-01 1.96197E+01
5.82364E-01 8.52815E-01 9.47182E-01 1.08787E+00 1.08891E+00 1.13689E+00 1.18558E+00 9.47182E-01 8.52815E-01 5.82364E-01 2.12562E+01
6.75464E-01 9.41365E-01 1.03476E+00 1.17392E+00 1.17506E+00 1.22552E+00 1.27518E+00 1.03476E+00 9.41365E-01 6.75464E-01 2.28609E+01
7.70424E-01 1.03181E+00 1.12424E+00 1.26188E+00 1.26313E+00 1.31609E+00 1.36676E+00 1.12424E+00 1.03181E+00 7.70424E-01 2.44222E+01
8.66847E-01 1.12375E+00 1.21522E+00 1.35137E+00 1.35272E+00 1.40821E+00 1.45990E+00 1.21522E+00 1.12375E+00 8.66847E-01 2.59295E+01
9.64316E-01 1.21677E+00 1.30729E+00 1.44195E+00 1.44341E+00 1.50146E+00 1.55419E+00 1.30729E+00 1.21677E+00 9.64316E-01 2.73727E+01
1.06240E+00 1.31044E+00 1.40002E+00 1.53320E+00 1.53477E+00 1.59540E+00 1.64920E+00 1.40002E+00 1.31044E+00 1.06240E+00 2.87430E+01
1.16068E+00 1.40433E+00 1.49297E+00 1.62469E+00 1.62638E+00 1.68960E+00 1.74449E+00 1.49297E+00 1.40433E+00 1.16068E+00 3.00327E+01
1.25870E+00 1.49800E+00 1.58572E+00 1.71598E+00 1.71778E+00 1.78362E+00 1.83963E+00 1.58572E+00 1.49800E+00 1.25870E+00 3.12348E+01
1.35604E+00 1.59102E+00 1.67781E+00 1.80663E+00 1.80855E+00 1.87702E+00 1.93416E+00 1.67781E+00 1.59102E+00 1.35604E+00 3.23437E+01
1.45223E+00 1.68293E+00 1.76881E+00 1.89618E+00 1.89823E+00 1.96934E+00 2.02764E+00 1.76881E+00 1.68293E+00 1.45223E+00 3.33531E+01
1.54686E+00 1.77330E+00 1.85827E+00 1.98422E+00 1.98640E+00 2.06015E+00 2.11963E+00 1.85827E+00 1.77330E+00 1.54686E+00 3.42606E+01
0.00000E+00 0.00000E+00 1.03837E-01 2.59591E-01 2.59592E-01 2.81183E-01 3.20651E-01 1.03837E-01 0.00000E+00 0.00000E+00 9.06846E-01
0.00000E+00 3.03424E-02 1.33013E-01 2.86943E-01 2.87015E-01 3.10999E-01 3.51268E-01 1.33013E-01 3.03424E-02 0.00000E+00 1.89469E+00
0.00000E+00 6.61928E-02 1.67752E-01 3.19940E-01 3.20085E-01 3.46437E-01 3.87501E-01 1.67752E-01 6.61928E-02 0.00000E+00 2.95320E+00
0.00000E+00 1.05493E-01 2.05982E-01 3.56494E-01 3.56713E-01 3.85422E-01 4.27282E-01 2.05982E-01 1.05493E-01 0.00000E+00 4.08893E+00
0.00000E+00 1.48140E-01 2.47594E-01 3.96486E-01 3.96780E-01 4.27841E-01 4.70500E-01 2.47594E-01 1.48140E-01 0.00000E+00 5.29167E+00
0.00000E+00 1.94133E-01 2.92585E-01 4.39909E-01 4.40280E-01 4.73689E-01 5.17152E-01 2.92585E-01 1.94133E-01 0.00000E+00 6.55336E+00
0.00000E+00 2.43263E-01 3.40742E-01 4.86541E-01 4.86991E-01 5.22750E-01 5.67024E-01 3.40742E-01 2.43263E-01 0.00000E+00 7.86212E+00
5.55112E-17 2.83166E-01 3.79908E-01 5.24551E-01 5.25063E-01 5.62642E-01 6.07549E-01 3.79908E-01 2.83166E-01 5.55112E-17 8.89877E+00
1.18886E-02 2.94057E-01 3.90587E-01 5.34900E-01 5.35430E-01 5.73541E-01 6.18634E-01 3.90587E-01 2.94057E-01 1.18886E-02 9.19414E+00
7.46821E-02 3.52140E-01 4.47675E-01 5.90426E-01 5.91045E-01 6.31692E-01 6.77679E-01 4.47675E-01 3.52140E-01 7.46821E-02 1.05666E+01
1.41796E-01 4.14597E-01 5.09152E-01 6.50365E-01 6.51077E-01 6.94285E-01 7.41185E-01 5.09152E-01 4.14597E-01 1.41796E-01 1.19505E+01
2.11736E-01 4.79927E-01 5.73514E-01 7.13209E-01 7.14017E-01 7.59814E-01 8.07650E-01 5.73514E-01 4.79927E-01 2.11736E-01 1.33460E+01
2.84219E-01 5.47842E-01 6.40474E-01 7.78667E-01 7.79575E-01 8.27989E-01 8.76783E-01 6.40474E-01 5.47842E-01 2.84219E-01 1.47423E+01
3.59013E-01 6.18109E-01 7.09796E-01 8.46504E-01 8.47515E-01 8.98573E-01 9.48348E-01 7.09796E-01 6.18109E-01 3.59013E-01 1.61277E+01
4.35803E-01 6.90410E-01 7.81162E-01 9.16401E-01 9.17518E-01 9.71246E-01 1.02203E+00 7.81162E-01 6.90410E-01 4.35803E-01 1.74909E+01
5.14255E-01 7.64410E-01 8.54236E-01 9.88018E-01 9.89246E-01 1.04567E+00 1.09747E+00 8.54236E-01 7.64410E-01 5.14255E-01 1.88216E+01
5.94036E-01 8.39774E-01 9.28684E-01 1.06102E+00 1.06236E+00 1.12150E+00 1.17436E+00 9.28684E-01 8.39774E-01 5.94036E-01 2.01101E+01
6.74801E-01 9.16157E-01 1.00416E+00 1.13506E+00 1.13652E+00 1.19839E+00 1.25233E+00 1.00416E+00 9.16157E-01 6.74801E-01 2.13474E+01
7.56191E-01 9.93200E-01 1.08030E+00 1.20978E+00 1.21136E+00 1.27598E+00 1.33102E+00 1.08030E+00 9.93200E-01 7.56191E-01 2.25255E+01
8.37842E-01 1.07054E+00 1.15674E+00 1.28481E+00 1.28651E+00 1.35390E+00 1.41007E+00 1.15674E+00 1.07054E+00 8.37842E-01 2.36370E+01
9.19384E-01 1.14780E+00 1.23311E+00 1.35977E+00 1.36161E+00 1.43177E+00 1.48910E+00 1.23311E+00 1.14780E+00 9.19384E-01 2.46757E+01
1.00045E+00 1.22462E+00 1.30905E+00 1.43431E+00 1.43628E+00 1.50923E+00 1.56774E+00 1.30905E+00 1.22462E+00 1.00045E+00 2.56362E+01
1.08067E+00 1.30063E+00 1.38418E+00 1.50805E+00 1.51015E+00 1.58589E+00 1.64561E+00 1.38418E+00 1.30063E+00 1.08067E+00 2.65143E+01
1.15969E+00 1.37547E+00 1.45814E+00 1.58063E+00 1.58288E+00 1.66142E+00 1.72236E+00 1.45814E+00 1.37547E+00 1.15969E+00 2.73067E+01
1.23713E+00 1.44877E+00 1.53057E+00 1.65168E+00 1.65407E+00 1.73541E+00 1.79761E+00 1.53057E+00 1.44877E+00 1.23713E+00 2.80094E+01
1.31267E+00 1.52019E+00 1.60113E+00 1.72087E+00 1.72340E+00 1.80753E+00 1.87102E+00 1.60113E+00 1.52019E+00 1.31267E+00 2.86219E+01
0.00000E+00 0.00000E+00 9.84495E-02 2.46123E-01 2.46124E-01 2.73318E-01 3.15199E-01 9.84495E-02 0.00000E+00 0.00000E+00 1.03644E+00
0.00000E+00 2.90868E-02 1.26461E-01 2.72438E-01 2.72523E-01 3.02466E-01 3.45180E-01 1.26461E-01 2.90868E-02 0.00000E+00 1.97871E+00
0.00000E+00 6.30121E-02 1.59360E-01 3.03717E-01 3.03888E-01 3.36538E-01 3.80086E-01 1.59360E-01 6.30121E-02 0.00000E+00 2.97046E+00
0.00000E+00 9.97626E-02 1.95122E-01 3.37919E-01 3.38177E-01 3.73511E-01 4.17897E-01 1.95122E-01 9.97626E-02 0.00000E+00 4.01777E+00
0.00000E+00 1.39212E-01 2.33616E-01 3.74904E-01 3.75252E-01 4.13252E-01 4.58482E-01 2.33616E-01 1.39212E-01 0.00000E+00 5.11066E+00
0.00000E+00 1.81313E-01 2.74791E-01 4.14615E-01 4.15055E-01 4.55708E-01 5.01792E-01 2.74791E-01 1.81313E-01 0.00000E+00 6.24064E+00
0.00000E+00 2.25849E-01 3.18426E-01 4.56828E-01 4.57360E-01 5.00657E-01 5.47606E-01 3.18426E-01 2.25849E-01 0.00000E+00 7.39698E+00
0.00000E+00 2.61748E-01 3.53643E-01 4.90965E-01 4.91571E-01 5.36909E-01 5.84535E-01 3.53643E-01 2.61748E-01 0.00000E+00 8.30320E+00
1.06934E-02 2.71475E-01 3.63174E-01 5.00187E-01 5.00815E-01 5.46747E-01 5.94573E-01 3.63174E-01 2.71475E-01 1.06934E-02 8.55866E+00
6.69502E-02 3.23171E-01 4.13946E-01 5.49498E-01 5.50232E-01 5.98993E-01 6.47779E-01 4.13946E-01 3.23171E-01 6.69502E-02 9.73677E+00
1.26556E-01 3.78268E-01 4.68133E-01 6.02245E-01 6.03088E-01 6.54696E-01 7.04465E-01 4.68133E-01 3.78268E-01 1.26556E-01 1.09080E+01
1.88132E-01 4.35380E-01 5.24346E-01 6.57033E-01 6.57989E-01 7.12464E-01 7.63243E-01 5.24346E-01 4.35380E-01 1.88132E-01 1.20730E+01
2.51395E-01 4.94222E-01 5.82298E-01 7.13575E-01 7.14648E-01 7.72009E-01 8.23824E-01 5.82298E-01 4.94222E-01 2.51395E-01 1.32224E+01
3.16104E-01 5.54551E-01 6.41746E-01 7.71626E-01 7.72820E-01 8.33083E-01 8.85962E-01 6.41746E-01 5.54551E-01 3.16104E-01 1.43464E+01
3.81965E-01 6.16069E-01 7.02391E-01 8.30885E-01 8.32205E-01 8.95387E-01 9.49357E-01 7.02391E-01 6.16069E-01 3.81965E-01 1.54361E+01
4.48671E-01 6.78470E-01 7.63926E-01 8.91044E-01 8.92493E-01 9.58608E-01 1.01370E+00 7.63926E-01 6.78470E-01 4.48671E-01 1.64835E+01
5.15922E-01 7.41451E-01 8.26048E-01 9.51799E-01 9.53381E-01 1.02244E+00 1.07868E+00 8.26048E-01 7.41451E-01 5.15922E-01 1.74814E+01
5.83410E-01 8.04704E-01 8.88447E-01 1.01284E+00 1.01456E+00 1.08657E+00 1.14398E+00 8.88447E-01 8.04704E-01 5.83410E-01 1.84231E+01
6.50823E-01 8.67917E-01 9.50811E-01 1.07385E+00 1.07571E+00 1.15068E+00 1.20930E+00 9.50811E-01 8.67917E-01 6.50823E-01 1.93031E+01
7.17848E-01 9.30777E-01 1.01283E+00 1.13452E+00 1.13653E+00 1.21446E+00 1.27431E+00 1.01283E+00 9.30777E-01 7.17848E-01 2.01164E+01
7.84176E-01 9.92975E-01 1.07418E+00 1.19454E+00 1.19669E+00 1.27759E+00 1.33870E+00 1.07418E+00 9.92975E-01 7.84176E-01 2.08593E+01
8.49505E-01 1.05421E+00 1.13458E+00 1.25360E+00 1.25590E+00 1.33976E+00 1.40216E+00 1.13458E+00 1.05421E+00 8.49505E-01 2.15286E+01
9.13541E-01 1.11418E+00 1.19372E+00 1.31140E+00 1.31387E+00 1.40067E+00 1.46439E+00 1.19372E+00 1.11418E+00 9.13541E-01 2.21222E+01
9.76002E-01 1.17262E+00 1.25132E+00 1.36768E+00 1.37030E+00 1.46005E+00 1.52511E+00 1.25132E+00 1.17262E+00 9.76002E-01 2.26389E+01
1.03658E+00 1.22921E+00 1.30708E+00 1.42211E+00 1.42490E+00 1.51758E+00 1.58401E+00 1.30708E+00 1.22921E+00 1.03658E+00 2.30767E+01
1.09505E+00 1.28372E+00 1.36077E+00 1.47447E+00 1.47742E+00 1.57302E+00 1.64084E+00 1.36077E+00 1.28372E+00 1.09505E+00 2.34368E+01
0.00000E+00 0.00000E+00 9.38822E-02 2.34705E-01 2.34706E-01 2.68775E-01 3.12762E-01 9.38822E-02 0.00000E+00 0.00000E+00 1.17600E+00
0.00000E+00 2.79136E-02 1.20809E-01 2.60059E-01 2.60162E-01 2.97349E-01 3.42217E-01 1.20809E-01 2.79136E-02 0.00000E+00 2.07158E+00
0.00000E+00 6.00494E-02 1.52002E-01 2.89748E-01 2.89953E-01 3.30198E-01 3.75953E-01 1.52002E-01 6.00494E-02 0.00000E+00 2.99781E+00
0.00000E+00 9.44547E-02 1.85498E-01 3.21793E-01 3.22103E-01 3.65366E-01 4.12016E-01 1.85498E-01 9.44547E-02 0.00000E+00 3.96105E+00
0.00000E+00 1.31001E-01 2.21163E-01 3.56053E-01 3.56471E-01 4.02718E-01 4.50276E-01 2.21163E-01 1.31001E-01 0.00000E+00 4.95224E+00
0.00000E+00 1.69614E-01 2.58922E-01 3.92447E-01 3.92973E-01 4.42178E-01 4.90657E-01 2.58922E-01 1.69614E-01 0.00000E+00 5.96322E+00
0.00000E+00 2.10090E-01 2.98565E-01 4.30760E-01 4.31397E-01 4.83536E-01 5.32951E-01 2.98565E-01 2.10090E-01 0.00000E+00 6.98486E+00
0.00000E+00 2.42490E-01 3.30332E-01 4.61517E-01 4.62242E-01 5.16638E-01 5.66788E-01 3.30332E-01 2.42490E-01 0.00000E+00 7.77770E+00
9.65637E-03 2.51209E-01 3.38869E-01 4.69764E-01 4.70515E-01 5.25567E-01 5.75934E-01 3.38869E-01 2.51209E-01 9.65637E-03 7.99895E+00
6.02769E-02 2.97406E-01 3.84209E-01 5.13734E-01 5.14610E-01 5.72774E-01 6.24187E-01 3.84209E-01 2.97406E-01 6.02769E-02 9.01210E+00
1.13493E-01 3.46252E-01 4.32209E-01 5.60378E-01 5.61384E-01 6.22666E-01 6.75154E-01 4.32209E-01 3.46252E-01 1.13493E-01 1.00064E+01
1.68045E-01 3.96479E-01 4.81596E-01 6.08422E-01 6.09562E-01 6.73971E-01 7.27563E-01 4.81596E-01 3.96479E-01 1.68045E-01 1.09832E+01
2.23668E-01 4.47818E-01 5.32104E-01 6.57597E-01 6.58875E-01 7.26416E-01 7.81145E-01 5.32104E-01 4.47818E-01 2.23668E-01 1.19349E+01
2.80133E-01 5.00041E-01 5.83501E-01 7.07671E-01 7.09091E-01 7.79770E-01 8.35667E-01 5.83501E-01 5.00041E-01 2.80133E-01 1.28536E+01
3.37178E-01 5.52882E-01 6.35522E-01 7.58375E-01 7.59942E-01 8.33762E-01 8.90858E-01 6.35522E-01 5.52882E-01 3.37178E-01 1.37325E+01
3.94536E-01 6.06074E-01 6.87898E-01 8.09441E-01 8.11159E-01 8.88121E-01 9.46448E-01 6.87898E-01 6.06074E-01 3.94536E-01 1.45657E+01
4.51947E-01 6.59355E-01 7.40367E-01 8.60604E-01 8.62478E-01 9.42579E-01 1.00217E+00 7.40367E-01 6.59355E-01 4.51947E-01 1.53480E+01
5.09148E-01 7.12462E-01 7.92665E-01 9.11601E-01 9.13633E-01 9.96869E-01 1.05776E+00 7.92665E-01 7.12462E-01 5.09148E-01 1.60748E+01
5.65876E-01 7.65133E-01 8.44529E-01 9.62166E-01 9.64362E-01 1.05072E+00 1.11294E+00 8.44529E-01 7.65133E-01 5.65876E-01 1.67424E+01
6.21875E-01 8.17109E-01 8.95700E-01 1.01204E+00 1.01441E+00 1.10388E+00 1.16745E+00 8.95700E-01 8.17109E-01 6.21875E-01 1.73477E+01
6.76892E-01 8.68140E-01 9.45927E-01 1.06097E+00 1.06351E+00 1.15609E+00 1.22104E+00 9.45927E-01 8.68140E-01 6.76892E-01 1.78886E+01
7.30686E-01 9.17983E-01 9.94968E-01 1.10872E+00 1.11143E+00 1.20709E+00 1.27346E+00 9.94968E-01 9.17983E-01 7.30686E-01 1.83637E+01
7.83027E-01 9.66408E-01 1.04259E+00 1.15505E+00 1.15794E+00 1.25666E+00 1.32448E+00 1.04259E+00 9.66408E-01 7.83027E-01 1.87722E+01
8.33696E-01 1.01320E+00 1.08858E+00 1.19974E+00 1.20281E+00 1.30457E+00 1.37386E+00 1.08858E+00 1.01320E+00 8.33696E-01 1.91140E+01
8.82456E-01 1.05812E+00 1.13270E+00 1.24256E+00 1.24582E+00 1.35059E+00 1.42137E+00 1.13270E+00 1.05812E+00 8.82456E-01 1.93888E+01
9.29135E-01 1.10099E+00 1.17477E+00 1.28334E+00 1.28678E+00 1.39452E+00 1.46683E+00 1.17477E+00 1.10099E+00 9.29135E-01 1.95984E+01
0.00000E+00 0.00000E+00 8.99729E-02 2.24930E-01 2.24934E-01 2.67345E-01 3.13132E-01 8.99729E-02 0.00000E+00 0.00000E+00 1.32508E+00
0.00000E+00 2.67440E-02 1.15812E-01 2.49308E-01 2.49434E-01 2.95340E-01 3.42082E-01 1.15812E-01 2.67440E-02 0.00000E+00 2.17070E+00
0.00000E+00 5.71440E-02 1.45344E-01 2.77440E-01 2.77690E-01 3.27005E-01 3.74714E-01 1.45344E-01 5.71440E-02 0.00000E+00 3.03058E+00
0.00000E+00 8.93209E-02 1.76683E-01 3.07424E-01 3.07800E-01 3.60464E-01 4.09154E-01 1.76683E-01 8.93209E-02 0.00000E+00 3.91181E+00
0.00000E+00 1.23155E-01 2.09703E-01 3.39129E-01 3.39633E-01 3.95595E-01 4.45282E-01 2.09703E-01 1.23155E-01 0.00000E+00 4.80662E+00
0.00000E+00 1.58563E-01 2.44318E-01 3.72463E-01 3.73098E-01 4.32311E-01 4.83014E-01 2.44318E-01 1.58563E-01 0.00000E+00 5.70775E+00
0.00000E+00 1.95359E-01 2.80340E-01 4.07233E-01 4.08001E-01 4.70426E-01 5.22165E-01 2.80340E-01 1.95359E-01 0.00000E+00 6.60781E+00
0.00000E+00 2.24622E-01 3.09013E-01 4.34953E-01 4.35825E-01 5.00713E-01 5.53267E-01 3.09013E-01 2.24622E-01 0.00000E+00 7.30005E+00
8.73449E-03 2.32446E-01 3.16668E-01 4.42334E-01 4.43237E-01 5.08837E-01 5.61632E-01 3.16668E-01 2.32446E-01 8.73449E-03 7.49137E+00
5.43748E-02 2.73792E-01 3.57212E-01 4.81579E-01 4.82632E-01 5.51609E-01 6.05564E-01 3.57212E-01 2.73792E-01 5.43748E-02 8.36157E+00
1.02017E-01 3.17193E-01 3.99818E-01 5.22898E-01 5.24104E-01 5.96447E-01 6.51598E-01 3.99818E-01 3.17193E-01 1.02017E-01 9.20560E+00
1.50518E-01 3.61497E-01 4.43333E-01 5.65133E-01 5.66497E-01 6.42199E-01 6.98581E-01 4.43333E-01 3.61497E-01 1.50518E-01 1.00257E+01
1.99642E-01 4.06468E-01 4.87518E-01 6.08043E-01 6.09571E-01 6.88624E-01 7.46271E-01 4.87518E-01 4.06468E-01 1.99642E-01 1.08160E+01
2.49185E-01 4.51900E-01 5.32167E-01 6.51422E-01 6.53117E-01 7.35510E-01 7.94459E-01 5.32167E-01 4.51900E-01 2.49185E-01 1.15703E+01
2.98922E-01 4.97564E-01 5.77052E-01 6.95039E-01 6.96906E-01 7.82625E-01 8.42913E-01 5.77052E-01 4.97564E-01 2.98922E-01 1.22838E+01
3.48630E-01 5.43239E-01 6.21947E-01 7.38669E-01 7.40712E-01 8.29743E-01 8.91404E-01 6.21947E-01 5.43239E-01 3.48630E-01 1.29523E+01
3.98092E-01 5.88704E-01 6.66635E-01 7.82091E-01 7.84316E-01 8.76639E-01 9.39708E-01 6.66635E-01 5.88704E-01 3.98092E-01 1.35723E+01
4.47091E-01 6.33744E-01 7.10898E-01 8.25088E-01 8.27498E-01 9.23091E-01 9.87602E-01 7.10898E-01 6.33744E-01 4.47091E-01 1.41408E+01
4.95414E-01 6.78146E-01 7.54522E-01 8.67445E-01 8.70044E-01 9.68884E-01 1.03487E+00 7.54522E-01 6.78146E-01 4.95414E-01 1.46554E+01
5.42855E-01 7.21702E-01 7.97300E-01 9.08955E-01 9.11747E-01 1.01380E+00 1.08130E+00 7.97300E-01 7.21702E-01 5.42855E-01 1.51146E+01
5.89216E-01 7.64216E-01 8.39034E-01 9.49417E-01 9.52406E-01 1.05765E+00 1.12668E+00 8.39034E-01 7.64216E-01 5.89216E-01 1.55174E+01
6.34309E-01 8.05498E-01 8.79535E-01 9.88643E-01 9.91833E-01 1.10022E+00 1.17082E+00 8.79535E-01 8.05498E-01 6.34309E-01 1.58633E+01
6.77956E-01 8.45373E-01 9.18626E-01 1.02646E+00 1.02985E+00 1.14135E+00 1.21355E+00 9.18626E-01 8.45373E-01 6.77956E-01 1.61526E+01
7.19993E-01 8.83677E-01 9.56144E-01 1.06269E+00 1.06629E+00 1.18086E+00 1.25468E+00 9.56144E-01 8.83677E-01 7.19993E-01 1.63859E+01
7.60238E-01 9.20228E-01 9.91906E-01 1.09717E+00 1.10098E+00 1.21856E+00 1.29403E+00 9.91906E-01 9.20228E-01 7.60238E-01 1.65635E+01
7.98571E-01 9.54906E-01 1.02579E+00 1.12976E+00 1.13378E+00 1.25434E+00 1.33147E+00 1.02579E+00 9.54906E-01 7.98571E-01 1.66877E+01
0.00000E+00 0.00000E+00 8.62273E-02 2.15564E-01 2.15573E-01 2.67990E-01 3.15393E-01 8.62273E-02 0.00000E+00 0.00000E+00 1.48381E+00
0.00000E+00 2.54341E-02 1.10826E-01 2.38793E-01 2.38950E-01 2.95234E-01 3.43710E-01 1.10826E-01 2.54341E-02 0.00000E+00 2.27265E+00
0.00000E+00 5.39764E-02 1.38564E-01 2.65214E-01 2.65521E-01 3.25558E-01 3.75123E-01 1.38564E-01 5.39764E-02 0.00000E+00 3.06092E+00
0.00000E+00 8.38293E-02 1.67637E-01 2.93009E-01 2.93468E-01 3.57173E-01 4.07848E-01 1.67637E-01 8.38293E-02 0.00000E+00 3.85635E+00
0.00000E+00 1.14880E-01 1.97928E-01 3.22054E-01 3.22667E-01 3.89969E-01 4.41773E-01 1.97928E-01 1.14880E-01 0.00000E+00 4.65242E+00
0.00000E+00 1.47033E-01 2.29339E-01 3.52247E-01 3.53017E-01 4.23849E-01 4.76805E-01 2.29339E-01 1.47033E-01 0.00000E+00 5.44267E+00
0.00000E+00 1.80123E-01 2.61701E-01 3.83414E-01 3.84344E-01 4.58646E-01 5.12779E-01 2.61701E-01 1.80123E-01 0.00000E+00 6.22137E+00
0.00000E+00 2.06239E-01 2.87261E-01 4.08062E-01 4.09117E-01 4.86070E-01 5.41129E-01 2.87261E-01 2.06239E-01 0.00000E+00 6.81385E+00
7.81365E-03 2.13169E-01 2.94031E-01 4.14569E-01 4.15661E-01 4.93378E-01 5.48711E-01 2.94031E-01 2.13169E-01 7.81365E-03 6.97563E+00
4.84868E-02 2.49673E-01 3.29775E-01 4.49065E-01 4.50335E-01 5.31666E-01 5.88318E-01 3.29775E-01 2.49673E-01 4.84868E-02 7.70517E+00
9.05850E-02 2.87655E-01 3.67002E-01 4.85050E-01 4.86503E-01 5.71418E-01 6.29428E-01 3.67002E-01 2.87655E-01 9.05850E-02 8.40204E+00
1.33080E-01 3.26081E-01 4.04673E-01 5.21482E-01 5.23122E-01 6.11598E-01 6.71005E-01 4.04673E-01 3.26081E-01 1.33080E-01 9.06914E+00
1.75762E-01 3.64737E-01 4.42576E-01 5.58146E-01 5.59978E-01 6.51987E-01 7.12832E-01 4.42576E-01 3.64737E-01 1.75762E-01 9.70220E+00
2.18447E-01 4.03437E-01 4.80524E-01 5.94854E-01 5.96884E-01 6.92397E-01 7.54718E-01 4.80524E-01 4.03437E-01 2.18447E-01 1.02966E+01
2.60941E-01 4.41989E-01 5.18322E-01 6.31411E-01 6.33643E-01 7.32628E-01 7.96465E-01 5.18322E-01 4.41989E-01 2.60941E-01 1.08490E+01
3.03061E-01 4.80206E-01 5.55785E-01 6.67631E-01 6.70069E-01 7.72491E-01 8.37881E-01 5.55785E-01 4.80206E-01 3.03061E-01 1.13570E+01
3.44627E-01 5.17908E-01 5.92731E-01 7.03329E-01 7.05978E-01 8.11800E-01 8.78780E-01 5.92731E-01 5.17908E-01 3.44627E-01 1.18184E+01
3.85461E-01 5.54919E-01 6.28982E-01 7.38329E-01 7.41193E-01 8.50374E-01 9.18978E-01 6.28982E-01 5.54919E-01 3.85461E-01 1.22316E+01
4.25395E-01 5.91067E-01 6.64369E-01 7.72459E-01 7.75542E-01 8.88037E-01 9.58299E-01 6.64369E-01 5.91067E-01 4.25395E-01 1.25956E+01
4.64265E-01 6.26192E-01 6.98728E-01 8.05556E-01 8.08861E-01 9.24623E-01 9.96576E-01 6.98728E-01 6.26192E-01 4.64265E-01 1.29098E+01
5.01920E-01 6.60141E-01 7.31908E-01 8.37468E-01 8.40998E-01 9.59975E-01 1.03365E+00 7.31908E-01 6.60141E-01 5.01920E-01 1.31745E+01
5.38218E-01 6.92772E-01 7.63766E-01 8.68051E-01 8.71810E-01 9.93946E-01 1.06937E+00 7.63766E-01 6.92772E-01 5.38218E-01 1.33900E+01
5.73029E-01 7.23958E-01 7.94174E-01 8.97177E-01 9.01167E-01 1.02640E+00 1.10360E+00 7.94174E-01 7.23958E-01 5.73029E-01 1.35573E+01
6.06236E-01 7.53580E-01 8.23015E-01 9.24728E-01 9.28952E-01 1.05722E+00 1.13622E+00 8.23015E-01 7.53580E-01 6.06236E-01 1.36779E+01
6.37704E-01 7.81505E-01 8.50152E-01 9.50569E-01 9.55028E-01 1.08627E+00 1.16708E+00 8.50152E-01 7.81505E-01 6.37704E-01 1.37526E+01
6.67358E-01 8.07659E-01 8.75514E-01 9.74626E-01 9.79322E-01 1.11346E+00 1.19611E+00 8.75514E-01 8.07659E-01 6.67358E-01 1.37840E+01
0.00000E+00 0.00000E+00 8.29570E-02 2.07383E-01 2.07403E-01 2.71645E-01 3.20407E-01 8.29570E-02 0.00000E+00 0.00000E+00 1.64721E+00
0.00000E+00 2.40850E-02 1.06260E-01 2.29382E-01 2.29583E-01 2.98037E-01 3.48047E-01 1.06260E-01 2.40850E-02 0.00000E+00 2.37522E+00
0.00000E+00 5.07699E-02 1.32190E-01 2.54052E-01 2.54436E-01 3.26955E-01 3.78232E-01 1.32190E-01 5.07699E-02 0.00000E+00 3.09015E+00
0.00000E+00 7.83475E-02 1.59031E-01 2.79666E-01 2.80234E-01 3.56709E-01 4.09276E-01 1.59031E-01 7.83475E-02 0.00000E+00 3.80046E+00
0.00000E+00 1.06717E-01 1.86681E-01 3.06114E-01 3.06869E-01 3.87203E-01 4.41084E-01 1.86681E-01 1.06717E-01 0.00000E+00 4.50098E+00
0.00000E+00 1.35780E-01 2.15037E-01 3.33291E-01 3.34236E-01 4.18336E-01 4.73558E-01 2.15037E-01 1.35780E-01 0.00000E+00 5.18624E+00
0.00000E+00 1.65393E-01 2.43953E-01 3.61046E-01 3.62183E-01 4.49970E-01 5.06558E-01 2.43953E-01 1.65393E-01 0.00000E+00 5.85210E+00
5.55112E-17 1.88584E-01 2.66611E-01 3.82814E-01 3.84101E-01 4.74694E-01 5.32356E-01 2.66611E-01 1.88584E-01 5.55112E-17 6.35307E+00
6.96455E-03 1.94689E-01 2.72562E-01 3.88507E-01 3.89838E-01 4.81236E-01 5.39217E-01 2.72562E-01 1.94689E-01 6.96455E-03 6.48806E+00
4.30780E-02 2.26748E-01 3.03888E-01 4.18610E-01 4.20154E-01 5.15352E-01 5.74859E-01 3.03888E-01 2.26748E-01 4.30780E-02 7.09092E+00
8.01351E-02 2.59805E-01 3.36213E-01 4.49713E-01 4.51475E-01 5.50421E-01 6.11499E-01 3.36213E-01 2.59805E-01 8.01351E-02 7.65729E+00
1.17220E-01 2.92938E-01 3.68613E-01 4.80887E-01 4.82872E-01 5.85522E-01 6.48211E-01 3.68613E-01 2.92938E-01 1.17220E-01 8.19070E+00
1.54150E-01 3.25962E-01 4.00901E-01 5.11947E-01 5.14159E-01 6.20465E-01 6.84808E-01 4.00901E-01 3.25962E-01 1.54150E-01 8.68827E+00
1.90765E-01 3.58715E-01 4.32916E-01 5.42728E-01 5.45173E-01 6.55083E-01 7.21122E-01 4.32916E-01 3.58715E-01 1.90765E-01 9.14679E+00
2.26905E-01 3.91038E-01 4.64498E-01 5.73070E-01 5.75752E-01 6.89213E-01 7.56986E-01 4.64498E-01 3.91038E-01 2.26905E-01 9.56429E+00
2.62425E-01 4.22783E-01 4.95497E-01 6.02823E-01 6.05746E-01 7.22702E-01 7.92248E-01 4.95497E-01 4.22783E-01 2.62425E-01 9.93961E+00
2.97179E-01 4.53805E-01 5.25768E-01 6.31841E-01 6.35008E-01 7.55401E-01 8.26756E-01 5.25768E-01 4.53805E-01 2.97179E-01 1.02717E+01
3.31029E-01 4.83964E-01 5.55172E-01 6.59983E-01 6.63399E-01 7.87166E-01 8.60363E-01 5.55172E-01 4.83964E-01 3.31029E-01 1.05602E+01
3.63843E-01 5.13130E-01 5.83577E-01 6.87118E-01 6.90786E-01 8.17861E-01 8.92932E-01 5.83577E-01 5.13130E-01 3.63843E-01 1.08049E+01
3.95500E-01 5.41180E-01 6.10861E-01 7.13123E-01 7.17046E-01 8.47359E-01 9.24334E-01 6.10861E-01 5.41180E-01 3.95500E-01 1.10062E+01
4.25886E-01 5.68004E-01 6.36913E-01 7.37886E-01 7.42067E-01 8.75545E-01 9.54449E-01 6.36913E-01 5.68004E-01 4.25886E-01 1.11650E+01
4.54901E-01 5.93500E-01 6.61630E-01 7.61306E-01 7.65745E-01 9.02312E-01 9.83170E-01 6.61630E-01 5.93500E-01 4.54901E-01 1.12823E+01
4.82455E-01 6.17578E-01 6.84923E-01 7.83291E-01 7.87992E-01 9.27567E-01 1.01040E+00 6.84923E-01 6.17578E-01 4.82455E-01 1.13596E+01
5.08469E-01 6.40160E-01 7.06714E-01 8.03765E-01 8.08728E-01 9.51227E-01 1.03605E+00 7.06714E-01 6.40160E-01 5.08469E-01 1.13987E+01
5.32847E-01 6.61153E-01 7.26908E-01 8.22633E-01 8.27858E-01 9.73192E-01 1.06002E+00 7.26908E-01 6.61153E-01 5.32847E-01 1.14009E+01
5.55551E-01 6.80517E-01 7.45468E-01 8.39857E-01 8.45345E-01 9.93421E-01 1.08227E+00 7.45468E-01 6.80517E-01 5.55551E-01 1.13688E+01
0.00000E+00 0.00000E+00 8.00458E-02 2.00092E-01 2.00137E-01 2.78116E-01 3.28116E-01 8.00458E-02 0.00000E+00 0.00000E+00 1.81120E+00
0.00000E+00 2.26827E-02 1.01984E-01 2.20764E-01 2.21031E-01 3.03517E-01 3.55012E-01 1.01984E-01 2.26827E-02 0.00000E+00 2.47444E+00
0.00000E+00 4.74860E-02 1.26064E-01 2.43614E-01 2.44105E-01 3.30918E-01 3.83928E-01 1.26064E-01 4.74860E-02 0.00000E+00 3.11411E+00
0.00000E+00 7.28016E-02 1.50672E-01 2.67018E-01 2.67734E-01 3.58735E-01 4.13283E-01 1.50672E-01 7.28016E-02 0.00000E+00 3.73937E+00
0.00000E+00 9.85455E-02 1.75719E-01 2.90881E-01 2.91826E-01 3.86891E-01 4.43001E-01 1.75719E-01 9.85455E-02 0.00000E+00 4.34643E+00
0.00000E+00 1.24621E-01 2.01108E-01 3.15103E-01 3.16277E-01 4.15290E-01 4.72989E-01 2.01108E-01 1.24621E-01 0.00000E+00 4.93087E+00
0.00000E+00 1.50910E-01 2.26718E-01 3.39558E-01 3.40964E-01 4.43819E-01 5.03134E-01 2.26718E-01 1.50910E-01 0.00000E+00 5.49007E+00
0.00000E+00 1.71328E-01 2.46614E-01 3.58567E-01 3.60155E-01 4.65920E-01 5.26501E-01 2.46614E-01 1.71328E-01 0.00000E+00 5.90552E+00
6.16481E-03 1.76656E-01 2.51791E-01 3.63486E-01 3.65127E-01 4.71725E-01 5.32679E-01 2.51791E-01 1.76656E-01 6.16481E-03 6.01571E+00
3.80006E-02 2.04548E-01 2.78961E-01 3.89431E-01 3.91327E-01 5.01841E-01 5.64588E-01 2.78961E-01 2.04548E-01 3.80006E-02 6.50207E+00
7.03683E-02 2.33030E-01 3.06719E-01 4.15959E-01 4.18115E-01 5.32471E-01 5.97054E-01 3.06719E-01 2.33030E-01 7.03683E-02 6.94997E+00
1.02461E-01 2.61287E-01 3.34249E-01 4.42253E-01 4.44674E-01 5.62802E-01 6.29263E-01 3.34249E-01 2.61287E-01 1.02461E-01 7.36350E+00
1.34126E-01 2.89167E-01 3.61396E-01 4.68156E-01 4.70846E-01 5.92675E-01 6.61055E-01 3.61396E-01 2.89167E-01 1.34126E-01 7.74102E+00
1.65229E-01 3.16533E-01 3.88023E-01 4.93530E-01 4.96494E-01 6.21949E-01 6.92289E-01 3.88023E-01 3.16533E-01 1.65229E-01 8.08055E+00
1.95643E-01 3.43258E-01 4.14004E-01 5.18248E-01 5.21489E-01 6.50493E-01 7.22831E-01 4.14004E-01 3.43258E-01 1.95643E-01 8.38127E+00
2.25257E-01 3.69230E-01 4.39224E-01 5.42196E-01 5.45718E-01 6.78192E-01 7.52561E-01 4.39224E-01 3.69230E-01 2.25257E-01 8.64309E+00
2.53960E-01 3.94337E-01 4.63574E-01 5.65262E-01 5.69068E-01 7.04930E-01 7.81363E-01 4.63574E-01 3.94337E-01 2.53960E-01 8.86595E+00
2.81649E-01 4.18476E-01 4.86947E-01 5.87341E-01 5.91434E-01 7.30599E-01 8.09125E-01 4.86947E-01 4.18476E-01 2.81649E-01 9.05018E+00
3.08228E-01 4.41551E-01 5.09250E-01 6.08338E-01 6.12720E-01 7.55099E-01 8.35743E-01 5.09250E-01 4.41551E-01 3.08228E-01 9.19649E+00
3.33610E-01 4.63477E-01 5.30395E-01 6.28166E-01 6.32838E-01 7.78339E-01 8.61125E-01 5.30395E-01 4.63477E-01 3.33610E-01 9.30590E+00
3.57719E-01 4.84177E-01 5.50306E-01 6.46748E-01 6.51712E-01 8.00240E-01 8.85186E-01 5.50306E-01 4.84177E-01 3.57719E-01 9.37972E+00
3.80488E-01 5.03584E-01 5.68917E-01 6.64019E-01 6.69274E-01 8.20731E-01 9.07852E-01 5.68917E-01 5.03584E-01 3.80488E-01 9.41951E+00
4.01862E-01 5.21643E-01 5.86172E-01 6.79923E-01 6.85470E-01 8.39752E-01 9.29060E-01 5.86172E-01 5.21643E-01 4.01862E-01 9.42703E+00
4.21794E-01 5.38310E-01 6.02026E-01 6.94414E-01 7.00252E-01 8.57255E-01 9.48758E-01 6.02026E-01 5.38310E-01 4.21794E-01 9.40421E+00
4.40222E-01 5.53522E-01 6.16418E-01 7.07433E-01 7.13561E-01 8.73174E-01 9.66874E-01 6.16418E-01 5.53522E-01 4.40222E-01 9.35266E+00
4.57138E-01 5.67273E-01 6.29339E-01 7.18971E-01 7.25386E-01 8.87497E-01 9.83394E-01 6.29339E-01 5.67273E-01 4.57138E-01 9.27490E+00
0.00000E+00 0.00000E+00 7.74892E-02 1.93675E-01 1.93771E-01 2.87394E-01 3.38711E-01 7.74892E-02 0.00000E+00 0.00000E+00 1.96987E+00
0.00000E+00 2.12173E-02 9.79821E-02 2.12907E-01 2.13280E-01 3.11630E-01 3.64774E-01 9.79821E-02 2.12173E-02 0.00000E+00 2.56469E+00
0.00000E+00 4.41095E-02 1.20167E-01 2.33861E-01 2.34510E-01 3.37372E-01 3.92357E-01 1.20167E-01 4.41095E-02 0.00000E+00 3.12764E+00
0.00000E+00 6.71771E-02 1.42538E-01 2.55022E-01 2.55948E-01 3.63153E-01 4.19998E-01 1.42538E-01 6.71771E-02 0.00000E+00 3.66854E+00
0.00000E+00 9.03561E-02 1.65029E-01 2.76317E-01 2.77522E-01 3.88919E-01 4.47645E-01 1.65029E-01 9.03561E-02 0.00000E+00 4.18496E+00
0.00000E+00 1.13558E-01 1.87548E-01 2.97654E-01 2.99138E-01 4.14581E-01 4.75211E-01 1.87548E-01 1.13558E-01 0.00000E+00 4.67359E+00
0.00000E+00 1.36693E-01 2.10005E-01 3.18935E-01 3.20701E-01 4.40060E-01 5.02616E-01 2.10005E-01 1.36693E-01 0.00000E+00 5.13317E+00
0.00000E+00 1.54505E-01 2.27295E-01 3.35318E-01 3.37304E-01 4.59615E-01 5.23676E-01 2.27295E-01 1.54505E-01 0.00000E+00 5.46980E+00
5.41656E-03 1.59109E-01 2.31747E-01 3.39507E-01 3.41556E-01 4.64708E-01 5.29211E-01 2.31747E-01 1.59109E-01 5.41656E-03 5.55739E+00
3.32697E-02 1.83137E-01 2.55048E-01 3.61552E-01 3.63908E-01 4.91002E-01 5.57621E-01 2.55048E-01 1.83137E-01 3.32697E-02 5.93837E+00
6.13164E-02 2.07420E-01 2.78600E-01 3.83840E-01 3.86507E-01 5.17443E-01 5.86217E-01 2.78600E-01 2.07420E-01 6.13164E-02 6.28078E+00
8.88556E-02 2.31252E-01 3.01694E-01 4.05659E-01 4.08640E-01 5.43324E-01 6.14292E-01 3.01694E-01 2.31252E-01 8.88556E-02 6.58913E+00
1.15765E-01 2.54508E-01 3.24204E-01 4.26883E-01 4.30182E-01 5.68517E-01 6.41717E-01 3.24204E-01 2.54508E-01 1.15765E-01 6.86284E+00
1.41935E-01 2.77078E-01 3.46021E-01 4.47401E-01 4.51021E-01 5.92908E-01 6.68373E-01 3.46021E-01 2.77078E-01 1.41935E-01 7.10096E+00
1.67273E-01 2.98868E-01 3.67048E-01 4.67118E-01 4.71061E-01 6.16399E-01 6.94159E-01 3.67048E-01 2.98868E-01 1.67273E-01 7.30364E+00
1.91699E-01 3.19798E-01 3.87207E-01 4.85952E-01 4.90222E-01 6.38907E-01 7.18990E-01 3.87207E-01 3.19798E-01 1.91699E-01 7.47158E+00
2.15134E-01 3.39788E-01 4.06417E-01 5.03825E-01 5.08422E-01 6.60348E-01 7.42778E-01 4.06417E-01 3.39788E-01 2.15134E-01 7.60543E+00
2.37506E-01 3.58766E-01 4.24605E-01 5.20663E-01 5.25588E-01 6.80647E-01 7.65443E-01 4.24605E-01 3.58766E-01 2.37506E-01 7.70616E+00
2.58750E-01 3.76667E-01 4.41708E-01 5.36402E-01 5.41655E-01 6.99736E-01 7.86914E-01 4.41708E-01 3.76667E-01 2.58750E-01 7.77499E+00
2.78812E-01 3.93437E-01 4.57670E-01 5.50988E-01 5.56569E-01 7.17556E-01 8.07127E-01 4.57670E-01 3.93437E-01 2.78812E-01 7.81335E+00
2.97644E-01 4.09030E-01 4.72445E-01 5.64374E-01 5.70281E-01 7.34057E-01 8.26028E-01 4.72445E-01 4.09030E-01 2.97644E-01 7.82287E+00
3.15209E-01 4.23407E-01 4.85995E-01 5.76523E-01 5.82755E-01 7.49200E-01 8.43572E-01 4.85995E-01 4.23407E-01 3.15209E-01 7.80533E+00
3.31480E-01 4.36542E-01 4.98294E-01 5.87409E-01 5.93963E-01 7.62953E-01 8.59725E-01 4.98294E-01 4.36542E-01 3.31480E-01 7.76263E+00
3.46435E-01 4.48415E-01 5.09322E-01 5.97013E-01 6.03885E-01 7.75295E-01 8.74459E-01 5.09322E-01 4.48415E-01 3.46435E-01 7.69673E+00
3.60042E-01 4.58993E-01 5.19046E-01 6.05302E-01 6.12489E-01 7.86187E-01 8.87731E-01 5.19046E-01 4.58993E-01 3.60042E-01 7.60931E+00
3.72313E-01 4.68289E-01 5.27480E-01 6.12290E-01 6.19786E-01 7.95642E-01 8.99547E-01 5.27480E-01 4.68289E-01 3.72313E-01 7.50271E+00
0.00000E+00 0.00000E+00 7.52916E-02 1.88128E-01 1.88329E-01 2.99361E-01 3.52354E-01 7.52916E-02 0.00000E+00 0.00000E+00 2.11507E+00
0.00000E+00 1.96908E-02 9.42586E-02 2.05804E-01 2.06351E-01 3.22223E-01 3.77468E-01 9.42586E-02 1.96908E-02 0.00000E+00 2.63878E+00
0.00000E+00 4.06544E-02 1.14511E-01 2.24790E-01 2.25680E-01 3.46144E-01 4.03640E-01 1.14511E-01 4.06544E-02 0.00000E+00 3.12476E+00
0.00000E+00 6.15084E-02 1.34662E-01 2.43690E-01 2.44921E-01 3.69779E-01 4.29537E-01 1.34662E-01 6.15084E-02 0.00000E+00 3.58343E+00
0.00000E+00 8.22116E-02 1.54666E-01 2.62454E-01 2.64028E-01 3.93099E-01 4.55129E-01 1.54666E-01 8.22116E-02 0.00000E+00 4.01358E+00
0.00000E+00 1.02688E-01 1.74448E-01 2.81004E-01 2.82919E-01 4.16031E-01 4.80346E-01 1.74448E-01 1.02688E-01 0.00000E+00 4.41298E+00
0.00000E+00 1.22876E-01 1.93942E-01 2.99270E-01 3.01527E-01 4.38524E-01 5.05136E-01 1.93942E-01 1.22876E-01 0.00000E+00 4.78160E+00
0.00000E+00 1.38282E-01 2.08810E-01 3.13190E-01 3.15712E-01 4.55623E-01 5.24020E-01 2.08810E-01 1.38282E-01 0.00000E+00 5.04729E+00
4.72666E-03 1.42224E-01 2.12596E-01 3.16699E-01 3.19298E-01 4.60035E-01 5.28954E-01 2.12596E-01 1.42224E-01 4.72666E-03 5.11481E+00
2.89285E-02 1.62736E-01 2.32359E-01 3.35145E-01 3.38111E-01 4.82705E-01 5.54117E-01 2.32359E-01 1.62736E-01 2.89285E-02 5.40301E+00
5.30618E-02 1.83246E-01 2.52114E-01 3.53569E-01 3.56905E-01 5.05231E-01 5.79165E-01 2.52114E-01 1.83246E-01 5.30618E-02 5.65417E+00
7.65254E-02 2.03148E-01 2.71250E-01 3.71362E-01 3.75070E-01 5.27006E-01 6.03493E-01 2.71250E-01 2.03148E-01 7.65254E-02 5.87311E+00
9.92259E-02 2.22346E-01 2.89672E-01 3.88427E-01 3.92508E-01 5.47935E-01 6.26999E-01 2.89672E-01 2.22346E-01 9.92259E-02 6.06006E+00
1.21080E-01 2.40755E-01 3.07296E-01 4.04680E-01 4.09135E-01 5.67927E-01 6.49593E-01 3.07296E-01 2.40755E-01 1.21080E-01 6.21493E+00
1.42024E-01 2.58312E-01 3.24056E-01 4.20054E-01 4.24884E-01 5.86915E-01 6.71200E-01 3.24056E-01 2.58312E-01 1.42024E-01 6.33855E+00
1.62007E-01 2.74965E-01 3.39902E-01 4.34499E-01 4.39703E-01 6.04847E-01 6.91766E-01 3.39902E-01 2.74965E-01 1.62007E-01 6.43216E+00
1.80977E-01 2.90660E-01 3.54780E-01 4.47962E-01 4.53539E-01 6.21666E-01 7.11228E-01 3.54780E-01 2.90660E-01 1.80977E-01 6.49692E+00
1.98889E-01 3.05353E-01 3.68645E-01 4.60398E-01 4.66346E-01 6.37326E-01 7.29535E-01 3.68645E-01 3.05353E-01 1.98889E-01 6.53418E+00
2.15706E-01 3.19007E-01 3.81460E-01 4.71770E-01 4.78087E-01 6.51785E-01 7.46641E-01 3.81460E-01 3.19007E-01 2.15706E-01 6.54546E+00
2.31397E-01 3.31591E-01 3.93194E-01 4.82050E-01 4.88731E-01 6.65012E-01 7.62509E-01 3.93194E-01 3.31591E-01 2.31397E-01 6.53240E+00
2.45940E-01 3.43083E-01 4.03828E-01 4.91215E-01 4.98256E-01 6.76981E-01 7.77109E-01 4.03828E-01 3.43083E-01 2.45940E-01 6.49677E+00
2.59322E-01 3.53470E-01 4.13345E-01 4.99253E-01 5.06649E-01 6.87677E-01 7.90419E-01 4.13345E-01 3.53470E-01 2.59322E-01 6.44037E+00
2.71534E-01 3.62744E-01 4.21740E-01 5.06158E-01 5.13902E-01 6.97092E-01 8.02426E-01 4.21740E-01 3.62744E-01 2.71534E-01 6.36508E+00
2.82577E-01 3.70905E-01 4.29013E-01 5.11931E-01 5.20017E-01 7.05223E-01 8.13122E-01 4.29013E-01 3.70905E-01 2.82577E-01 6.27277E+00
2.92439E-01 3.77943E-01 4.35154E-01 5.16562E-01 5.24982E-01 7.12055E-01 8.22486E-01 4.35154E-01 3.77943E-01 2.92439E-01 6.16507E+00
3.01145E-01 3.83883E-01 4.40188E-01 5.20079E-01 5.28824E-01 7.17616E-01 8.30540E-01 4.40188E-01 3.83883E-01 3.01145E-01 6.04402E+00
0.00000E+00 0.00000E+00 7.33883E-02 1.83266E-01 1.83675E-01 3.13599E-01 3.69059E-01 7.33883E-02 0.00000E+00 0.00000E+00 2.23943E+00
0.00000E+00 1.81035E-02 9.07445E-02 1.99255E-01 2.00097E-01 3.34852E-01 3.93077E-01 9.07445E-02 1.81035E-02 0.00000E+00 2.69054E+00
0.00000E+00 3.71223E-02 1.09026E-01 2.16192E-01 2.17460E-01 3.56765E-01 4.17732E-01 1.09026E-01 3.71223E-02 0.00000E+00 3.10032E+00
0.00000E+00 5.57977E-02 1.26969E-01 2.32802E-01 2.34493E-01 3.78123E-01 4.41822E-01 1.26969E-01 5.57977E-02 0.00000E+00 3.47961E+00
0.00000E+00 7.41119E-02 1.44553E-01 2.49063E-01 2.51173E-01 3.98921E-01 4.65346E-01 1.44553E-01 7.41119E-02 0.00000E+00 3.82830E+00
0.00000E+00 9.20047E-02 1.61717E-01 2.64909E-01 2.67436E-01 4.19104E-01 4.88251E-01 1.61717E-01 9.20047E-02 0.00000E+00 4.14518E+00
0.00000E+00 1.09441E-01 1.78424E-01 2.80302E-01 2.83242E-01 4.38651E-01 5.10514E-01 1.78424E-01 1.09441E-01 0.00000E+00 4.43119E+00
0.00000E+00 1.22624E-01 1.91041E-01 2.91902E-01 2.95161E-01 4.53358E-01 5.27321E-01 1.91041E-01 1.22624E-01 0.00000E+00 4.63338E+00
4.09039E-03 1.25962E-01 1.94213E-01 2.94778E-01 2.98129E-01 4.57111E-01 5.31685E-01 1.94213E-01 1.25962E-01 4.09039E-03 4.68316E+00
2.49433E-02 1.43277E-01 2.10739E-01 3.09891E-01 3.13678E-01 4.76314E-01 5.53795E-01 2.10739E-01 1.43277E-01 2.49433E-02 4.89012E+00
4.55297E-02 1.60400E-01 2.27062E-01 3.24786E-01 3.29010E-01 4.95150E-01 5.75550E-01 2.27062E-01 1.60400E-01 4.55297E-02 5.06281E+00
6.53417E-02 1.76814E-01 2.42665E-01 3.38948E-01 3.43607E-01 5.13105E-01 5.96439E-01 2.42665E-01 1.76814E-01 6.53417E-02 5.20620E+00
8.43133E-02 1.92452E-01 2.57480E-01 3.52307E-01 3.57401E-01 5.30111E-01 6.16388E-01 2.57480E-01 1.92452E-01 8.43133E-02 5.32116E+00
1.02385E-01 2.07254E-01 2.71449E-01 3.64805E-01 3.70329E-01 5.46104E-01 6.35328E-01 2.71449E-01 2.07254E-01 1.02385E-01 5.40820E+00
1.19519E-01 2.21182E-01 2.84531E-01 3.76400E-01 3.82353E-01 5.61042E-01 6.53214E-01 2.84531E-01 2.21182E-01 1.19519E-01 5.46864E+00
1.35690E-01 2.34207E-01 2.96699E-01 3.87068E-01 3.93444E-01 5.74900E-01 6.70014E-01 2.96699E-01 2.34207E-01 1.35690E-01 5.50406E+00
1.50869E-01 2.46302E-01 3.07924E-01 3.96780E-01 4.03574E-01 5.87646E-01 6.85691E-01 3.07924E-01 2.46302E-01 1.50869E-01 5.51591E+00
1.65033E-01 2.57442E-01 3.18185E-01 4.05514E-01 4.12721E-01 5.99256E-01 7.00214E-01 3.18185E-01 2.57442E-01 1.65033E-01 5.50575E+00
1.78167E-01 2.67613E-01 3.27465E-01 4.13256E-01 4.20867E-01 6.09712E-01 7.13562E-01 3.27465E-01 2.67613E-01 1.78167E-01 5.47522E+00
1.90262E-01 2.76804E-01 3.35754E-01 4.19995E-01 4.28003E-01 6.19003E-01 7.25716E-01 3.35754E-01 2.76804E-01 1.90262E-01 5.42603E+00
2.01313E-01 2.85013E-01 3.43051E-01 4.25732E-01 4.34128E-01 6.27125E-01 7.36667E-01 3.43051E-01 2.85013E-01 2.01313E-01 5.35991E+00
2.11325E-01 2.92242E-01 3.49358E-01 4.30470E-01 4.39244E-01 6.34080E-01 7.46411E-01 3.49358E-01 2.92242E-01 2.11325E-01 5.27860E+00
2.20305E-01 2.98500E-01 3.54685E-01 4.34220E-01 4.43361E-01 6.39877E-01 7.54951E-01 3.54685E-01 2.98500E-01 2.20305E-01 5.18382E+00
2.28269E-01 3.03801E-01 3.59047E-01 4.36998E-01 4.46494E-01 6.44530E-01 7.62295E-01 3.59047E-01 3.03801E-01 2.28269E-01 5.07726E+00
2.35219E-01 3.08150E-01 3.62448E-01 4.38810E-01 4.48648E-01 6.48039E-01 7.68436E-01 3.62448E-01 3.08150E-01 2.35219E-01 4.96041E+00
2.41190E-01 3.11580E-01 3.64923E-01 4.39691E-01 4.49859E-01 6.50443E-01 7.73407E-01 3.64923E-01 3.11580E-01 2.41190E-01 4.83499E+00
0.00000E+00 0.00000E+00 7.17295E-02 1.78923E-01 1.79724E-01 3.29571E-01 3.88767E-01 7.17295E-02 0.00000E+00 0.00000E+00 2.33417E+00
0.00000E+00 1.64702E-02 8.74023E-02 1.93103E-01 1.94445E-01 3.48969E-01 4.11517E-01 8.74023E-02 1.64702E-02 0.00000E+00 2.71283E+00
0.00000E+00 3.35490E-02 1.03692E-01 2.07923E-01 2.09793E-01 3.68689E-01 4.34531E-01 1.03692E-01 3.35490E-02 0.00000E+00 3.04884E+00
0.00000E+00 5.01055E-02 1.19464E-01 2.22238E-01 2.24627E-01 3.87643E-01 4.56743E-01 1.19464E-01 5.01055E-02 0.00000E+00 3.35317E+00
0.00000E+00 6.61444E-02 1.34719E-01 2.36047E-01 2.38947E-01 4.05855E-01 4.78179E-01 1.34719E-01 6.61444E-02 0.00000E+00 3.62666E+00
0.00000E+00 8.16225E-02 1.49414E-01 2.49301E-01 2.52704E-01 4.23285E-01 4.98802E-01 1.49414E-01 8.16225E-02 0.00000E+00 3.86896E+00
0.00000E+00 9.65295E-02 1.63536E-01 2.61987E-01 2.65884E-01 4.39938E-01 5.18620E-01 1.63536E-01 9.65295E-02 0.00000E+00 4.08177E+00
1.66533E-16 1.07694E-01 1.74092E-01 2.71434E-01 2.75708E-01 4.52330E-01 5.33443E-01 1.74092E-01 1.07694E-01 1.66533E-16 4.22853E+00
3.51152E-03 1.10490E-01 1.76709E-01 2.73727E-01 2.78111E-01 4.55451E-01 5.37267E-01 1.76709E-01 1.10490E-01 3.51152E-03 4.26306E+00
2.13357E-02 1.24951E-01 1.90321E-01 2.85798E-01 2.90694E-01 4.71359E-01 5.56509E-01 1.90321E-01 1.24951E-01 2.13357E-02 4.40088E+00
3.87559E-02 1.39088E-01 2.03596E-01 2.97520E-01 3.02924E-01 4.86740E-01 5.75213E-01 2.03596E-01 1.39088E-01 3.87559E-02 4.50814E+00
5.53491E-02 1.52470E-01 2.16104E-01 3.08462E-01 3.14368E-01 5.01167E-01 5.92954E-01 2.16104E-01 1.52470E-01 5.53491E-02 4.58979E+00
7.10735E-02 1.65053E-01 2.27802E-01 3.18579E-01 3.24980E-01 5.14596E-01 6.09681E-01 2.27802E-01 1.65053E-01 7.10735E-02 4.64708E+00
8.58914E-02 1.76800E-01 2.38651E-01 3.27835E-01 3.34723E-01 5.26985E-01 6.25349E-01 2.38651E-01 1.76800E-01 8.58914E-02 4.68100E+00
9.97863E-02 1.87691E-01 2.48632E-01 3.36210E-01 3.43577E-01 5.38316E-01 6.39932E-01 2.48632E-01 1.87691E-01 9.97863E-02 4.69311E+00
1.12752E-01 1.97719E-01 2.57740E-01 3.43701E-01 3.51535E-01 5.48583E-01 6.53420E-01 2.57740E-01 1.97719E-01 1.12752E-01 4.68513E+00
1.24780E-01 2.06875E-01 2.65963E-01 3.50297E-01 3.58588E-01 5.57776E-01 6.65794E-01 2.65963E-01 2.06875E-01 1.24780E-01 4.65864E+00
1.35865E-01 2.15153E-01 2.73298E-01 3.55994E-01 3.64731E-01 5.65888E-01 6.77045E-01 2.73298E-01 2.15153E-01 1.35865E-01 4.61523E+00
1.46008E-01 2.22553E-01 2.79745E-01 3.60796E-01 3.69965E-01 5.72921E-01 6.87165E-01 2.79745E-01 2.22553E-01 1.46008E-01 4.55654E+00
1.55214E-01 2.29081E-01 2.85309E-01 3.64707E-01 3.74295E-01 5.78878E-01 6.96154E-01 2.85309E-01 2.29081E-01 1.55214E-01 4.48419E+00
1.63495E-01 2.34747E-01 2.90002E-01 3.67742E-01 3.77733E-01 5.83772E-01 7.04016E-01 2.90002E-01 2.34747E-01 1.63495E-01 4.39979E+00
1.70866E-01 2.39565E-01 2.93840E-01 3.69917E-01 3.80296E-01 5.87618E-01 7.10760E-01 2.93840E-01 2.39565E-01 1.70866E-01 4.30491E+00
1.77346E-01 2.43556E-01 2.96842E-01 3.71253E-01 3.82003E-01 5.90436E-01 7.16402E-01 2.96842E-01 2.43556E-01 1.77346E-01 4.20105E+00
1.82959E-01 2.46743E-01 2.99033E-01 3.71776E-01 3.82880E-01 5.92252E-01 7.20960E-01 2.99033E-01 2.46743E-01 1.82959E-01 4.08966E+00
1.87718E-01 2.49138E-01 3.00426E-01 3.71501E-01 3.82941E-01 5.93077E-01 7.24438E-01 3.00426E-01 2.49138E-01 1.87718E-01 3.97204E+00
1.91663E-01 2.50782E-01 3.01063E-01 3.70472E-01 3.82228E-01 5.92954E-01 7.26875E-01 3.01063E-01 2.50782E-01 1.91663E-01 3.84956E+00
0.00000E+00 0.00000E+00 7.00626E-02 1.74395E-01 1.75918E-01 3.46326E-01 4.11115E-01 7.00626E-02 0.00000E+00 0.00000E+00 2.39977E+00
0.00000E+00 1.47690E-02 8.39665E-02 1.86645E-01 1.88835E-01 3.63641E-01 4.32401E-01 8.39665E-02 1.47690E-02 0.00000E+00 2.70566E+00
0.00000E+00 2.98719E-02 9.82129E-02 1.99265E-01 2.02099E-01 3.80977E-01 4.53605E-01 9.82129E-02 2.98719E-02 0.00000E+00 2.96904E+00
0.00000E+00 4.43102E-02 1.11798E-01 2.11241E-01 2.14702E-01 3.97381E-01 4.73804E-01 1.11798E-01 4.43102E-02 0.00000E+00 3.20087E+00
0.00000E+00 5.81095E-02 1.24746E-01 2.22592E-01 2.26663E-01 4.12898E-01 4.93049E-01 1.24746E-01 5.81095E-02 0.00000E+00 3.40274E+00
0.00000E+00 7.12435E-02 1.37028E-01 2.33289E-01 2.37954E-01 4.27507E-01 5.11320E-01 1.37028E-01 7.12435E-02 0.00000E+00 3.57505E+00
0.00000E+00 8.37243E-02 1.48656E-01 2.43338E-01 2.48582E-01 4.41236E-01 5.28652E-01 1.48656E-01 8.37243E-02 0.00000E+00 3.72007E+00
1.38778E-16 9.29703E-02 1.57240E-01 2.50704E-01 2.56387E-01 4.51312E-01 5.41478E-01 1.57240E-01 9.29703E-02 1.38778E-16 3.81603E+00
2.95542E-03 9.52544E-02 1.59331E-01 2.52441E-01 2.58248E-01 4.53802E-01 5.44760E-01 1.59331E-01 9.52544E-02 2.95542E-03 3.83674E+00
1.78831E-02 1.07035E-01 1.70189E-01 2.61612E-01 2.68009E-01 4.66453E-01 5.61148E-01 1.70189E-01 1.07035E-01 1.78831E-02 3.91240E+00
3.23047E-02 1.18393E-01 1.80612E-01 2.70341E-01 2.77313E-01 4.78454E-01 5.76847E-01 1.80612E-01 1.18393E-01 3.23047E-02 3.96165E+00
4.58779E-02 1.28979E-01 1.90252E-01 2.78276E-01 2.85810E-01 4.89461E-01 5.91511E-01 1.90252E-01 1.28979E-01 4.58779E-02 3.98929E+00
5.85826E-02 1.38771E-01 1.99085E-01 2.85395E-01 2.93477E-01 4.99453E-01 6.05114E-01 1.99085E-01 1.38771E-01 5.85826E-02 3.99687E+00
7.04005E-02 1.47748E-01 2.07094E-01 2.91680E-01 3.00295E-01 5.08406E-01 6.17627E-01 2.07094E-01 1.47748E-01 7.04005E-02 3.98565E+00
8.13336E-02 1.55913E-01 2.14277E-01 2.97132E-01 3.06263E-01 5.16323E-01 6.29046E-01 2.14277E-01 1.55913E-01 8.13336E-02 3.95736E+00
9.13931E-02 1.63273E-01 2.20646E-01 3.01763E-01 3.11393E-01 5.23217E-01 6.39378E-01 2.20646E-01 1.63273E-01 9.13931E-02 3.91376E+00
1.00585E-01 1.69835E-01 2.26206E-01 3.05580E-01 3.15691E-01 5.29094E-01 6.48623E-01 2.26206E-01 1.69835E-01 1.00585E-01 3.85643E+00
1.08921E-01 1.75607E-01 2.30967E-01 3.08594E-01 3.19167E-01 5.33964E-01 6.56785E-01 2.30967E-01 1.75607E-01 1.08921E-01 3.78696E+00
1.16414E-01 1.80604E-01 2.34943E-01 3.10820E-01 3.21835E-01 5.37842E-01 6.63871E-01 2.34943E-01 1.80604E-01 1.16414E-01 3.70688E+00
1.23082E-01 1.84842E-01 2.38153E-01 3.12279E-01 3.23714E-01 5.40747E-01 6.69896E-01 2.38153E-01 1.84842E-01 1.23082E-01 3.61768E+00
1.28947E-01 1.88342E-01 2.40617E-01 3.12993E-01 3.24827E-01 5.42701E-01 6.74876E-01 2.40617E-01 1.88342E-01 1.28947E-01 3.52080E+00
1.34034E-01 1.91129E-01 2.42362E-01 3.12989E-01 3.25200E-01 5.43733E-01 6.78830E-01 2.42362E-01 1.91129E-01 1.34034E-01 3.41759E+00
1.38370E-01 1.93228E-01 2.43414E-01 3.12296E-01 3.24861E-01 5.43871E-01 6.81783E-01 2.43414E-01 1.93228E-01 1.38370E-01 3.30934E+00
1.41986E-01 1.94671E-01 2.43805E-01 3.10947E-01 3.23842E-01 5.43148E-01 6.83761E-01 2.43805E-01 1.94671E-01 1.41986E-01 3.19724E+00
1.44902E-01 1.95478E-01 2.43556E-01 3.08964E-01 3.22165E-01 5.41586E-01 6.84779E-01 2.43556E-01 1.95478E-01 1.44902E-01 3.08236E+00
1.47160E-01 1.95689E-01 2.42709E-01 3.06393E-01 3.19875E-01 5.39231E-01 6.84880E-01 2.42709E-01 1.95689E-01 1.47160E-01 2.96575E+00
0.00000E+00 0.00000E+00 6.85543E-02 1.70036E-01 1.72736E-01 3.63296E-01 4.35913E-01 6.85543E-02 0.00000E+00 0.00000E+00 2.41770E+00
0.00000E+00 1.30969E-02 8.06948E-02 1.80320E-01 1.83824E-01 3.78339E-01 4.55549E-01 8.06948E-02 1.30969E-02 0.00000E+00 2.65576E+00
0.00000E+00 2.63242E-02 9.29761E-02 1.90782E-01 1.95054E-01 3.93185E-01 4.74831E-01 9.29761E-02 2.63242E-02 0.00000E+00 2.85383E+00
0.00000E+00 3.88125E-02 1.04523E-01 2.00534E-01 2.05544E-01 4.07011E-01 4.92974E-01 1.04523E-01 3.88125E-02 0.00000E+00 3.02250E+00
0.00000E+00 5.06046E-02 1.15377E-01 2.09612E-01 2.15335E-01 4.19878E-01 5.10048E-01 1.15377E-01 5.06046E-02 0.00000E+00 3.16382E+00
0.00000E+00 6.16902E-02 1.25525E-01 2.18003E-01 2.24410E-01 4.31782E-01 5.26051E-01 1.25525E-01 6.16902E-02 0.00000E+00 3.27876E+00
0.00000E+00 7.20989E-02 1.34997E-01 2.25732E-01 2.32798E-01 4.42771E-01 5.41039E-01 1.34997E-01 7.20989E-02 0.00000E+00 3.36982E+00
1.66533E-16 7.97347E-02 1.41907E-01 2.31301E-01 2.38861E-01 4.50711E-01 5.52014E-01 1.41907E-01 7.97347E-02 1.66533E-16 3.42631E+00
2.48173E-03 8.15979E-02 1.43558E-01 2.32564E-01 2.40263E-01 4.52626E-01 5.54796E-01 1.43558E-01 8.15979E-02 2.48173E-03 3.43657E+00
1.49640E-02 9.11848E-02 1.52135E-01 2.39293E-01 2.47646E-01 4.62340E-01 5.68593E-01 1.52135E-01 9.11848E-02 1.49640E-02 3.46608E+00
2.69035E-02 1.00314E-01 1.60244E-01 2.45553E-01 2.54536E-01 4.71353E-01 5.81610E-01 1.60244E-01 1.00314E-01 2.69035E-02 3.47383E+00
3.80256E-02 1.08705E-01 1.67604E-01 2.51060E-01 2.60651E-01 4.79388E-01 5.93571E-01 1.67604E-01 1.08705E-01 3.80256E-02 3.46427E+00
4.83268E-02 1.16350E-01 1.74208E-01 2.55809E-01 2.65983E-01 4.86442E-01 6.04468E-01 1.74208E-01 1.16350E-01 4.83268E-02 3.43903E+00
5.78034E-02 1.23246E-01 1.80053E-01 2.59797E-01 2.70530E-01 4.92508E-01 6.14288E-01 1.80053E-01 1.23246E-01 5.78034E-02 3.39945E+00
6.64703E-02 1.29404E-01 1.85152E-01 2.63038E-01 2.74304E-01 4.97603E-01 6.23040E-01 1.85152E-01 1.29404E-01 6.64703E-02 3.34717E+00
7.43494E-02 1.34846E-01 1.89525E-01 2.65554E-01 2.77327E-01 5.01750E-01 6.30743E-01 1.89525E-01 1.34846E-01 7.43494E-02 3.28383E+00
8.14573E-02 1.39586E-01 1.93188E-01 2.67363E-01 2.79616E-01 5.04968E-01 6.37410E-01 1.93188E-01 1.39586E-01 8.14573E-02 3.21089E+00
8.78134E-02 1.43641E-01 1.96160E-01 2.68485E-01 2.81191E-01 5.07276E-01 6.43054E-01 1.96160E-01 1.43641E-01 8.78134E-02 3.12974E+00
9.34395E-02 1.47034E-01 1.98464E-01 2.68944E-01 2.82074E-01 5.08701E-01 6.47695E-01 1.98464E-01 1.47034E-01 9.34395E-02 3.04172E+00
9.83602E-02 1.49787E-01 2.00123E-01 2.68766E-01 2.82290E-01 5.09267E-01 6.51351E-01 2.00123E-01 1.49787E-01 9.83602E-02 2.94809E+00
1.02602E-01 1.51927E-01 2.01163E-01 2.67978E-01 2.81868E-01 5.09005E-01 6.54048E-01 2.01163E-01 1.51927E-01 1.02602E-01 2.85005E+00
1.06194E-01 1.53480E-01 2.01615E-01 2.66611E-01 2.80837E-01 5.07947E-01 6.55811E-01 2.01615E-01 1.53480E-01 1.06194E-01 2.74869E+00
1.09165E-01 1.54476E-01 2.01507E-01 2.64697E-01 2.79230E-01 5.06126E-01 6.56669E-01 2.01507E-01 1.54476E-01 1.09165E-01 2.64502E+00
1.11549E-01 1.54946E-01 2.00872E-01 2.62270E-01 2.77079E-01 5.03578E-01 6.56654E-01 2.00872E-01 1.54946E-01 1.11549E-01 2.53998E+00
1.13368E-01 1.54913E-01 1.99735E-01 2.59356E-01 2.74411E-01 5.00330E-01 6.55782E-01 1.99735E-01 1.54913E-01 1.13368E-01 2.43438E+00
1.14662E-01 1.54417E-01 1.98136E-01 2.55996E-01 2.71268E-01 4.96427E-01 6.54099E-01 1.98136E-01 1.54417E-01 1.14662E-01 2.32901E+00
0.00000E+00 0.00000E+00 6.71880E-02 1.65718E-01 1.70221E-01 3.79764E-01 4.62832E-01 6.71880E-02 0.00000E+00 0.00000E+00 2.37896E+00
0.00000E+00 1.15079E-02 7.76236E-02 1.74058E-01 1.79503E-01 3.92387E-01 4.80635E-01 7.76236E-02 1.15079E-02 0.00000E+00 2.55723E+00
0.00000E+00 2.30260E-02 8.80841E-02 1.82475E-01 1.88807E-01 4.04693E-01 4.97901E-01 8.80841E-02 2.30260E-02 0.00000E+00 2.70041E+00
0.00000E+00 3.38059E-02 9.78144E-02 1.90198E-01 1.97373E-01 4.15978E-01 5.13970E-01 9.78144E-02 3.38059E-02 0.00000E+00 2.81840E+00
0.00000E+00 4.39026E-02 1.06868E-01 1.97276E-01 2.05252E-01 4.26314E-01 5.28929E-01 1.06868E-01 4.39026E-02 0.00000E+00 2.91339E+00
0.00000E+00 5.33199E-02 1.15246E-01 2.03708E-01 2.12444E-01 4.35712E-01 5.42792E-01 1.15246E-01 5.33199E-02 0.00000E+00 2.98657E+00
0.00000E+00 6.20984E-02 1.22988E-01 2.09530E-01 2.18987E-01 4.44229E-01 5.55628E-01 1.22988E-01 6.20984E-02 0.00000E+00 3.04039E+00
0.00000E+00 6.85023E-02 1.28592E-01 2.13662E-01 2.23654E-01 4.50286E-01 5.64938E-01 1.28592E-01 6.85023E-02 0.00000E+00 3.07086E+00
2.10996E-03 7.00532E-02 1.29910E-01 2.14554E-01 2.24696E-01 4.51698E-01 5.67275E-01 1.29910E-01 7.00532E-02 2.10996E-03 3.07461E+00
1.26994E-02 7.80295E-02 1.36777E-01 2.19406E-01 2.30242E-01 4.58895E-01 5.78801E-01 1.36777E-01 7.80295E-02 1.26994E-02 3.07658E+00
2.27779E-02 8.55796E-02 1.43211E-01 2.23832E-01 2.35327E-01 4.65415E-01 5.89527E-01 1.43211E-01 8.55796E-02 2.27779E-02 3.06170E+00
3.21225E-02 9.24738E-02 1.48981E-01 2.27601E-01 2.39721E-01 4.71032E-01 5.99227E-01 1.48981E-01 9.24738E-02 3.21225E-02 3.03391E+00
4.07396E-02 9.87158E-02 1.54091E-01 2.30719E-01 2.43427E-01 4.75754E-01 6.07907E-01 1.54091E-01 9.87158E-02 4.07396E-02 2.99465E+00
4.86348E-02 1.04310E-01 1.58547E-01 2.33190E-01 2.46452E-01 4.79586E-01 6.15561E-01 1.58547E-01 1.04310E-01 4.86348E-02 2.94511E+00
5.58291E-02 1.09275E-01 1.62368E-01 2.35037E-01 2.48815E-01 4.82551E-01 6.22209E-01 1.62368E-01 1.09275E-01 5.58291E-02 2.88666E+00
6.23482E-02 1.13633E-01 1.65579E-01 2.36285E-01 2.50543E-01 4.84678E-01 6.27877E-01 1.65579E-01 1.13633E-01 6.23482E-02 2.82063E+00
6.82125E-02 1.17405E-01 1.68198E-01 2.36954E-01 2.51655E-01 4.85991E-01 6.32581E-01 1.68198E-01 1.17405E-01 6.82125E-02 2.74819E+00
7.34438E-02 1.20609E-01 1.70247E-01 2.37068E-01 2.52176E-01 4.86515E-01 6.36341E-01 1.70247E-01 1.20609E-01 7.34438E-02 2.67042E+00
7.80653E-02 1.23269E-01 1.71749E-01 2.36652E-01 2.52128E-01 4.86275E-01 6.39178E-01 1.71749E-01 1.23269E-01 7.80653E-02 2.58838E+00
8.21016E-02 1.25406E-01 1.72728E-01 2.35730E-01 2.51538E-01 4.85301E-01 6.41116E-01 1.72728E-01 1.25406E-01 8.21016E-02 2.50300E+00
8.55785E-02 1.27046E-01 1.73211E-01 2.34331E-01 2.50434E-01 4.83623E-01 6.42180E-01 1.73211E-01 1.27046E-01 8.55785E-02 2.41518E+00
8.85228E-02 1.28214E-01 1.73223E-01 2.32482E-01 2.48843E-01 4.81272E-01 6.42398E-01 1.73223E-01 1.28214E-01 8.85228E-02 2.32572E+00
9.09621E-02 1.28938E-01 1.72793E-01 2.30213E-01 2.46796E-01 4.78282E-01 6.41798E-01 1.72793E-01 1.28938E-01 9.09621E-02 2.23535E+00
9.29246E-02 1.29242E-01 1.71948E-01 2.27553E-01 2.44322E-01 4.74685E-01 6.40410E-01 1.71948E-01 1.29242E-01 9.29246E-02 2.14473E+00
9.44312E-02 1.29149E-01 1.70711E-01 2.24526E-01 2.41445E-01 4.70507E-01 6.38253E-01 1.70711E-01 1.29149E-01 9.44312E-02 2.05446E+00
9.55163E-02 1.28691E-01 1.69114E-01 2.21167E-01 2.38201E-01 4.65790E-01 6.35368E-01 1.69114E-01 1.28691E-01 9.55163E-02 1.96505E+00
0.00000E+00 0.00000E+00 6.55348E-02 1.60224E-01 1.67450E-01 3.94868E-01 4.90933E-01 6.55348E-02 0.00000E+00 0.00000E+00 2.30570E+00
0.00000E+00 9.96080E-03 7.42947E-02 1.66648E-01 1.74916E-01 4.05010E-01 5.06734E-01 7.42947E-02 9.96080E-03 0.00000E+00 2.42976E+00
0.00000E+00 1.98339E-02 8.29880E-02 1.73076E-01 1.82312E-01 4.14748E-01 5.21843E-01 8.29880E-02 1.98339E-02 0.00000E+00 2.52379E+00
0.00000E+00 2.89848E-02 9.09723E-02 1.78849E-01 1.88990E-01 4.23486E-01 5.35719E-01 9.09723E-02 2.89848E-02 0.00000E+00 2.59680E+00
0.00000E+00 3.74762E-02 9.83080E-02 1.84020E-01 1.95008E-01 4.31305E-01 5.48460E-01 9.83080E-02 3.74762E-02 0.00000E+00 2.65095E+00
0.00000E+00 4.53218E-02 1.05007E-01 1.88600E-01 2.00377E-01 4.38223E-01 5.60091E-01 1.05007E-01 4.53218E-02 0.00000E+00 2.68758E+00
0.00000E+00 5.25698E-02 1.11117E-01 1.92628E-01 2.05142E-01 4.44307E-01 5.70693E-01 1.11117E-01 5.25698E-02 0.00000E+00 2.70893E+00
0.00000E+00 5.78189E-02 1.15489E-01 1.95413E-01 2.08466E-01 4.48513E-01 5.78278E-01 1.15489E-01 5.78189E-02 0.00000E+00 2.71678E+00
1.75775E-03 5.90778E-02 1.16494E-01 1.95961E-01 2.09162E-01 4.49431E-01 5.80149E-01 1.16494E-01 5.90778E-02 1.75775E-03 2.71491E+00
1.05542E-02 6.55456E-02 1.21752E-01 1.99059E-01 2.12944E-01 4.54159E-01 5.89323E-01 1.21752E-01 6.55456E-02 1.05542E-02 2.69327E+00
1.88697E-02 7.16148E-02 1.26609E-01 2.01778E-01 2.16298E-01 4.58236E-01 5.97674E-01 1.26609E-01 7.16148E-02 1.88697E-02 2.65902E+00
2.65274E-02 7.71021E-02 1.30880E-01 2.03930E-01 2.19038E-01 4.61483E-01 6.05028E-01 1.30880E-01 7.71021E-02 2.65274E-02 2.61561E+00
3.35416E-02 8.20189E-02 1.34579E-01 2.05529E-01 2.21178E-01 4.63917E-01 6.11396E-01 1.34579E-01 8.20189E-02 3.35416E-02 2.56426E+00
3.99245E-02 8.63759E-02 1.37715E-01 2.06588E-01 2.22729E-01 4.65550E-01 6.16785E-01 1.37715E-01 8.63759E-02 3.99245E-02 2.50602E+00
4.57013E-02 9.01958E-02 1.40313E-01 2.07130E-01 2.23719E-01 4.66411E-01 6.21218E-01 1.40313E-01 9.01958E-02 4.57013E-02 2.44201E+00
5.09003E-02 9.35042E-02 1.42400E-01 2.07184E-01 2.24174E-01 4.66534E-01 6.24728E-01 1.42400E-01 9.35042E-02 5.09003E-02 2.37328E+00
5.55443E-02 9.63223E-02 1.43998E-01 2.06774E-01 2.24119E-01 4.65946E-01 6.27337E-01 1.43998E-01 9.63223E-02 5.55443E-02 2.30077E+00
5.96569E-02 9.86717E-02 1.45129E-01 2.05923E-01 2.23578E-01 4.64674E-01 6.29068E-01 1.45129E-01 9.86717E-02 5.96569E-02 2.22530E+00
6.32622E-02 1.00575E-01 1.45817E-01 2.04657E-01 2.22578E-01 4.62748E-01 6.29946E-01 1.45817E-01 1.00575E-01 6.32622E-02 2.14768E+00
6.63846E-02 1.02055E-01 1.46086E-01 2.03001E-01 2.21144E-01 4.60198E-01 6.29998E-01 1.46086E-01 1.02055E-01 6.63846E-02 2.06861E+00
6.90492E-02 1.03136E-01 1.45962E-01 2.00981E-01 2.19304E-01 4.57054E-01 6.29252E-01 1.45962E-01 1.03136E-01 6.90492E-02 1.98873E+00
7.12813E-02 1.03841E-01 1.45469E-01 1.98623E-01 2.17084E-01 4.53349E-01 6.27736E-01 1.45469E-01 1.03841E-01 7.12813E-02 1.90861E+00
7.31065E-02 1.04195E-01 1.44632E-01 1.95954E-01 2.14513E-01 4.49114E-01 6.25481E-01 1.44632E-01 1.04195E-01 7.31065E-02 1.82878E+00
7.45500E-02 1.04221E-01 1.43477E-01 1.93000E-01 2.11617E-01 4.44382E-01 6.22516E-01 1.43477E-01 1.04221E-01 7.45500E-02 1.74968E+00
7.56313E-02 1.03939E-01 1.42025E-01 1.89783E-01 2.08421E-01 4.39177E-01 6.18862E-01 1.42025E-01 1.03939E-01 7.56313E-02 1.67171E+00
7.63801E-02 1.03377E-01 1.40303E-01 1.86332E-01 2.04953E-01 4.33539E-01 6.14559E-01 1.40303E-01 1.03377E-01 7.63801E-02 1.59522E+00
0.00000E+00 0.00000E+00 6.36081E-02 1.53548E-01 1.64493E-01 4.07897E-01 5.19582E-01 6.36081E-02 0.00000E+00 0.00000E+00 2.19205E+00
0.00000E+00 8.52429E-03 7.07930E-02 1.58171E-01 1.70200E-01 4.15561E-01 5.33235E-01 7.07930E-02 8.52429E-03 0.00000E+00 2.27081E+00
0.00000E+00 1.68991E-02 7.78583E-02 1.62769E-01 1.75786E-01 4.22784E-01 5.46090E-01 7.78583E-02 1.68991E-02 0.00000E+00 2.32478E+00
0.00000E+00 2.45913E-02 8.42617E-02 1.66779E-01 1.80701E-01 4.29061E-01 5.57708E-01 8.42617E-02 2.45913E-02 0.00000E+00 2.36193E+00
0.00000E+00 3.16660E-02 9.00653E-02 1.70255E-01 1.85007E-01 4.34476E-01 5.68193E-01 9.00653E-02 3.16660E-02 0.00000E+00 2.38422E+00
0.00000E+00 3.81429E-02 9.52874E-02 1.73212E-01 1.88720E-01 4.39052E-01 5.77577E-01 9.52874E-02 3.81429E-02 0.00000E+00 2.39292E+00
0.00000E+00 4.40726E-02 9.99761E-02 1.75691E-01 1.91889E-01 4.42856E-01 5.85945E-01 9.99761E-02 4.40726E-02 0.00000E+00 2.38999E+00
5.55112E-17 4.83350E-02 1.03286E-01 1.77323E-01 1.94015E-01 4.45339E-01 5.91813E-01 1.03286E-01 4.83350E-02 5.55112E-17 2.38121E+00
1.45116E-03 4.93468E-02 1.04023E-01 1.77579E-01 1.94404E-01 4.45796E-01 5.93219E-01 1.04023E-01 4.93468E-02 1.45116E-03 2.37534E+00
8.69156E-03 5.45385E-02 1.07908E-01 1.79199E-01 1.96631E-01 4.48243E-01 6.00063E-01 1.07908E-01 5.45385E-02 8.69156E-03 2.33731E+00
1.54872E-02 5.93634E-02 1.11429E-01 1.80491E-01 1.98468E-01 4.50076E-01 6.06074E-01 1.11429E-01 5.93634E-02 1.54872E-02 2.29018E+00
2.16988E-02 6.36761E-02 1.14441E-01 1.81307E-01 1.99770E-01 4.51156E-01 6.11117E-01 1.14441E-01 6.36761E-02 2.16988E-02 2.23682E+00
2.73448E-02 6.74921E-02 1.16959E-01 1.81663E-01 2.00555E-01 4.51503E-01 6.15212E-01 1.16959E-01 6.74921E-02 2.73448E-02 2.17828E+00
3.24408E-02 7.08255E-02 1.18998E-01 1.81575E-01 2.00839E-01 4.51136E-01 6.18368E-01 1.18998E-01 7.08255E-02 3.24408E-02 2.11538E+00
3.70136E-02 7.37003E-02 1.20584E-01 1.81069E-01 2.00649E-01 4.50086E-01 6.20616E-01 1.20584E-01 7.37003E-02 3.70136E-02 2.04904E+00
4.10918E-02 7.61424E-02 1.21743E-01 1.80173E-01 2.00015E-01 4.48389E-01 6.21991E-01 1.21743E-01 7.61424E-02 4.10918E-02 1.98006E+00
4.46987E-02 7.81735E-02 1.22498E-01 1.78909E-01 1.98962E-01 4.46073E-01 6.22517E-01 1.22498E-01 7.81735E-02 4.46987E-02 1.90916E+00
4.78581E-02 7.98152E-02 1.22872E-01 1.77302E-01 1.97515E-01 4.43168E-01 6.22224E-01 1.22872E-01 7.98152E-02 4.78581E-02 1.83698E+00
5.05933E-02 8.10895E-02 1.22887E-01 1.75374E-01 1.95699E-01 4.39704E-01 6.21138E-01 1.22887E-01 8.10895E-02 5.05933E-02 1.76409E+00
5.29281E-02 8.20183E-02 1.22568E-01 1.73152E-01 1.93540E-01 4.35711E-01 6.19288E-01 1.22568E-01 8.20183E-02 5.29281E-02 1.69104E+00
5.48860E-02 8.26238E-02 1.21937E-01 1.70657E-01 1.91065E-01 4.31221E-01 6.16704E-01 1.21937E-01 8.26238E-02 5.48860E-02 1.61827E+00
5.64905E-02 8.29280E-02 1.21017E-01 1.67915E-01 1.88299E-01 4.26264E-01 6.13416E-01 1.21017E-01 8.29280E-02 5.64905E-02 1.54620E+00
5.77650E-02 8.29527E-02 1.19831E-01 1.64948E-01 1.85267E-01 4.20873E-01 6.09456E-01 1.19831E-01 8.29527E-02 5.77650E-02 1.47519E+00
5.87323E-02 8.27194E-02 1.18403E-01 1.61781E-01 1.81994E-01 4.15077E-01 6.04855E-01 1.18403E-01 8.27194E-02 5.87323E-02 1.40553E+00
5.94103E-02 8.22454E-02 1.16749E-01 1.58432E-01 1.78502E-01 4.08903E-01 5.99635E-01 1.16749E-01 8.22454E-02 5.94103E-02 1.33752E+00
5.98248E-02 8.15546E-02 1.14896E-01 1.54926E-01 1.74819E-01 4.02386E-01 5.93837E-01 1.14896E-01 8.15546E-02 5.98248E-02 1.27135E+00
0.00000E+00 0.00000E+00 6.14029E-02 1.45688E-01 1.61327E-01 4.18586E-01 5.48153E-01 6.14029E-02 0.00000E+00 0.00000E+00 2.04158E+00
0.00000E+00 7.23743E-03 6.71604E-02 1.48701E-01 1.65371E-01 4.23833E-01 5.59548E-01 6.71604E-02 7.23743E-03 0.00000E+00 2.08521E+00
0.00000E+00 1.43021E-02 7.27860E-02 1.51703E-01 1.69288E-01 4.28649E-01 5.70089E-01 7.27860E-02 1.43021E-02 0.00000E+00 2.10939E+00
0.00000E+00 2.07486E-02 7.78232E-02 1.54213E-01 1.72614E-01 4.32610E-01 5.79424E-01 7.78232E-02 2.07486E-02 0.00000E+00 2.12090E+00
0.00000E+00 2.66397E-02 8.23314E-02 1.56279E-01 1.75406E-01 4.35792E-01 5.87659E-01 8.23314E-02 2.66397E-02 0.00000E+00 2.12136E+00
0.00000E+00 3.19977E-02 8.63309E-02 1.57917E-01 1.77684E-01 4.38223E-01 5.94826E-01 8.63309E-02 3.19977E-02 0.00000E+00 2.11186E+00
0.00000E+00 3.68715E-02 8.98680E-02 1.59166E-01 1.79494E-01 4.39965E-01 6.01015E-01 8.98680E-02 3.68715E-02 0.00000E+00 2.09397E+00
2.77556E-17 4.03563E-02 9.23312E-02 1.59900E-01 1.80617E-01 4.40905E-01 6.05219E-01 9.23312E-02 4.03563E-02 2.77556E-17 2.07548E+00
1.20292E-03 4.11772E-02 9.28574E-02 1.59934E-01 1.80752E-01 4.40952E-01 6.06172E-01 9.28574E-02 4.11772E-02 1.20292E-03 2.06749E+00
7.19228E-03 4.53872E-02 9.56738E-02 1.60433E-01 1.81701E-01 4.41379E-01 6.10776E-01 9.56738E-02 4.53872E-02 7.19228E-03 2.02159E+00
1.27857E-02 4.92732E-02 9.81766E-02 1.60671E-01 1.82316E-01 4.41250E-01 6.14556E-01 9.81766E-02 4.92732E-02 1.27857E-02 1.96938E+00
1.78723E-02 5.27185E-02 1.00248E-01 1.60525E-01 1.82481E-01 4.40452E-01 6.17409E-01 1.00248E-01 5.27185E-02 1.78723E-02 1.91324E+00
2.24711E-02 5.57395E-02 1.01905E-01 1.60013E-01 1.82215E-01 4.39010E-01 6.19356E-01 1.01905E-01 5.57395E-02 2.24711E-02 1.85395E+00
2.65986E-02 5.83509E-02 1.03163E-01 1.59150E-01 1.81536E-01 4.36943E-01 6.20413E-01 1.03163E-01 5.83509E-02 2.65986E-02 1.79214E+00
3.02805E-02 6.05757E-02 1.04047E-01 1.57961E-01 1.80470E-01 4.34283E-01 6.20612E-01 1.04047E-01 6.05757E-02 3.02805E-02 1.72848E+00
3.35434E-02 6.24380E-02 1.04581E-01 1.56470E-01 1.79044E-01 4.31064E-01 6.19990E-01 1.04581E-01 6.24380E-02 3.35434E-02 1.66357E+00
3.64093E-02 6.39578E-02 1.04786E-01 1.54698E-01 1.77284E-01 4.27317E-01 6.18573E-01 1.04786E-01 6.39578E-02 3.64093E-02 1.59791E+00
3.89000E-02 6.51551E-02 1.04684E-01 1.52666E-01 1.75213E-01 4.23069E-01 6.16392E-01 1.04684E-01 6.51551E-02 3.89000E-02 1.53197E+00
4.10370E-02 6.60498E-02 1.04294E-01 1.50397E-01 1.72854E-01 4.18350E-01 6.13476E-01 1.04294E-01 6.60498E-02 4.10370E-02 1.46617E+00
4.28415E-02 6.66615E-02 1.03639E-01 1.47909E-01 1.70231E-01 4.13191E-01 6.09855E-01 1.03639E-01 6.66615E-02 4.28415E-02 1.40088E+00
4.43347E-02 6.70097E-02 1.02738E-01 1.45225E-01 1.67368E-01 4.07619E-01 6.05560E-01 1.02738E-01 6.70097E-02 4.43347E-02 1.33642E+00
4.55374E-02 6.71138E-02 1.01612E-01 1.42365E-01 1.64287E-01 4.01667E-01 6.00622E-01 1.01612E-01 6.71138E-02 4.55374E-02 1.27308E+00
4.64698E-02 6.69927E-02 1.00280E-01 1.39347E-01 1.61012E-01 3.95362E-01 5.95074E-01 1.00280E-01 6.69927E-02 4.64698E-02 1.21110E+00
4.71520E-02 6.66650E-02 9.87624E-02 1.36193E-01 1.57564E-01 3.88735E-01 5.88949E-01 9.87624E-02 6.66650E-02 4.71520E-02 1.15068E+00
4.75996E-02 6.61455E-02 9.70751E-02 1.32918E-01 1.53963E-01 3.81809E-01 5.82270E-01 9.70751E-02 6.61455E-02 4.75996E-02 1.09202E+00
4.78346E-02 6.54546E-02 9.52387E-02 1.29543E-01 1.50232E-01 3.74618E-01 5.75076E-01 9.52387E-02 6.54546E-02 4.78346E-02 1.03525E+00
0.00000E+00 0.00000E+00 5.87848E-02 1.36376E-01 1.57549E-01 4.26996E-01 5.75981E-01 5.87848E-02 0.00000E+00 0.00000E+00 1.87330E+00
0.00000E+00 6.08209E-03 6.32577E-02 1.38006E-01 1.60022E-01 4.29934E-01 5.85038E-01 6.32577E-02 6.08209E-03 0.00000E+00 1.88985E+00
0.00000E+00 1.19797E-02 6.75991E-02 1.39650E-01 1.62381E-01 4.32469E-01 5.93210E-01 6.75991E-02 1.19797E-02 0.00000E+00 1.89144E+00
0.00000E+00 1.73234E-02 7.14269E-02 1.40896E-01 1.64235E-01 4.34244E-01 6.00219E-01 7.14269E-02 1.73234E-02 0.00000E+00 1.88379E+00
0.00000E+00 2.21722E-02 7.47957E-02 1.41786E-01 1.65636E-01 4.35329E-01 6.06167E-01 7.47957E-02 2.21722E-02 0.00000E+00 1.86814E+00
0.00000E+00 2.65486E-02 7.77261E-02 1.42335E-01 1.66603E-01 4.35751E-01 6.11089E-01 7.77261E-02 2.65486E-02 0.00000E+00 1.84542E+00
0.00000E+00 3.04989E-02 8.02604E-02 1.42576E-01 1.67179E-01 4.35567E-01 6.15073E-01 8.02604E-02 3.04989E-02 0.00000E+00 1.81682E+00
2.77556E-17 3.33047E-02 8.19884E-02 1.42580E-01 1.67394E-01 4.35067E-01 6.17596E-01 8.19884E-02 3.33047E-02 2.77556E-17 1.79151E+00
9.83849E-04 3.39593E-02 8.23332E-02 1.42435E-01 1.67299E-01 4.34730E-01 6.18089E-01 8.23332E-02 3.39593E-02 9.83849E-04 1.78211E+00
5.86972E-03 3.73132E-02 8.42258E-02 1.42034E-01 1.67099E-01 4.33277E-01 6.20429E-01 8.42258E-02 3.73132E-02 5.86972E-03 1.73131E+00
1.04037E-02 4.03807E-02 8.58501E-02 1.41429E-01 1.66621E-01 4.31325E-01 6.21960E-01 8.58501E-02 4.03807E-02 1.04037E-02 1.67637E+00
1.44989E-02 4.30696E-02 8.71127E-02 1.40523E-01 1.65773E-01 4.28785E-01 6.22602E-01 8.71127E-02 4.30696E-02 1.44989E-02 1.61919E+00
1.81747E-02 4.53965E-02 8.80308E-02 1.39331E-01 1.64575E-01 4.25683E-01 6.22384E-01 8.80308E-02 4.53965E-02 1.81747E-02 1.56037E+00
2.14480E-02 4.73767E-02 8.86205E-02 1.37869E-01 1.63044E-01 4.22040E-01 6.21322E-01 8.86205E-02 4.73767E-02 2.14480E-02 1.50041E+00
2.43429E-02 4.90317E-02 8.89043E-02 1.36160E-01 1.61208E-01 4.17889E-01 6.19452E-01 8.89043E-02 4.90317E-02 2.43429E-02 1.43979E+00
2.68846E-02 5.03842E-02 8.89052E-02 1.34224E-01 1.59091E-01 4.13263E-01 6.16812E-01 8.89052E-02 5.03842E-02 2.68846E-02 1.37895E+00
2.90936E-02 5.14529E-02 8.86429E-02 1.32082E-01 1.56717E-01 4.08191E-01 6.13434E-01 8.86429E-02 5.14529E-02 2.90936E-02 1.31825E+00
3.09901E-02 5.22563E-02 8.81367E-02 1.29751E-01 1.54109E-01 4.02703E-01 6.09348E-01 8.81367E-02 5.22563E-02 3.09901E-02 1.25805E+00
3.25940E-02 5.28126E-02 8.74057E-02 1.27251E-01 1.51287E-01 3.96828E-01 6.04586E-01 8.74057E-02 5.28126E-02 3.25940E-02 1.19863E+00
3.39248E-02 5.31397E-02 8.64687E-02 1.24599E-01 1.48273E-01 3.90594E-01 5.99180E-01 8.64687E-02 5.31397E-02 3.39248E-02 1.14026E+00
3.50015E-02 5.32552E-02 8.53439E-02 1.21814E-01 1.45090E-01 3.84031E-01 5.93164E-01 8.53439E-02 5.32552E-02 3.50015E-02 1.08316E+00
3.58427E-02 5.31762E-02 8.40492E-02 1.18912E-01 1.41757E-01 3.77167E-01 5.86571E-01 8.40492E-02 5.31762E-02 3.58427E-02 1.02753E+00
3.64665E-02 5.29195E-02 8.26022E-02 1.15911E-01 1.38296E-01 3.70031E-01 5.79434E-01 8.26022E-02 5.29195E-02 3.64665E-02 9.73513E-01
3.68905E-02 5.25012E-02 8.10196E-02 1.12827E-01 1.34724E-01 3.62651E-01 5.71788E-01 8.10196E-02 5.25012E-02 3.68905E-02 9.21251E-01
3.71286E-02 5.19347E-02 7.93158E-02 1.09673E-01 1.31060E-01 3.55052E-01 5.63657E-01 7.93158E-02 5.19347E-02 3.71286E-02 8.70875E-01
3.71997E-02 5.12371E-02 7.75082E-02 1.06468E-01 1.27323E-01 3.47262E-01 5.55084E-01 7.75082E-02 5.12371E-02 3.71997E-02 8.22440E-01
0.00000E+00 0.00000E+00 5.58014E-02 1.25959E-01 1.53048E-01 4.32894E-01 6.02544E-01 5.58014E-02 0.00000E+00 0.00000E+00 1.69052E+00
0.00000E+00 5.08891E-03 5.91691E-02 1.26480E-01 1.54088E-01 4.33656E-01 6.09205E-01 5.91691E-02 5.08891E-03 0.00000E+00 1.68866E+00
0.00000E+00 9.99809E-03 6.24233E-02 1.27050E-01 1.55053E-01 4.34068E-01 6.14980E-01 6.24233E-02 9.99809E-03 0.00000E+00 1.67567E+00
0.00000E+00 1.44215E-02 6.52432E-02 1.27318E-01 1.55608E-01 4.33826E-01 6.19650E-01 6.52432E-02 1.44215E-02 0.00000E+00 1.65620E+00
0.00000E+00 1.84123E-02 6.76765E-02 1.27316E-01 1.55799E-01 4.32991E-01 6.23312E-01 6.76765E-02 1.84123E-02 0.00000E+00 1.63118E+00
0.00000E+00 2.19916E-02 6.97421E-02 1.27056E-01 1.55644E-01 4.31586E-01 6.26001E-01 6.97421E-02 2.19916E-02 0.00000E+00 1.60131E+00
0.00000E+00 2.52012E-02 7.14771E-02 1.26565E-01 1.55179E-01 4.29664E-01 6.27801E-01 7.14771E-02 2.52012E-02 0.00000E+00 1.56747E+00
0.00000E+00 2.74679E-02 7.26259E-02 1.26048E-01 1.54637E-01 4.27872E-01 6.28666E-01 7.26259E-02 2.74679E-02 0.00000E+00 1.53916E+00
8.05950E-04 2.79922E-02 7.28301E-02 1.25781E-01 1.54352E-01 4.27190E-01 6.28702E-01 7.28301E-02 2.79922E-02 8.05950E-04 1.52935E+00
4.79938E-03 3.06765E-02 7.40078E-02 1.24758E-01 1.53210E-01 4.24061E-01 6.28815E-01 7.40078E-02 3.06765E-02 4.79938E-03 1.47795E+00
8.48479E-03 3.31112E-02 7.49624E-02 1.23585E-01 1.51850E-01 4.20494E-01 6.28143E-01 7.49624E-02 3.31112E-02 8.48479E-03 1.42393E+00
1.17936E-02 3.52229E-02 7.56189E-02 1.22183E-01 1.50199E-01 4.16421E-01 6.26629E-01 7.56189E-02 3.52229E-02 1.17936E-02 1.36882E+00
1.47444E-02 3.70278E-02 7.59935E-02 1.20566E-01 1.48274E-01 4.11867E-01 6.24301E-01 7.59935E-02 3.70278E-02 1.47444E-02 1.31307E+00
1.73531E-02 3.85402E-02 7.61016E-02 1.18748E-01 1.46095E-01 4.06853E-01 6.21180E-01 7.61016E-02 3.85402E-02 1.73531E-02 1.25704E+00
1.96420E-02 3.97800E-02 7.59634E-02 1.16749E-01 1.43684E-01 4.01412E-01 6.17304E-01 7.59634E-02 3.97800E-02 1.96420E-02 1.20110E+00
2.16339E-02 4.07675E-02 7.55995E-02 1.14586E-01 1.41066E-01 3.95576E-01 6.12713E-01 7.55995E-02 4.07675E-02 2.16339E-02 1.14555E+00
2.33475E-02 4.15200E-02 7.50278E-02 1.12277E-01 1.38261E-01 3.89374E-01 6.07440E-01 7.50278E-02 4.15200E-02 2.33475E-02 1.09067E+00
2.48013E-02 4.20540E-02 7.42654E-02 1.09836E-01 1.35288E-01 3.82834E-01 6.01519E-01 7.42654E-02 4.20540E-02 2.48013E-02 1.03670E+00
2.60130E-02 4.23860E-02 7.33294E-02 1.07281E-01 1.32169E-01 3.75985E-01 5.94984E-01 7.33294E-02 4.23860E-02 2.60130E-02 9.83866E-01
2.70001E-02 4.25318E-02 7.22361E-02 1.04625E-01 1.28922E-01 3.68855E-01 5.87870E-01 7.22361E-02 4.25318E-02 2.70001E-02 9.32348E-01
2.77796E-02 4.25072E-02 7.10017E-02 1.01885E-01 1.25565E-01 3.61471E-01 5.80210E-01 7.10017E-02 4.25072E-02 2.77796E-02 8.82303E-01
2.83679E-02 4.23271E-02 6.96417E-02 9.90746E-02 1.22118E-01 3.53862E-01 5.72041E-01 6.96417E-02 4.23271E-02 2.83679E-02 8.33861E-01
2.87809E-02 4.20062E-02 6.81711E-02 9.62075E-02 1.18596E-01 3.46054E-01 5.63396E-01 6.81711E-02 4.20062E-02 2.87809E-02 7.87124E-01
2.90339E-02 4.15586E-02 6.66043E-02 9.32969E-02 1.15017E-01 3.38074E-01 5.54313E-01 6.66043E-02 4.15586E-02 2.90339E-02 7.42171E-01
2.91392E-02 4.09958E-02 6.49538E-02 9.03553E-02 1.11396E-01 3.29945E-01 5.44818E-01 6.49538E-02 4.09958E-02 2.91392E-02 6.99093E-01
2.91129E-02 4.03324E-02 6.32340E-02 8.73951E-02 1.07749E-01 3.21696E-01 5.34953E-01 6.32340E-02 4.03324E-02 2.91129E-02 6.57904E-01
0.00000E+00 0.00000E+00 5.24604E-02 1.14745E-01 1.47557E-01 4.36471E-01 6.27453E-01 5.24604E-02 0.00000E+00 0.00000E+00 1.50597E+00
0.00000E+00 4.24405E-03 5.48975E-02 1.14434E-01 1.47313E-01 4.35199E-01 6.31671E-01 5.48975E-02 4.24405E-03 0.00000E+00 1.49250E+00
0.00000E+00 8.31939E-03 5.72452E-02 1.14207E-01 1.47047E-01 4.33640E-01 6.35023E-01 5.72452E-02 8.31939E-03 0.00000E+00 1.47082E+00
0.00000E+00 1.19727E-02 5.92333E-02 1.13759E-01 1.46470E-01 4.31534E-01 6.37337E-01 5.92333E-02 1.19727E-02 0.00000E+00 1.44470E+00
0.00000E+00 1.52505E-02 6.09022E-02 1.13117E-01 1.45619E-01 4.28933E-01 6.38702E-01 6.09022E-02 1.52505E-02 0.00000E+00 1.41480E+00
0.00000E+00 1.81724E-02 6.22684E-02 1.12288E-01 1.44510E-01 4.25857E-01 6.39153E-01 6.22684E-02 1.81724E-02 0.00000E+00 1.38161E+00
0.00000E+00 2.07752E-02 6.33634E-02 1.11292E-01 1.43170E-01 4.22350E-01 6.38771E-01 6.33634E-02 2.07752E-02 0.00000E+00 1.34580E+00
5.55112E-17 2.26026E-02 6.40524E-02 1.10424E-01 1.42000E-01 4.19382E-01 6.37981E-01 6.40524E-02 2.26026E-02 5.55112E-17 1.31671E+00
6.58711E-04 2.30217E-02 6.41467E-02 1.10079E-01 1.41559E-01 4.18387E-01 6.37559E-01 6.41467E-02 2.30217E-02 6.58711E-04 1.30701E+00
3.91518E-03 2.51648E-02 6.47646E-02 1.08650E-01 1.39647E-01 4.13741E-01 6.35456E-01 6.47646E-02 2.51648E-02 3.91518E-03 1.25725E+00
6.90360E-03 2.70914E-02 6.52005E-02 1.07117E-01 1.37579E-01 4.08722E-01 6.32600E-01 6.52005E-02 2.70914E-02 6.90360E-03 1.20589E+00
9.57004E-03 2.87433E-02 6.53941E-02 1.05415E-01 1.35293E-01 4.03275E-01 6.28951E-01 6.53941E-02 2.87433E-02 9.57004E-03 1.15419E+00
1.19318E-02 3.01356E-02 6.53604E-02 1.03556E-01 1.32807E-01 3.97426E-01 6.24541E-01 6.53604E-02 3.01356E-02 1.19318E-02 1.10248E+00
1.40039E-02 3.12817E-02 6.51134E-02 1.01552E-01 1.30137E-01 3.91196E-01 6.19393E-01 6.51134E-02 3.12817E-02 1.40039E-02 1.05104E+00
1.58065E-02 3.21998E-02 6.46713E-02 9.94194E-02 1.27306E-01 3.84617E-01 6.13547E-01 6.46713E-02 3.21998E-02 1.58065E-02 1.00015E+00
1.73601E-02 3.29080E-02 6.40523E-02 9.71734E-02 1.24333E-01 3.77720E-01 6.07047E-01 6.40523E-02 3.29080E-02 1.73601E-02 9.50027E-01
1.86816E-02 3.34219E-02 6.32721E-02 9.48280E-02 1.21236E-01 3.70533E-01 5.99927E-01 6.32721E-02 3.34219E-02 1.86816E-02 9.00887E-01
1.97876E-02 3.37565E-02 6.23459E-02 9.23967E-02 1.18034E-01 3.63084E-01 5.92223E-01 6.23459E-02 3.37565E-02 1.97876E-02 8.52912E-01
2.06941E-02 3.39264E-02 6.12885E-02 8.98926E-02 1.14743E-01 3.55400E-01 5.83973E-01 6.12885E-02 3.39264E-02 2.06941E-02 8.06258E-01
2.14167E-02 3.39458E-02 6.01145E-02 8.73286E-02 1.11379E-01 3.47509E-01 5.75211E-01 6.01145E-02 3.39458E-02 2.14167E-02 7.61059E-01
2.19703E-02 3.38284E-02 5.88377E-02 8.47169E-02 1.07960E-01 3.39436E-01 5.65975E-01 5.88377E-02 3.38284E-02 2.19703E-02 7.17422E-01
2.23694E-02 3.35875E-02 5.74713E-02 8.20695E-02 1.04500E-01 3.31209E-01 5.56302E-01 5.74713E-02 3.35875E-02 2.23694E-02 6.75435E-01
2.26278E-02 3.32357E-02 5.60283E-02 7.93975E-02 1.01013E-01 3.22853E-01 5.46229E-01 5.60283E-02 3.32357E-02 2.26278E-02 6.35160E-01
2.27588E-02 3.27852E-02 5.45206E-02 7.67116E-02 9.75135E-02 3.14393E-01 5.35791E-01 5.45206E-02 3.27852E-02 2.27588E-02 5.96641E-01
2.27732E-02 3.22461E-02 5.29591E-02 7.40220E-02 9.40140E-02 3.05851E-01 5.25019E-01 5.29591E-02 3.22461E-02 2.27732E-02 5.59933E-01
2.26847E-02 3.16308E-02 5.13556E-02 7.13384E-02 9.05268E-02 2.97254E-01 5.13955E-01 5.13556E-02 3.16308E-02 2.26847E-02 5.25025E-01
0.00000E+00 0.00000E+00 4.88401E-02 1.03301E-01 1.40899E-01 4.37782E-01 6.50319E-01 4.88401E-02 0.00000E+00 0.00000E+00 1.32840E+00
0.00000E+00 3.54128E-03 5.05199E-02 1.02414E-01 1.39555E-01 4.34622E-01 6.52055E-01 5.05199E-02 3.54128E-03 0.00000E+00 1.30871E+00
0.00000E+00 6.92772E-03 5.21362E-02 1.01637E-01 1.38249E-01 4.31251E-01 6.52964E-01 5.21362E-02 6.92772E-03 0.00000E+00 1.28292E+00
0.00000E+00 9.94898E-03 5.34601E-02 1.00708E-01 1.36730E-01 4.27438E-01 6.52908E-01 5.34601E-02 9.94898E-03 0.00000E+00 1.25405E+00
0.00000E+00 1.26457E-02 5.45249E-02 9.96451E-02 1.35025E-01 4.23226E-01 6.51970E-01 5.45249E-02 1.26457E-02 0.00000E+00 1.22256E+00
0.00000E+00 1.50350E-02 5.53446E-02 9.84531E-02 1.33145E-01 4.18632E-01 6.50184E-01 5.53446E-02 1.50350E-02 0.00000E+00 1.18882E+00
0.00000E+00 1.71496E-02 5.59452E-02 9.71451E-02 1.31111E-01 4.13692E-01 6.47627E-01 5.59452E-02 1.71496E-02 0.00000E+00 1.15332E+00
5.55112E-17 1.86254E-02 5.62825E-02 9.60653E-02 1.29449E-01 4.09668E-01 6.45192E-01 5.62825E-02 1.86254E-02 5.55112E-17 1.12495E+00
5.39102E-04 1.89608E-02 5.62942E-02 9.56786E-02 1.28888E-01 4.08389E-01 6.44312E-01 5.62942E-02 1.89608E-02 5.39102E-04 1.11572E+00
3.19826E-03 2.06742E-02 5.64911E-02 9.40216E-02 1.26388E-01 4.02386E-01 6.40014E-01 5.64911E-02 2.06742E-02 3.19826E-03 1.06896E+00
5.62478E-03 2.22001E-02 5.65422E-02 9.22971E-02 1.23790E-01 3.96075E-01 6.35004E-01 5.65422E-02 2.22001E-02 5.62478E-03 1.02127E+00
7.77629E-03 2.34924E-02 5.63988E-02 9.04504E-02 1.21042E-01 3.89412E-01 6.29256E-01 5.63988E-02 2.34924E-02 7.77629E-03 9.73671E-01
9.66869E-03 2.45649E-02 5.60743E-02 8.84918E-02 1.18161E-01 3.82423E-01 6.22806E-01 5.60743E-02 2.45649E-02 9.66869E-03 9.26432E-01
1.13159E-02 2.54302E-02 5.55816E-02 8.64322E-02 1.15162E-01 3.75131E-01 6.15680E-01 5.55816E-02 2.54302E-02 1.13159E-02 8.79784E-01
1.27360E-02 2.61046E-02 5.49367E-02 8.42847E-02 1.12062E-01 3.67565E-01 6.07920E-01 5.49367E-02 2.61046E-02 1.27360E-02 8.33938E-01
1.39473E-02 2.66044E-02 5.41552E-02 8.20622E-02 1.08878E-01 3.59755E-01 5.99573E-01 5.41552E-02 2.66044E-02 1.39473E-02 7.89073E-01
1.49653E-02 2.69435E-02 5.32511E-02 7.97763E-02 1.05627E-01 3.51729E-01 5.90674E-01 5.32511E-02 2.69435E-02 1.49653E-02 7.45353E-01
1.58046E-02 2.71354E-02 5.22377E-02 7.74384E-02 1.02323E-01 3.43513E-01 5.81263E-01 5.22377E-02 2.71354E-02 1.58046E-02 7.02918E-01
1.64796E-02 2.71931E-02 5.11278E-02 7.50593E-02 9.89801E-02 3.35134E-01 5.71378E-01 5.11278E-02 2.71931E-02 1.64796E-02 6.61889E-01
1.70039E-02 2.71292E-02 4.99339E-02 7.26498E-02 9.56126E-02 3.26617E-01 5.61057E-01 4.99339E-02 2.71292E-02 1.70039E-02 6.22363E-01
1.73909E-02 2.69558E-02 4.86678E-02 7.02198E-02 9.22334E-02 3.17988E-01 5.50339E-01 4.86678E-02 2.69558E-02 1.73909E-02 5.84415E-01
1.76532E-02 2.66844E-02 4.73410E-02 6.77791E-02 8.88548E-02 3.09271E-01 5.39262E-01 4.73410E-02 2.66844E-02 1.76532E-02 5.48100E-01
1.78028E-02 2.63261E-02 4.59640E-02 6.53367E-02 8.54882E-02 3.00491E-01 5.27864E-01 4.59640E-02 2.63261E-02 1.78028E-02 5.13454E-01
1.78513E-02 2.58913E-02 4.45470E-02 6.29012E-02 8.21445E-02 2.91671E-01 5.16182E-01 4.45470E-02 2.58913E-02 1.78513E-02 4.80494E-01
1.78079E-02 2.53888E-02 4.30993E-02 6.04808E-02 7.88342E-02 2.82833E-01 5.04249E-01 4.30993E-02 2.53888E-02 1.78079E-02 4.49253E-01
1.76844E-02 2.48291E-02 4.16301E-02 5.80830E-02 7.55663E-02 2.74000E-01 4.92105E-01 4.16301E-02 2.48291E-02 1.76844E-02 4.19699E-01
0.00000E+00 0.00000E+00 4.49611E-02 9.18916E-02 1.32914E-01 4.36874E-01 6.71082E-01 4.49611E-02 0.00000E+00 0.00000E+00 1.16171E+00
0.00000E+00 2.96196E-03 4.60406E-02 9.06497E-02 1.30663E-01 4.31955E-01 6.70264E-01 4.60406E-02 2.96196E-03 0.00000E+00 1.13990E+00
0.00000E+00 5.78331E-03 4.70814E-02 8.95347E-02 1.28514E-01 4.26906E-01 6.68677E-01 4.70814E-02 5.78331E-03 0.00000E+00 1.11333E+00
0.00000E+00 8.28878E-03 4.78882E-02 8.83193E-02 1.26244E-01 4.21520E-01 6.66207E-01 4.78882E-02 8.28878E-03 0.00000E+00 1.08448E+00
0.00000E+00 1.05135E-02 4.84879E-02 8.70154E-02 1.23871E-01 4.15831E-01 6.62931E-01 4.84879E-02 1.05135E-02 0.00000E+00 1.05368E+00
0.00000E+00 1.24727E-02 4.88919E-02 8.56261E-02 1.21401E-01 4.09851E-01 6.58883E-01 4.88919E-02 1.24727E-02 0.00000E+00 1.02122E+00
0.00000E+00 1.41950E-02 4.91215E-02 8.41597E-02 1.18847E-01 4.03611E-01 6.54134E-01 4.91215E-02 1.41950E-02 0.00000E+00 9.87490E-01
0.00000E+00 1.53896E-02 4.91979E-02 8.29799E-02 1.16825E-01 3.98630E-01 6.50047E-01 4.91979E-02 1.53896E-02 0.00000E+00 9.60752E-01
4.42184E-04 1.56585E-02 4.91501E-02 8.25797E-02 1.16179E-01 3.97096E-01 6.48707E-01 4.91501E-02 1.56585E-02 4.42184E-04 9.52189E-01
2.61830E-03 1.70308E-02 4.90415E-02 8.08334E-02 1.13265E-01 3.89873E-01 6.42212E-01 4.90415E-02 1.70308E-02 2.61830E-03 9.09155E-01
4.59266E-03 1.82406E-02 4.88183E-02 7.90462E-02 1.10306E-01 3.82408E-01 6.35059E-01 4.88183E-02 1.82406E-02 4.59266E-03 8.65576E-01
6.33197E-03 1.92514E-02 4.84409E-02 7.71727E-02 1.07260E-01 3.74668E-01 6.27233E-01 4.84409E-02 1.92514E-02 6.33197E-03 8.22314E-01
7.85081E-03 2.00760E-02 4.79214E-02 7.52215E-02 1.04140E-01 3.66678E-01 6.18771E-01 4.79214E-02 2.00760E-02 7.85081E-03 7.79595E-01
9.16193E-03 2.07259E-02 4.72711E-02 7.32021E-02 1.00959E-01 3.58459E-01 6.09704E-01 4.72711E-02 2.07259E-02 9.16193E-03 7.37624E-01
1.02817E-02 2.12158E-02 4.65040E-02 7.11255E-02 9.77309E-02 3.50041E-01 6.00078E-01 4.65040E-02 2.12158E-02 1.02817E-02 6.96583E-01
1.12264E-02 2.15604E-02 4.56338E-02 6.90022E-02 9.44698E-02 3.41452E-01 5.89939E-01 4.56338E-02 2.15604E-02 1.12264E-02 6.56620E-01
1.20099E-02 2.17721E-02 4.46725E-02 6.68421E-02 9.11884E-02 3.32717E-01 5.79326E-01 4.46725E-02 2.17721E-02 1.20099E-02 6.17873E-01
1.26453E-02 2.18631E-02 4.36315E-02 6.46546E-02 8.78987E-02 3.23864E-01 5.68281E-01 4.36315E-02 2.18631E-02 1.26453E-02 5.80457E-01
1.31455E-02 2.18449E-02 4.25221E-02 6.24489E-02 8.46123E-02 3.14916E-01 5.56843E-01 4.25221E-02 2.18449E-02 1.31455E-02 5.44465E-01
1.35224E-02 2.17286E-02 4.13546E-02 6.02337E-02 8.13399E-02 3.05899E-01 5.45052E-01 4.13546E-02 2.17286E-02 1.35224E-02 5.09970E-01
1.37879E-02 2.15249E-02 4.01394E-02 5.80174E-02 7.80918E-02 2.96835E-01 5.32948E-01 4.01394E-02 2.15249E-02 1.37879E-02 4.77024E-01
1.39528E-02 2.12437E-02 3.88857E-02 5.58076E-02 7.48774E-02 2.87749E-01 5.20571E-01 3.88857E-02 2.12437E-02 1.39528E-02 4.45661E-01
1.40277E-02 2.08947E-02 3.76026E-02 5.36117E-02 7.17053E-02 2.78662E-01 5.07959E-01 3.76026E-02 2.08947E-02 1.40277E-02 4.15895E-01
1.40225E-02 2.04869E-02 3.62983E-02 5.14365E-02 6.85835E-02 2.69596E-01 4.95149E-01 3.62983E-02 2.04869E-02 1.40225E-02 3.87726E-01
1.39453E-02 2.00279E-02 3.49806E-02 4.92888E-02 6.55202E-02 2.60572E-01 4.82176E-01 3.49806E-02 2.00279E-02 1.39453E-02 3.61166E-01
1.38058E-02 1.95262E-02 3.36568E-02 4.71740E-02 6.25215E-02 2.51608E-01 4.69080E-01 3.36568E-02 1.95262E-02 1.38058E-02 3.36169E-01
0.00000E+00 0.00000E+00 4.09507E-02 8.11244E-02 1.23629E-01 4.33914E-01 6.89376E-01 4.09507E-02 0.00000E+00 0.00000E+00 1.01287E+00
0.00000E+00 2.48589E-03 4.15676E-02 7.96872E-02 1.20690E-01 4.27366E-01 6.85936E-01 4.15676E-02 2.48589E-03 0.00000E+00 9.91167E-01
0.00000E+00 4.84318E-03 4.21662E-02 7.83830E-02 1.17913E-01 4.20773E-01 6.81805E-01 4.21662E-02 4.84318E-03 0.00000E+00 9.65487E-01
0.00000E+00 6.92555E-03 4.25790E-02 7.70148E-02 1.15095E-01 4.13946E-01 6.76885E-01 4.25790E-02 6.92555E-03 0.00000E+00 9.37905E-01
0.00000E+00 8.76371E-03 4.28276E-02 7.55904E-02 1.12247E-01 4.06907E-01 6.71246E-01 4.28276E-02 8.76371E-03 0.00000E+00 9.08705E-01
0.00000E+00 1.03713E-02 4.29213E-02 7.41115E-02 1.09371E-01 3.99669E-01 6.64921E-01 4.29213E-02 1.03713E-02 0.00000E+00 8.78152E-01
0.00000E+00 1.17736E-02 4.28776E-02 7.25832E-02 1.06473E-01 3.92254E-01 6.57978E-01 4.28776E-02 1.17736E-02 0.00000E+00 8.46586E-01
0.00000E+00 1.27395E-02 4.27643E-02 7.13718E-02 1.04219E-01 3.86414E-01 6.52242E-01 4.27643E-02 1.27395E-02 0.00000E+00 8.21680E-01
3.62887E-04 1.29545E-02 4.26747E-02 7.09746E-02 1.03523E-01 3.84650E-01 6.50443E-01 4.26747E-02 1.29545E-02 3.62887E-04 8.13789E-01
2.14428E-03 1.40505E-02 4.23493E-02 6.92206E-02 1.00362E-01 3.76338E-01 6.41770E-01 4.23493E-02 1.40505E-02 2.14428E-03 7.74395E-01
3.75028E-03 1.50053E-02 4.19354E-02 6.74448E-02 9.72038E-02 3.67853E-01 6.32505E-01 4.19354E-02 1.50053E-02 3.75028E-03 7.34698E-01
5.15501E-03 1.57904E-02 4.14009E-02 6.56095E-02 9.40113E-02 3.59168E-01 6.22643E-01 4.14009E-02 1.57904E-02 5.15501E-03 6.95445E-01
6.37190E-03 1.64175E-02 4.07563E-02 6.37222E-02 9.07947E-02 3.50306E-01 6.12224E-01 4.07563E-02 1.64175E-02 6.37190E-03 6.56845E-01
7.41271E-03 1.68974E-02 4.00121E-02 6.17913E-02 8.75648E-02 3.41291E-01 6.01282E-01 4.00121E-02 1.68974E-02 7.41271E-03 6.19089E-01
8.29223E-03 1.72433E-02 3.91801E-02 5.98261E-02 8.43328E-02 3.32149E-01 5.89865E-01 3.91801E-02 1.72433E-02 8.29223E-03 5.82342E-01
9.02512E-03 1.74686E-02 3.82723E-02 5.78354E-02 8.11091E-02 3.22908E-01 5.78019E-01 3.82723E-02 1.74686E-02 9.02512E-03 5.46734E-01
9.62375E-03 1.75843E-02 3.72990E-02 5.58277E-02 7.79035E-02 3.13592E-01 5.65787E-01 3.72990E-02 1.75843E-02 9.62375E-03 5.12381E-01
1.00999E-02 1.76013E-02 3.62702E-02 5.38108E-02 7.47254E-02 3.04225E-01 5.53211E-01 3.62702E-02 1.76013E-02 1.00999E-02 4.79380E-01
1.04650E-02 1.75300E-02 3.51952E-02 5.17926E-02 7.15833E-02 2.94831E-01 5.40333E-01 3.51952E-02 1.75300E-02 1.04650E-02 4.47803E-01
1.07297E-02 1.73801E-02 3.40830E-02 4.97801E-02 6.84853E-02 2.85433E-01 5.27192E-01 3.40830E-02 1.73801E-02 1.07297E-02 4.17701E-01
1.09042E-02 1.71609E-02 3.29421E-02 4.77801E-02 6.54389E-02 2.76052E-01 5.13831E-01 3.29421E-02 1.71609E-02 1.09042E-02 3.89109E-01
1.09981E-02 1.68812E-02 3.17804E-02 4.57991E-02 6.24508E-02 2.66710E-01 5.00287E-01 3.17804E-02 1.68812E-02 1.09981E-02 3.62038E-01
1.10205E-02 1.65492E-02 3.06051E-02 4.38428E-02 5.95270E-02 2.57427E-01 4.86600E-01 3.06051E-02 1.65492E-02 1.10205E-02 3.36488E-01
1.09799E-02 1.61726E-02 2.94230E-02 4.19165E-02 5.66729E-02 2.48221E-01 4.72808E-01 2.94230E-02 1.61726E-02 1.09799E-02 3.12440E-01
1.08833E-02 1.57580E-02 2.82403E-02 4.00258E-02 5.38947E-02 2.39114E-01 4.58945E-01 2.82403E-02 1.57580E-02 1.08833E-02 2.89892E-01
1.07389E-02 1.53125E-02 2.70628E-02 3.81746E-02 5.11955E-02 2.30120E-01 4.45048E-01 2.70628E-02 1.53125E-02 1.07389E-02 2.68786E-01
0.00000E+00 0.00000E+00 3.68781E-02 7.11748E-02 1.13216E-01 4.28927E-01 7.04876E-01 3.68781E-02 0.00000E+00 0.00000E+00 8.82924E-01
0.00000E+00 2.09971E-03 3.71552E-02 6.96637E-02 1.09811E-01 4.20875E-01 6.98746E-01 3.71552E-02 2.09971E-03 0.00000E+00 8.62734E-01
0.00000E+00 4.08065E-03 3.74297E-02 6.82833E-02 1.06619E-01 4.12869E-01 6.92028E-01 3.74297E-02 4.08065E-03 0.00000E+00 8.38907E-01
0.00000E+00 5.82017E-03 3.75570E-02 6.68630E-02 1.03456E-01 4.04727E-01 6.84627E-01 3.75570E-02 5.82017E-03 0.00000E+00 8.13267E-01
0.00000E+00 7.34557E-03 3.75546E-02 6.54080E-02 1.00321E-01 3.96466E-01 6.76609E-01 3.75546E-02 7.34557E-03 0.00000E+00 7.86109E-01
0.00000E+00 8.66932E-03 3.74304E-02 6.39192E-02 9.72173E-02 3.88095E-01 6.68005E-01 3.74304E-02 8.66932E-03 0.00000E+00 7.57713E-01
0.00000E+00 9.81421E-03 3.71986E-02 6.24001E-02 9.41421E-02 3.79628E-01 6.58877E-01 3.71986E-02 9.81421E-03 0.00000E+00 7.28424E-01
0.00000E+00 1.05966E-02 3.69573E-02 6.12072E-02 9.17812E-02 3.73024E-01 6.51510E-01 3.69573E-02 1.05966E-02 0.00000E+00 7.05357E-01
2.98894E-04 1.07686E-02 3.68413E-02 6.08247E-02 9.10676E-02 3.71057E-01 6.49257E-01 3.68413E-02 1.07686E-02 2.98894E-04 6.98108E-01
1.76223E-03 1.16441E-02 3.63760E-02 5.91221E-02 8.78167E-02 3.61787E-01 6.38442E-01 3.63760E-02 1.16441E-02 1.76223E-03 6.62103E-01
3.07258E-03 1.23968E-02 3.58435E-02 5.74108E-02 8.46075E-02 3.52414E-01 6.27118E-01 3.58435E-02 1.23968E-02 3.07258E-03 6.25949E-01
4.21003E-03 1.30042E-02 3.52178E-02 5.56599E-02 8.14075E-02 3.42916E-01 6.15285E-01 3.52178E-02 1.30042E-02 4.21003E-03 5.90311E-01
5.18700E-03 1.34774E-02 3.45081E-02 5.38759E-02 7.82238E-02 3.33315E-01 6.02985E-01 3.45081E-02 1.34774E-02 5.18700E-03 5.55393E-01
6.01442E-03 1.38264E-02 3.37238E-02 5.20663E-02 7.50651E-02 3.23634E-01 5.90255E-01 3.37238E-02 1.38264E-02 6.01442E-03 5.21384E-01
6.70569E-03 1.40633E-02 3.28753E-02 5.02392E-02 7.19393E-02 3.13899E-01 5.77146E-01 3.28753E-02 1.40633E-02 6.70569E-03 4.88436E-01
7.27401E-03 1.41999E-02 3.19728E-02 4.84022E-02 6.88539E-02 3.04134E-01 5.63703E-01 3.19728E-02 1.41999E-02 7.27401E-03 4.56665E-01
7.73050E-03 1.42465E-02 3.10251E-02 4.65625E-02 6.58157E-02 2.94363E-01 5.49971E-01 3.10251E-02 1.42465E-02 7.73050E-03 4.26171E-01
8.08576E-03 1.42126E-02 3.00407E-02 4.47268E-02 6.28316E-02 2.84607E-01 5.35992E-01 3.00407E-02 1.42126E-02 8.08576E-03 3.97033E-01
8.34983E-03 1.41075E-02 2.90277E-02 4.29015E-02 5.99074E-02 2.74889E-01 5.21808E-01 2.90277E-02 1.41075E-02 8.34983E-03 3.69305E-01
8.53219E-03 1.39398E-02 2.79935E-02 4.10927E-02 5.70488E-02 2.65230E-01 5.07460E-01 2.79935E-02 1.39398E-02 8.53219E-03 3.43022E-01
8.64177E-03 1.37175E-02 2.69451E-02 3.93060E-02 5.42606E-02 2.55648E-01 4.92989E-01 2.69451E-02 1.37175E-02 8.64177E-03 3.18197E-01
8.68694E-03 1.34484E-02 2.58889E-02 3.75463E-02 5.15473E-02 2.46164E-01 4.78434E-01 2.58889E-02 1.34484E-02 8.68694E-03 2.94828E-01
8.67549E-03 1.31394E-02 2.48309E-02 3.58183E-02 4.89124E-02 2.36795E-01 4.63831E-01 2.48309E-02 1.31394E-02 8.67549E-03 2.72897E-01
8.61466E-03 1.27971E-02 2.37764E-02 3.41261E-02 4.63591E-02 2.27557E-01 4.49217E-01 2.37764E-02 1.27971E-02 8.61466E-03 2.52372E-01
8.51050E-03 1.24271E-02 2.27304E-02 3.24741E-02 4.38915E-02 2.18468E-01 4.34628E-01 2.27304E-02 1.24271E-02 8.51050E-03 2.33237E-01
8.36979E-03 1.20354E-02 2.16973E-02 3.08652E-02 4.15106E-02 2.09541E-01 4.20097E-01 2.16973E-02 1.20354E-02 8.36979E-03 2.15424E-01
0.00000E+00 0.00000E+00 3.28375E-02 6.22511E-02 1.01936E-01 4.22058E-01 7.17303E-01 3.28375E-02 0.00000E+00 0.00000E+00 7.72655E-01
0.00000E+00 1.78027E-03 3.28708E-02 6.07293E-02 9.82823E-02 4.12614E-01 7.08419E-01 3.28708E-02 1.78027E-03 0.00000E+00 7.54111E-01
0.00000E+00 3.44930E-03 3.29123E-02 5.93309E-02 9.48794E-02 4.03308E-01 6.99073E-01 3.29123E-02 3.44930E-03 0.00000E+00 7.32061E-01
0.00000E+00 4.90442E-03 3.28367E-02 5.79086E-02 9.15576E-02 3.93966E-01 6.89169E-01 3.28367E-02 4.90442E-03 0.00000E+00 7.08170E-01
0.00000E+00 6.17041E-03 3.26590E-02 5.64663E-02 8.83124E-02 3.84597E-01 6.78766E-01 3.26590E-02 6.17041E-03 0.00000E+00 6.82784E-01
0.00000E+00 7.25906E-03 3.23857E-02 5.50048E-02 8.51409E-02 3.75207E-01 6.67894E-01 3.23857E-02 7.25906E-03 0.00000E+00 6.56224E-01
0.00000E+00 8.19120E-03 3.20287E-02 5.35266E-02 8.20374E-02 3.65804E-01 6.56609E-01 3.20287E-02 8.19120E-03 0.00000E+00 6.28864E-01
0.00000E+00 8.82228E-03 3.17047E-02 5.23737E-02 7.96771E-02 3.58525E-01 6.47639E-01 3.17047E-02 8.82228E-03 0.00000E+00 6.07357E-01
2.46042E-04 8.95901E-03 3.15736E-02 5.20104E-02 7.89745E-02 3.56378E-01 6.44942E-01 3.15736E-02 8.95901E-03 2.46042E-04 6.00652E-01
1.44705E-03 9.65380E-03 3.10240E-02 5.03830E-02 7.57693E-02 3.46273E-01 6.32045E-01 3.10240E-02 9.65380E-03 1.44705E-03 5.67526E-01
2.51438E-03 1.02416E-02 3.04246E-02 4.87567E-02 7.26352E-02 3.36136E-01 6.18735E-01 3.04246E-02 1.02416E-02 2.51438E-03 5.34399E-01
3.43307E-03 1.07053E-02 2.97543E-02 4.71062E-02 6.95432E-02 3.25949E-01 6.05018E-01 2.97543E-02 1.07053E-02 3.43307E-03 5.01872E-01
4.21468E-03 1.10552E-02 2.90214E-02 4.54375E-02 6.64979E-02 3.15733E-01 5.90938E-01 2.90214E-02 1.10552E-02 4.21468E-03 4.70146E-01
4.86940E-03 1.13006E-02 2.82342E-02 4.37576E-02 6.35057E-02 3.05510E-01 5.76534E-01 2.82342E-02 1.13006E-02 4.86940E-03 4.39401E-01
5.40942E-03 1.14526E-02 2.74018E-02 4.20734E-02 6.05719E-02 2.95304E-01 5.61855E-01 2.74018E-02 1.14526E-02 5.40942E-03 4.09776E-01
5.84663E-03 1.15219E-02 2.65328E-02 4.03915E-02 5.77011E-02 2.85138E-01 5.46949E-01 2.65328E-02 1.15219E-02 5.84663E-03 3.81371E-01
6.19103E-03 1.15176E-02 2.56348E-02 3.87179E-02 5.48978E-02 2.75031E-01 5.31859E-01 2.56348E-02 1.15176E-02 6.19103E-03 3.54269E-01
6.45209E-03 1.14483E-02 2.47150E-02 3.70584E-02 5.21665E-02 2.65005E-01 5.16628E-01 2.47150E-02 1.14483E-02 6.45209E-03 3.28528E-01
6.63872E-03 1.13222E-02 2.37801E-02 3.54184E-02 4.95107E-02 2.55079E-01 5.01296E-01 2.37801E-02 1.13222E-02 6.63872E-03 3.04184E-01
6.75924E-03 1.11468E-02 2.28363E-02 3.38028E-02 4.69339E-02 2.45271E-01 4.85905E-01 2.28363E-02 1.11468E-02 6.75924E-03 2.81250E-01
6.82144E-03 1.09291E-02 2.18893E-02 3.22160E-02 4.44387E-02 2.35600E-01 4.70493E-01 2.18893E-02 1.09291E-02 6.82144E-03 2.59724E-01
6.83253E-03 1.06758E-02 2.09442E-02 3.06621E-02 4.20275E-02 2.26080E-01 4.55097E-01 2.09442E-02 1.06758E-02 6.83253E-03 2.39585E-01
6.79920E-03 1.03927E-02 2.00057E-02 2.91446E-02 3.97020E-02 2.16727E-01 4.39752E-01 2.00057E-02 1.03927E-02 6.79920E-03 2.20801E-01
6.72759E-03 1.00854E-02 1.90780E-02 2.76666E-02 3.74636E-02 2.07554E-01 4.24494E-01 1.90780E-02 1.00854E-02 6.72759E-03 2.03328E-01
6.62283E-03 9.75857E-03 1.81650E-02 2.62315E-02 3.53145E-02 1.98578E-01 4.09356E-01 1.81650E-02 9.75857E-03 6.62283E-03 1.87136E-01
6.49055E-03 9.41712E-03 1.72699E-02 2.48410E-02 3.32541E-02 1.89808E-01 3.94368E-01 1.72699E-02 9.41712E-03 6.49055E-03 1.72151E-01
0.00000E+00 0.00000E+00 2.89037E-02 5.43308E-02 9.01875E-02 4.13363E-01 7.26241E-01 2.89037E-02 0.00000E+00 0.00000E+00 6.80711E-01
0.00000E+00 1.51568E-03 2.87730E-02 5.28360E-02 8.64806E-02 4.02637E-01 7.14569E-01 2.87730E-02 1.51568E-03 0.00000E+00 6.63486E-01
0.00000E+00 2.92612E-03 2.86567E-02 5.14555E-02 8.30476E-02 3.92146E-01 7.02585E-01 2.86567E-02 2.92612E-03 0.00000E+00 6.42806E-01
0.00000E+00 4.14554E-03 2.84470E-02 5.00620E-02 7.97332E-02 3.81718E-01 6.90190E-01 2.84470E-02 4.14554E-03 0.00000E+00 6.20245E-01
0.00000E+00 5.19689E-03 2.81563E-02 4.86591E-02 7.65280E-02 3.71356E-01 6.77432E-01 2.81563E-02 5.19689E-03 0.00000E+00 5.96215E-01
0.00000E+00 6.09158E-03 2.77907E-02 4.72478E-02 7.34273E-02 3.61062E-01 6.64340E-01 2.77907E-02 6.09158E-03 0.00000E+00 5.71090E-01
0.00000E+00 6.84893E-03 2.73605E-02 4.58303E-02 7.04214E-02 3.50840E-01 6.50959E-01 2.73605E-02 6.84893E-03 0.00000E+00 5.45275E-01
0.00000E+00 7.35624E-03 2.69912E-02 4.47308E-02 6.81520E-02 3.42976E-01 6.40445E-01 2.69912E-02 7.35624E-03 0.00000E+00 5.25045E-01
2.02608E-04 7.46425E-03 2.68541E-02 4.43892E-02 6.74841E-02 3.40676E-01 6.37322E-01 2.68541E-02 7.46425E-03 2.02608E-04 5.18793E-01
1.18843E-03 8.01234E-03 2.62657E-02 4.28513E-02 6.44359E-02 3.29860E-01 6.22438E-01 2.62657E-02 8.01234E-03 1.18843E-03 4.88079E-01
2.05739E-03 8.46742E-03 2.56415E-02 4.13224E-02 6.14785E-02 3.19086E-01 6.07254E-01 2.56415E-02 8.46742E-03 2.05739E-03 4.57529E-01
2.79853E-03 8.81659E-03 2.49644E-02 3.97818E-02 5.85860E-02 3.08337E-01 5.91777E-01 2.49644E-02 8.81659E-03 2.79853E-03 4.27684E-01
3.42266E-03 9.06956E-03 2.42418E-02 3.82352E-02 5.57609E-02 2.97632E-01 5.76051E-01 2.42418E-02 9.06956E-03 3.42266E-03 3.98736E-01
3.93928E-03 9.23505E-03 2.34811E-02 3.66887E-02 5.30076E-02 2.86994E-01 5.60119E-01 2.34811E-02 9.23505E-03 3.93928E-03 3.70855E-01
4.35948E-03 9.32311E-03 2.26902E-02 3.51485E-02 5.03291E-02 2.76442E-01 5.44027E-01 2.26902E-02 9.32311E-03 4.35948E-03 3.44160E-01
4.69394E-03 9.34334E-03 2.18763E-02 3.36201E-02 4.77276E-02 2.65997E-01 5.27822E-01 2.18763E-02 9.34334E-03 4.69394E-03 3.18731E-01
4.95166E-03 9.30392E-03 2.10460E-02 3.21087E-02 4.52058E-02 2.55676E-01 5.11545E-01 2.10460E-02 9.30392E-03 4.95166E-03 2.94629E-01
5.14105E-03 9.21250E-03 2.02052E-02 3.06191E-02 4.27659E-02 2.45498E-01 4.95237E-01 2.02052E-02 9.21250E-03 5.14105E-03 2.71891E-01
5.26996E-03 9.07618E-03 1.93594E-02 2.91556E-02 4.04097E-02 2.35480E-01 4.78939E-01 1.93594E-02 9.07618E-03 5.26996E-03 2.50531E-01
5.34569E-03 8.90156E-03 1.85137E-02 2.77222E-02 3.81388E-02 2.25636E-01 4.62689E-01 1.85137E-02 8.90156E-03 5.34569E-03 2.30544E-01
5.37495E-03 8.69470E-03 1.76727E-02 2.63223E-02 3.59541E-02 2.15982E-01 4.46522E-01 1.76727E-02 8.69470E-03 5.37495E-03 2.11908E-01
5.36396E-03 8.46115E-03 1.68404E-02 2.49591E-02 3.38564E-02 2.06530E-01 4.30473E-01 1.68404E-02 8.46115E-03 5.36396E-03 1.94588E-01
5.31839E-03 8.20596E-03 1.60203E-02 2.36351E-02 3.18459E-02 1.97293E-01 4.14576E-01 1.60203E-02 8.20596E-03 5.31839E-03 1.78537E-01
5.24340E-03 7.93370E-03 1.52156E-02 2.23525E-02 2.99223E-02 1.88281E-01 3.98860E-01 1.52156E-02 7.93370E-03 5.24340E-03 1.63700E-01
5.14333E-03 7.64830E-03 1.44295E-02 2.11138E-02 2.80866E-02 1.79508E-01 3.83358E-01 1.44295E-02 7.64830E-03 5.14333E-03 1.50037E-01
5.02277E-03 7.35368E-03 1.36640E-02 1.99199E-02 2.63371E-02 1.70979E-01 3.68096E-01 1.36640E-02 7.35368E-03 5.02277E-03 1.37468E-01
0.00000E+00 0.00000E+00 2.51453E-02 4.73508E-02 7.83758E-02 4.02915E-01 7.31337E-01 2.51453E-02 0.00000E+00 0.00000E+00 6.05140E-01
0.00000E+00 1.29331E-03 2.49123E-02 4.58994E-02 7.47811E-02 3.91014E-01 7.16881E-01 2.49123E-02 1.29331E-03 0.00000E+00 5.88523E-01
0.00000E+00 2.48649E-03 2.46967E-02 4.45537E-02 7.14686E-02 3.79450E-01 7.02292E-01 2.46967E-02 2.48649E-03 0.00000E+00 5.68543E-01
0.00000E+00 3.50824E-03 2.44054E-02 4.32036E-02 6.82966E-02 3.68051E-01 6.87457E-01 2.44054E-02 3.50824E-03 0.00000E+00 5.46715E-01
0.00000E+00 4.38015E-03 2.40498E-02 4.18526E-02 6.52534E-02 3.56811E-01 6.72412E-01 2.40498E-02 4.38015E-03 0.00000E+00 5.23516E-01
0.00000E+00 5.11344E-03 2.36356E-02 4.05022E-02 6.23325E-02 3.45732E-01 6.57184E-01 2.36356E-02 5.11344E-03 0.00000E+00 4.99367E-01
0.00000E+00 5.72616E-03 2.31716E-02 3.91545E-02 5.95220E-02 3.34807E-01 6.41808E-01 2.31716E-02 5.72616E-03 0.00000E+00 4.74696E-01
5.55112E-17 6.13166E-03 2.27850E-02 3.81144E-02 5.74126E-02 3.26450E-01 6.29835E-01 2.27850E-02 6.13166E-03 5.55112E-17 4.55462E-01
1.66633E-04 6.21623E-03 2.26488E-02 3.77952E-02 5.67971E-02 3.24024E-01 6.26312E-01 2.26488E-02 6.21623E-03 1.66633E-04 4.49577E-01
9.74647E-04 6.64486E-03 2.20558E-02 3.63528E-02 5.39888E-02 3.12624E-01 6.09574E-01 2.20558E-02 6.64486E-03 9.74647E-04 4.20859E-01
1.68064E-03 6.99295E-03 2.14380E-02 3.49262E-02 5.12821E-02 3.01340E-01 5.92662E-01 2.14380E-02 6.99295E-03 1.68064E-03 3.92499E-01
2.27692E-03 7.25108E-03 2.07817E-02 3.34986E-02 4.86538E-02 2.90157E-01 5.75583E-01 2.07817E-02 7.25108E-03 2.27692E-03 3.64980E-01
2.77358E-03 7.42831E-03 2.00935E-02 3.20751E-02 4.61047E-02 2.79091E-01 5.58379E-01 2.00935E-02 7.42831E-03 2.77358E-03 3.38475E-01
3.17946E-03 7.53275E-03 1.93800E-02 3.06613E-02 4.36377E-02 2.68163E-01 5.41095E-01 1.93800E-02 7.53275E-03 3.17946E-03 3.13134E-01
3.50460E-03 7.57348E-03 1.86479E-02 2.92623E-02 4.12538E-02 2.57390E-01 5.23773E-01 1.86479E-02 7.57348E-03 3.50460E-03 2.89053E-01
3.75858E-03 7.55909E-03 1.79033E-02 2.78828E-02 3.89536E-02 2.46788E-01 5.06457E-01 1.79033E-02 7.55909E-03 3.75858E-03 2.66283E-01
3.94941E-03 7.49683E-03 1.71516E-02 2.65271E-02 3.67380E-02 2.36372E-01 4.89186E-01 1.71516E-02 7.49683E-03 3.94941E-03 2.44863E-01
4.08455E-03 7.39343E-03 1.63979E-02 2.51989E-02 3.46077E-02 2.26158E-01 4.71999E-01 1.63979E-02 7.39343E-03 4.08455E-03 2.24804E-01
4.17087E-03 7.25508E-03 1.56465E-02 2.39018E-02 3.25631E-02 2.16159E-01 4.54933E-01 1.56465E-02 7.25508E-03 4.17087E-03 2.06099E-01
4.21469E-03 7.08744E-03 1.49015E-02 2.26388E-02 3.06043E-02 2.06388E-01 4.38022E-01 1.49015E-02 7.08744E-03 4.21469E-03 1.88723E-01
4.22178E-03 6.89567E-03 1.41665E-02 2.14124E-02 2.87309E-02 1.96855E-01 4.21300E-01 1.41665E-02 6.89567E-03 4.22178E-03 1.72636E-01
4.19744E-03 6.68444E-03 1.34445E-02 2.02248E-02 2.69425E-02 1.87570E-01 4.04797E-01 1.34445E-02 6.68444E-03 4.19744E-03 1.57787E-01
4.14642E-03 6.45793E-03 1.27383E-02 1.90778E-02 2.52382E-02 1.78543E-01 3.88541E-01 1.27383E-02 6.45793E-03 4.14642E-03 1.44119E-01
4.07304E-03 6.21991E-03 1.20501E-02 1.79726E-02 2.36166E-02 1.69780E-01 3.72560E-01 1.20501E-02 6.21991E-03 4.07304E-03 1.31568E-01
3.98091E-03 5.97359E-03 1.13822E-02 1.69110E-02 2.20778E-02 1.61291E-01 3.56883E-01 1.13822E-02 5.97359E-03 3.98091E-03 1.20083E-01
3.87377E-03 5.72209E-03 1.07360E-02 1.58933E-02 2.06191E-02 1.53080E-01 3.41529E-01 1.07360E-02 5.72209E-03 3.87377E-03 1.09581E-01
0.00000E+00 0.00000E+00 2.16540E-02 4.12262E-02 6.70439E-02 3.90900E-01 7.32275E-01 2.16540E-02 0.00000E+00 0.00000E+00 5.43652E-01
0.00000E+00 1.10424E-03 2.13641E-02 3.98238E-02 6.36834E-02 3.77944E-01 7.15118E-01 2.13641E-02 1.10424E-03 0.00000E+00 5.26788E-01
0.00000E+00 2.11330E-03 2.10922E-02 3.85202E-02 6.05996E-02 3.65430E-01 6.98028E-01 2.10922E-02 2.11330E-03 0.00000E+00 5.06784E-01
0.00000E+00 2.96829E-03 2.07584E-02 3.72203E-02 5.76653E-02 3.53184E-01 6.80872E-01 2.07584E-02 2.96829E-03 0.00000E+00 4.85094E-01
0.00000E+00 3.68968E-03 2.03731E-02 3.59274E-02 5.48672E-02 3.41193E-01 6.63676E-01 2.03731E-02 3.68968E-03 0.00000E+00 4.62239E-01
0.00000E+00 4.28855E-03 1.99419E-02 3.46435E-02 5.21984E-02 3.29454E-01 6.46461E-01 1.99419E-02 4.28855E-03 0.00000E+00 4.38671E-01
0.00000E+00 4.78181E-03 1.94727E-02 3.33703E-02 4.96458E-02 3.17953E-01 6.29249E-01 1.94727E-02 4.78181E-03 0.00000E+00 4.14819E-01
0.00000E+00 5.10386E-03 1.90891E-02 3.23929E-02 4.77392E-02 3.09201E-01 6.15945E-01 1.90891E-02 5.10386E-03 0.00000E+00 3.96364E-01
1.36798E-04 5.16940E-03 1.89586E-02 3.20962E-02 4.71866E-02 3.06674E-01 6.12060E-01 1.89586E-02 5.16940E-03 1.36798E-04 3.90783E-01
7.97773E-04 5.50139E-03 1.83850E-02 3.07520E-02 4.46665E-02 2.94824E-01 5.93657E-01 1.83850E-02 5.50139E-03 7.97773E-04 3.63744E-01
1.36996E-03 5.76404E-03 1.77950E-02 2.94298E-02 4.22511E-02 2.83165E-01 5.75215E-01 1.77950E-02 5.76404E-03 1.36996E-03 3.37286E-01
1.84827E-03 5.95069E-03 1.71780E-02 2.81158E-02 3.99198E-02 2.71679E-01 5.56738E-01 1.71780E-02 5.95069E-03 1.84827E-03 3.11825E-01
2.24206E-03 6.06972E-03 1.65396E-02 2.68145E-02 3.76724E-02 2.60382E-01 5.38268E-01 1.65396E-02 6.06972E-03 2.24206E-03 2.87509E-01
2.55949E-03 6.12862E-03 1.58857E-02 2.55307E-02 3.55102E-02 2.49292E-01 5.19845E-01 1.58857E-02 6.12862E-03 2.55949E-03 2.64458E-01
2.80963E-03 6.13555E-03 1.52221E-02 2.42687E-02 3.34331E-02 2.38422E-01 5.01511E-01 1.52221E-02 6.13555E-03 2.80963E-03 2.42737E-01
3.00098E-03 6.09808E-03 1.45537E-02 2.30322E-02 3.14403E-02 2.27783E-01 4.83303E-01 1.45537E-02 6.09808E-03 3.00098E-03 2.22367E-01
3.14067E-03 6.02261E-03 1.38851E-02 2.18246E-02 2.95316E-02 2.17389E-01 4.65258E-01 1.38851E-02 6.02261E-03 3.14067E-03 2.03359E-01
3.23522E-03 5.91500E-03 1.32204E-02 2.06488E-02 2.77066E-02 2.07251E-01 4.47409E-01 1.32204E-02 5.91500E-03 3.23522E-03 1.85701E-01
3.29060E-03 5.78056E-03 1.25630E-02 1.95074E-02 2.59645E-02 1.97378E-01 4.29791E-01 1.25630E-02 5.78056E-03 3.29060E-03 1.69362E-01
3.31225E-03 5.62412E-03 1.19162E-02 1.84025E-02 2.43046E-02 1.87780E-01 4.12433E-01 1.19162E-02 5.62412E-03 3.31225E-03 1.54298E-01
3.30510E-03 5.45002E-03 1.12825E-02 1.73358E-02 2.27255E-02 1.78463E-01 3.95364E-01 1.12825E-02 5.45002E-03 3.30510E-03 1.40454E-01
3.27359E-03 5.26212E-03 1.06645E-02 1.63087E-02 2.12260E-02 1.69435E-01 3.78609E-01 1.06645E-02 5.26212E-03 3.27359E-03 1.27767E-01
3.22169E-03 5.06386E-03 1.00638E-02 1.53222E-02 1.98043E-02 1.60701E-01 3.62193E-01 1.00638E-02 5.06386E-03 3.22169E-03 1.16168E-01
3.15299E-03 4.85828E-03 9.48229E-03 1.43770E-02 1.84586E-02 1.52263E-01 3.46138E-01 9.48229E-03 4.85828E-03 3.15299E-03 1.05587E-01
3.07043E-03 4.64800E-03 8.92143E-03 1.34740E-02 1.71882E-02 1.44131E-01 3.30469E-01 8.92143E-03 4.64800E-03 3.07043E-03 9.59673E-02
2.97705E-03 4.43543E-03 8.38201E-03 1.26130E-02 1.59899E-02 1.36301E-01 3.15199E-01 8.38201E-03 4.43543E-03 2.97705E-03 8.72244E-02
0.00000E+00 0.00000E+00 1.84007E-02 3.57031E-02 5.63003E-02 3.77102E-01 7.28855E-01 1.84007E-02 0.00000E+00 0.00000E+00 4.92315E-01
0.00000E+00 9.38903E-04 1.80869E-02 3.43575E-02 5.32600E-02 3.63201E-01 7.09086E-01 1.80869E-02 9.38903E-04 0.00000E+00 4.74463E-01
0.00000E+00 1.78799E-03 1.77901E-02 3.31056E-02 5.04803E-02 3.49852E-01 6.89604E-01 1.77901E-02 1.78799E-03 0.00000E+00 4.53851E-01
0.00000E+00 2.49917E-03 1.74425E-02 3.18653E-02 4.78486E-02 3.36878E-01 6.70255E-01 1.74425E-02 2.49917E-03 0.00000E+00 4.31856E-01
0.00000E+00 3.09184E-03 1.70536E-02 3.06397E-02 4.53516E-02 3.24256E-01 6.51046E-01 1.70536E-02 3.09184E-03 0.00000E+00 4.09015E-01
0.00000E+00 3.57688E-03 1.66290E-02 2.94308E-02 4.29821E-02 3.11980E-01 6.31996E-01 1.66290E-02 3.57688E-03 0.00000E+00 3.85786E-01
0.00000E+00 3.97006E-03 1.61757E-02 2.82399E-02 4.07272E-02 3.00027E-01 6.13111E-01 1.61757E-02 3.97006E-03 0.00000E+00 3.62573E-01
1.38778E-17 4.22287E-03 1.58101E-02 2.73306E-02 3.90497E-02 2.90975E-01 5.98608E-01 1.58101E-02 4.22287E-03 1.38778E-17 3.44786E-01
1.11609E-04 4.27287E-03 1.56887E-02 2.70574E-02 3.85661E-02 2.88376E-01 5.94401E-01 1.56887E-02 4.27287E-03 1.11609E-04 3.39476E-01
6.48860E-04 4.52601E-03 1.51519E-02 2.58176E-02 3.63625E-02 2.76208E-01 5.74523E-01 1.51519E-02 4.52601E-03 6.48860E-04 3.13954E-01
1.10942E-03 4.72009E-03 1.46055E-02 2.46051E-02 3.42608E-02 2.64304E-01 5.54749E-01 1.46055E-02 4.72009E-03 1.10942E-03 2.89250E-01
1.49025E-03 4.85061E-03 1.40409E-02 2.34086E-02 3.22429E-02 2.52648E-01 5.35080E-01 1.40409E-02 4.85061E-03 1.49025E-03 2.65713E-01
1.79996E-03 4.92524E-03 1.34634E-02 2.22319E-02 3.03078E-02 2.41248E-01 5.15553E-01 1.34634E-02 4.92524E-03 1.79996E-03 2.43449E-01
2.04598E-03 4.95080E-03 1.28777E-02 2.10790E-02 2.84560E-02 2.30122E-01 4.96205E-01 1.28777E-02 4.95080E-03 2.04598E-03 2.22546E-01
2.23641E-03 4.93450E-03 1.22889E-02 1.99532E-02 2.66864E-02 2.19278E-01 4.77073E-01 1.22889E-02 4.93450E-03 2.23641E-03 2.03030E-01
2.37874E-03 4.88297E-03 1.17010E-02 1.88574E-02 2.49973E-02 2.08722E-01 4.58189E-01 1.17010E-02 4.88297E-03 2.37874E-03 1.84893E-01
2.47920E-03 4.80176E-03 1.11176E-02 1.77939E-02 2.33878E-02 1.98464E-01 4.39584E-01 1.11176E-02 4.80176E-03 2.47920E-03 1.68116E-01
2.54346E-03 4.69590E-03 1.05421E-02 1.67649E-02 2.18567E-02 1.88512E-01 4.21287E-01 1.05421E-02 4.69590E-03 2.54346E-03 1.52662E-01
2.57665E-03 4.56989E-03 9.97706E-03 1.57720E-02 2.04026E-02 1.78870E-01 4.03326E-01 9.97706E-03 4.56989E-03 2.57665E-03 1.38479E-01
2.58337E-03 4.42777E-03 9.42497E-03 1.48167E-02 1.90239E-02 1.69544E-01 3.85727E-01 9.42497E-03 4.42777E-03 2.58337E-03 1.25506E-01
2.56776E-03 4.27312E-03 8.88780E-03 1.38999E-02 1.77189E-02 1.60538E-01 3.68512E-01 8.88780E-03 4.27312E-03 2.56776E-03 1.13674E-01
2.53353E-03 4.10910E-03 8.36719E-03 1.30222E-02 1.64857E-02 1.51855E-01 3.51703E-01 8.36719E-03 4.10910E-03 2.53353E-03 1.02911E-01
2.48395E-03 3.93849E-03 7.86446E-03 1.21839E-02 1.53222E-02 1.43495E-01 3.35316E-01 7.86446E-03 3.93849E-03 2.48395E-03 9.31394E-02
2.42193E-03 3.76369E-03 7.38062E-03 1.13852E-02 1.42262E-02 1.35458E-01 3.19369E-01 7.38062E-03 3.76369E-03 2.42193E-03 8.42852E-02
2.34987E-03 3.58678E-03 6.91677E-03 1.06264E-02 1.31965E-02 1.27750E-01 3.03883E-01 6.91677E-03 3.58678E-03 2.34987E-03 7.62872E-02
2.27018E-03 3.40961E-03 6.47322E-03 9.90681E-03 1.22299E-02 1.20365E-01 2.88865E-01 6.47322E-03 3.40961E-03 2.27018E-03 6.90623E-02
0.00000E+00 0.00000E+00 1.54608E-02 3.07500E-02 4.65538E-02 3.61727E-01 7.20994E-01 1.54608E-02 0.00000E+00 0.00000E+00 4.49257E-01
0.00000E+00 7.94835E-04 1.51467E-02 2.94704E-02 4.38782E-02 3.47020E-01 6.98794E-01 1.51467E-02 7.94835E-04 0.00000E+00 4.29862E-01
0.00000E+00 1.50583E-03 1.48477E-02 2.82807E-02 4.14397E-02 3.32980E-01 6.77116E-01 1.48477E-02 1.50583E-03 0.00000E+00 4.08248E-01
0.00000E+00 2.09418E-03 1.45067E-02 2.71100E-02 3.91400E-02 3.19421E-01 6.55777E-01 1.45067E-02 2.09418E-03 0.00000E+00 3.85684E-01
0.00000E+00 2.57812E-03 1.41326E-02 2.59610E-02 3.69667E-02 3.06310E-01 6.34769E-01 1.41326E-02 2.57812E-03 0.00000E+00 3.62683E-01
0.00000E+00 2.96819E-03 1.37309E-02 2.48357E-02 3.49131E-02 2.93639E-01 6.14101E-01 1.37309E-02 2.96819E-03 0.00000E+00 3.39687E-01
0.00000E+00 3.27900E-03 1.33079E-02 2.37346E-02 3.29670E-02 2.81373E-01 5.93763E-01 1.33079E-02 3.27900E-03 0.00000E+00 3.17046E-01
0.00000E+00 3.47549E-03 1.29700E-02 2.28985E-02 3.15242E-02 2.72128E-01 5.78235E-01 1.29700E-02 3.47549E-03 0.00000E+00 2.99892E-01
9.06126E-05 3.51307E-03 1.28600E-02 2.26498E-02 3.11100E-02 2.69487E-01 5.73755E-01 1.28600E-02 3.51307E-03 9.06126E-05 2.94840E-01
5.25143E-04 3.70341E-03 1.23710E-02 2.15195E-02 2.92245E-02 2.57144E-01 5.52644E-01 1.23710E-02 3.70341E-03 5.25143E-04 2.70754E-01
8.93940E-04 3.84394E-03 1.18775E-02 2.04208E-02 2.74339E-02 2.45137E-01 5.31783E-01 1.18775E-02 3.84394E-03 8.93940E-04 2.47722E-01
1.19551E-03 3.93181E-03 1.13726E-02 1.93442E-02 2.57226E-02 2.33446E-01 5.11166E-01 1.13726E-02 3.93181E-03 1.19551E-03 2.26016E-01
1.43766E-03 3.97396E-03 1.08609E-02 1.82927E-02 2.40891E-02 2.22078E-01 4.90825E-01 1.08609E-02 3.97396E-03 1.43766E-03 2.05699E-01
1.62709E-03 3.97650E-03 1.03466E-02 1.72696E-02 2.25332E-02 2.11043E-01 4.70794E-01 1.03466E-02 3.97650E-03 1.62709E-03 1.86819E-01
1.77096E-03 3.94573E-03 9.83374E-03 1.62772E-02 2.10534E-02 2.00346E-01 4.51103E-01 9.83374E-03 3.94573E-03 1.77096E-03 1.69366E-01
1.87578E-03 3.88736E-03 9.32558E-03 1.53175E-02 1.96475E-02 1.89990E-01 4.31777E-01 9.32558E-03 3.88736E-03 1.87578E-03 1.53297E-01
1.94695E-03 3.80615E-03 8.82504E-03 1.43919E-02 1.83141E-02 1.79979E-01 4.12840E-01 8.82504E-03 3.80615E-03 1.94695E-03 1.38567E-01
1.98933E-03 3.70634E-03 8.33461E-03 1.35019E-02 1.70514E-02 1.70315E-01 3.94317E-01 8.33461E-03 3.70634E-03 1.98933E-03 1.25117E-01
2.00725E-03 3.59171E-03 7.85639E-03 1.26484E-02 1.58577E-02 1.61001E-01 3.76230E-01 7.85639E-03 3.59171E-03 2.00725E-03 1.12876E-01
2.00461E-03 3.46557E-03 7.39212E-03 1.18321E-02 1.47312E-02 1.52037E-01 3.58597E-01 7.39212E-03 3.46557E-03 2.00461E-03 1.01769E-01
1.98482E-03 3.33086E-03 6.94322E-03 1.10532E-02 1.36698E-02 1.43424E-01 3.41436E-01 6.94322E-03 3.33086E-03 1.98482E-03 9.17172E-02
1.95094E-03 3.19010E-03 6.51078E-03 1.03118E-02 1.26713E-02 1.35160E-01 3.24761E-01 6.51078E-03 3.19010E-03 1.95094E-03 8.26393E-02
1.90564E-03 3.04549E-03 6.09564E-03 9.60772E-03 1.17335E-02 1.27242E-01 3.08585E-01 6.09564E-03 3.04549E-03 1.90564E-03 7.44558E-02
1.85124E-03 2.89893E-03 5.69838E-03 8.94057E-03 1.08541E-02 1.19667E-01 2.92917E-01 5.69838E-03 2.89893E-03 1.85124E-03 6.70892E-02
1.78969E-03 2.75201E-03 5.31968E-03 8.31033E-03 1.00316E-02 1.12437E-01 2.77774E-01 5.31968E-03 2.75201E-03 1.78969E-03 6.04770E-02
1.72287E-03 2.60613E-03 4.95951E-03 7.71581E-03 9.26295E-03 1.05543E-01 2.63157E-01 4.95951E-03 2.60613E-03 1.72287E-03 5.45391E-02
0.00000E+00 0.00000E+00 1.28361E-02 2.62564E-02 3.79240E-02 3.44764E-01 7.08719E-01 1.28361E-02 0.00000E+00 0.00000E+00 4.11801E-01
0.00000E+00 6.67895E-04 1.25368E-02 2.50551E-02 3.56252E-02 3.29408E-01 6.84315E-01 1.25368E-02 6.67895E-04 0.00000E+00 3.90565E-01
0.00000E+00 1.25870E-03 1.22505E-02 2.39404E-02 3.35357E-02 3.14832E-01 6.60671E-01 1.22505E-02 1.25870E-03 0.00000E+00 3.67783E-01
0.00000E+00 1.74151E-03 1.19296E-02 2.28514E-02 3.15713E-02 3.00843E-01 6.37579E-01 1.19296E-02 1.74151E-03 0.00000E+00 3.44583E-01
0.00000E+00 2.13327E-03 1.15823E-02 2.17900E-02 2.97210E-02 2.87397E-01 6.15011E-01 1.15823E-02 2.13327E-03 0.00000E+00 3.21423E-01
0.00000E+00 2.44403E-03 1.12139E-02 2.07578E-02 2.79788E-02 2.74480E-01 5.92967E-01 1.12139E-02 2.44403E-03 0.00000E+00 2.98696E-01
0.00000E+00 2.68709E-03 1.08301E-02 1.97549E-02 2.63336E-02 2.62049E-01 5.71420E-01 1.08301E-02 2.68709E-03 0.00000E+00 2.76682E-01
0.00000E+00 2.83794E-03 1.05259E-02 1.89975E-02 2.51175E-02 2.52722E-01 5.55053E-01 1.05259E-02 2.83794E-03 0.00000E+00 2.60203E-01
7.30414E-05 2.86568E-03 1.04283E-02 1.87741E-02 2.47696E-02 2.50069E-01 5.50355E-01 1.04283E-02 2.86568E-03 7.30414E-05 2.55417E-01
4.21976E-04 3.00634E-03 9.99320E-03 1.77588E-02 2.31875E-02 2.37699E-01 5.28267E-01 9.99320E-03 3.00634E-03 4.21976E-04 2.32779E-01
7.15134E-04 3.10551E-03 9.55718E-03 1.67779E-02 2.16908E-02 2.25732E-01 5.06574E-01 9.55718E-03 3.10551E-03 7.15134E-04 2.11412E-01
9.52142E-04 3.16158E-03 9.11502E-03 1.58235E-02 2.02662E-02 2.14145E-01 4.85262E-01 9.11502E-03 3.16158E-03 9.52142E-04 1.91506E-01
1.13997E-03 3.18070E-03 8.67048E-03 1.48977E-02 1.89120E-02 2.02939E-01 4.64355E-01 8.67048E-03 3.18070E-03 1.13997E-03 1.73080E-01
1.28460E-03 3.16824E-03 8.22718E-03 1.40029E-02 1.76276E-02 1.92121E-01 4.43885E-01 8.22718E-03 3.16824E-03 1.28460E-03 1.56140E-01
1.39223E-03 3.12966E-03 7.78834E-03 1.31408E-02 1.64113E-02 1.81690E-01 4.23873E-01 7.78834E-03 3.12966E-03 1.39223E-03 1.40639E-01
1.46847E-03 3.06978E-03 7.35657E-03 1.23123E-02 1.52607E-02 1.71645E-01 4.04335E-01 7.35657E-03 3.06978E-03 1.46847E-03 1.26505E-01
1.51793E-03 2.99262E-03 6.93413E-03 1.15183E-02 1.41740E-02 1.61984E-01 3.85291E-01 6.93413E-03 2.99262E-03 1.51793E-03 1.13668E-01
1.54473E-03 2.90171E-03 6.52289E-03 1.07595E-02 1.31494E-02 1.52705E-01 3.66757E-01 6.52289E-03 2.90171E-03 1.54473E-03 1.02050E-01
1.55248E-03 2.80015E-03 6.12439E-03 1.00361E-02 1.21849E-02 1.43807E-01 3.48748E-01 6.12439E-03 2.80015E-03 1.55248E-03 9.15646E-02
1.54442E-03 2.69064E-03 5.73986E-03 9.34830E-03 1.12787E-02 1.35287E-01 3.31279E-01 5.73986E-03 2.69064E-03 1.54442E-03 8.21273E-02
1.52334E-03 2.57552E-03 5.37024E-03 8.69583E-03 1.04284E-02 1.27140E-01 3.14357E-01 5.37024E-03 2.57552E-03 1.52334E-03 7.36513E-02
1.49173E-03 2.45679E-03 5.01622E-03 8.07832E-03 9.63203E-03 1.19361E-01 2.97993E-01 5.01622E-03 2.45679E-03 1.49173E-03 6.60522E-02
1.45173E-03 2.33616E-03 4.67824E-03 7.49515E-03 8.88723E-03 1.11944E-01 2.82192E-01 4.67824E-03 2.33616E-03 1.45173E-03 5.92485E-02
1.40519E-03 2.21508E-03 4.35657E-03 6.94557E-03 8.19175E-03 1.04882E-01 2.66957E-01 4.35657E-03 2.21508E-03 1.40519E-03 5.31635E-02
1.35364E-03 2.09477E-03 4.05158E-03 6.42924E-03 7.54408E-03 9.81734E-02 2.52301E-01 4.05158E-03 2.09477E-03 1.35364E-03 4.77353E-02
1.29855E-03 1.97625E-03 3.76302E-03 5.94475E-03 6.94134E-03 9.18065E-02 2.38217E-01 3.76302E-03 1.97625E-03 1.29855E-03 4.28883E-02
0.00000E+00 0.00000E+00 1.05302E-02 2.21757E-02 3.04751E-02 3.26289E-01 6.92205E-01 1.05302E-02 0.00000E+00 0.00000E+00 3.77944E-01
0.00000E+00 5.55980E-04 1.02548E-02 2.10665E-02 2.85396E-02 3.10463E-01 6.65866E-01 1.02548E-02 5.55980E-04 0.00000E+00 3.54850E-01
0.00000E+00 1.04231E-03 9.99042E-03 2.00404E-02 2.67845E-02 2.95527E-01 6.40529E-01 9.99042E-03 1.04231E-03 0.00000E+00 3.30970E-01
0.00000E+00 1.43472E-03 9.69766E-03 1.90451E-02 2.51387E-02 2.81279E-01 6.15955E-01 9.69766E-03 1.43472E-03 0.00000E+00 3.07261E-01
0.00000E+00 1.74873E-03 9.38419E-03 1.80817E-02 2.35927E-02 2.67664E-01 5.92096E-01 9.38419E-03 1.74873E-03 0.00000E+00 2.84093E-01
0.00000E+00 1.99368E-03 9.05488E-03 1.71515E-02 2.21414E-02 2.54662E-01 5.68941E-01 9.05488E-03 1.99368E-03 0.00000E+00 2.61792E-01
0.00000E+00 2.18155E-03 8.71480E-03 1.62537E-02 2.07752E-02 2.42220E-01 5.46446E-01 8.71480E-03 2.18155E-03 0.00000E+00 2.40546E-01
0.00000E+00 2.29579E-03 8.44704E-03 1.55793E-02 1.97680E-02 2.32925E-01 5.29439E-01 8.44704E-03 2.29579E-03 0.00000E+00 2.24839E-01
5.83899E-05 2.31585E-03 8.36218E-03 1.53821E-02 1.94808E-02 2.30294E-01 5.24579E-01 8.36218E-03 2.31585E-03 5.83899E-05 2.20338E-01
3.36276E-04 2.41781E-03 7.98302E-03 1.44855E-02 1.81758E-02 2.18047E-01 5.01784E-01 7.98302E-03 2.41781E-03 3.36276E-04 1.99218E-01
5.67368E-04 2.48567E-03 7.60549E-03 1.36245E-02 1.69454E-02 2.06264E-01 4.79522E-01 7.60549E-03 2.48567E-03 5.67368E-04 1.79547E-01
7.52061E-04 2.51869E-03 7.22556E-03 1.27925E-02 1.57788E-02 1.94916E-01 4.57772E-01 7.22556E-03 2.51869E-03 7.52061E-04 1.61438E-01
8.96489E-04 2.52224E-03 6.84638E-03 1.19908E-02 1.46740E-02 1.84001E-01 4.36551E-01 6.84638E-03 2.52224E-03 8.96489E-04 1.44864E-01
1.00587E-03 2.50098E-03 6.47094E-03 1.12210E-02 1.36303E-02 1.73520E-01 4.15884E-01 6.47094E-03 2.50098E-03 1.00587E-03 1.29792E-01
1.08554E-03 2.45951E-03 6.10178E-03 1.04841E-02 1.26459E-02 1.63469E-01 3.95783E-01 6.10178E-03 2.45951E-03 1.08554E-03 1.16142E-01
1.14024E-03 2.40188E-03 5.74091E-03 9.78021E-03 1.17184E-02 1.53837E-01 3.76258E-01 5.74091E-03 2.40188E-03 1.14024E-03 1.03816E-01
1.17385E-03 2.33141E-03 5.39005E-03 9.10980E-03 1.08459E-02 1.44621E-01 3.57319E-01 5.39005E-03 2.33141E-03 1.17385E-03 9.27241E-02
1.18981E-03 2.25100E-03 5.05056E-03 8.47289E-03 1.00266E-02 1.35815E-01 3.38978E-01 5.05056E-03 2.25100E-03 1.18981E-03 8.27730E-02
1.19111E-03 2.16316E-03 4.72353E-03 7.86930E-03 9.25859E-03 1.27411E-01 3.21241E-01 4.72353E-03 2.16316E-03 1.19111E-03 7.38681E-02
1.18037E-03 2.07003E-03 4.40977E-03 7.29866E-03 8.53983E-03 1.19404E-01 3.04115E-01 4.40977E-03 2.07003E-03 1.18037E-03 6.59164E-02
1.15988E-03 1.97345E-03 4.10985E-03 6.76040E-03 7.86827E-03 1.11784E-01 2.87603E-01 4.10985E-03 1.97345E-03 1.15988E-03 5.88281E-02
1.13161E-03 1.87499E-03 3.82416E-03 6.25379E-03 7.24181E-03 1.04543E-01 2.71707E-01 3.82416E-03 1.87499E-03 1.13161E-03 5.25181E-02
1.09727E-03 1.77594E-03 3.55286E-03 5.77795E-03 6.65832E-03 9.76726E-02 2.56428E-01 3.55286E-03 1.77594E-03 1.09727E-03 4.69062E-02
1.05830E-03 1.67740E-03 3.29600E-03 5.33193E-03 6.11569E-03 9.11617E-02 2.41761E-01 3.29600E-03 1.67740E-03 1.05830E-03 4.19183E-02
1.01591E-03 1.58028E-03 3.05371E-03 4.91512E-03 5.61245E-03 8.50063E-02 2.27715E-01 3.05371E-03 1.58028E-03 1.01591E-03 3.74950E-02
9.71205E-04 1.48530E-03 2.82562E-03 4.52606E-03 5.14602E-03 7.91915E-02 2.14276E-01 2.82562E-03 1.48530E-03 9.71205E-04 3.35668E-02
0.00000E+00 0.00000E+00 8.52894E-03 1.84836E-02 2.41611E-02 3.06373E-01 6.71674E-01 8.52894E-03 0.00000E+00 0.00000E+00 3.46215E-01
0.00000E+00 4.57530E-04 8.28261E-03 1.74790E-02 2.25613E-02 2.90276E-01 6.43699E-01 8.28261E-03 4.57530E-04 0.00000E+00 3.21481E-01
0.00000E+00 8.53335E-04 8.04540E-03 1.65532E-02 2.11136E-02 2.75171E-01 6.16963E-01 8.04540E-03 8.53335E-04 0.00000E+00 2.96760E-01
0.00000E+00 1.16869E-03 7.78535E-03 1.56615E-02 1.97590E-02 2.60848E-01 5.91195E-01 7.78535E-03 1.16869E-03 0.00000E+00 2.72807E-01
0.00000E+00 1.41750E-03 7.50930E-03 1.48041E-02 1.84896E-02 2.47240E-01 5.66327E-01 7.50930E-03 1.41750E-03 0.00000E+00 2.49886E-01
0.00000E+00 1.60828E-03 7.22170E-03 1.39820E-02 1.73013E-02 2.34319E-01 5.42339E-01 7.22170E-03 1.60828E-03 0.00000E+00 2.28238E-01
0.00000E+00 1.75160E-03 6.92694E-03 1.31938E-02 1.61858E-02 2.22022E-01 5.19163E-01 6.92694E-03 1.75160E-03 0.00000E+00 2.07953E-01
0.00000E+00 1.83684E-03 6.69621E-03 1.26049E-02 1.53653E-02 2.12877E-01 5.01720E-01 6.69621E-03 1.83684E-03 0.00000E+00 1.93141E-01
4.62278E-05 1.85101E-03 6.62384E-03 1.24339E-02 1.51320E-02 2.10300E-01 4.96756E-01 6.62384E-03 1.85101E-03 4.62278E-05 1.88951E-01
2.65415E-04 1.92331E-03 6.30001E-03 1.16570E-02 1.40729E-02 1.98325E-01 4.73524E-01 6.30001E-03 1.92331E-03 2.65415E-04 1.69442E-01
4.45852E-04 1.96801E-03 5.97948E-03 1.09154E-02 1.30776E-02 1.86867E-01 4.50955E-01 5.97948E-03 1.96801E-03 4.45852E-04 1.51512E-01
5.88413E-04 1.98495E-03 5.65916E-03 1.02035E-02 1.21372E-02 1.75891E-01 4.29020E-01 5.65916E-03 1.98495E-03 5.88413E-04 1.35203E-01
6.98399E-04 1.97872E-03 5.34161E-03 9.52176E-03 1.12498E-02 1.65389E-01 4.07729E-01 5.34161E-03 1.97872E-03 6.98399E-04 1.20445E-01
7.80295E-04 1.95328E-03 5.02926E-03 8.87142E-03 1.04147E-02 1.55359E-01 3.87098E-01 5.02926E-03 1.95328E-03 7.80295E-04 1.07170E-01
8.38601E-04 1.91247E-03 4.72406E-03 8.25266E-03 9.63000E-03 1.45789E-01 3.67132E-01 4.72406E-03 1.91247E-03 8.38601E-04 9.52706E-02
8.77282E-04 1.85961E-03 4.42754E-03 7.66523E-03 8.89339E-03 1.36665E-01 3.47830E-01 4.42754E-03 1.85961E-03 8.77282E-04 8.46290E-02
8.99556E-04 1.79741E-03 4.14093E-03 7.10899E-03 8.20320E-03 1.27979E-01 3.29197E-01 4.14093E-03 1.79741E-03 8.99556E-04 7.51405E-02
9.08234E-04 1.72820E-03 3.86520E-03 6.58360E-03 7.55761E-03 1.19720E-01 3.11236E-01 3.86520E-03 1.72820E-03 9.08234E-04 6.67014E-02
9.05756E-04 1.65395E-03 3.60107E-03 6.08851E-03 6.95478E-03 1.11877E-01 2.93946E-01 3.60107E-03 1.65395E-03 9.05756E-04 5.92114E-02
8.94236E-04 1.57638E-03 3.34904E-03 5.62307E-03 6.39283E-03 1.04440E-01 2.77328E-01 3.34904E-03 1.57638E-03 8.94236E-04 5.25749E-02
8.75492E-04 1.49688E-03 3.10942E-03 5.18643E-03 5.86984E-03 9.73975E-02 2.61377E-01 3.10942E-03 1.49688E-03 8.75492E-04 4.67021E-02
8.51084E-04 1.41666E-03 2.88234E-03 4.77768E-03 5.38389E-03 9.07371E-02 2.46090E-01 2.88234E-03 1.41666E-03 8.51084E-04 4.15098E-02
8.22340E-04 1.33668E-03 2.66781E-03 4.39580E-03 4.93307E-03 8.44468E-02 2.31459E-01 2.66781E-03 1.33668E-03 8.22340E-04 3.69214E-02
7.90387E-04 1.25775E-03 2.46570E-03 4.03970E-03 4.51546E-03 7.85139E-02 2.17477E-01 2.46570E-03 1.25775E-03 7.90387E-04 3.28675E-02
7.56146E-04 1.18053E-03 2.27601E-03 3.70866E-03 4.12970E-03 7.29315E-02 2.04144E-01 2.27601E-03 1.18053E-03 7.56146E-04 2.92927E-02
7.20456E-04 1.10552E-03 2.09829E-03 3.40122E-03 3.77356E-03 6.76823E-02 1.91442E-01 2.09829E-03 1.10552E-03 7.20456E-04 2.61341E-02
0.00000E+00 0.00000E+00 6.81987E-03 1.51809E-02 1.89184E-02 2.85210E-01 6.47478E-01 6.81987E-03 0.00000E+00 0.00000E+00 3.15638E-01
0.00000E+00 3.71636E-04 6.60437E-03 1.42901E-02 1.76168E-02 2.69059E-01 6.18194E-01 6.60437E-03 3.71636E-04 0.00000E+00 2.89685E-01
0.00000E+00 6.89703E-04 6.39659E-03 1.34725E-02 1.64412E-02 2.53989E-01 5.90374E-01 6.39659E-03 6.89703E-04 0.00000E+00 2.64522E-01
0.00000E+00 9.39983E-04 6.17078E-03 1.26904E-02 1.53434E-02 2.39782E-01 5.63718E-01 6.17078E-03 9.39983E-04 0.00000E+00 2.40695E-01
0.00000E+00 1.13469E-03 5.93294E-03 1.19434E-02 1.43170E-02 2.26360E-01 5.38137E-01 5.93294E-03 1.13469E-03 0.00000E+00 2.18343E-01
0.00000E+00 1.28140E-03 5.68698E-03 1.12319E-02 1.33586E-02 2.13689E-01 5.13598E-01 5.68698E-03 1.28140E-03 0.00000E+00 1.97616E-01
0.00000E+00 1.38924E-03 5.43665E-03 1.05540E-02 1.24613E-02 2.01695E-01 4.90015E-01 5.43665E-03 1.38924E-03 0.00000E+00 1.78502E-01
1.38778E-17 1.45186E-03 5.24174E-03 1.00501E-02 1.18028E-02 1.92813E-01 4.72339E-01 5.24174E-03 1.45186E-03 1.38778E-17 1.64713E-01
3.62163E-05 1.46161E-03 5.18116E-03 9.90473E-03 1.16160E-02 1.90320E-01 4.67328E-01 5.18116E-03 1.46161E-03 3.62163E-05 1.60860E-01
2.07315E-04 1.51167E-03 4.90982E-03 9.24486E-03 1.07690E-02 1.78763E-01 4.43926E-01 4.90982E-03 1.51167E-03 2.07315E-04 1.43053E-01
3.46768E-04 1.53973E-03 4.64275E-03 8.61873E-03 9.97564E-03 1.67761E-01 4.21307E-01 4.64275E-03 1.53973E-03 3.46768E-04 1.26901E-01
4.55703E-04 1.54600E-03 4.37758E-03 8.02129E-03 9.22842E-03 1.57279E-01 3.99434E-01 4.37758E-03 1.54600E-03 4.55703E-04 1.12383E-01
5.38620E-04 1.53433E-03 4.11635E-03 7.45275E-03 8.52582E-03 1.47302E-01 3.78305E-01 4.11635E-03 1.53433E-03 5.38620E-04 9.93920E-02
5.99303E-04 1.50802E-03 3.86097E-03 6.91367E-03 7.86698E-03 1.37822E-01 3.57931E-01 3.86097E-03 1.50802E-03 5.99303E-04 8.78320E-02
6.41490E-04 1.47020E-03 3.61294E-03 6.40379E-03 7.25013E-03 1.28824E-01 3.38307E-01 3.61294E-03 1.47020E-03 6.41490E-04 7.75744E-02
6.68434E-04 1.42357E-03 3.37333E-03 5.92252E-03 6.67327E-03 1.20288E-01 3.19425E-01 3.37333E-03 1.42357E-03 6.68434E-04 6.84874E-02
6.82765E-04 1.37028E-03 3.14303E-03 5.46939E-03 6.13476E-03 1.12201E-01 3.01280E-01 3.14303E-03 1.37028E-03 6.82765E-04 6.04573E-02
6.86752E-04 1.31217E-03 2.92267E-03 5.04376E-03 5.63295E-03 1.04550E-01 2.83868E-01 2.92267E-03 1.31217E-03 6.86752E-04 5.33756E-02
6.82350E-04 1.25080E-03 2.71271E-03 4.64488E-03 5.16616E-03 9.73198E-02 2.67182E-01 2.71271E-03 1.25080E-03 6.82350E-04 4.71403E-02
6.71236E-04 1.18747E-03 2.51342E-03 4.27189E-03 4.73269E-03 9.04965E-02 2.51214E-01 2.51342E-03 1.18747E-03 6.71236E-04 4.16567E-02
6.54839E-04 1.12325E-03 2.32490E-03 3.92383E-03 4.33081E-03 8.40656E-02 2.35955E-01 2.32490E-03 1.12325E-03 6.54839E-04 3.68381E-02
6.34371E-04 1.05903E-03 2.14714E-03 3.59970E-03 3.95883E-03 7.80126E-02 2.21394E-01 2.14714E-03 1.05903E-03 6.34371E-04 3.26055E-02
6.10857E-04 9.95518E-04 1.98002E-03 3.29842E-03 3.61505E-03 7.23225E-02 2.07518E-01 1.98002E-03 9.95518E-04 6.10857E-04 2.88879E-02
5.85156E-04 9.33295E-04 1.82334E-03 3.01889E-03 3.29782E-03 6.69808E-02 1.94313E-01 1.82334E-03 9.33295E-04 5.85156E-04 2.56217E-02
5.57968E-04 8.72842E-04 1.67697E-03 2.76036E-03 3.00592E-03 6.19780E-02 1.81776E-01 1.67697E-03 8.72842E-04 5.57968E-04 2.27566E-02
5.29915E-04 8.14488E-04 1.54048E-03 2.52142E-03 2.73747E-03 5.72956E-02 1.69882E-01 1.54048E-03 8.14488E-04 5.29915E-04 2.02372E-02
0.00000E+00 0.00000E+00 5.38148E-03 1.22697E-02 1.46377E-02 2.63040E-01 6.20013E-01 5.38148E-03 0.00000E+00 0.00000E+00 2.85635E-01
0.00000E+00 2.97478E-04 5.19655E-03 1.14971E-02 1.35932E-02 2.47058E-01 5.89761E-01 5.19655E-03 2.97478E-04 0.00000E+00 2.59021E-01
0.00000E+00 5.49483E-04 5.01826E-03 1.07911E-02 1.26517E-02 2.32232E-01 5.61182E-01 5.01826E-03 5.49483E-04 0.00000E+00 2.33908E-01
0.00000E+00 7.45403E-04 4.82616E-03 1.01202E-02 1.17742E-02 2.18333E-01 5.33950E-01 4.82616E-03 7.45403E-04 0.00000E+00 2.10625E-01
0.00000E+00 8.95724E-04 4.62531E-03 9.48352E-03 1.09557E-02 2.05276E-01 5.07952E-01 4.62531E-03 8.95724E-04 0.00000E+00 1.89188E-01
0.00000E+00 1.00701E-03 4.41910E-03 8.88094E-03 1.01934E-02 1.93017E-01 4.83146E-01 4.41910E-03 1.00701E-03 0.00000E+00 1.69653E-01
0.00000E+00 1.08699E-03 4.21059E-03 8.31031E-03 9.48151E-03 1.81474E-01 4.59425E-01 4.21059E-03 1.08699E-03 0.00000E+00 1.51912E-01
1.38778E-17 1.13225E-03 4.04907E-03 7.88813E-03 8.96033E-03 1.72963E-01 4.41715E-01 4.04907E-03 1.13225E-03 1.38778E-17 1.39261E-01
2.80480E-05 1.13876E-03 3.99927E-03 7.76707E-03 8.81284E-03 1.70584E-01 4.36714E-01 3.99927E-03 1.13876E-03 2.80480E-05 1.35769E-01
1.60099E-04 1.17251E-03 3.77612E-03 7.21816E-03 8.14476E-03 1.59576E-01 4.13400E-01 3.77612E-03 1.17251E-03 1.60099E-04 1.19734E-01
2.66685E-04 1.18901E-03 3.55766E-03 6.70023E-03 7.52091E-03 1.49153E-01 3.90976E-01 3.55766E-03 1.18901E-03 2.66685E-04 1.05374E-01
3.49026E-04 1.18867E-03 3.34208E-03 6.20897E-03 6.93531E-03 1.39273E-01 3.69395E-01 3.34208E-03 1.18867E-03 3.49026E-04 9.26166E-02
4.10867E-04 1.17465E-03 3.13097E-03 5.74420E-03 6.38657E-03 1.29916E-01 3.48647E-01 3.13097E-03 1.17465E-03 4.10867E-04 8.13256E-02
4.55343E-04 1.14965E-03 2.92579E-03 5.30606E-03 5.87383E-03 1.21072E-01 3.28733E-01 2.92579E-03 1.14965E-03 4.55343E-04 7.13834E-02
4.85504E-04 1.11620E-03 2.72764E-03 4.89401E-03 5.39550E-03 1.12719E-01 3.09642E-01 2.72764E-03 1.11620E-03 4.85504E-04 6.26477E-02
5.03978E-04 1.07641E-03 2.53727E-03 4.50722E-03 4.94980E-03 1.04835E-01 2.91354E-01 2.53727E-03 1.07641E-03 5.03978E-04 5.49799E-02
5.12874E-04 1.03199E-03 2.35527E-03 4.14501E-03 4.53528E-03 9.74018E-02 2.73859E-01 2.35527E-03 1.03199E-03 5.12874E-04 4.82625E-02
5.13998E-04 9.84355E-04 2.18204E-03 3.80660E-03 4.15043E-03 9.04027E-02 2.57144E-01 2.18204E-03 9.84355E-04 5.13998E-04 4.23866E-02
5.08892E-04 9.34706E-04 2.01782E-03 3.49113E-03 3.79378E-03 8.38205E-02 2.41196E-01 2.01782E-03 9.34706E-04 5.08892E-04 3.72523E-02
4.98864E-04 8.84022E-04 1.86272E-03 3.19765E-03 3.46383E-03 7.76382E-02 2.26001E-01 1.86272E-03 8.84022E-04 4.98864E-04 3.27692E-02
4.85022E-04 8.33104E-04 1.71673E-03 2.92518E-03 3.15908E-03 7.18389E-02 2.11542E-01 1.71673E-03 8.33104E-04 4.85022E-04 2.88559E-02
4.68294E-04 7.82600E-04 1.57973E-03 2.67271E-03 2.87806E-03 6.64058E-02 1.97803E-01 1.57973E-03 7.82600E-04 4.68294E-04 2.54396E-02
4.49459E-04 7.33023E-04 1.45153E-03 2.43920E-03 2.61933E-03 6.13222E-02 1.84766E-01 1.45153E-03 7.33023E-04 4.49459E-04 2.24560E-02
4.29163E-04 6.84773E-04 1.33189E-03 2.22360E-03 2.38148E-03 5.65717E-02 1.72411E-01 1.33189E-03 6.84773E-04 4.29163E-04 1.98483E-02
4.07930E-04 6.38189E-04 1.22064E-03 2.02516E-03 2.16345E-03 5.21434E-02 1.60731E-01 1.22064E-03 6.38189E-04 4.07930E-04 1.75719E-02
3.86216E-04 5.93482E-04 1.11736E-03 1.84263E-03 1.96369E-03 4.80175E-02 1.49696E-01 1.11736E-03 5.93482E-04 3.86216E-04 1.55789E-02
0.00000E+00 0.00000E+00 4.18765E-03 9.74829E-03 1.11899E-02 2.40145E-01 5.89694E-01 4.18765E-03 0.00000E+00 0.00000E+00 2.55971E-01
0.00000E+00 2.34257E-04 4.03163E-03 9.09307E-03 1.03623E-02 2.24559E-01 5.58822E-01 4.03163E-03 2.34257E-04 0.00000E+00 2.29329E-01
0.00000E+00 4.30807E-04 3.88150E-03 8.49718E-03 9.61783E-03 2.10180E-01 5.29813E-01 3.88150E-03 4.30807E-04 0.00000E+00 2.04790E-01
0.00000E+00 5.81861E-04 3.72115E-03 7.93452E-03 8.92560E-03 1.96776E-01 5.02314E-01 3.72115E-03 5.81861E-04 0.00000E+00 1.82477E-01
0.00000E+00 6.96205E-04 3.55478E-03 7.40379E-03 8.28142E-03 1.84251E-01 4.76193E-01 3.55478E-03 6.96205E-04 0.00000E+00 1.62289E-01
0.00000E+00 7.79387E-04 3.38517E-03 6.90456E-03 7.68305E-03 1.72556E-01 4.51395E-01 3.38517E-03 7.79387E-04 0.00000E+00 1.44191E-01
0.00000E+00 8.37793E-04 3.21478E-03 6.43456E-03 7.12586E-03 1.61602E-01 4.27795E-01 3.21478E-03 8.37793E-04 0.00000E+00 1.27993E-01
2.77556E-17 8.69929E-04 3.08343E-03 6.08842E-03 6.71887E-03 1.53558E-01 4.10243E-01 3.08343E-03 8.69929E-04 2.77556E-17 1.16570E-01
2.14470E-05 8.74134E-04 3.04324E-03 5.98972E-03 6.60398E-03 1.51318E-01 4.05303E-01 3.04324E-03 8.74134E-04 2.14470E-05 1.13452E-01
1.22086E-04 8.96196E-04 2.86310E-03 5.54269E-03 6.08415E-03 1.40977E-01 3.82324E-01 2.86310E-03 8.96196E-04 1.22086E-04 9.92260E-02
2.02560E-04 9.04970E-04 2.68769E-03 5.12318E-03 5.60028E-03 1.31235E-01 3.60324E-01 2.68769E-03 9.04970E-04 2.02560E-04 8.66435E-02
2.64057E-04 9.00939E-04 2.51560E-03 4.72751E-03 5.14760E-03 1.22048E-01 3.39250E-01 2.51560E-03 9.00939E-04 2.64057E-04 7.55896E-02
3.09638E-04 8.86659E-04 2.34804E-03 4.35527E-03 4.72488E-03 1.13391E-01 3.19081E-01 2.34804E-03 8.86659E-04 3.09638E-04 6.59101E-02
3.41848E-04 8.64283E-04 2.18610E-03 4.00629E-03 4.33131E-03 1.05250E-01 2.99812E-01 2.18610E-03 8.64283E-04 3.41848E-04 5.74733E-02
3.63133E-04 8.35800E-04 2.03057E-03 3.67988E-03 3.96549E-03 9.75985E-02 2.81422E-01 2.03057E-03 8.35800E-04 3.63133E-04 5.01306E-02
3.75579E-04 8.02857E-04 1.88192E-03 3.37510E-03 3.62587E-03 9.04116E-02 2.63884E-01 1.88192E-03 8.02857E-04 3.75579E-04 4.37423E-02
3.80848E-04 7.66768E-04 1.74054E-03 3.09116E-03 3.31116E-03 8.36685E-02 2.47178E-01 1.74054E-03 7.66768E-04 3.80848E-04 3.81922E-02
3.80355E-04 7.28618E-04 1.60665E-03 2.82725E-03 3.02007E-03 7.73494E-02 2.31287E-01 1.60665E-03 7.28618E-04 3.80355E-04 3.33751E-02
3.75294E-04 6.89301E-04 1.48034E-03 2.58245E-03 2.75132E-03 7.14348E-02 2.16190E-01 1.48034E-03 6.89301E-04 3.75294E-04 2.91966E-02
3.66671E-04 6.49546E-04 1.36163E-03 2.35586E-03 2.50361E-03 6.59056E-02 2.01866E-01 1.36163E-03 6.49546E-04 3.66671E-04 2.55725E-02
3.55331E-04 6.09938E-04 1.25041E-03 2.14652E-03 2.27568E-03 6.07430E-02 1.88295E-01 1.25041E-03 6.09938E-04 3.55331E-04 2.24288E-02
3.41975E-04 5.70939E-04 1.14653E-03 1.95348E-03 2.06630E-03 5.59288E-02 1.75453E-01 1.14653E-03 5.70939E-04 3.41975E-04 1.97001E-02
3.27186E-04 5.32912E-04 1.04976E-03 1.77578E-03 1.87424E-03 5.14449E-02 1.63318E-01 1.04976E-03 5.32912E-04 3.27186E-04 1.73294E-02
3.11443E-04 4.96130E-04 9.59849E-04 1.61249E-03 1.69833E-03 4.72739E-02 1.51866E-01 9.59849E-04 4.96130E-04 3.11443E-04 1.52674E-02
2.95131E-04 4.60822E-04 8.76620E-04 1.46290E-03 1.53771E-03 4.34037E-02 1.41085E-01 8.76620E-04 4.60822E-04 2.95131E-04 1.34754E-02
2.78583E-04 4.27118E-04 7.99679E-04 1.32593E-03 1.39108E-03 3.98141E-02 1.30942E-01 7.99679E-04 4.27118E-04 2.78583E-04 1.19126E-02
0.00000E+00 0.00000E+00 3.21292E-03 7.61092E-03 8.45368E-03 2.16917E-01 5.57030E-01 3.21292E-03 0.00000E+00 0.00000E+00 2.26785E-01
0.00000E+00 1.81281E-04 3.08335E-03 7.06746E-03 7.80543E-03 2.01940E-01 5.25886E-01 3.08335E-03 1.81281E-04 0.00000E+00 2.00754E-01
0.00000E+00 3.32047E-04 2.95911E-03 6.57560E-03 7.22376E-03 1.88198E-01 4.96771E-01 2.95911E-03 3.32047E-04 0.00000E+00 1.77290E-01
0.00000E+00 4.46670E-04 2.82769E-03 6.11406E-03 6.68432E-03 1.75458E-01 4.69309E-01 2.82769E-03 4.46670E-04 0.00000E+00 1.56334E-01
0.00000E+00 5.32325E-04 2.69241E-03 5.68129E-03 6.18371E-03 1.63616E-01 4.43349E-01 2.69241E-03 5.32325E-04 0.00000E+00 1.37678E-01
0.00000E+00 5.93572E-04 2.55549E-03 5.27662E-03 5.72007E-03 1.52617E-01 4.18823E-01 2.55549E-03 5.93572E-04 0.00000E+00 1.21210E-01
0.00000E+00 6.35573E-04 2.41883E-03 4.89775E-03 5.28962E-03 1.42368E-01 3.95589E-01 2.41883E-03 6.35573E-04 0.00000E+00 1.06673E-01
0.00000E+00 6.58004E-04 2.31400E-03 4.61998E-03 4.97598E-03 1.34872E-01 3.78374E-01 2.31400E-03 6.58004E-04 0.00000E+00 9.65301E-02
1.61849E-05 6.60611E-04 2.28214E-03 4.54117E-03 4.88767E-03 1.32793E-01 3.73545E-01 2.28214E-03 6.60611E-04 1.61849E-05 9.37897E-02
9.18967E-05 6.74558E-04 2.13940E-03 4.18471E-03 4.48858E-03 1.23213E-01 3.51124E-01 2.13940E-03 6.74558E-04 9.18967E-05 8.13642E-02
1.51898E-04 6.78445E-04 2.00113E-03 3.85194E-03 4.11832E-03 1.14233E-01 3.29759E-01 2.00113E-03 6.78445E-04 1.51898E-04 7.05043E-02
1.97274E-04 6.72758E-04 1.86625E-03 3.53978E-03 3.77312E-03 1.05806E-01 3.09383E-01 1.86625E-03 6.72758E-04 1.97274E-04 6.10664E-02
2.30477E-04 6.59515E-04 1.73563E-03 3.24766E-03 3.45191E-03 9.79059E-02 2.89970E-01 1.73563E-03 6.59515E-04 2.30477E-04 5.28863E-02
2.53534E-04 6.40404E-04 1.61009E-03 2.97526E-03 3.15394E-03 9.05124E-02 2.71507E-01 1.61009E-03 6.40404E-04 2.53534E-04 4.58257E-02
2.68368E-04 6.16960E-04 1.49014E-03 2.72178E-03 2.87801E-03 8.35980E-02 2.53964E-01 1.49014E-03 6.16960E-04 2.68368E-04 3.97365E-02
2.76608E-04 5.90441E-04 1.37609E-03 2.48631E-03 2.62277E-03 7.71342E-02 2.37305E-01 1.37609E-03 5.90441E-04 2.76608E-04 3.44835E-02
2.79542E-04 5.61839E-04 1.26814E-03 2.26803E-03 2.38713E-03 7.10983E-02 2.21505E-01 1.26814E-03 5.61839E-04 2.79542E-04 2.99556E-02
2.78259E-04 5.31966E-04 1.16641E-03 2.06614E-03 2.17000E-03 6.54685E-02 2.06540E-01 1.16641E-03 5.31966E-04 2.78259E-04 2.60546E-02
2.73669E-04 5.01481E-04 1.07091E-03 1.87979E-03 1.97027E-03 6.02235E-02 1.92382E-01 1.07091E-03 5.01481E-04 2.73669E-04 2.26938E-02
2.66534E-04 4.70915E-04 9.81553E-04 1.70812E-03 1.78688E-03 5.53430E-02 1.79006E-01 9.81553E-04 4.70915E-04 2.66534E-04 1.97973E-02
2.57488E-04 4.40686E-04 8.98221E-04 1.55026E-03 1.61876E-03 5.08070E-02 1.66386E-01 8.98221E-04 4.40686E-04 2.57488E-04 1.72991E-02
2.47054E-04 4.11119E-04 8.20730E-04 1.40538E-03 1.46489E-03 4.65965E-02 1.54494E-01 8.20730E-04 4.11119E-04 2.47054E-04 1.51422E-02
2.35660E-04 3.82463E-04 7.48863E-04 1.27262E-03 1.32429E-03 4.26926E-02 1.43303E-01 7.48863E-04 3.82463E-04 2.35660E-04 1.32773E-02
2.23656E-04 3.54899E-04 6.82375E-04 1.15117E-03 1.19599E-03 3.90775E-02 1.32785E-01 6.82375E-04 3.54899E-04 2.23656E-04 1.16622E-02
2.11325E-04 3.28580E-04 6.21090E-04 1.04042E-03 1.07928E-03 3.57384E-02 1.22925E-01 6.21090E-04 3.28580E-04 2.11325E-04 1.02641E-02
1.98901E-04 3.03580E-04 5.64670E-04 9.39466E-04 9.73128E-04 3.26552E-02 1.13686E-01 5.64670E-04 3.03580E-04 1.98901E-04 9.04916E-03
0.00000E+00 0.00000E+00 2.42687E-03 5.83118E-03 6.30319E-03 1.93667E-01 5.22390E-01 2.42687E-03 0.00000E+00 0.00000E+00 1.98258E-01
0.00000E+00 1.37526E-04 2.32094E-03 5.39050E-03 5.80162E-03 1.79492E-01 4.91315E-01 2.32094E-03 1.37526E-04 0.00000E+00 1.73431E-01
0.00000E+00 2.51010E-04 2.21992E-03 4.99366E-03 5.35289E-03 1.66557E-01 4.62410E-01 2.21992E-03 2.51010E-04 0.00000E+00 1.51488E-01
0.00000E+00 3.36440E-04 2.11420E-03 4.62359E-03 4.93804E-03 1.54629E-01 4.35276E-01 2.11420E-03 3.36440E-04 0.00000E+00 1.32212E-01
0.00000E+00 3.99513E-04 2.00629E-03 4.27862E-03 4.55427E-03 1.43598E-01 4.09746E-01 2.00629E-03 3.99513E-04 0.00000E+00 1.15312E-01
0.00000E+00 4.43870E-04 1.89792E-03 3.95791E-03 4.20002E-03 1.33408E-01 3.85740E-01 1.89792E-03 4.43870E-04 0.00000E+00 1.00609E-01
0.00000E+00 4.73579E-04 1.79045E-03 3.65928E-03 3.87219E-03 1.23958E-01 3.63102E-01 1.79045E-03 4.73579E-04 0.00000E+00 8.77989E-02
2.08167E-17 4.88955E-04 1.70843E-03 3.44127E-03 3.63397E-03 1.17075E-01 3.46388E-01 1.70843E-03 4.88955E-04 2.08167E-17 7.89508E-02
1.20337E-05 4.90494E-04 1.68366E-03 3.37971E-03 3.56708E-03 1.15173E-01 3.41715E-01 1.68366E-03 4.90494E-04 1.20337E-05 7.65839E-02
6.81644E-05 4.98977E-04 1.57276E-03 3.10167E-03 3.26515E-03 1.06426E-01 3.20061E-01 1.57276E-03 4.98977E-04 6.81644E-05 6.59126E-02
1.12274E-04 4.99988E-04 1.46589E-03 2.84342E-03 2.98601E-03 9.82673E-02 2.99518E-01 1.46589E-03 4.99988E-04 1.12274E-04 5.66919E-02
1.45303E-04 4.93970E-04 1.36222E-03 2.60243E-03 2.72671E-03 9.06496E-02 2.80014E-01 1.36222E-03 4.93970E-04 1.45303E-04 4.87616E-02
1.69174E-04 4.82479E-04 1.26237E-03 2.37807E-03 2.48630E-03 8.35420E-02 2.61513E-01 1.26237E-03 4.82479E-04 1.69174E-04 4.19554E-02
1.85468E-04 4.66811E-04 1.16690E-03 2.16992E-03 2.26412E-03 7.69229E-02 2.43995E-01 1.16690E-03 4.66811E-04 1.85468E-04 3.61355E-02
1.95670E-04 4.48126E-04 1.07615E-03 1.97720E-03 2.05915E-03 7.07625E-02 2.27422E-01 1.07615E-03 4.48126E-04 1.95670E-04 3.11597E-02
2.01025E-04 4.27366E-04 9.90282E-04 1.79903E-03 1.87026E-03 6.50307E-02 2.11752E-01 9.90282E-04 4.27366E-04 2.01025E-04 2.69015E-02
2.02514E-04 4.05265E-04 9.09405E-04 1.63468E-03 1.69653E-03 5.97033E-02 1.96954E-01 9.09405E-04 4.05265E-04 2.02514E-04 2.32585E-02
2.00960E-04 3.82418E-04 8.33540E-04 1.48339E-03 1.53704E-03 5.47575E-02 1.82996E-01 8.33540E-04 3.82418E-04 2.00960E-04 2.01414E-02
1.97045E-04 3.59302E-04 7.62640E-04 1.34438E-03 1.39089E-03 5.01709E-02 1.69848E-01 7.62640E-04 3.59302E-04 1.97045E-04 1.74729E-02
1.91336E-04 3.36295E-04 6.96605E-04 1.21692E-03 1.25720E-03 4.59227E-02 1.57477E-01 6.96605E-04 3.36295E-04 1.91336E-04 1.51865E-02
1.84302E-04 3.13691E-04 6.35290E-04 1.10026E-03 1.13511E-03 4.19923E-02 1.45854E-01 6.35290E-04 3.13691E-04 1.84302E-04 1.32249E-02
1.76323E-04 2.91713E-04 5.78517E-04 9.93653E-04 1.02378E-03 3.83603E-02 1.34947E-01 5.78517E-04 2.91713E-04 1.76323E-04 1.15393E-02
1.67714E-04 2.70528E-04 5.26086E-04 8.96406E-04 9.22428E-04 3.50081E-02 1.24725E-01 5.26086E-04 2.70528E-04 1.67714E-04 1.00881E-02
1.58725E-04 2.50253E-04 4.77779E-04 8.07835E-04 8.30291E-04 3.19177E-02 1.15159E-01 4.77779E-04 2.50253E-04 1.58725E-04 8.83627E-03
1.49558E-04 2.30987E-04 4.33434E-04 7.27417E-04 7.46785E-04 2.90762E-02 1.06227E-01 4.33434E-04 2.30987E-04 1.49558E-04 7.75639E-03
1.40380E-04 2.12769E-04 3.92772E-04 6.54426E-04 6.71120E-04 2.64641E-02 9.78929E-02 3.92772E-04 2.12769E-04 1.40380E-04 6.82089E-03
0.00000E+00 0.00000E+00 1.80898E-03 4.39510E-03 4.64981E-03 1.71023E-01 4.86628E-01 1.80898E-03 0.00000E+00 0.00000E+00 1.71046E-01
0.00000E+00 1.02421E-04 1.72351E-03 4.04479E-03 4.26550E-03 1.57807E-01 4.55948E-01 1.72351E-03 1.02421E-04 0.00000E+00 1.47914E-01
0.00000E+00 1.86384E-04 1.64260E-03 3.73098E-03 3.92286E-03 1.45809E-01 4.27546E-01 1.64260E-03 1.86384E-04 0.00000E+00 1.27829E-01
0.00000E+00 2.49049E-04 1.55892E-03 3.44015E-03 3.60728E-03 1.34802E-01 4.01009E-01 1.55892E-03 2.49049E-04 0.00000E+00 1.10453E-01
0.00000E+00 2.94816E-04 1.47429E-03 3.17060E-03 3.31640E-03 1.24674E-01 3.76153E-01 1.47429E-03 2.94816E-04 0.00000E+00 9.54331E-02
0.00000E+00 3.26511E-04 1.38998E-03 2.92144E-03 3.04888E-03 1.15365E-01 3.52889E-01 1.38998E-03 3.26511E-04 0.00000E+00 8.25427E-02
0.00000E+00 3.47261E-04 1.30693E-03 2.69066E-03 2.80220E-03 1.06775E-01 3.31046E-01 1.30693E-03 3.47261E-04 0.00000E+00 7.14495E-02
6.93889E-18 3.57663E-04 1.24387E-03 2.52287E-03 2.62346E-03 1.00543E-01 3.14976E-01 1.24387E-03 3.57663E-04 6.93889E-18 6.38601E-02
8.83619E-06 3.58525E-04 1.22495E-03 2.47571E-03 2.57342E-03 9.88261E-02 3.10497E-01 1.22495E-03 3.58525E-04 8.83619E-06 6.18489E-02
4.99454E-05 3.63498E-04 1.14027E-03 2.26300E-03 2.34783E-03 9.09491E-02 2.89782E-01 1.14027E-03 3.63498E-04 4.99454E-05 5.28280E-02
8.20010E-05 3.63012E-04 1.05910E-03 2.06640E-03 2.14003E-03 8.36381E-02 2.70216E-01 1.05910E-03 3.63012E-04 8.20010E-05 4.51177E-02
1.05786E-04 3.57443E-04 9.80782E-04 1.88386E-03 1.94771E-03 7.68441E-02 2.51721E-01 9.80782E-04 3.57443E-04 1.05786E-04 3.85514E-02
1.22777E-04 3.47968E-04 9.05746E-04 1.71474E-03 1.77007E-03 7.05352E-02 2.34253E-01 9.05746E-04 3.47968E-04 1.22777E-04 3.29679E-02
1.34185E-04 3.35561E-04 8.34369E-04 1.55861E-03 1.60653E-03 6.46878E-02 2.17785E-01 8.34369E-04 3.35561E-04 1.34185E-04 2.82355E-02
1.41137E-04 3.21085E-04 7.66850E-04 1.41475E-03 1.45623E-03 5.92712E-02 2.02271E-01 7.66850E-04 3.21085E-04 1.41137E-04 2.42222E-02
1.44570E-04 3.05229E-04 7.03264E-04 1.28237E-03 1.31825E-03 5.42547E-02 1.87665E-01 7.03264E-04 3.05229E-04 1.44570E-04 2.08133E-02
1.45218E-04 2.88530E-04 6.43648E-04 1.16082E-03 1.19182E-03 4.96135E-02 1.73929E-01 6.43648E-04 2.88530E-04 1.45218E-04 1.79169E-02
1.43693E-04 2.71417E-04 5.87976E-04 1.04943E-03 1.07619E-03 4.53242E-02 1.61028E-01 5.87976E-04 2.71417E-04 1.43693E-04 1.54542E-02
1.40500E-04 2.54229E-04 5.36175E-04 9.47547E-04 9.70629E-04 4.13645E-02 1.48925E-01 5.36175E-04 2.54229E-04 1.40500E-04 1.33581E-02
1.36055E-04 2.37231E-04 4.88133E-04 8.54537E-04 8.74427E-04 3.77133E-02 1.37585E-01 4.88133E-04 2.37231E-04 1.36055E-04 1.15715E-02
1.30697E-04 2.20626E-04 4.43711E-04 7.69772E-04 7.86897E-04 3.43503E-02 1.26975E-01 4.43711E-04 2.20626E-04 1.30697E-04 1.00459E-02
1.24706E-04 2.04565E-04 4.02748E-04 6.92653E-04 7.07383E-04 3.12565E-02 1.17059E-01 4.02748E-04 2.04565E-04 1.24706E-04 8.74039E-03
1.18303E-04 1.89157E-04 3.65067E-04 6.22600E-04 6.35259E-04 2.84136E-02 1.07804E-01 3.65067E-04 1.89157E-04 1.18303E-04 7.62072E-03
1.11669E-04 1.74477E-04 3.30486E-04 5.59062E-04 5.69932E-04 2.58043E-02 9.91777E-02 3.30486E-04 1.74477E-04 1.11669E-04 6.65799E-03
1.04947E-04 1.60588E-04 2.98866E-04 5.01615E-04 5.10944E-04 2.34158E-02 9.11575E-02 2.98866E-04 1.60588E-04 1.04947E-04 5.83002E-03
9.82527E-05 1.47507E-04 2.69980E-04 4.49687E-04 4.57687E-04 2.12297E-02 8.37044E-02 2.69980E-04 1.47507E-04 9.82527E-05 5.11464E-03
0.00000E+00 0.00000E+00 1.32270E-03 3.24132E-03 3.37218E-03 1.48967E-01 4.49597E-01 1.32270E-03 0.00000E+00 0.00000E+00 1.45079E-01
0.00000E+00 7.43503E-05 1.25491E-03 2.96935E-03 3.08215E-03 1.36844E-01 4.19624E-01 1.25491E-03 7.43503E-05 0.00000E+00 1.24046E-01
0.00000E+00 1.34991E-04 1.19133E-03 2.72706E-03 2.82463E-03 1.25896E-01 3.92010E-01 1.19133E-03 1.34991E-04 0.00000E+00 1.06084E-01
0.00000E+00 1.79928E-04 1.12645E-03 2.50395E-03 2.58852E-03 1.15904E-01 3.66327E-01 1.12645E-03 1.79928E-04 0.00000E+00 9.07678E-02
0.00000E+00 2.12439E-04 1.06151E-03 2.29839E-03 2.37181E-03 1.06755E-01 3.42380E-01 1.06151E-03 2.12439E-04 0.00000E+00 7.77053E-02
0.00000E+00 2.34644E-04 9.97351E-04 2.10947E-03 2.17334E-03 9.83875E-02 3.20067E-01 9.97351E-04 2.34644E-04 0.00000E+00 6.66400E-02
0.00000E+00 2.48871E-04 9.34617E-04 1.93541E-03 1.99105E-03 9.07035E-02 2.99210E-01 9.34617E-04 2.48871E-04 0.00000E+00 5.72291E-02
6.93889E-18 2.55780E-04 8.87225E-04 1.80939E-03 1.85938E-03 8.51496E-02 2.83919E-01 8.87225E-04 2.55780E-04 6.93889E-18 5.08495E-02
6.36766E-06 2.56227E-04 8.73089E-04 1.77412E-03 1.82263E-03 8.36253E-02 2.79671E-01 8.73089E-04 2.56227E-04 6.36766E-06 4.91738E-02
3.59237E-05 2.59006E-04 8.09904E-04 1.61529E-03 1.65720E-03 7.66446E-02 2.60059E-01 8.09904E-04 2.59006E-04 3.59237E-05 4.16952E-02
5.88077E-05 2.57885E-04 7.49656E-04 1.46921E-03 1.50540E-03 7.01966E-02 2.41617E-01 7.49656E-04 2.57885E-04 5.88077E-05 3.53695E-02
7.56448E-05 2.53165E-04 6.91842E-04 1.33423E-03 1.36547E-03 6.42330E-02 2.24259E-01 6.91842E-04 2.53165E-04 7.56448E-05 3.00331E-02
8.75424E-05 2.45714E-04 6.36734E-04 1.20979E-03 1.23673E-03 5.87212E-02 2.07937E-01 6.36734E-04 2.45714E-04 8.75424E-05 2.55355E-02
9.54058E-05 2.36245E-04 5.84575E-04 1.09546E-03 1.11867E-03 5.36369E-02 1.92615E-01 5.84575E-04 2.36245E-04 9.54058E-05 2.17552E-02
1.00070E-04 2.25385E-04 5.35472E-04 9.90601E-04 1.01060E-03 4.89491E-02 1.78245E-01 5.35472E-04 2.25385E-04 1.00070E-04 1.85739E-02
1.02224E-04 2.13628E-04 4.89442E-04 8.94553E-04 9.11761E-04 4.46274E-02 1.64772E-01 4.89442E-04 2.13628E-04 1.02224E-04 1.58904E-02
1.02408E-04 2.01357E-04 4.46477E-04 8.06755E-04 8.21550E-04 4.06473E-02 1.52156E-01 4.46477E-04 2.01357E-04 1.02408E-04 1.36250E-02
1.01066E-04 1.88873E-04 4.06528E-04 7.26652E-04 7.39362E-04 3.69856E-02 1.40356E-01 4.06528E-04 1.88873E-04 1.01066E-04 1.17099E-02
9.85647E-05 1.76413E-04 3.69514E-04 6.53708E-04 6.64615E-04 3.36205E-02 1.29332E-01 3.69514E-04 1.76413E-04 9.85647E-05 1.00884E-02
9.52024E-05 1.64159E-04 3.35327E-04 5.87400E-04 5.96752E-04 3.05314E-02 1.19048E-01 3.35327E-04 1.64159E-04 9.52024E-05 8.71277E-03
9.12228E-05 1.52248E-04 3.03843E-04 5.27227E-04 5.35239E-04 2.76989E-02 1.09464E-01 3.03843E-04 1.52248E-04 9.12228E-05 7.54294E-03
8.68229E-05 1.40780E-04 2.74924E-04 4.72709E-04 4.79567E-04 2.51047E-02 1.00545E-01 2.74924E-04 1.40780E-04 8.68229E-05 6.54560E-03
8.21604E-05 1.29824E-04 2.48425E-04 4.23391E-04 4.29255E-04 2.27313E-02 9.22560E-02 2.48425E-04 1.29824E-04 8.21604E-05 5.69296E-03
7.73612E-05 1.19429E-04 2.24197E-04 3.78842E-04 3.83852E-04 2.05625E-02 8.45614E-02 2.24197E-04 1.19429E-04 7.73612E-05 4.96191E-03
7.25251E-05 1.09630E-04 2.02125E-04 3.38727E-04 3.43005E-04 1.85861E-02 7.74375E-02 2.02125E-04 1.09630E-04 7.25251E-05 4.33480E-03
6.77315E-05 1.00434E-04 1.82035E-04 3.02610E-04 3.06261E-04 1.67850E-02 7.08448E-02 1.82035E-04 1.00434E-04 6.77315E-05 3.79419E-03
0.00000E+00 0.00000E+00 9.50201E-04 2.34339E-03 2.40762E-03 1.28047E-01 4.12082E-01 9.50201E-04 0.00000E+00 0.00000E+00 1.20989E-01
0.00000E+00 5.26225E-05 8.97270E-04 2.13670E-03 2.19178E-03 1.17107E-01 3.83106E-01 8.97270E-04 5.26225E-05 0.00000E+00 1.02318E-01
0.00000E+00 9.54071E-05 8.48195E-04 1.95367E-03 2.00108E-03 1.07276E-01 3.56535E-01 8.48195E-04 9.54071E-05 0.00000E+00 8.66171E-02
0.00000E+00 1.26948E-04 7.98850E-04 1.78625E-03 1.82715E-03 9.83471E-02 3.31935E-01 7.98850E-04 1.26948E-04 0.00000E+00 7.34095E-02
0.00000E+00 1.49600E-04 7.50006E-04 1.63295E-03 1.66827E-03 9.02121E-02 3.09099E-01 7.50006E-04 1.49600E-04 0.00000E+00 6.22881E-02
0.00000E+00 1.64892E-04 7.02202E-04 1.49287E-03 1.52346E-03 8.28088E-02 2.87918E-01 7.02202E-04 1.64892E-04 0.00000E+00 5.29828E-02
0.00000E+00 1.74508E-04 6.55810E-04 1.36450E-03 1.39102E-03 7.60420E-02 2.68205E-01 6.55810E-04 1.74508E-04 0.00000E+00 4.51570E-02
0.00000E+00 1.79041E-04 6.20953E-04 1.27194E-03 1.29569E-03 7.11695E-02 2.53803E-01 6.20953E-04 1.79041E-04 0.00000E+00 3.98979E-02
4.51144E-06 1.79254E-04 6.10616E-04 1.24615E-03 1.26917E-03 6.98367E-02 2.49813E-01 6.10616E-04 1.79254E-04 4.51144E-06 3.85281E-02
2.54102E-05 1.80746E-04 5.64476E-04 1.13017E-03 1.14996E-03 6.37453E-02 2.31433E-01 5.64476E-04 1.80746E-04 2.54102E-05 3.24433E-02
4.14907E-05 1.79510E-04 5.20718E-04 1.02402E-03 1.04103E-03 5.81453E-02 2.14226E-01 5.20718E-04 1.79510E-04 4.14907E-05 2.73473E-02
5.32334E-05 1.75772E-04 4.78953E-04 9.26419E-04 9.41024E-04 5.29902E-02 1.98100E-01 4.78953E-04 1.75772E-04 5.32334E-05 2.30863E-02
6.14500E-05 1.70156E-04 4.39343E-04 8.36853E-04 8.49386E-04 4.82477E-02 1.83002E-01 4.39343E-04 1.70156E-04 6.14500E-05 1.95250E-02
6.68017E-05 1.63175E-04 4.02035E-04 7.54949E-04 7.65698E-04 4.38934E-02 1.68892E-01 4.02035E-04 1.63175E-04 6.68017E-05 1.65549E-02
6.98942E-05 1.55271E-04 3.67077E-04 6.80176E-04 6.89389E-04 3.98972E-02 1.55714E-01 3.67077E-04 1.55271E-04 6.98942E-05 1.40731E-02
7.12254E-05 1.46794E-04 3.34451E-04 6.11989E-04 6.19878E-04 3.62297E-02 1.43412E-01 3.34451E-04 1.46794E-04 7.12254E-05 1.19930E-02
7.11825E-05 1.38009E-04 3.04128E-04 5.49929E-04 5.56679E-04 3.28673E-02 1.31941E-01 3.04128E-04 1.38009E-04 7.11825E-05 1.02470E-02
7.00836E-05 1.29125E-04 2.76050E-04 4.93551E-04 4.99321E-04 2.97877E-02 1.21257E-01 2.76050E-04 1.29125E-04 7.00836E-05 8.77866E-03
6.81886E-05 1.20304E-04 2.50140E-04 4.42428E-04 4.47356E-04 2.69701E-02 1.11319E-01 2.50140E-04 1.20304E-04 6.81886E-05 7.54111E-03
6.57094E-05 1.11669E-04 2.26303E-04 3.96149E-04 4.00354E-04 2.43951E-02 1.02085E-01 2.26303E-04 1.11669E-04 6.57094E-05 6.49541E-03
6.28170E-05 1.03310E-04 2.04433E-04 3.54324E-04 3.57908E-04 2.20445E-02 9.35173E-02 2.04433E-04 1.03310E-04 6.28170E-05 5.60931E-03
5.96491E-05 9.52935E-05 1.84420E-04 3.16583E-04 3.19635E-04 1.99009E-02 8.55772E-02 1.84420E-04 9.52935E-05 5.96491E-05 4.85618E-03
5.63156E-05 8.76631E-05 1.66148E-04 2.82576E-04 2.85173E-04 1.79485E-02 7.82282E-02 1.66148E-04 8.76631E-05 5.63156E-05 4.21404E-03
5.29034E-05 8.04469E-05 1.49502E-04 2.51979E-04 2.54187E-04 1.61721E-02 7.14350E-02 1.49502E-04 8.04469E-05 5.29034E-05 3.66476E-03
4.94813E-05 7.36676E-05 1.34390E-04 2.24536E-04 2.26411E-04 1.45604E-02 6.51723E-02 1.34390E-04 7.36676E-05 4.94813E-05 3.19456E-03
4.61030E-05 6.73251E-05 1.20683E-04 1.99922E-04 2.01514E-04 1.30980E-02 5.94008E-02 1.20683E-04 6.73251E-05 4.61030E-05 2.78998E-03
0.00000E+00 0.00000E+00 6.69699E-04 1.65929E-03 1.68920E-03 1.08547E-01 3.74525E-01 6.69699E-04 0.00000E+00 0.00000E+00 9.90856E-02
0.00000E+00 3.62011E-05 6.29051E-04 1.50557E-03 1.53108E-03 9.88344E-02 3.46807E-01 6.29051E-04 3.62011E-05 0.00000E+00 8.29071E-02
0.00000E+00 6.56157E-05 5.91867E-04 1.37032E-03 1.39217E-03 9.01508E-02 3.21507E-01 5.91867E-04 6.56157E-05 0.00000E+00 6.94984E-02
0.00000E+00 8.72427E-05 5.55090E-04 1.24749E-03 1.26623E-03 8.23022E-02 2.98190E-01 5.55090E-04 8.72427E-05 0.00000E+00 5.83630E-02
0.00000E+00 1.02701E-04 5.19133E-04 1.13572E-03 1.15184E-03 7.51853E-02 2.76641E-01 5.19133E-04 1.02701E-04 0.00000E+00 4.90994E-02
0.00000E+00 1.13050E-04 4.84295E-04 1.03422E-03 1.04810E-03 6.87398E-02 2.56743E-01 4.84295E-04 1.13050E-04 0.00000E+00 4.14390E-02
0.00000E+00 1.19461E-04 4.50755E-04 9.41701E-04 9.53684E-04 6.28756E-02 2.38304E-01 4.50755E-04 1.19461E-04 0.00000E+00 3.50649E-02
2.08167E-17 1.22410E-04 4.25697E-04 8.75282E-04 8.85969E-04 5.86687E-02 2.24880E-01 4.25697E-04 1.22410E-04 2.08167E-17 3.08167E-02
3.13836E-06 1.22502E-04 4.18310E-04 8.56845E-04 8.67195E-04 5.75218E-02 2.21173E-01 4.18310E-04 1.22502E-04 3.13836E-06 2.97190E-02
1.76530E-05 1.23287E-04 3.85385E-04 7.74103E-04 7.82954E-04 5.22902E-02 2.04127E-01 3.85385E-04 1.23287E-04 1.76530E-05 2.48640E-02
2.87622E-05 1.22202E-04 3.54331E-04 6.98739E-04 7.06308E-04 4.75031E-02 1.88237E-01 3.54331E-04 1.22202E-04 2.87622E-05 2.08359E-02
3.68225E-05 1.19412E-04 3.24850E-04 6.29772E-04 6.36238E-04 4.31165E-02 1.73412E-01 3.24850E-04 1.19412E-04 3.68225E-05 1.74960E-02
4.24137E-05 1.15353E-04 2.97029E-04 5.66781E-04 5.72302E-04 3.90995E-02 1.59592E-01 2.97029E-04 1.15353E-04 4.24137E-05 1.47260E-02
4.60077E-05 1.10383E-04 2.70950E-04 5.09444E-04 5.14155E-04 3.54283E-02 1.46732E-01 2.70950E-04 1.10383E-04 4.60077E-05 1.24324E-02
4.80342E-05 1.04810E-04 2.46623E-04 4.57334E-04 4.61351E-04 3.20743E-02 1.34774E-01 2.46623E-04 1.04810E-04 4.80342E-05 1.05283E-02
4.88449E-05 9.88724E-05 2.24016E-04 4.10019E-04 4.13441E-04 2.90099E-02 1.23659E-01 2.24016E-04 9.88724E-05 4.88449E-05 8.94140E-03
4.87122E-05 9.27536E-05 2.03091E-04 3.67139E-04 3.70052E-04 2.62128E-02 1.13338E-01 2.03091E-04 9.27536E-05 4.87122E-05 7.61619E-03
4.78592E-05 8.65946E-05 1.83792E-04 3.28348E-04 3.30825E-04 2.36624E-02 1.03767E-01 1.83792E-04 8.65946E-05 4.78592E-05 6.50674E-03
4.64672E-05 8.05042E-05 1.66051E-04 2.93317E-04 2.95421E-04 2.13393E-02 9.49014E-02 1.66051E-04 8.05042E-05 4.64672E-05 5.57531E-03
4.46835E-05 7.45639E-05 1.49789E-04 2.61733E-04 2.63519E-04 1.92255E-02 8.66995E-02 1.49789E-04 7.45639E-05 4.46835E-05 4.79093E-03
4.26264E-05 6.88333E-05 1.34924E-04 2.33302E-04 2.34817E-04 1.73042E-02 7.91211E-02 1.34924E-04 6.88333E-05 4.26264E-05 4.12818E-03
4.03907E-05 6.33543E-05 1.21369E-04 2.07748E-04 2.09031E-04 1.55599E-02 7.21276E-02 1.21369E-04 6.33543E-05 4.03907E-05 3.56629E-03
3.80516E-05 5.81546E-05 1.09034E-04 1.84810E-04 1.85896E-04 1.39780E-02 6.56820E-02 1.09034E-04 5.81546E-05 3.80516E-05 3.08823E-03
3.56685E-05 5.32510E-05 9.78349E-05 1.64251E-04 1.65169E-04 1.25449E-02 5.97491E-02 9.78349E-05 5.32510E-05 3.56685E-05 2.68006E-03
3.32880E-05 4.86568E-05 8.77018E-05 1.45881E-04 1.46657E-04 1.12504E-02 5.43029E-02 8.77018E-05 4.86568E-05 3.32880E-05 2.33125E-03
3.09463E-05 4.43698E-05 7.85393E-05 1.29465E-04 1.30121E-04 1.00809E-02 4.93051E-02 7.85393E-05 4.43698E-05 3.09463E-05 2.03158E-03
0.00000E+00 0.00000E+00 4.62342E-04 1.14929E-03 1.16242E-03 9.06852E-02 3.37348E-01 4.62342E-04 0.00000E+00 0.00000E+00 7.95849E-02
0.00000E+00 2.41109E-05 4.31678E-04 1.03746E-03 1.04860E-03 8.22078E-02 3.11117E-01 4.31678E-04 2.41109E-05 0.00000E+00 6.59087E-02
0.00000E+00 4.37559E-05 4.04055E-04 9.39758E-04 9.49248E-04 7.46657E-02 2.87286E-01 4.04055E-04 4.37559E-05 0.00000E+00 5.47285E-02
0.00000E+00 5.82104E-05 3.77230E-04 8.51708E-04 8.59808E-04 6.78814E-02 2.65422E-01 3.77230E-04 5.82104E-05 0.00000E+00 4.55566E-02
0.00000E+00 6.85291E-05 3.51357E-04 7.72134E-04 7.79060E-04 6.17582E-02 2.45305E-01 3.51357E-04 6.85291E-05 0.00000E+00 3.80140E-02
0.00000E+00 7.54087E-05 3.26563E-04 7.00324E-04 7.06261E-04 5.62390E-02 2.26814E-01 3.26563E-04 7.54087E-05 0.00000E+00 3.18463E-02
0.00000E+00 7.96338E-05 3.02898E-04 6.35244E-04 6.40342E-04 5.12403E-02 2.09752E-01 3.02898E-04 7.96338E-05 0.00000E+00 2.67658E-02
1.73472E-17 8.15468E-05 2.85324E-04 5.88725E-04 5.93253E-04 4.76674E-02 1.97373E-01 2.85324E-04 8.15468E-05 1.73472E-17 2.34064E-02
2.14065E-06 8.15836E-05 2.80172E-04 5.75864E-04 5.80245E-04 4.66966E-02 1.93966E-01 2.80172E-04 8.15836E-05 2.14065E-06 2.25449E-02
1.20290E-05 8.20115E-05 2.57254E-04 5.18254E-04 5.21980E-04 4.22766E-02 1.78327E-01 2.57254E-04 8.20115E-05 1.20290E-05 1.87499E-02
1.95658E-05 8.11856E-05 2.35762E-04 4.66040E-04 4.69209E-04 3.82506E-02 1.63813E-01 2.35762E-04 8.11856E-05 1.95658E-05 1.56288E-02
2.50053E-05 7.92192E-05 2.15466E-04 4.18488E-04 4.21181E-04 3.45782E-02 1.50331E-01 2.15466E-04 7.92192E-05 2.50053E-05 1.30610E-02
2.87513E-05 7.64098E-05 1.96407E-04 3.75258E-04 3.77544E-04 3.12304E-02 1.37817E-01 1.96407E-04 7.64098E-05 2.87513E-05 1.09465E-02
3.11320E-05 7.30011E-05 1.78624E-04 3.36088E-04 3.38028E-04 2.81847E-02 1.26225E-01 1.78624E-04 7.30011E-05 3.11320E-05 9.20705E-03
3.24450E-05 6.92011E-05 1.62108E-04 3.00645E-04 3.02291E-04 2.54146E-02 1.15493E-01 1.62108E-04 6.92011E-05 3.24450E-05 7.77120E-03
3.29331E-05 6.51710E-05 1.46823E-04 2.68602E-04 2.69996E-04 2.28949E-02 1.05560E-01 1.46823E-04 6.51710E-05 3.29331E-05 6.58059E-03
3.27841E-05 6.10328E-05 1.32729E-04 2.39683E-04 2.40863E-04 2.06052E-02 9.63765E-02 1.32729E-04 6.10328E-05 3.27841E-05 5.59062E-03
3.21510E-05 5.68808E-05 1.19780E-04 2.13628E-04 2.14627E-04 1.85265E-02 8.78967E-02 1.19780E-04 5.68808E-05 3.21510E-05 4.76495E-03
3.11581E-05 5.27868E-05 1.07918E-04 1.90193E-04 1.91036E-04 1.66413E-02 8.00758E-02 1.07918E-04 5.27868E-05 3.11581E-05 4.07397E-03
2.99058E-05 4.88041E-05 9.70839E-05 1.69147E-04 1.69859E-04 1.49334E-02 7.28714E-02 9.70839E-05 4.88041E-05 2.99058E-05 3.49364E-03
2.84745E-05 4.49715E-05 8.72130E-05 1.50275E-04 1.50875E-04 1.33879E-02 6.62432E-02 8.72130E-05 4.49715E-05 2.84745E-05 3.00441E-03
2.69285E-05 4.13156E-05 7.82410E-05 1.33376E-04 1.33882E-04 1.19907E-02 6.01529E-02 7.82410E-05 4.13156E-05 2.69285E-05 2.59041E-03
2.53186E-05 3.78538E-05 7.01034E-05 1.18265E-04 1.18690E-04 1.07290E-02 5.45637E-02 7.01034E-05 3.78538E-05 2.53186E-05 2.23874E-03
2.36846E-05 3.45961E-05 6.27370E-05 1.04769E-04 1.05127E-04 9.59103E-03 4.94411E-02 6.27370E-05 3.45961E-05 2.36846E-05 1.93892E-03
2.20580E-05 3.15503E-05 5.60924E-05 9.27550E-05 9.30557E-05 8.56749E-03 4.47591E-02 5.60924E-05 3.15503E-05 2.20580E-05 1.68304E-03
2.04626E-05 2.87140E-05 5.01020E-05 8.20575E-05 8.23101E-05 7.64679E-03 4.04810E-02 5.01020E-05 2.87140E-05 2.04626E-05 1.46349E-03
0.00000E+00 0.00000E+00 3.12158E-04 7.77674E-04 7.83116E-04 7.46132E-02 3.00954E-01 3.12158E-04 0.00000E+00 0.00000E+00 6.26013E-02
0.00000E+00 1.54704E-05 2.89465E-04 6.98162E-04 7.02753E-04 6.73421E-02 2.76405E-01 2.89465E-04 1.54704E-05 0.00000E+00 5.13323E-02
0.00000E+00 2.81712E-05 2.69377E-04 6.29240E-04 6.33130E-04 6.09043E-02 2.54208E-01 2.69377E-04 2.81712E-05 0.00000E+00 4.22397E-02
0.00000E+00 3.75662E-05 2.50257E-04 5.67642E-04 5.70944E-04 5.51404E-02 2.33935E-01 2.50257E-04 3.75662E-05 0.00000E+00 3.48672E-02
0.00000E+00 4.42963E-05 2.32091E-04 5.12378E-04 5.15186E-04 4.99621E-02 2.15363E-01 2.32091E-04 4.42963E-05 0.00000E+00 2.88708E-02
0.00000E+00 4.87912E-05 2.14891E-04 4.62842E-04 4.65237E-04 4.53164E-02 1.98371E-01 2.14891E-04 4.87912E-05 0.00000E+00 2.40194E-02
0.00000E+00 5.15511E-05 1.98626E-04 4.18215E-04 4.20261E-04 4.11276E-02 1.82760E-01 1.98626E-04 5.15511E-05 0.00000E+00 2.00614E-02
1.04083E-17 5.27977E-05 1.86625E-04 3.86460E-04 3.88269E-04 3.81444E-02 1.71475E-01 1.86625E-04 5.27977E-05 1.04083E-17 1.74636E-02
1.42999E-06 5.28163E-05 1.83127E-04 3.77717E-04 3.79466E-04 3.73364E-02 1.68378E-01 1.83127E-04 5.28163E-05 1.42999E-06 1.68021E-02
8.03089E-06 5.30832E-05 1.67597E-04 3.38628E-04 3.40108E-04 3.36648E-02 1.54191E-01 1.67597E-04 5.30832E-05 8.03089E-06 1.38991E-02
1.30474E-05 5.25283E-05 1.53120E-04 3.03380E-04 3.04632E-04 3.03356E-02 1.41084E-01 1.53120E-04 5.25283E-05 1.30474E-05 1.15311E-02
1.66541E-05 5.12249E-05 1.39520E-04 2.71434E-04 2.72492E-04 2.73125E-02 1.28963E-01 1.39520E-04 5.12249E-05 1.66541E-05 9.59664E-03
1.91242E-05 4.93700E-05 1.26811E-04 2.42526E-04 2.43420E-04 2.45689E-02 1.17762E-01 1.26811E-04 4.93700E-05 1.91242E-05 8.01388E-03
2.06797E-05 4.71249E-05 1.15007E-04 2.16453E-04 2.17206E-04 2.20840E-02 1.07432E-01 1.15007E-04 4.71249E-05 2.06797E-05 6.71931E-03
2.15217E-05 4.46268E-05 1.04089E-04 1.92963E-04 1.93599E-04 1.98341E-02 9.79103E-02 1.04089E-04 4.46268E-05 2.15217E-05 5.65595E-03
2.18141E-05 4.19821E-05 9.40224E-05 1.71815E-04 1.72350E-04 1.77965E-02 8.91365E-02 9.40224E-05 4.19821E-05 2.18141E-05 4.77791E-03
2.16832E-05 3.92707E-05 8.47752E-05 1.52806E-04 1.53257E-04 1.59529E-02 8.10606E-02 8.47752E-05 3.92707E-05 2.16832E-05 4.05043E-03
2.12319E-05 3.65544E-05 7.63079E-05 1.35748E-04 1.36128E-04 1.42866E-02 7.36358E-02 7.63079E-05 3.65544E-05 2.12319E-05 3.44547E-03
2.05436E-05 3.38798E-05 6.85776E-05 1.20465E-04 1.20783E-04 1.27819E-02 6.68176E-02 6.85776E-05 3.38798E-05 2.05436E-05 2.94043E-03
1.96856E-05 3.12817E-05 6.15391E-05 1.06791E-04 1.07059E-04 1.14246E-02 6.05644E-02 6.15391E-05 3.12817E-05 1.96856E-05 2.51709E-03
1.87115E-05 2.87848E-05 5.51460E-05 9.45755E-05 9.47997E-05 1.02015E-02 5.48363E-02 5.51460E-05 2.87848E-05 1.87115E-05 2.16078E-03
1.76644E-05 2.64063E-05 4.93522E-05 8.36769E-05 8.38647E-05 9.10070E-03 4.95959E-02 4.93522E-05 2.64063E-05 1.76644E-05 1.85965E-03
1.65779E-05 2.41571E-05 4.41121E-05 7.39657E-05 7.41229E-05 8.11088E-03 4.48077E-02 4.41121E-05 2.41571E-05 1.65779E-05 1.60416E-03
1.54785E-05 2.20434E-05 3.93818E-05 6.53234E-05 6.54548E-05 7.22188E-03 4.04383E-02 3.93818E-05 2.20434E-05 1.54785E-05 1.38656E-03
1.43871E-05 2.00700E-05 3.51266E-05 5.76566E-05 5.77663E-05 6.42576E-03 3.64623E-02 3.51266E-05 2.00700E-05 1.43871E-05 1.20104E-03
1.33193E-05 1.82348E-05 3.13005E-05 5.08531E-05 5.09447E-05 5.71268E-03 3.28452E-02 3.13005E-05 1.82348E-05 1.33193E-05 1.04203E-03
0.00000E+00 0.00000E+00 2.05693E-04 5.13172E-04 5.15292E-04 6.04112E-02 2.65713E-01 2.05693E-04 0.00000E+00 0.00000E+00 4.81447E-02
0.00000E+00 9.49615E-06 1.89250E-04 4.57991E-04 4.59769E-04 5.42860E-02 2.43006E-01 1.89250E-04 9.49615E-06 0.00000E+00 3.91049E-02
0.00000E+00 1.74072E-05 1.74973E-04 4.10571E-04 4.12069E-04 4.88886E-02 2.22571E-01 1.74973E-04 1.74072E-05 0.00000E+00 3.19020E-02
0.00000E+00 2.33284E-05 1.61681E-04 3.68576E-04 3.69841E-04 4.40785E-02 2.03992E-01 1.61681E-04 2.33284E-05 0.00000E+00 2.61265E-02
0.00000E+00 2.76117E-05 1.49261E-04 3.31198E-04 3.32269E-04 3.97766E-02 1.87049E-01 1.49261E-04 2.76117E-05 0.00000E+00 2.14782E-02
0.00000E+00 3.04994E-05 1.37656E-04 2.97937E-04 2.98845E-04 3.59350E-02 1.71617E-01 1.37656E-04 3.04994E-05 0.00000E+00 1.77555E-02
0.00000E+00 3.22915E-05 1.26794E-04 2.68161E-04 2.68932E-04 3.24864E-02 1.57504E-01 1.26794E-04 3.22915E-05 0.00000E+00 1.47456E-02
2.77556E-17 3.31129E-05 1.18833E-04 2.47073E-04 2.47753E-04 3.00392E-02 1.47337E-01 1.18833E-04 3.31129E-05 2.77556E-17 1.27837E-02
9.34106E-07 3.31299E-05 1.16526E-04 2.41292E-04 2.41948E-04 2.93785E-02 1.44556E-01 1.16526E-04 3.31299E-05 9.34106E-07 1.22875E-02
5.24526E-06 3.33334E-05 1.06309E-04 2.15497E-04 2.16049E-04 2.63817E-02 1.31840E-01 1.06309E-04 3.33334E-05 5.24526E-06 1.01172E-02
8.51694E-06 3.30104E-05 9.68421E-05 1.92357E-04 1.92822E-04 2.36767E-02 1.20146E-01 9.68421E-05 3.30104E-05 8.51694E-06 8.36001E-03
1.08640E-05 3.22054E-05 8.79965E-05 1.71488E-04 1.71878E-04 2.12312E-02 1.09379E-01 8.79965E-05 3.22054E-05 1.08640E-05 6.93357E-03
1.24654E-05 3.10444E-05 7.97689E-05 1.52691E-04 1.53019E-04 1.90216E-02 9.94744E-02 7.97689E-05 3.10444E-05 1.24654E-05 5.77299E-03
1.34674E-05 2.96313E-05 7.21596E-05 1.35814E-04 1.36089E-04 1.70293E-02 9.03814E-02 7.21596E-05 2.96313E-05 1.34674E-05 4.82833E-03
1.40022E-05 2.80544E-05 6.51490E-05 1.20675E-04 1.20906E-04 1.52333E-02 8.20382E-02 6.51490E-05 2.80544E-05 1.40022E-05 4.05554E-03
1.41774E-05 2.63822E-05 5.87084E-05 1.07101E-04 1.07294E-04 1.36139E-02 7.43841E-02 5.87084E-05 2.63822E-05 1.41774E-05 3.41952E-03
1.40761E-05 2.46661E-05 5.28114E-05 9.49483E-05 9.51102E-05 1.21550E-02 6.73702E-02 5.28114E-05 2.46661E-05 1.40761E-05 2.89397E-03
1.37662E-05 2.29459E-05 4.74286E-05 8.40849E-05 8.42202E-05 1.08420E-02 6.09504E-02 4.74286E-05 2.29459E-05 1.37662E-05 2.45784E-03
1.33024E-05 2.12517E-05 4.25288E-05 7.43876E-05 7.45007E-05 9.66153E-03 5.50814E-02 4.25288E-05 2.12517E-05 1.33024E-05 2.09434E-03
1.27288E-05 1.96059E-05 3.80798E-05 6.57435E-05 6.58378E-05 8.60126E-03 4.97225E-02 3.80798E-05 1.96059E-05 1.27288E-05 1.79002E-03
1.20808E-05 1.80243E-05 3.40496E-05 5.80482E-05 5.81268E-05 7.64996E-03 4.48355E-02 3.40496E-05 1.80243E-05 1.20808E-05 1.53413E-03
1.13865E-05 1.65180E-05 3.04065E-05 5.12063E-05 5.12718E-05 6.79736E-03 4.03844E-02 3.04065E-05 1.65180E-05 1.13865E-05 1.31805E-03
1.06680E-05 1.50941E-05 2.71196E-05 4.51304E-05 4.51849E-05 6.03401E-03 3.63355E-02 2.71196E-05 1.50941E-05 1.06680E-05 1.13485E-03
9.94266E-06 1.37566E-05 2.41595E-05 3.97412E-05 3.97864E-05 5.35133E-03 3.26571E-02 2.41595E-05 1.37566E-05 9.94266E-06 9.78923E-04
9.22411E-06 1.25086E-05 2.15031E-05 3.49759E-05 3.50135E-05 4.74260E-03 2.93251E-02 2.15031E-05 1.25086E-05 9.22411E-06 8.46099E-04
8.52258E-06 1.13489E-05 1.91199E-05 3.07607E-05 3.07919E-05 4.19968E-03 2.63073E-02 1.91199E-05 1.13489E-05 8.52258E-06 7.32361E-04
0.00000E+00 0.00000E+00 1.31978E-04 3.29558E-04 3.30331E-04 4.80951E-02 2.31974E-01 1.31978E-04 0.00000E+00 0.00000E+00 3.61350E-02
0.00000E+00 5.52002E-06 1.20335E-04 2.92235E-04 2.92880E-04 4.30307E-02 2.11227E-01 1.20335E-04 5.52002E-06 0.00000E+00 2.90865E-02
0.00000E+00 1.02379E-05 1.10439E-04 2.60469E-04 2.61010E-04 3.85888E-02 1.92645E-01 1.10439E-04 1.02379E-05 0.00000E+00 2.35375E-02
0.00000E+00 1.38442E-05 1.01446E-04 2.32621E-04 2.33075E-04 3.46483E-02 1.75829E-01 1.01446E-04 1.38442E-05 0.00000E+00 1.91355E-02
0.00000E+00 1.65009E-05 9.31969E-05 2.08050E-04 2.08432E-04 3.11398E-02 1.60564E-01 9.31969E-05 1.65009E-05 0.00000E+00 1.56280E-02
0.00000E+00 1.83263E-05 8.56030E-05 1.86357E-04 1.86679E-04 2.80210E-02 1.46726E-01 8.56030E-05 1.83263E-05 0.00000E+00 1.28455E-02
0.00000E+00 1.94862E-05 7.85731E-05 1.67067E-04 1.67339E-04 2.52335E-02 1.34126E-01 7.85731E-05 1.94862E-05 0.00000E+00 1.06147E-02
6.93889E-18 2.00362E-05 7.34596E-05 1.53475E-04 1.53714E-04 2.32623E-02 1.25082E-01 7.34596E-05 2.00362E-05 6.93889E-18 9.17003E-03
5.95687E-07 2.00567E-05 7.19860E-05 1.49764E-04 1.49995E-04 2.27319E-02 1.22616E-01 7.19860E-05 2.00567E-05 5.95687E-07 8.80682E-03
3.34620E-06 2.02367E-05 6.54794E-05 1.33247E-04 1.33440E-04 2.03301E-02 1.11364E-01 6.54794E-05 2.02367E-05 3.34620E-06 7.22325E-03
5.43406E-06 2.00869E-05 5.94883E-05 1.18510E-04 1.18671E-04 1.81718E-02 1.01064E-01 5.94883E-05 2.00869E-05 5.43406E-06 5.94961E-03
6.93119E-06 1.96322E-05 5.39202E-05 1.05285E-04 1.05419E-04 1.62292E-02 9.16244E-02 5.39202E-05 1.96322E-05 6.93119E-06 4.92128E-03
7.95115E-06 1.89506E-05 4.87646E-05 9.34292E-05 9.35417E-05 1.44816E-02 8.29799E-02 4.87646E-05 1.89506E-05 7.95115E-06 4.08848E-03
8.58699E-06 1.81068E-05 4.40157E-05 8.28321E-05 8.29260E-05 1.29129E-02 7.50807E-02 4.40157E-05 1.81068E-05 8.58699E-06 3.41322E-03
8.92323E-06 1.71562E-05 3.96561E-05 7.33666E-05 7.34449E-05 1.15049E-02 6.78660E-02 3.96561E-05 1.71562E-05 8.92323E-06 2.86249E-03
9.02884E-06 1.61419E-05 3.56636E-05 6.49134E-05 6.49787E-05 1.02408E-02 6.12774E-02 3.56636E-05 1.61419E-05 9.02884E-06 2.41028E-03
8.95720E-06 1.50966E-05 3.20187E-05 5.73747E-05 5.74290E-05 9.10690E-03 5.52672E-02 3.20187E-05 1.50966E-05 8.95720E-06 2.03724E-03
8.75178E-06 1.40454E-05 2.87005E-05 5.06604E-05 5.07056E-05 8.09079E-03 4.97911E-02 2.87005E-05 1.40454E-05 8.75178E-06 1.72805E-03
8.44787E-06 1.30076E-05 2.56874E-05 4.46883E-05 4.47257E-05 7.18112E-03 4.48076E-02 2.56874E-05 1.30076E-05 8.44787E-06 1.47056E-03
8.07390E-06 1.19974E-05 2.29579E-05 3.93829E-05 3.94140E-05 6.36757E-03 4.02779E-02 2.29579E-05 1.19974E-05 8.07390E-06 1.25511E-03
7.65266E-06 1.10253E-05 2.04906E-05 3.46757E-05 3.47015E-05 5.64076E-03 3.61658E-02 2.04906E-05 1.10253E-05 7.65266E-06 1.07402E-03
7.20229E-06 1.00984E-05 1.82649E-05 3.05040E-05 3.05253E-05 4.99211E-03 3.24376E-02 1.82649E-05 1.00984E-05 7.20229E-06 9.21156E-04
6.73710E-06 9.22149E-06 1.62608E-05 2.68110E-05 2.68287E-05 4.41384E-03 2.90617E-02 1.62608E-05 9.22149E-06 6.73710E-06 7.91596E-04
6.26825E-06 8.39729E-06 1.44595E-05 2.35454E-05 2.35600E-05 3.89886E-03 2.60086E-02 1.44595E-05 8.39729E-06 6.26825E-06 6.81388E-04
5.80456E-06 7.62800E-06 1.28459E-05 2.06667E-05 2.06787E-05 3.44166E-03 2.32559E-02 1.28459E-05 7.62800E-06 5.80456E-06 5.87574E-04
5.35261E-06 6.91304E-06 1.14009E-05 1.81278E-05 1.81377E-05 3.03560E-03 2.07741E-02 1.14009E-05 6.91304E-06 5.35261E-06 5.07317E-04
0.00000E+00 0.00000E+00 8.22242E-05 2.05429E-04 2.05692E-04 3.76171E-02 2.00038E-01 8.22242E-05 0.00000E+00 0.00000E+00 2.64095E-02
0.00000E+00 2.98928E-06 7.41892E-05 1.80880E-04 1.81098E-04 3.35100E-02 1.81330E-01 7.41892E-05 2.98928E-06 0.00000E+00 2.10788E-02
0.00000E+00 5.65915E-06 6.75153E-05 1.60209E-04 1.60390E-04 2.99245E-02 1.64656E-01 6.75153E-05 5.65915E-06 0.00000E+00 1.69306E-02
0.00000E+00 7.77245E-06 6.16098E-05 1.42290E-04 1.42441E-04 2.67579E-02 1.49638E-01 6.16098E-05 7.77245E-06 0.00000E+00 1.36732E-02
0.00000E+00 9.37610E-06 5.63035E-05 1.26631E-04 1.26758E-04 2.39509E-02 1.36068E-01 5.63035E-05 9.37610E-06 0.00000E+00 1.11021E-02
0.00000E+00 1.05123E-05 5.14990E-05 1.12926E-04 1.13032E-04 2.14669E-02 1.23825E-01 5.14990E-05 1.05123E-05 0.00000E+00 9.08049E-03
0.00000E+00 1.12619E-05 4.71062E-05 1.00828E-04 1.00917E-04 1.92563E-02 1.12729E-01 4.71062E-05 1.12619E-05 0.00000E+00 7.47219E-03
5.20417E-18 1.16360E-05 4.39370E-05 9.23493E-05 9.24275E-05 1.76986E-02 1.04794E-01 4.39370E-05 1.16360E-05 5.20417E-18 6.43662E-03
3.70118E-07 1.16596E-05 4.30289E-05 9.00450E-05 9.01202E-05 1.72807E-02 1.02638E-01 4.30289E-05 1.16596E-05 3.70118E-07 6.17769E-03
2.08109E-06 1.18258E-05 3.90331E-05 7.98125E-05 7.98752E-05 1.53920E-02 9.28177E-02 3.90331E-05 1.18258E-05 2.08109E-06 5.05188E-03
3.38263E-06 1.17900E-05 3.53783E-05 7.07345E-05 7.07866E-05 1.37024E-02 8.38709E-02 3.53783E-05 1.17900E-05 3.38263E-06 4.15150E-03
4.31733E-06 1.15647E-05 3.19994E-05 6.26297E-05 6.26730E-05 1.21881E-02 7.57099E-02 3.19994E-05 1.15647E-05 4.31733E-06 3.42768E-03
4.95455E-06 1.11962E-05 2.88844E-05 5.53987E-05 5.54346E-05 1.08318E-02 6.82714E-02 2.88844E-05 1.11962E-05 4.95455E-06 2.84355E-03
5.35156E-06 1.07237E-05 2.60258E-05 4.89641E-05 4.89939E-05 9.61968E-03 6.15063E-02 2.60258E-05 1.07237E-05 5.35156E-06 2.37119E-03
5.56072E-06 1.01808E-05 2.34097E-05 4.32406E-05 4.32653E-05 8.53647E-03 5.53567E-02 2.34097E-05 1.01808E-05 5.56072E-06 1.98666E-03
5.62500E-06 9.59433E-06 2.10203E-05 3.81489E-05 3.81694E-05 7.56813E-03 4.97669E-02 2.10203E-05 9.59433E-06 5.62500E-06 1.67131E-03
5.57775E-06 8.98444E-06 1.88440E-05 3.36247E-05 3.36417E-05 6.70325E-03 4.46916E-02 1.88440E-05 8.98444E-06 5.57775E-06 1.41135E-03
5.44626E-06 8.36699E-06 1.68668E-05 2.96094E-05 2.96234E-05 5.93150E-03 4.00889E-02 1.68668E-05 8.36699E-06 5.44626E-06 1.19595E-03
5.25271E-06 7.75415E-06 1.50747E-05 2.60498E-05 2.60613E-05 5.24354E-03 3.59197E-02 1.50747E-05 7.75415E-06 5.25271E-06 1.01658E-03
5.01507E-06 7.15513E-06 1.34541E-05 2.28976E-05 2.29072E-05 4.63090E-03 3.21478E-02 1.34541E-05 7.15513E-06 5.01507E-06 8.66475E-04
4.74775E-06 6.57668E-06 1.19914E-05 2.01094E-05 2.01173E-05 4.08589E-03 2.87397E-02 1.19914E-05 6.57668E-06 4.74775E-06 7.40298E-04
4.46226E-06 6.02363E-06 1.06738E-05 1.76457E-05 1.76522E-05 3.60157E-03 2.56642E-02 1.06738E-05 6.02363E-06 4.46226E-06 6.33787E-04
4.16768E-06 5.49922E-06 9.48898E-06 1.54709E-05 1.54762E-05 3.17162E-03 2.28924E-02 9.48898E-06 5.49922E-06 4.16768E-06 5.43531E-04
3.87112E-06 5.00547E-06 8.42542E-06 1.35531E-05 1.35575E-05 2.79035E-03 2.03973E-02 8.42542E-06 5.00547E-06 3.87112E-06 4.66790E-04
3.57819E-06 4.54396E-06 7.47398E-06 1.18672E-05 1.18708E-05 2.45330E-03 1.81584E-02 7.47398E-06 4.54396E-06 3.57819E-06 4.01512E-04
3.29308E-06 4.11464E-06 6.62304E-06 1.03842E-05 1.03871E-05 2.15523E-03 1.61494E-02 6.62304E-06 4.11464E-06 3.29308E-06 3.45727E-04
0.00000E+00 0.00000E+00 4.95262E-05 1.23774E-04 1.23857E-04 2.88628E-02 1.70115E-01 4.95262E-05 0.00000E+00 0.00000E+00 1.87327E-02
0.00000E+00 1.46176E-06 4.41417E-05 1.08128E-04 1.08196E-04 2.56000E-02 1.53487E-01 4.41417E-05 1.46176E-06 0.00000E+00 1.48357E-02
0.00000E+00 2.87440E-06 3.97796E-05 9.51093E-05 9.51655E-05 2.27646E-02 1.38741E-01 3.97796E-05 2.87440E-06 0.00000E+00 1.18366E-02
0.00000E+00 4.05806E-06 3.60305E-05 8.39658E-05 8.40125E-05 2.02716E-02 1.25524E-01 3.60305E-05 4.05806E-06 0.00000E+00 9.50413E-03
0.00000E+00 4.99777E-06 3.27393E-05 7.43322E-05 7.43711E-05 1.80714E-02 1.13639E-01 3.27393E-05 4.99777E-06 0.00000E+00 7.67919E-03
0.00000E+00 5.69372E-06 2.98151E-05 6.59809E-05 6.60134E-05 1.61330E-02 1.02969E-01 2.98151E-05 5.69372E-06 0.00000E+00 6.25590E-03
0.00000E+00 6.17687E-06 2.71790E-05 5.86685E-05 5.86956E-05 1.44154E-02 9.33438E-02 2.71790E-05 6.17687E-06 0.00000E+00 5.13130E-03
5.20417E-18 6.43368E-06 2.52945E-05 5.35739E-05 5.35974E-05 1.32092E-02 8.64872E-02 2.52945E-05 6.43368E-06 5.20417E-18 4.41078E-03
2.23320E-07 6.45802E-06 2.47576E-05 5.21956E-05 5.22183E-05 1.28866E-02 8.46303E-02 2.47576E-05 6.45802E-06 2.23320E-07 4.23149E-03
1.25771E-06 6.60741E-06 2.24051E-05 4.60922E-05 4.61110E-05 1.14314E-02 7.61908E-02 2.24051E-05 6.60741E-06 1.25771E-06 3.45369E-03
2.04792E-06 6.63607E-06 2.02687E-05 4.07098E-05 4.07254E-05 1.01352E-02 6.85393E-02 2.02687E-05 6.63607E-06 2.04792E-06 2.83439E-03
2.61745E-06 6.54889E-06 1.83039E-05 3.59299E-05 3.59427E-05 8.97859E-03 6.15934E-02 1.83039E-05 6.54889E-06 2.61745E-06 2.33805E-03
3.00687E-06 6.37239E-06 1.64999E-05 3.16857E-05 3.16963E-05 7.94713E-03 5.52930E-02 1.64999E-05 6.37239E-06 3.00687E-06 1.93836E-03
3.25009E-06 6.12925E-06 1.48496E-05 2.79258E-05 2.79345E-05 7.02932E-03 4.95912E-02 1.48496E-05 6.12925E-06 3.25009E-06 1.61560E-03
3.37845E-06 5.83957E-06 1.33432E-05 2.45950E-05 2.46022E-05 6.21269E-03 4.44332E-02 1.33432E-05 5.83957E-06 3.37845E-06 1.35300E-03
3.41788E-06 5.51941E-06 1.19700E-05 2.16428E-05 2.16488E-05 5.48577E-03 3.97672E-02 1.19700E-05 5.51941E-06 3.41788E-06 1.13766E-03
3.38864E-06 5.18117E-06 1.07212E-05 1.90288E-05 1.90337E-05 4.83929E-03 3.55512E-02 1.07212E-05 5.18117E-06 3.38864E-06 9.60089E-04
3.30740E-06 4.83467E-06 9.58811E-06 1.67162E-05 1.67202E-05 4.26488E-03 3.17460E-02 9.58811E-06 4.83467E-06 3.30740E-06 8.12869E-04
3.18779E-06 4.48761E-06 8.56216E-06 1.46723E-05 1.46756E-05 3.75502E-03 2.83159E-02 8.56216E-06 4.48761E-06 3.18779E-06 6.90187E-04
3.04088E-06 4.14589E-06 7.63512E-06 1.28676E-05 1.28703E-05 3.30291E-03 2.52277E-02 7.63512E-06 4.14589E-06 3.04088E-06 5.87464E-04
2.87562E-06 3.81395E-06 6.79903E-06 1.12755E-05 1.12777E-05 2.90242E-03 2.24508E-02 6.79903E-06 3.81395E-06 2.87562E-06 5.01074E-04
2.69917E-06 3.49506E-06 6.04636E-06 9.87240E-06 9.87420E-06 2.54804E-03 1.99570E-02 6.04636E-06 3.49506E-06 2.69917E-06 4.28135E-04
2.51717E-06 3.19150E-06 5.36995E-06 8.63688E-06 8.63835E-06 2.23477E-03 1.77203E-02 5.36995E-06 3.19150E-06 2.51717E-06 3.66335E-04
2.33408E-06 2.90478E-06 4.76309E-06 7.54996E-06 7.55116E-06 1.95816E-03 1.57167E-02 4.76309E-06 2.90478E-06 2.33408E-06 3.13814E-04
2.15342E-06 2.63610E-06 4.22052E-06 6.59666E-06 6.59764E-06 1.71469E-03 1.39277E-02 4.22052E-06 2.63610E-06 2.15342E-06 2.69180E-04
1.97779E-06 2.38566E-06 3.73556E-06 5.76000E-06 5.76079E-06 1.50028E-03 1.23301E-02 3.73556E-06 2.38566E-06 1.97779E-06 2.31086E-04
0.00000E+00 0.00000E+00 2.88667E-05 7.21547E-05 7.21786E-05 2.17586E-02 1.42672E-01 2.88667E-05 0.00000E+00 0.00000E+00 1.28981E-02
0.00000E+00 6.08742E-07 2.53618E-05 6.24815E-05 6.25011E-05 1.92160E-02 1.28108E-01 2.53618E-05 6.08742E-07 0.00000E+00 1.01453E-02
0.00000E+00 1.29629E-06 2.25967E-05 5.45392E-05 5.45553E-05 1.70163E-02 1.15259E-01 2.25967E-05 1.29629E-06 0.00000E+00 8.04899E-03
0.00000E+00 1.92892E-06 2.02943E-05 4.78356E-05 4.78490E-05 1.50906E-02 1.03799E-01 2.02943E-05 1.92892E-06 0.00000E+00 6.43286E-03
0.00000E+00 2.46531E-06 1.83253E-05 4.21096E-05 4.21207E-05 1.33984E-02 9.35439E-02 1.83253E-05 2.46531E-06 0.00000E+00 5.17835E-03
0.00000E+00 2.88653E-06 1.66132E-05 3.71987E-05 3.72078E-05 1.19142E-02 8.43833E-02 1.66132E-05 2.88653E-06 0.00000E+00 4.20679E-03
0.00000E+00 3.19738E-06 1.50946E-05 3.29367E-05 3.29443E-05 1.06045E-02 7.61597E-02 1.50946E-05 3.19738E-06 0.00000E+00 3.44347E-03
1.73472E-18 3.37414E-06 1.40204E-05 2.99865E-05 2.99931E-05 9.68796E-03 7.03246E-02 1.40204E-05 3.37414E-06 1.73472E-18 2.95634E-03
1.31122E-07 3.39665E-06 1.37162E-05 2.91922E-05 2.91986E-05 9.44357E-03 6.87499E-02 1.37162E-05 3.39665E-06 1.31122E-07 2.83559E-03
7.40179E-07 3.52388E-06 1.23897E-05 2.56857E-05 2.56909E-05 8.34310E-03 6.16078E-02 1.23897E-05 3.52388E-06 7.40179E-07 2.31266E-03
1.20850E-06 3.58028E-06 1.11942E-05 2.26130E-05 2.26173E-05 7.36713E-03 5.51649E-02 1.11942E-05 3.58028E-06 1.20850E-06 1.89748E-03
1.54795E-06 3.56680E-06 1.01004E-05 1.98991E-05 1.99026E-05 6.50000E-03 4.93452E-02 1.01004E-05 3.56680E-06 1.54795E-06 1.56522E-03
1.78127E-06 3.49797E-06 9.09979E-06 1.75011E-05 1.75040E-05 5.73000E-03 4.40924E-02 9.09979E-06 3.49797E-06 1.78127E-06 1.29783E-03
1.92775E-06 3.38650E-06 8.18674E-06 1.53859E-05 1.53883E-05 5.04781E-03 3.93626E-02 8.18674E-06 3.38650E-06 1.92775E-06 1.08186E-03
2.00556E-06 3.24407E-06 7.35457E-06 1.35193E-05 1.35213E-05 4.44343E-03 3.51053E-02 7.35457E-06 3.24407E-06 2.00556E-06 9.06026E-04
2.02991E-06 3.08023E-06 6.59674E-06 1.18707E-05 1.18723E-05 3.90772E-03 3.12731E-02 6.59674E-06 3.08023E-06 2.02991E-06 7.61665E-04
2.01279E-06 2.90247E-06 5.90790E-06 1.04154E-05 1.04167E-05 3.43331E-03 2.78275E-02 5.90790E-06 2.90247E-06 2.01279E-06 6.42464E-04
1.96413E-06 2.71686E-06 5.28297E-06 9.13158E-06 9.13264E-06 3.01357E-03 2.47332E-02 5.28297E-06 2.71686E-06 1.96413E-06 5.43504E-04
1.89214E-06 2.52823E-06 4.71706E-06 7.99986E-06 8.00072E-06 2.64258E-03 2.19576E-02 4.71706E-06 2.52823E-06 1.89214E-06 4.60937E-04
1.80352E-06 2.34039E-06 4.20556E-06 7.00295E-06 7.00366E-06 2.31500E-03 1.94712E-02 4.20556E-06 2.34039E-06 1.80352E-06 3.91734E-04
1.70371E-06 2.15629E-06 3.74408E-06 6.12547E-06 6.12604E-06 2.02605E-03 1.72465E-02 3.74408E-06 2.15629E-06 1.70371E-06 3.33498E-04
1.59708E-06 1.97814E-06 3.32846E-06 5.35371E-06 5.35417E-06 1.77144E-03 1.52585E-02 3.32846E-06 1.97814E-06 1.59708E-06 2.84318E-04
1.48710E-06 1.80755E-06 2.95480E-06 4.67547E-06 4.67585E-06 1.54733E-03 1.34843E-02 2.95480E-06 1.80755E-06 1.48710E-06 2.42659E-04
1.37651E-06 1.64567E-06 2.61943E-06 4.07991E-06 4.08021E-06 1.35029E-03 1.19030E-02 2.61943E-06 1.64567E-06 1.37651E-06 2.07281E-04
1.26748E-06 1.49339E-06 2.31949E-06 3.55851E-06 3.55876E-06 1.17759E-03 1.04982E-02 2.31949E-06 1.49339E-06 1.26748E-06 1.77251E-04
1.16161E-06 1.35104E-06 2.05134E-06 3.10169E-06 3.10189E-06 1.02616E-03 9.25007E-03 2.05134E-06 1.35104E-06 1.16161E-06 1.51664E-04
0.00000E+00 0.00000E+00 1.60898E-05 4.02213E-05 4.02276E-05 1.60406E-02 1.17521E-01 1.60898E-05 0.00000E+00 0.00000E+00 8.54638E-03
0.00000E+00 1.70205E-07 1.38953E-05 3.44803E-05 3.44854E-05 1.41048E-02 1.04991E-01 1.38953E-05 1.70205E-07 0.00000E+00 6.68438E-03
0.00000E+00 4.61664E-07 1.22123E-05 2.98361E-05 2.98403E-05 1.24376E-02 9.39960E-02 1.22123E-05 4.61664E-07 0.00000E+00 5.28029E-03
0.00000E+00 7.78418E-07 1.08591E-05 2.59783E-05 2.59818E-05 1.09845E-02 8.42400E-02 1.08591E-05 7.78418E-07 0.00000E+00 4.20634E-03
0.00000E+00 1.07383E-06 9.73611E-06 2.27281E-05 2.27309E-05 9.71298E-03 7.55546E-02 9.73611E-06 1.07383E-06 0.00000E+00 3.37833E-03
0.00000E+00 1.32360E-06 8.78439E-06 1.99744E-05 1.99767E-05 8.60261E-03 6.78367E-02 8.78439E-06 1.32360E-06 0.00000E+00 2.74070E-03
0.00000E+00 1.52090E-06 7.95642E-06 1.76087E-05 1.76106E-05 7.62699E-03 6.09432E-02 7.95642E-06 1.52090E-06 0.00000E+00 2.24184E-03
8.67362E-19 1.64075E-06 7.37801E-06 1.59831E-05 1.59847E-05 6.94654E-03 5.60719E-02 7.37801E-06 1.64075E-06 8.67362E-19 1.92433E-03
7.41378E-08 1.65967E-06 7.21520E-06 1.55477E-05 1.55493E-05 6.76566E-03 5.47620E-02 7.21520E-06 1.65967E-06 7.41378E-08 1.84583E-03
4.19834E-07 1.76112E-06 6.50987E-06 1.36323E-05 1.36336E-05 5.95263E-03 4.88343E-02 6.50987E-06 1.76112E-06 4.19834E-07 1.50625E-03
6.88059E-07 1.82209E-06 5.87970E-06 1.19656E-05 1.19666E-05 5.23472E-03 4.35149E-02 5.87970E-06 1.82209E-06 6.88059E-07 1.23692E-03
8.84022E-07 1.84179E-06 5.30601E-06 1.05019E-05 1.05028E-05 4.59961E-03 3.87347E-02 5.30601E-06 1.84179E-06 8.84022E-07 1.02129E-03
1.01971E-06 1.82770E-06 4.78275E-06 9.21495E-06 9.21565E-06 4.03807E-03 3.44427E-02 4.78275E-06 1.82770E-06 1.01971E-06 8.47544E-04
1.10556E-06 1.78668E-06 4.30599E-06 8.08467E-06 8.08525E-06 3.54273E-03 3.05983E-02 4.30599E-06 1.78668E-06 1.10556E-06 7.06956E-04
1.15165E-06 1.72526E-06 3.87160E-06 7.09087E-06 7.09135E-06 3.10578E-03 2.71559E-02 3.87160E-06 1.72526E-06 1.15165E-06 5.92241E-04
1.16655E-06 1.64902E-06 3.47582E-06 6.21583E-06 6.21621E-06 2.72013E-03 2.40734E-02 3.47582E-06 1.64902E-06 1.16655E-06 4.97843E-04
1.15712E-06 1.56239E-06 3.11568E-06 5.44546E-06 5.44577E-06 2.38007E-03 2.13161E-02 3.11568E-06 1.56239E-06 1.15712E-06 4.19722E-04
1.12908E-06 1.46906E-06 2.78847E-06 4.76746E-06 4.76771E-06 2.08050E-03 1.88528E-02 2.78847E-06 1.46906E-06 1.12908E-06 3.54737E-04
1.08724E-06 1.37206E-06 2.49166E-06 4.17097E-06 4.17117E-06 1.81684E-03 1.66547E-02 2.49166E-06 1.37206E-06 1.08724E-06 3.00428E-04
1.03553E-06 1.27380E-06 2.22290E-06 3.64646E-06 3.64663E-06 1.58503E-03 1.46958E-02 2.22290E-06 1.27380E-06 1.03553E-06 2.54858E-04
9.77157E-07 1.17623E-06 1.97997E-06 3.18550E-06 3.18564E-06 1.38143E-03 1.29523E-02 1.97997E-06 1.17623E-06 9.77157E-07 2.16486E-04
9.14739E-07 1.08082E-06 1.76078E-06 2.78065E-06 2.78076E-06 1.20281E-03 1.14024E-02 1.76078E-06 1.08082E-06 9.14739E-07 1.84081E-04
8.50348E-07 9.88712E-07 1.56337E-06 2.42531E-06 2.42540E-06 1.04626E-03 1.00264E-02 1.56337E-06 9.88712E-07 8.50348E-07 1.56646E-04
7.85620E-07 9.00729E-07 1.38591E-06 2.11366E-06 2.11373E-06 9.09206E-04 8.80644E-03 1.38591E-06 9.00729E-07 7.85620E-07 1.33374E-04
7.21855E-07 8.17537E-07 1.22698E-06 1.84112E-06 1.84118E-06 7.89615E-04 7.72839E-03 1.22698E-06 8.17537E-07 7.21855E-07 1.13653E-04
6.60017E-07 7.39458E-07 1.08472E-06 1.60260E-06 1.60264E-06 6.85204E-04 6.77560E-03 1.08472E-06 7.39458E-07 6.60017E-07 9.68852E-05
0.00000E+00 0.00000E+00 8.54493E-06 2.13616E-05 2.13630E-05 1.15728E-02 9.49709E-02 8.54493E-06 0.00000E+00 0.00000E+00 5.43698E-03
0.00000E+00 0.00000E+00 7.22679E-06 1.80994E-05 1.81005E-05 1.01319E-02 8.43960E-02 7.22679E-06 0.00000E+00 0.00000E+00 4.23540E-03
0.00000E+00 7.32362E-08 6.24566E-06 1.55038E-05 1.55047E-05 8.89639E-03 7.51674E-02 6.24566E-06 7.32362E-08 0.00000E+00 3.33728E-03
0.00000E+00 2.19704E-07 5.48665E-06 1.33867E-05 1.33874E-05 7.82419E-03 6.70231E-02 5.48665E-06 2.19704E-07 0.00000E+00 2.65476E-03
0.00000E+00 3.76521E-07 4.87848E-06 1.16311E-05 1.16317E-05 6.89003E-03 5.98111E-02 4.87848E-06 3.76521E-07 0.00000E+00 2.13124E-03
0.00000E+00 5.21347E-07 4.37884E-06 1.01648E-05 1.01653E-05 6.07783E-03 5.34376E-02 4.37884E-06 5.21347E-07 0.00000E+00 1.72961E-03
0.00000E+00 6.44090E-07 3.95452E-06 8.91996E-06 8.92036E-06 5.36718E-03 4.77747E-02 3.95452E-06 6.44090E-07 0.00000E+00 1.41606E-03
5.20417E-18 7.23253E-07 3.66270E-06 8.07170E-06 8.07204E-06 4.87324E-03 4.37901E-02 3.66270E-06 7.23253E-07 5.20417E-18 1.21667E-03
4.02816E-08 7.37846E-07 3.58112E-06 7.84586E-06 7.84618E-06 4.74234E-03 4.27227E-02 3.58112E-06 7.37846E-07 4.02816E-08 1.16744E-03
2.29052E-07 8.13411E-07 3.23063E-06 6.85633E-06 6.85659E-06 4.15502E-03 3.79034E-02 3.23063E-06 8.13411E-07 2.29052E-07 9.54501E-04
3.77253E-07 8.66423E-07 2.92069E-06 6.00197E-06 6.00218E-06 3.63866E-03 3.36023E-02 2.92069E-06 8.66423E-07 3.77253E-07 7.85385E-04
4.86633E-07 8.95588E-07 2.63992E-06 5.25632E-06 5.25649E-06 3.18384E-03 2.97581E-02 2.63992E-06 8.95588E-07 4.86633E-07 6.49625E-04
5.63084E-07 9.04512E-07 2.38435E-06 4.60404E-06 4.60418E-06 2.78344E-03 2.63251E-02 2.38435E-06 9.04512E-07 5.63084E-07 5.39886E-04
6.11932E-07 8.96706E-07 2.15148E-06 4.03357E-06 4.03368E-06 2.43180E-03 2.32670E-02 2.15148E-06 8.96706E-07 6.11932E-07 4.50768E-04
6.38509E-07 8.75750E-07 1.93893E-06 3.53365E-06 3.53374E-06 2.12296E-03 2.05437E-02 1.93893E-06 8.75750E-07 6.38509E-07 3.77790E-04
6.47462E-07 8.44796E-07 1.74474E-06 3.09461E-06 3.09468E-06 1.85155E-03 1.81182E-02 1.74474E-06 8.44796E-07 6.47462E-07 3.17537E-04
6.42562E-07 8.06437E-07 1.56743E-06 2.70888E-06 2.70894E-06 1.61327E-03 1.59604E-02 1.56743E-06 8.06437E-07 6.42562E-07 2.67526E-04
6.27019E-07 7.62884E-07 1.40571E-06 2.36994E-06 2.36998E-06 1.40425E-03 1.40431E-02 1.40571E-06 7.62884E-07 6.27019E-07 2.25825E-04
6.03536E-07 7.15985E-07 1.25844E-06 2.07210E-06 2.07213E-06 1.22110E-03 1.23415E-02 1.25844E-06 7.15985E-07 6.03536E-07 1.90915E-04
5.74361E-07 6.67269E-07 1.12454E-06 1.81043E-06 1.81046E-06 1.06077E-03 1.08333E-02 1.12454E-06 6.67269E-07 5.74361E-07 1.61591E-04
5.41347E-07 6.17972E-07 1.00304E-06 1.58062E-06 1.58064E-06 9.20575E-04 9.49826E-03 1.00304E-06 6.17972E-07 5.41347E-07 1.36893E-04
5.05998E-07 5.69079E-07 8.93001E-07 1.37887E-06 1.37889E-06 7.98110E-04 8.31798E-03 8.93001E-07 5.69079E-07 5.05998E-07 1.16042E-04
4.69521E-07 5.21354E-07 7.93561E-07 1.20186E-06 1.20188E-06 6.91249E-04 7.27587E-03 7.93561E-07 5.21354E-07 4.69521E-07 9.84092E-05
4.32868E-07 4.75377E-07 7.03892E-07 1.04666E-06 1.04667E-06 5.98107E-04 6.35698E-03 7.03892E-07 4.75377E-07 4.32868E-07 8.34764E-05
3.96796E-07 4.31613E-07 6.23358E-07 9.10969E-07 9.10979E-07 5.17198E-04 5.54951E-03 6.23358E-07 4.31613E-07 3.96796E-07 7.08512E-05
3.61865E-07 3.90334E-07 5.51100E-07 7.92244E-07 7.92252E-07 4.46872E-04 4.83980E-03 5.51100E-07 3.90334E-07 3.61865E-07 6.01462E-05
0.00000E+00 0.00000E+00 4.29315E-06 1.07328E-05 1.07330E-05 8.16007E-03 7.50786E-02 4.29315E-06 0.00000E+00 0.00000E+00 3.30087E-03
0.00000E+00 0.00000E+00 3.53845E-06 8.96905E-06 8.96924E-06 7.11251E-03 6.63454E-02 3.53845E-06 0.00000E+00 0.00000E+00 2.56723E-03
0.00000E+00 0.00000E+00 2.99390E-06 7.59154E-06 7.59169E-06 6.21833E-03 5.87684E-02 2.99390E-06 0.00000E+00 0.00000E+00 2.02281E-03
0.00000E+00 0.00000E+00 2.59019E-06 6.49104E-06 6.49116E-06 5.44569E-03 5.21193E-02 2.59019E-06 0.00000E+00 0.00000E+00 1.61085E-03
0.00000E+00 6.94408E-08 2.27981E-06 5.59531E-06 5.59541E-06 4.77541E-03 4.62644E-02 2.27981E-06 6.94408E-08 0.00000E+00 1.29570E-03
0.00000E+00 1.51034E-07 2.03455E-06 4.85977E-06 4.85985E-06 4.19520E-03 4.11197E-02 2.03455E-06 1.51034E-07 0.00000E+00 1.05415E-03
0.00000E+00 2.25098E-07 1.83270E-06 4.24406E-06 4.24413E-06 3.68969E-03 3.65739E-02 1.83270E-06 2.25098E-07 0.00000E+00 8.65438E-04
4.77049E-18 2.75395E-07 1.69675E-06 3.82875E-06 3.82880E-06 3.33954E-03 3.33897E-02 1.69675E-06 2.75395E-07 4.77049E-18 7.45248E-04
2.09146E-08 2.85772E-07 1.65904E-06 3.71890E-06 3.71896E-06 3.24703E-03 3.25402E-02 1.65904E-06 2.85772E-07 2.09146E-08 7.15551E-04
1.19551E-07 3.38202E-07 1.49895E-06 3.24003E-06 3.24008E-06 2.83272E-03 2.87135E-02 1.49895E-06 3.38202E-07 1.19551E-07 5.87002E-04
1.98148E-07 3.78436E-07 1.35919E-06 2.83030E-06 2.83034E-06 2.47009E-03 2.53178E-02 1.35919E-06 3.78436E-07 1.98148E-07 4.84468E-04
2.56883E-07 4.05257E-07 1.23321E-06 2.47512E-06 2.47515E-06 2.15206E-03 2.23001E-02 1.23321E-06 4.05257E-07 2.56883E-07 4.01721E-04
2.98401E-07 4.20264E-07 1.11858E-06 2.16605E-06 2.16607E-06 1.87332E-03 1.96205E-02 1.11858E-06 4.20264E-07 2.98401E-07 3.34469E-04
3.25237E-07 4.25165E-07 1.01382E-06 1.89680E-06 1.89682E-06 1.62961E-03 1.72474E-02 1.01382E-06 4.25165E-07 3.25237E-07 2.79562E-04
3.40064E-07 4.21849E-07 9.17714E-07 1.66150E-06 1.66152E-06 1.41652E-03 1.51461E-02 9.17714E-07 4.21849E-07 3.40064E-07 2.34380E-04
3.45288E-07 4.12063E-07 8.29330E-07 1.45522E-06 1.45524E-06 1.23008E-03 1.32853E-02 8.29330E-07 4.12063E-07 3.45288E-07 1.96922E-04
3.42902E-07 3.97284E-07 7.48042E-07 1.27417E-06 1.27418E-06 1.06711E-03 1.16393E-02 7.48042E-07 3.97284E-07 3.42902E-07 1.65729E-04
3.34635E-07 3.78803E-07 6.73339E-07 1.11514E-06 1.11515E-06 9.24800E-04 1.01851E-02 6.73339E-07 3.78803E-07 3.34635E-07 1.39655E-04
3.21960E-07 3.57730E-07 6.04790E-07 9.75376E-07 9.75382E-07 8.00650E-04 8.90194E-03 6.04790E-07 3.57730E-07 3.21960E-07 1.17794E-04
3.06118E-07 3.34999E-07 5.42012E-07 8.52529E-07 8.52534E-07 6.92458E-04 7.77111E-03 5.42012E-07 3.34999E-07 3.06118E-07 9.94204E-05
2.88138E-07 3.11382E-07 4.84653E-07 7.44557E-07 7.44561E-07 5.98275E-04 6.77583E-03 4.84653E-07 3.11382E-07 2.88138E-07 8.39487E-05
2.68863E-07 2.87504E-07 4.32378E-07 6.49685E-07 6.49688E-07 5.16375E-04 5.90100E-03 4.32378E-07 2.87504E-07 2.68863E-07 7.09015E-05
2.48969E-07 2.63864E-07 3.84864E-07 5.66362E-07 5.66364E-07 4.45234E-04 5.13305E-03 3.84864E-07 2.63864E-07 2.48969E-07 5.98871E-05
2.28991E-07 2.40845E-07 3.41799E-07 4.93228E-07 4.93230E-07 3.83508E-04 4.45980E-03 3.41799E-07 2.40845E-07 2.28991E-07 5.05818E-05
2.09354E-07 2.18756E-07 3.02945E-07 4.29227E-07 4.29228E-07 3.30137E-04 3.87168E-03 3.02945E-07 2.18756E-07 2.09354E-07 4.27383E-05
1.90373E-07 1.97797E-07 2.67949E-07 3.73177E-07 3.73178E-07 2.83959E-04 3.35776E-03 2.67949E-07 1.97797E-07 1.90373E-07 3.61106E-05
0.00000E+00 0.00000E+00 2.02172E-06 5.05428E-06 5.05431E-06 5.61464E-03 5.78553E-02 2.02172E-06 0.00000E+00 0.00000E+00 1.89819E-03
0.00000E+00 0.00000E+00 1.61303E-06 4.15426E-06 4.15429E-06 4.87170E-03 5.08213E-02 1.61303E-06 0.00000E+00 0.00000E+00 1.47919E-03
0.00000E+00 0.00000E+00 1.32733E-06 3.46549E-06 3.46551E-06 4.24039E-03 4.47561E-02 1.32733E-06 0.00000E+00 0.00000E+00 1.16962E-03
0.00000E+00 0.00000E+00 1.12519E-06 2.92821E-06 2.92823E-06 3.69728E-03 3.94655E-02 1.12519E-06 0.00000E+00 0.00000E+00 9.35554E-04
0.00000E+00 0.00000E+00 9.77296E-07 2.50048E-06 2.50049E-06 3.22817E-03 3.48343E-02 9.77296E-07 0.00000E+00 0.00000E+00 7.56265E-04
0.00000E+00 6.02745E-09 8.66197E-07 2.15644E-06 2.15646E-06 2.82392E-03 3.07896E-02 8.66197E-07 6.02745E-09 0.00000E+00 6.18381E-04
0.00000E+00 4.88166E-08 7.78685E-07 1.87348E-06 1.87349E-06 2.47324E-03 2.72366E-02 7.78685E-07 4.88166E-08 0.00000E+00 5.10144E-04
0.00000E+00 7.91640E-08 7.21505E-07 1.68501E-06 1.68502E-06 2.23120E-03 2.47597E-02 7.21505E-07 7.91640E-08 0.00000E+00 4.40874E-04
1.02896E-08 8.59661E-08 7.05807E-07 1.63556E-06 1.63557E-06 2.16745E-03 2.41016E-02 7.05807E-07 8.59661E-08 1.02896E-08 4.23702E-04
5.92096E-08 1.19728E-07 6.40382E-07 1.42136E-06 1.42137E-06 1.88249E-03 2.11449E-02 6.40382E-07 1.19728E-07 5.92096E-08 3.49219E-04
9.89168E-08 1.47138E-07 5.84318E-07 1.24009E-06 1.24009E-06 1.63419E-03 1.85372E-02 5.84318E-07 1.47138E-07 9.89168E-08 2.89340E-04
1.29038E-07 1.67272E-07 5.34029E-07 1.08416E-06 1.08417E-06 1.41742E-03 1.62336E-02 5.34029E-07 1.67272E-07 1.29038E-07 2.40621E-04
1.50612E-07 1.80761E-07 4.88147E-07 9.49224E-07 9.49228E-07 1.22829E-03 1.42006E-02 4.88147E-07 1.80761E-07 1.50612E-07 2.00720E-04
1.64740E-07 1.88383E-07 4.45867E-07 8.32091E-07 8.32094E-07 1.06369E-03 1.24110E-02 4.45867E-07 1.88383E-07 1.64740E-07 1.67918E-04
1.72678E-07 1.91096E-07 4.06622E-07 7.29908E-07 7.29911E-07 9.20425E-04 1.08361E-02 4.06622E-07 1.91096E-07 1.72678E-07 1.40771E-04
1.75607E-07 1.89837E-07 3.70048E-07 6.40363E-07 6.40365E-07 7.95653E-04 9.44980E-03 3.70048E-07 1.89837E-07 1.75607E-07 1.18163E-04
1.74531E-07 1.85418E-07 3.35937E-07 5.61713E-07 5.61714E-07 6.87090E-04 8.23096E-03 3.35937E-07 1.85418E-07 1.74531E-07 9.92752E-05
1.70340E-07 1.78573E-07 3.04152E-07 4.92519E-07 4.92520E-07 5.92723E-04 7.16064E-03 3.04152E-07 1.78573E-07 1.70340E-07 8.34552E-05
1.63804E-07 1.69942E-07 2.74596E-07 4.31577E-07 4.31578E-07 5.10781E-04 6.22193E-03 2.74596E-07 1.69942E-07 1.63804E-07 7.01794E-05
1.55581E-07 1.60075E-07 2.47194E-07 3.77871E-07 3.77872E-07 4.39705E-04 5.39970E-03 2.47194E-07 1.60075E-07 1.55581E-07 5.90235E-05
1.46221E-07 1.49434E-07 2.21874E-07 3.30533E-07 3.30534E-07 3.78122E-04 4.68044E-03 2.21874E-07 1.49434E-07 1.46221E-07 4.96399E-05
1.36173E-07 1.38399E-07 1.98566E-07 2.88816E-07 2.88816E-07 3.24823E-04 4.05210E-03 1.98566E-07 1.38399E-07 1.36173E-07 4.17422E-05
1.25804E-07 1.27274E-07 1.77191E-07 2.52068E-07 2.52068E-07 2.78745E-04 3.50389E-03 1.77191E-07 1.27274E-07 1.25804E-07 3.50929E-05
1.15400E-07 1.16299E-07 1.57668E-07 2.19721E-07 2.19722E-07 2.38956E-04 3.02625E-03 1.57668E-07 1.16299E-07 1.15400E-07 2.94940E-05
1.05192E-07 1.05668E-07 1.39936E-07 1.91337E-07 1.91337E-07 2.04720E-04 2.61160E-03 1.39936E-07 1.05668E-07 1.05192E-07 2.47928E-05
9.53452E-08 9.55129E-08 1.23875E-07 1.66418E-07 1.66418E-07 1.75242E-04 2.25150E-03 1.23875E-07 9.55129E-08 9.53452E-08 2.08374E-05
0.00000E+00 0.00000E+00 8.81237E-07 2.20309E-06 2.20309E-06 3.76171E-03 4.32554E-02 8.81237E-07 0.00000E+00 0.00000E+00 1.02376E-03
0.00000E+00 0.00000E+00 6.73992E-07 1.77406E-06 1.77406E-06 3.24848E-03 3.77541E-02 6.73992E-07 0.00000E+00 0.00000E+00 8.03683E-04
0.00000E+00 0.00000E+00 5.33530E-07 1.45288E-06 1.45288E-06 2.81439E-03 3.30415E-02 5.33530E-07 0.00000E+00 0.00000E+00 6.40993E-04
0.00000E+00 0.00000E+00 4.39064E-07 1.20914E-06 1.20914E-06 2.44264E-03 2.89570E-02 4.39064E-07 0.00000E+00 0.00000E+00 5.17299E-04
0.00000E+00 0.00000E+00 3.73998E-07 1.02025E-06 1.02025E-06 2.12300E-03 2.54042E-02 3.73998E-07 0.00000E+00 0.00000E+00 4.21826E-04
0.00000E+00 0.00000E+00 3.28399E-07 8.72277E-07 8.72279E-07 1.84883E-03 2.23213E-02 3.28399E-07 0.00000E+00 0.00000E+00 3.47669E-04
0.00000E+00 0.00000E+00 2.94815E-07 7.53351E-07 7.53352E-07 1.61207E-03 1.96301E-02 2.94815E-07 0.00000E+00 0.00000E+00 2.88829E-04
0.00000E+00 6.28169E-09 2.73959E-07 6.75473E-07 6.75474E-07 1.44926E-03 1.77635E-02 2.73959E-07 6.28169E-09 0.00000E+00 2.50823E-04
4.73228E-09 1.03778E-08 2.68329E-07 6.55255E-07 6.55256E-07 1.40652E-03 1.72698E-02 2.68329E-07 1.03778E-08 4.73228E-09 2.41340E-04
2.74686E-08 3.04427E-08 2.45638E-07 5.68431E-07 5.68432E-07 1.21583E-03 1.50576E-02 2.45638E-07 3.04427E-08 2.74686E-08 2.00062E-04
4.63582E-08 4.73661E-08 2.26826E-07 4.96016E-07 4.96017E-07 1.05048E-03 1.31192E-02 2.26826E-07 4.73661E-08 4.63582E-08 1.66482E-04
6.09522E-08 6.05368E-08 2.10054E-07 4.34328E-07 4.34329E-07 9.06798E-04 1.14179E-02 2.10054E-07 6.05368E-08 6.09522E-08 1.38855E-04
7.15691E-08 7.01547E-08 1.94601E-07 3.81269E-07 3.81270E-07 7.82035E-04 9.92601E-03 1.94601E-07 7.01547E-08 7.15691E-08 1.16011E-04
7.86267E-08 7.65447E-08 1.80065E-07 3.35346E-07 3.35347E-07 6.73983E-04 8.62138E-03 1.80065E-07 7.65447E-08 7.86267E-08 9.70812E-05
8.26671E-08 8.01686E-08 1.66217E-07 2.95290E-07 2.95291E-07 5.80394E-04 7.48075E-03 1.66217E-07 8.01686E-08 8.26671E-08 8.13206E-05
8.42318E-08 8.15042E-08 1.52950E-07 2.60117E-07 2.60118E-07 4.99279E-04 6.48317E-03 1.52950E-07 8.15042E-08 8.42318E-08 6.81401E-05
8.37977E-08 8.09806E-08 1.40233E-07 2.29111E-07 2.29111E-07 4.29044E-04 5.61175E-03 1.40233E-07 8.09806E-08 8.37977E-08 5.70996E-05
8.17983E-08 7.89934E-08 1.28076E-07 2.01701E-07 2.01701E-07 3.68293E-04 4.85147E-03 1.28076E-07 7.89934E-08 8.17983E-08 4.78417E-05
7.86164E-08 7.58957E-08 1.16507E-07 1.77424E-07 1.77424E-07 3.15801E-04 4.18900E-03 1.16507E-07 7.58957E-08 7.86164E-08 4.00740E-05
7.45822E-08 7.19949E-08 1.05557E-07 1.55900E-07 1.55901E-07 2.70496E-04 3.61252E-03 1.05557E-07 7.19949E-08 7.45822E-08 3.35551E-05
6.99742E-08 6.75515E-08 9.52555E-08 1.36811E-07 1.36811E-07 2.31439E-04 3.11152E-03 9.52555E-08 6.75515E-08 6.99742E-08 2.80842E-05
6.50226E-08 6.27824E-08 8.56237E-08 1.19886E-07 1.19886E-07 1.97806E-04 2.67671E-03 8.56237E-08 6.27824E-08 6.50226E-08 2.34940E-05
5.99135E-08 5.78634E-08 7.66734E-08 1.04888E-07 1.04888E-07 1.68878E-04 2.29984E-03 7.66734E-08 5.78634E-08 5.99135E-08 1.96439E-05
5.47939E-08 5.29343E-08 6.84065E-08 9.16147E-08 9.16148E-08 1.44025E-04 1.97364E-03 6.84065E-08 5.29343E-08 5.47939E-08 1.64160E-05
4.97803E-08 4.81061E-08 6.08266E-08 7.99071E-08 7.99072E-08 1.22754E-04 1.69236E-03 6.08266E-08 4.81061E-08 4.97803E-08 1.37190E-05
4.49572E-08 4.34598E-08 5.39088E-08 6.95823E-08 6.95823E-08 1.04533E-04 1.44970E-03 5.39088E-08 4.34598E-08 4.49572E-08 1.14616E-05
0.00000E+00 0.00000E+00 3.49868E-07 8.74670E-07 8.74670E-07 2.44687E-03 3.11904E-02 3.49868E-07 0.00000E+00 0.00000E+00 5.11341E-04
0.00000E+00 0.00000E+00 2.52680E-07 6.86098E-07 6.86098E-07 2.10225E-03 2.70356E-02 2.52680E-07 0.00000E+00 0.00000E+00 4.07860E-04
0.00000E+00 0.00000E+00 1.88607E-07 5.48113E-07 5.48113E-07 1.81221E-03 2.35017E-02 1.88607E-07 0.00000E+00 0.00000E+00 3.30536E-04
0.00000E+00 0.00000E+00 1.47758E-07 4.46659E-07 4.46659E-07 1.56503E-03 2.04597E-02 1.47758E-07 0.00000E+00 0.00000E+00 2.70732E-04
0.00000E+00 0.00000E+00 1.21630E-07 3.70622E-07 3.70622E-07 1.35352E-03 1.78317E-02 1.21630E-07 0.00000E+00 0.00000E+00 2.23699E-04
0.00000E+00 0.00000E+00 1.05081E-07 3.13118E-07 3.13118E-07 1.17301E-03 1.55672E-02 1.05081E-07 0.00000E+00 0.00000E+00 1.86419E-04
0.00000E+00 0.00000E+00 9.42514E-08 2.68392E-07 2.68392E-07 1.01788E-03 1.36037E-02 9.42514E-08 0.00000E+00 0.00000E+00 1.56266E-04
0.00000E+00 0.00000E+00 8.82022E-08 2.39828E-07 2.39828E-07 9.11618E-04 1.22492E-02 8.82022E-08 0.00000E+00 0.00000E+00 1.36495E-04
1.99235E-09 0.00000E+00 8.66339E-08 2.32530E-07 2.32531E-07 8.83825E-04 1.18927E-02 8.66339E-08 0.00000E+00 1.99235E-09 1.31511E-04
1.17057E-08 2.88835E-10 8.08119E-08 2.01596E-07 2.01597E-07 7.60078E-04 1.02999E-02 8.08119E-08 2.88835E-10 1.17057E-08 1.09706E-04
2.00303E-08 9.76502E-09 7.64027E-08 1.76359E-07 1.76359E-07 6.53321E-04 8.91403E-03 7.64027E-08 9.76502E-09 2.00303E-08 9.16797E-05
2.66149E-08 1.74341E-08 7.25247E-08 1.55160E-07 1.55161E-07 5.61034E-04 7.70607E-03 7.25247E-08 1.74341E-08 2.66149E-08 7.66475E-05
3.14994E-08 2.33281E-08 6.88246E-08 1.37069E-07 1.37069E-07 4.81309E-04 6.65417E-03 6.88246E-08 2.33281E-08 3.14994E-08 6.40833E-05
3.48064E-08 2.75647E-08 6.51158E-08 1.21442E-07 1.21442E-07 4.12628E-04 5.74079E-03 6.51158E-08 2.75647E-08 3.48064E-08 5.35879E-05
3.67431E-08 3.03503E-08 6.13189E-08 1.07772E-07 1.07772E-07 3.53453E-04 4.94782E-03 6.13189E-08 3.03503E-08 3.67431E-08 4.48019E-05
3.75362E-08 3.19139E-08 5.74233E-08 9.56874E-08 9.56874E-08 3.02435E-04 4.25913E-03 5.74233E-08 3.19139E-08 3.75362E-08 3.74309E-05
3.73954E-08 3.24679E-08 5.34549E-08 8.49352E-08 8.49353E-08 2.58494E-04 3.66172E-03 5.34549E-08 3.24679E-08 3.73954E-08 3.12486E-05
3.65178E-08 3.22133E-08 4.94582E-08 7.53253E-08 7.53254E-08 2.20690E-04 3.14415E-03 4.94582E-08 3.22133E-08 3.65178E-08 2.60661E-05
3.50810E-08 3.13324E-08 4.54846E-08 6.67128E-08 6.67129E-08 1.88202E-04 2.69632E-03 4.54846E-08 3.13324E-08 3.50810E-08 2.17250E-05
3.32407E-08 2.99857E-08 4.15852E-08 5.89845E-08 5.89845E-08 1.60314E-04 2.30936E-03 4.15852E-08 2.99857E-08 3.32407E-08 1.80918E-05
3.11293E-08 2.83108E-08 3.78061E-08 5.20489E-08 5.20489E-08 1.36404E-04 1.97544E-03 3.78061E-08 2.83108E-08 3.11293E-08 1.50541E-05
2.88569E-08 2.64227E-08 3.41856E-08 4.58299E-08 4.58300E-08 1.15929E-04 1.68768E-03 3.41856E-08 2.64227E-08 2.88569E-08 1.25166E-05
2.65125E-08 2.44155E-08 3.07541E-08 4.02619E-08 4.02620E-08 9.84160E-05 1.44004E-03 3.07541E-08 2.44155E-08 2.65125E-08 1.03990E-05
2.41663E-08 2.23642E-08 2.75333E-08 3.52869E-08 3.52869E-08 8.34553E-05 1.22722E-03 2.75333E-08 2.23642E-08 2.41663E-08 8.63343E-06
2.18739E-08 2.03281E-08 2.45413E-08 3.08610E-08 3.08610E-08 7.07238E-05 1.04503E-03 2.45413E-08 2.03281E-08 2.18739E-08 7.16707E-06
1.96750E-08 1.83518E-08 2.17826E-08 2.69289E-08 2.69289E-08 5.98809E-05 8.88987E-04 2.17826E-08 1.83518E-08 1.96750E-08 5.94736E-06
0.00000E+00 0.00000E+00 1.23266E-07 3.08164E-07 3.08164E-07 1.53487E-03 2.14864E-02 1.23266E-07 0.00000E+00 0.00000E+00 2.31781E-04
0.00000E+00 0.00000E+00 8.19347E-08 2.33310E-07 2.33310E-07 1.31122E-03 1.84831E-02 8.19347E-08 0.00000E+00 0.00000E+00 1.90505E-04
0.00000E+00 0.00000E+00 5.52100E-08 1.79700E-07 1.79700E-07 1.12401E-03 1.59483E-02 5.52100E-08 0.00000E+00 0.00000E+00 1.58569E-04
0.00000E+00 0.00000E+00 3.90375E-08 1.41663E-07 1.41663E-07 9.65313E-04 1.37827E-02 3.90375E-08 0.00000E+00 0.00000E+00 1.32825E-04
0.00000E+00 0.00000E+00 2.95814E-08 1.14349E-07 1.14350E-07 8.30245E-04 1.19257E-02 2.95814E-08 0.00000E+00 0.00000E+00 1.11768E-04
0.00000E+00 0.00000E+00 2.44697E-08 9.47079E-08 9.47080E-08 7.15607E-04 1.03378E-02 2.44697E-08 0.00000E+00 0.00000E+00 9.44485E-05
0.00000E+00 0.00000E+00 2.18893E-08 8.02003E-08 8.02004E-08 6.17614E-04 8.97105E-03 2.18893E-08 0.00000E+00 0.00000E+00 7.99992E-05
0.00000E+00 0.00000E+00 2.08816E-08 7.13238E-08 7.13239E-08 5.50791E-04 8.03387E-03 2.08816E-08 0.00000E+00 0.00000E+00 7.03142E-05
7.36895E-10 0.00000E+00 2.06703E-08 6.91222E-08 6.91222E-08 5.33382E-04 7.78853E-03 2.06703E-08 0.00000E+00 7.36895E-10 6.78377E-05
4.41423E-09 0.00000E+00 2.02452E-08 6.00034E-08 6.00035E-08 4.56049E-04 6.69578E-03 2.02452E-08 0.00000E+00 4.41423E-09 5.69303E-05
7.71553E-09 0.00000E+00 2.02576E-08 5.28683E-08 5.28684E-08 3.89717E-04 5.75224E-03 2.02576E-08 0.00000E+00 7.71553E-09 4.77356E-05
1.04160E-08 2.50454E-09 2.03168E-08 4.70353E-08 4.70353E-08 3.32704E-04 4.93609E-03 2.03168E-08 2.50454E-09 1.04160E-08 3.99535E-05
1.24740E-08 5.68238E-09 2.02595E-08 4.21251E-08 4.21251E-08 2.83738E-04 4.23079E-03 2.02595E-08 5.68238E-09 1.24740E-08 3.33798E-05
1.39030E-08 8.08175E-09 2.00036E-08 3.78865E-08 3.78865E-08 2.41804E-04 3.62310E-03 2.00036E-08 8.08175E-09 1.39030E-08 2.78502E-05
1.47664E-08 9.78496E-09 1.95268E-08 3.41396E-08 3.41396E-08 2.05889E-04 3.09957E-03 1.95268E-08 9.78496E-09 1.47664E-08 2.32036E-05
1.51471E-08 1.08921E-08 1.88422E-08 3.07673E-08 3.07673E-08 1.75108E-04 2.64835E-03 1.88422E-08 1.08921E-08 1.51471E-08 1.93005E-05
1.51276E-08 1.14997E-08 1.79788E-08 2.76976E-08 2.76976E-08 1.48756E-04 2.25993E-03 1.79788E-08 1.14997E-08 1.51276E-08 1.60291E-05
1.47892E-08 1.17014E-08 1.69746E-08 2.48845E-08 2.48845E-08 1.26221E-04 1.92599E-03 1.69746E-08 1.17014E-08 1.47892E-08 1.32931E-05
1.42074E-08 1.15839E-08 1.58697E-08 2.22984E-08 2.22984E-08 1.06973E-04 1.63928E-03 1.58697E-08 1.15839E-08 1.42074E-08 1.10094E-05
1.34493E-08 1.12243E-08 1.47027E-08 1.99203E-08 1.99204E-08 9.05527E-05 1.39344E-03 1.47027E-08 1.12243E-08 1.34493E-08 9.10695E-06
1.25730E-08 1.06890E-08 1.35082E-08 1.77370E-08 1.77370E-08 7.65617E-05 1.18295E-03 1.35082E-08 1.06890E-08 1.25730E-08 7.52482E-06
1.16266E-08 1.00341E-08 1.23158E-08 1.57384E-08 1.57384E-08 6.46556E-05 1.00296E-03 1.23158E-08 1.00341E-08 1.16266E-08 6.21118E-06
1.06494E-08 9.30548E-09 1.11496E-08 1.39157E-08 1.39157E-08 5.45366E-05 8.49268E-04 1.11496E-08 9.30548E-09 1.06494E-08 5.12204E-06
9.67236E-09 8.54002E-09 1.00283E-08 1.22608E-08 1.22608E-08 4.59474E-05 7.18219E-04 1.00283E-08 8.54002E-09 9.67236E-09 4.22022E-06
8.71964E-09 7.76660E-09 8.96706E-09 1.07677E-08 1.07677E-08 3.86857E-05 6.06926E-04 8.96706E-09 7.76660E-09 8.71964E-09 3.47670E-06
7.80851E-09 7.00744E-09 7.97468E-09 9.42555E-09 9.42555E-09 3.25414E-05 5.12352E-04 7.97468E-09 7.00744E-09 7.80851E-09 2.86281E-06
0.00000E+00 0.00000E+00 3.75533E-08 9.38833E-08 9.38833E-08 9.23794E-04 1.40108E-02 3.75533E-08 0.00000E+00 0.00000E+00 9.34485E-05
0.00000E+00 0.00000E+00 2.18713E-08 6.75160E-08 6.75160E-08 7.84003E-04 1.19512E-02 2.18713E-08 0.00000E+00 0.00000E+00 8.10357E-05
0.00000E+00 0.00000E+00 1.17430E-08 4.89017E-08 4.89018E-08 6.67732E-04 1.02277E-02 1.17430E-08 0.00000E+00 0.00000E+00 7.03279E-05
0.00000E+00 0.00000E+00 5.85758E-09 3.61816E-08 3.61816E-08 5.69779E-04 8.76745E-03 5.85758E-09 0.00000E+00 0.00000E+00 6.07809E-05
0.00000E+00 0.00000E+00 2.74316E-09 2.75386E-08 2.75386E-08 4.86927E-04 7.52552E-03 2.74316E-09 0.00000E+00 0.00000E+00 5.23280E-05
0.00000E+00 0.00000E+00 1.44425E-09 2.17861E-08 2.17861E-08 4.17059E-04 6.47251E-03 1.44425E-09 0.00000E+00 0.00000E+00 4.49217E-05
0.00000E+00 0.00000E+00 1.19656E-09 1.79177E-08 1.79177E-08 3.57707E-04 5.57347E-03 1.19656E-09 0.00000E+00 0.00000E+00 3.84530E-05
0.00000E+00 0.00000E+00 1.40400E-09 1.57554E-08 1.57554E-08 3.17441E-04 4.96109E-03 1.40400E-09 0.00000E+00 0.00000E+00 3.39890E-05
2.22027E-10 0.00000E+00 1.50149E-09 1.52578E-08 1.52579E-08 3.06999E-04 4.80172E-03 1.50149E-09 0.00000E+00 2.22027E-10 3.28275E-05
1.38287E-09 0.00000E+00 2.14204E-09 1.33096E-08 1.33096E-08 2.60738E-04 4.09433E-03 2.14204E-09 0.00000E+00 1.38287E-09 2.76743E-05
2.51583E-09 0.00000E+00 2.89731E-09 1.19587E-08 1.19587E-08 2.21322E-04 3.48871E-03 2.89731E-09 0.00000E+00 2.51583E-09 2.32388E-05
3.49565E-09 0.00000E+00 3.60693E-09 1.09499E-08 1.09499E-08 1.87667E-04 2.96923E-03 3.60693E-09 0.00000E+00 3.49565E-09 1.94322E-05
4.27490E-09 2.36449E-10 4.19821E-09 1.01408E-08 1.01409E-08 1.58956E-04 2.52409E-03 4.19821E-09 2.36449E-10 4.27490E-09 1.61892E-05
4.83756E-09 1.43198E-09 4.63582E-09 9.44157E-09 9.44158E-09 1.34537E-04 2.14383E-03 4.63582E-09 1.43198E-09 4.83756E-09 1.34496E-05
5.19425E-09 2.32570E-09 4.91399E-09 8.79643E-09 8.79643E-09 1.13766E-04 1.81901E-03 4.91399E-09 2.32570E-09 5.19425E-09 1.11454E-05
5.36899E-09 2.95631E-09 5.04417E-09 8.17597E-09 8.17597E-09 9.60862E-05 1.54141E-03 5.04417E-09 2.95631E-09 5.36899E-09 9.21279E-06
5.38944E-09 3.36317E-09 5.04476E-09 7.56714E-09 7.56714E-09 8.10544E-05 1.30446E-03 5.04476E-09 3.36317E-09 5.38944E-09 7.59842E-06
5.28503E-09 3.58579E-09 4.93802E-09 6.96636E-09 6.96637E-09 6.82896E-05 1.10248E-03 4.93802E-09 3.58579E-09 5.28503E-09 6.25469E-06
5.08430E-09 3.66140E-09 4.74703E-09 6.37548E-09 6.37548E-09 5.74632E-05 9.30537E-04 4.74703E-09 3.66140E-09 5.08430E-09 5.13969E-06
4.81331E-09 3.62356E-09 4.49373E-09 5.79899E-09 5.79899E-09 4.82928E-05 7.84365E-04 4.49373E-09 3.62356E-09 4.81331E-09 4.21701E-06
4.49486E-09 3.50151E-09 4.19783E-09 5.24231E-09 5.24232E-09 4.05351E-05 6.60277E-04 4.19783E-09 3.50151E-09 4.49486E-09 3.45530E-06
4.14814E-09 3.31997E-09 3.87625E-09 4.71066E-09 4.71066E-09 3.39811E-05 5.55086E-04 3.87625E-09 3.31997E-09 4.14814E-09 2.82777E-06
3.78878E-09 3.09931E-09 3.54296E-09 4.20842E-09 4.20843E-09 2.84515E-05 4.66040E-04 3.54296E-09 3.09931E-09 3.78878E-09 2.31171E-06
3.42907E-09 2.85589E-09 3.20911E-09 3.73893E-09 3.73894E-09 2.37923E-05 3.90770E-04 3.20911E-09 2.85589E-09 3.42907E-09 1.88801E-06
3.07862E-09 2.60249E-09 2.88349E-09 3.30499E-09 3.30499E-09 1.98829E-05 3.27411E-04 2.88349E-09 2.60249E-09 3.07862E-09 1.54172E-06
2.74423E-09 2.34916E-09 2.57241E-09 2.90728E-09 2.90728E-09 1.65998E-05 2.74039E-04 2.57241E-09 2.34916E-09 2.74423E-09 1.25830E-06
0.00000E+00 0.00000E+00 9.37558E-09 2.34389E-08 2.34389E-08 5.24626E-04 8.48878E-03 9.37558E-09 0.00000E+00 0.00000E+00 3.21783E-05
0.00000E+00 0.00000E+00 4.23656E-09 1.54832E-08 1.54832E-08 4.41741E-04 7.17207E-03 4.23656E-09 0.00000E+00 0.00000E+00 3.06982E-05
0.00000E+00 0.00000E+00 7.97488E-10 9.83449E-09 9.83450E-09 3.73326E-04 6.08078E-03 7.97488E-10 0.00000E+00 0.00000E+00 2.83505E-05
0.00000E+00 0.00000E+00 0.00000E+00 6.09806E-09 6.09806E-09 3.16118E-04 5.16480E-03 0.00000E+00 0.00000E+00 0.00000E+00 2.55087E-05
0.00000E+00 0.00000E+00 0.00000E+00 3.73175E-09 3.73175E-09 2.68091E-04 4.39299E-03 0.00000E+00 0.00000E+00 0.00000E+00 2.25367E-05
0.00000E+00 0.00000E+00 0.00000E+00 2.34724E-09 2.34725E-09 2.27903E-04 3.74480E-03 0.00000E+00 0.00000E+00 0.00000E+00 1.96509E-05
0.00000E+00 0.00000E+00 0.00000E+00 1.59303E-09 1.59304E-09 1.94018E-04 3.19645E-03 0.00000E+00 0.00000E+00 0.00000E+00 1.69708E-05
0.00000E+00 0.00000E+00 0.00000E+00 1.27779E-09 1.27780E-09 1.71170E-04 2.82573E-03 0.00000E+00 0.00000E+00 0.00000E+00 1.50576E-05
4.19724E-11 0.00000E+00 0.00000E+00 1.22892E-09 1.22892E-09 1.65277E-04 2.72990E-03 0.00000E+00 0.00000E+00 4.19724E-11 1.45507E-05
2.96998E-10 0.00000E+00 0.00000E+00 1.10211E-09 1.10211E-09 1.39256E-04 2.30616E-03 0.00000E+00 0.00000E+00 2.96998E-10 1.22873E-05
6.04167E-10 0.00000E+00 0.00000E+00 1.12690E-09 1.12691E-09 1.17261E-04 1.94686E-03 0.00000E+00 0.00000E+00 6.04167E-10 1.03026E-05
9.01839E-10 0.00000E+00 0.00000E+00 1.21725E-09 1.21725E-09 9.86305E-05 1.64158E-03 0.00000E+00 0.00000E+00 9.01839E-10 8.58199E-06
1.15765E-09 0.00000E+00 4.80567E-11 1.32335E-09 1.32335E-09 8.28637E-05 1.38247E-03 4.80567E-11 0.00000E+00 1.15765E-09 7.10980E-06
1.35507E-09 0.00000E+00 4.00050E-10 1.41534E-09 1.41534E-09 6.95633E-05 1.16326E-03 4.00050E-10 0.00000E+00 1.35507E-09 5.86615E-06
1.49023E-09 1.32802E-10 6.70929E-10 1.47812E-09 1.47812E-09 5.83425E-05 9.77812E-04 6.70929E-10 1.32802E-10 1.49023E-09 4.82334E-06
1.56685E-09 4.39281E-10 8.66275E-10 1.50676E-09 1.50677E-09 4.88693E-05 8.20832E-04 8.66275E-10 4.39281E-10 1.56685E-09 3.95318E-06
1.59185E-09 6.56538E-10 9.94664E-10 1.50185E-09 1.50185E-09 4.08813E-05 6.88121E-04 9.94664E-10 6.56538E-10 1.59185E-09 3.23112E-06
1.57394E-09 7.99202E-10 1.06639E-09 1.46718E-09 1.46718E-09 3.41543E-05 5.76080E-04 1.06639E-09 7.99202E-10 1.57394E-09 2.63476E-06
1.52224E-09 8.81423E-10 1.09211E-09 1.40813E-09 1.40813E-09 2.84965E-05 4.81618E-04 1.09211E-09 8.81423E-10 1.52224E-09 2.14413E-06
1.44546E-09 9.16166E-10 1.08192E-09 1.33055E-09 1.33055E-09 2.37446E-05 4.02093E-04 1.08192E-09 9.16166E-10 1.44546E-09 1.74184E-06
1.35139E-09 9.14837E-10 1.04495E-09 1.24011E-09 1.24011E-09 1.97590E-05 3.35238E-04 1.04495E-09 9.14837E-10 1.35139E-09 1.41290E-06
1.24670E-09 8.87151E-10 9.89039E-10 1.14187E-09 1.14187E-09 1.64207E-05 2.79118E-04 9.89039E-10 8.87151E-10 1.24670E-09 1.14457E-06
1.13687E-09 8.41153E-10 9.20747E-10 1.04014E-09 1.04014E-09 1.36285E-05 2.32076E-04 9.20747E-10 8.41153E-10 1.13687E-09 9.26131E-07
1.02621E-09 7.83334E-10 8.45356E-10 9.38390E-10 9.38390E-10 1.12964E-05 1.92702E-04 8.45356E-10 7.83334E-10 1.02621E-09 7.48615E-07
9.18084E-10 7.18748E-10 7.67006E-10 8.39393E-10 8.39393E-10 9.35707E-06 1.59892E-04 7.67006E-10 7.18748E-10 9.18084E-10 6.05052E-07
8.14880E-10 6.51455E-10 6.88920E-10 7.45117E-10 7.45117E-10 7.74281E-06 1.32527E-04 6.88920E-10 6.51455E-10 8.14880E-10 4.88774E-07
0.00000E+00 0.00000E+00 1.76791E-09 4.41978E-09 4.41978E-09 2.74220E-04 4.65426E-03 1.76791E-09 0.00000E+00 0.00000E+00 8.91845E-06
0.00000E+00 0.00000E+00 3.69876E-10 2.45098E-09 2.45098E-09 2.28661E-04 3.88890E-03 3.69876E-10 0.00000E+00 0.00000E+00 1.01109E-05
0.00000E+00 0.00000E+00 0.00000E+00 9.74298E-10 9.74298E-10 1.91410E-04 3.26161E-03 0.00000E+00 0.00000E+00 0.00000E+00 1.01787E-05
0.00000E+00 0.00000E+00 0.00000E+00 7.45387E-12 7.45445E-12 1.60551E-04 2.74076E-03 0.00000E+00 0.00000E+00 0.00000E+00 9.59141E-06
0.00000E+00 0.00000E+00 0.00000E+00 0.00000E+00 0.00000E+00 1.34882E-04 2.30660E-03 0.00000E+00 0.00000E+00 0.00000E+00 8.68846E-06
0.00000E+00 0.00000E+00 0.00000E+00 0.00000E+00 0.00000E+00 1.13608E-04 1.94599E-03 0.00000E+00 0.00000E+00 0.00000E+00 7.66859E-06
0.00000E+00 0.00000E+00 0.00000E+00 0.00000E+00 0.00000E+00 9.58355E-05 1.64415E-03 0.00000E+00 0.00000E+00 0.00000E+00 6.65359E-06
0.00000E+00 0.00000E+00 0.00000E+00 0.00000E+00 0.00000E+00 8.39430E-05 1.44185E-03 0.00000E+00 0.00000E+00 0.00000E+00 5.90567E-06
0.00000E+00 0.00000E+00 0.00000E+00 0.00000E+00 0.00000E+00 8.08967E-05 1.38996E-03 0.00000E+00 0.00000E+00 0.00000E+00 5.70481E-06
4.97514E-12 0.00000E+00 0.00000E+00 0.00000E+00 0.00000E+00 6.74967E-05 1.16154E-03 0.00000E+00 0.00000E+00 4.97514E-12 4.80438E-06
5.73816E-11 0.00000E+00 0.00000E+00 0.00000E+00 0.00000E+00 5.62816E-05 9.69998E-04 0.00000E+00 0.00000E+00 5.73816E-11 4.00579E-06
1.27173E-10 0.00000E+00 0.00000E+00 0.00000E+00 0.00000E+00 4.68740E-05 8.09042E-04 0.00000E+00 0.00000E+00 1.27173E-10 3.31132E-06
1.97445E-10 0.00000E+00 0.00000E+00 0.00000E+00 0.00000E+00 3.89908E-05 6.73936E-04 0.00000E+00 0.00000E+00 1.97445E-10 2.71836E-06
2.58236E-10 0.00000E+00 0.00000E+00 0.00000E+00 0.00000E+00 3.24076E-05 5.60916E-04 0.00000E+00 0.00000E+00 2.58236E-10 2.22035E-06
3.04902E-10 0.00000E+00 0.00000E+00 0.00000E+00 0.00000E+00 2.69092E-05 4.66369E-04 0.00000E+00 0.00000E+00 3.04902E-10 1.80611E-06
3.36373E-10 0.00000E+00 0.00000E+00 4.70550E-11 4.70551E-11 2.23135E-05 3.87219E-04 0.00000E+00 0.00000E+00 3.36373E-10 1.46373E-06
3.53418E-10 0.00000E+00 4.15076E-11 1.08966E-10 1.08966E-10 1.84773E-05 3.21050E-04 4.15076E-11 0.00000E+00 3.53418E-10 1.18260E-06
3.57868E-10 6.60330E-11 1.00416E-10 1.51990E-10 1.51990E-10 1.52794E-05 2.65809E-04 1.00416E-10 6.60330E-11 3.57868E-10 9.53006E-07
3.52018E-10 1.13726E-10 1.39901E-10 1.79162E-10 1.79162E-10 1.26173E-05 2.19759E-04 1.39901E-10 1.13726E-10 3.52018E-10 7.66326E-07
3.38248E-10 1.43962E-10 1.63796E-10 1.93545E-10 1.93545E-10 1.04044E-05 1.81426E-04 1.63796E-10 1.43962E-10 3.38248E-10 6.15089E-07
3.18788E-10 1.60615E-10 1.75567E-10 1.97997E-10 1.97997E-10 8.56761E-06 1.49565E-04 1.75567E-10 1.60615E-10 3.18788E-10 4.92931E-07
2.95598E-10 1.67012E-10 1.78223E-10 1.95040E-10 1.95040E-10 7.04524E-06 1.23124E-04 1.78223E-10 1.67012E-10 2.95598E-10 3.94509E-07
2.70311E-10 1.65931E-10 1.74285E-10 1.86818E-10 1.86818E-10 5.78534E-06 1.01214E-04 1.74285E-10 1.65931E-10 2.70311E-10 3.15376E-07
2.44235E-10 1.59626E-10 1.65810E-10 1.75085E-10 1.75085E-10 4.74420E-06 8.30854E-05 1.65810E-10 1.59626E-10 2.44235E-10 2.51863E-07
2.18387E-10 1.49849E-10 1.54398E-10 1.61222E-10 1.61222E-10 3.88779E-06 6.81555E-05 1.54398E-10 1.49849E-10 2.18387E-10 2.01143E-07
1.93508E-10 1.38049E-10 1.41368E-10 1.46348E-10 1.46348E-10 3.18261E-06 5.58476E-05 1.41368E-10 1.38049E-10 1.93508E-10 1.60568E-07
0.00000E+00 0.00000E+00 2.15247E-10 5.38117E-10 5.38117E-10 1.26190E-04 2.20888E-03 2.15247E-10 0.00000E+00 0.00000E+00 1.79175E-06
0.00000E+00 0.00000E+00 0.00000E+00 1.60302E-10 1.60302E-10 1.03930E-04 1.82111E-03 0.00000E+00 0.00000E+00 0.00000E+00 2.79863E-06
0.00000E+00 0.00000E+00 0.00000E+00 0.00000E+00 0.00000E+00 8.59495E-05 1.50751E-03 0.00000E+00 0.00000E+00 0.00000E+00 3.13183E-06
0.00000E+00 0.00000E+00 0.00000E+00 0.00000E+00 0.00000E+00 7.12296E-05 1.25049E-03 0.00000E+00 0.00000E+00 0.00000E+00 3.08335E-06
0.00000E+00 0.00000E+00 0.00000E+00 0.00000E+00 0.00000E+00 5.91303E-05 1.03900E-03 0.00000E+00 0.00000E+00 0.00000E+00 2.84364E-06
0.00000E+00 0.00000E+00 0.00000E+00 0.00000E+00 0.00000E+00 4.92240E-05 8.65661E-04 0.00000E+00 0.00000E+00 0.00000E+00 2.52144E-06
0.00000E+00 0.00000E+00 0.00000E+00 0.00000E+00 0.00000E+00 4.10454E-05 7.22407E-04 0.00000E+00 0.00000E+00 0.00000E+00 2.18252E-06
0.00000E+00 0.00000E+00 0.00000E+00 0.00000E+00 0.00000E+00 3.56253E-05 6.27395E-04 0.00000E+00 0.00000E+00 0.00000E+00 1.92806E-06
0.00000E+00 0.00000E+00 0.00000E+00 0.00000E+00 0.00000E+00 3.42490E-05 6.03252E-04 0.00000E+00 0.00000E+00 0.00000E+00 1.85949E-06
0.00000E+00 0.00000E+00 0.00000E+00 0.00000E+00 0.00000E+00 2.82245E-05 4.97533E-04 0.00000E+00 0.00000E+00 0.00000E+00 1.55246E-06
0.00000E+00 0.00000E+00 0.00000E+00 0.00000E+00 0.00000E+00 2.32451E-05 4.10070E-04 0.00000E+00 0.00000E+00 0.00000E+00 1.28036E-06
0.00000E+00 0.00000E+00 0.00000E+00 0.00000E+00 0.00000E+00 1.91196E-05 3.37543E-04 0.00000E+00 0.00000E+00 0.00000E+00 1.04533E-06
1.98073E-13 0.00000E+00 0.00000E+00 0.00000E+00 0.00000E+00 1.57057E-05 2.77473E-04 0.00000E+00 0.00000E+00 1.98073E-13 8.46729E-07
1.65522E-11 0.00000E+00 0.00000E+00 0.00000E+00 0.00000E+00 1.28909E-05 2.27902E-04 0.00000E+00 0.00000E+00 1.65522E-11 6.82054E-07
3.08911E-11 0.00000E+00 0.00000E+00 0.00000E+00 0.00000E+00 1.05697E-05 1.86990E-04 0.00000E+00 0.00000E+00 3.08911E-11 5.46994E-07
4.21901E-11 0.00000E+00 0.00000E+00 0.00000E+00 0.00000E+00 8.65398E-06 1.53198E-04 0.00000E+00 0.00000E+00 4.21901E-11 4.36984E-07
5.01866E-11 0.00000E+00 0.00000E+00 0.00000E+00 0.00000E+00 7.07513E-06 1.25328E-04 0.00000E+00 0.00000E+00 5.01866E-11 3.48008E-07
5.50650E-11 0.00000E+00 0.00000E+00 0.00000E+00 0.00000E+00 5.77578E-06 1.02374E-04 0.00000E+00 0.00000E+00 5.50650E-11 2.76446E-07
5.72429E-11 0.00000E+00 0.00000E+00 0.00000E+00 0.00000E+00 4.70806E-06 8.34988E-05 0.00000E+00 0.00000E+00 5.72429E-11 2.19147E-07
5.72310E-11 2.18556E-12 2.57958E-12 3.17061E-12 3.17062E-12 3.83201E-06 6.80012E-05 2.57958E-12 2.18556E-12 5.72310E-11 1.73432E-07
5.55466E-11 1.14246E-11 1.15789E-11 1.18105E-11 1.18105E-11 3.11435E-06 5.52969E-05 1.15789E-11 1.14246E-11 5.55466E-11 1.37066E-07
5.26651E-11 1.73504E-11 1.73485E-11 1.73456E-11 1.73456E-11 2.52735E-06 4.48989E-05 1.73485E-11 1.73504E-11 5.26651E-11 1.08204E-07
4.89956E-11 2.07707E-11 2.06720E-11 2.05238E-11 2.05238E-11 2.04798E-06 3.64020E-05 2.06720E-11 2.07707E-11 4.89956E-11 8.53423E-08
4.48731E-11 2.23463E-11 2.21924E-11 2.19615E-11 2.19615E-11 1.65712E-06 2.94697E-05 2.21924E-11 2.23463E-11 4.48731E-11 6.72613E-08
4.05605E-11 2.25898E-11 2.24097E-11 2.21395E-11 2.21395E-11 1.33999E-06 2.38416E-05 2.24097E-11 2.25898E-11 4.05605E-11 5.30325E-08
3.62605E-11 2.19382E-11 2.17507E-11 2.14695E-11 2.14695E-11 1.08237E-06 1.92671E-05 2.17507E-11 2.19382E-11 3.62605E-11 4.18104E-08
0.00000E+00 0.00000E+00 1.10677E-11 2.76692E-11 2.76692E-11 4.69980E-05 8.35459E-04 1.10677E-11 0.00000E+00 0.00000E+00 2.09789E-07
0.00000E+00 0.00000E+00 0.00000E+00 0.00000E+00 0.00000E+00 3.80737E-05 6.77096E-04 0.00000E+00 0.00000E+00 0.00000E+00 6.10352E-07
0.00000E+00 0.00000E+00 0.00000E+00 0.00000E+00 0.00000E+00 3.09816E-05 5.51184E-04 0.00000E+00 0.00000E+00 0.00000E+00 7.57269E-07
0.00000E+00 0.00000E+00 0.00000E+00 0.00000E+00 0.00000E+00 2.52673E-05 4.49687E-04 0.00000E+00 0.00000E+00 0.00000E+00 7.67040E-07
0.00000E+00 0.00000E+00 0.00000E+00 0.00000E+00 0.00000E+00 2.06444E-05 3.67538E-04 0.00000E+00 0.00000E+00 0.00000E+00 7.10216E-07
0.00000E+00 0.00000E+00 0.00000E+00 0.00000E+00 0.00000E+00 1.69207E-05 3.01342E-04 0.00000E+00 0.00000E+00 0.00000E+00 6.25544E-07
0.00000E+00 0.00000E+00 0.00000E+00 0.00000E+00 0.00000E+00 1.38944E-05 2.47522E-04 0.00000E+00 0.00000E+00 0.00000E+00 5.35264E-07
1.35525E-20 0.00000E+00 0.00000E+00 0.00000E+00 0.00000E+00 1.19146E-05 2.12302E-04 0.00000E+00 0.00000E+00 1.35525E-20 4.67767E-07
0.00000E+00 0.00000E+00 0.00000E+00 0.00000E+00 0.00000E+00 1.14177E-05 2.03460E-04 0.00000E+00 0.00000E+00 0.00000E+00 4.49788E-07
0.00000E+00 0.00000E+00 0.00000E+00 0.00000E+00 0.00000E+00 9.25664E-06 1.64999E-04 0.00000E+00 0.00000E+00 0.00000E+00 3.69889E-07
0.00000E+00 0.00000E+00 0.00000E+00 0.00000E+00 0.00000E+00 7.50010E-06 1.33726E-04 0.00000E+00 0.00000E+00 0.00000E+00 3.00206E-07
0.00000E+00 0.00000E+00 0.00000E+00 0.00000E+00 0.00000E+00 6.06862E-06 1.08232E-04 0.00000E+00 0.00000E+00 0.00000E+00 2.41100E-07
0.00000E+00 0.00000E+00 0.00000E+00 0.00000E+00 0.00000E+00 4.90361E-06 8.74763E-05 0.00000E+00 0.00000E+00 0.00000E+00 1.92114E-07
0.00000E+00 0.00000E+00 0.00000E+00 0.00000E+00 0.00000E+00 3.95919E-06 7.06452E-05 0.00000E+00 0.00000E+00 0.00000E+00 1.52307E-07
2.53531E-12 0.00000E+00 0.00000E+00 0.00000E+00 0.00000E+00 3.19341E-06 5.69938E-05 0.00000E+00 0.00000E+00 2.53531E-12 1.20299E-07
5.59627E-12 0.00000E+00 0.00000E+00 0.00000E+00 0.00000E+00 2.57192E-06 4.59113E-05 0.00000E+00 0.00000E+00 5.59627E-12 9.47233E-08
7.94452E-12 0.00000E+00 0.00000E+00 0.00000E+00 0.00000E+00 2.06827E-06 3.69278E-05 0.00000E+00 0.00000E+00 7.94452E-12 7.44181E-08
9.58824E-12 0.00000E+00 0.00000E+00 0.00000E+00 0.00000E+00 1.66075E-06 2.96570E-05 0.00000E+00 0.00000E+00 9.58824E-12 5.83757E-08
1.06002E-11 0.00000E+00 0.00000E+00 0.00000E+00 0.00000E+00 1.33152E-06 2.37817E-05 0.00000E+00 0.00000E+00 1.06002E-11 4.57472E-08
1.10819E-11 7.34533E-13 5.34330E-13 2.34025E-13 2.34025E-13 1.06598E-06 1.90418E-05 5.34330E-13 7.34533E-13 1.10819E-11 3.58329E-08
1.11421E-11 2.95666E-12 2.79130E-12 2.54326E-12 2.54326E-12 8.52152E-07 1.52241E-05 2.79130E-12 2.95666E-12 1.11421E-11 2.80644E-08
1.08834E-11 4.40950E-12 4.27449E-12 4.07198E-12 4.07198E-12 6.80239E-07 1.21542E-05 4.27449E-12 4.40950E-12 1.08834E-11 2.19852E-08
1.03965E-11 5.27637E-12 5.16735E-12 5.00383E-12 5.00383E-12 5.42249E-07 9.68958E-06 5.16735E-12 5.27637E-12 1.03965E-11 1.72318E-08
9.75734E-12 5.70724E-12 5.62015E-12 5.48950E-12 5.48950E-12 4.31665E-07 7.71414E-06 5.62015E-12 5.70724E-12 9.75734E-12 1.35165E-08
9.02643E-12 5.81839E-12 5.74949E-12 5.64613E-12 5.64613E-12 3.43497E-07 6.13890E-06 5.74949E-12 5.81839E-12 9.02643E-12 1.06238E-08
8.25320E-12 5.70973E-12 5.65578E-12 5.57485E-12 5.57485E-12 2.73099E-07 4.88096E-06 5.65578E-12 5.70973E-12 8.25320E-12 8.36323E-09
0.00000E+00 0.00000E+00 0.00000E+00 0.00000E+00 0.00000E+00 1.15141E-05 2.05282E-04 0.00000E+00 0.00000E+00 0.00000E+00 7.02240E-09
0.00000E+00 0.00000E+00 0.00000E+00 0.00000E+00 0.00000E+00 9.11168E-06 1.62456E-04 0.00000E+00 0.00000E+00 0.00000E+00 8.65656E-08
0.00000E+00 0.00000E+00 0.00000E+00 0.00000E+00 0.00000E+00 7.24653E-06 1.29203E-04 0.00000E+00 0.00000E+00 0.00000E+00 1.14604E-07
0.00000E+00 0.00000E+00 0.00000E+00 0.00000E+00 0.00000E+00 5.77766E-06 1.03013E-04 0.00000E+00 0.00000E+00 0.00000E+00 1.16726E-07
0.00000E+00 0.00000E+00 0.00000E+00 0.00000E+00 0.00000E+00 4.61617E-06 8.23011E-05 0.00000E+00 0.00000E+00 0.00000E+00 1.07191E-07
0.00000E+00 0.00000E+00 0.00000E+00 0.00000E+00 0.00000E+00 3.70236E-06 6.60051E-05 0.00000E+00 0.00000E+00 0.00000E+00 9.33480E-08
0.00000E+00 0.00000E+00 0.00000E+00 0.00000E+00 0.00000E+00 2.97631E-06 5.30568E-05 0.00000E+00 0.00000E+00 0.00000E+00 7.90369E-08
8.47033E-22 0.00000E+00 0.00000E+00 0.00000E+00 0.00000E+00 2.51008E-06 4.47421E-05 0.00000E+00 0.00000E+00 8.47033E-22 6.85940E-08
0.00000E+00 0.00000E+00 0.00000E+00 0.00000E+00 0.00000E+00 2.39501E-06 4.26897E-05 0.00000E+00 0.00000E+00 0.00000E+00 6.58755E-08
2.40247E-13 0.00000E+00 0.00000E+00 0.00000E+00 0.00000E+00 1.89911E-06 3.38458E-05 0.00000E+00 0.00000E+00 2.40247E-13 5.39167E-08
1.04886E-12 0.00000E+00 0.00000E+00 0.00000E+00 0.00000E+00 1.50559E-06 2.68279E-05 0.00000E+00 0.00000E+00 1.04886E-12 4.37148E-08
2.06306E-12 0.00000E+00 0.00000E+00 0.00000E+00 0.00000E+00 1.19233E-06 2.12418E-05 0.00000E+00 0.00000E+00 2.06306E-12 3.52129E-08
3.06923E-12 0.00000E+00 0.00000E+00 0.00000E+00 0.00000E+00 9.43331E-07 1.68018E-05 0.00000E+00 0.00000E+00 3.06923E-12 2.82659E-08
3.94231E-12 0.00000E+00 0.00000E+00 0.00000E+00 0.00000E+00 7.46224E-07 1.32875E-05 0.00000E+00 0.00000E+00 3.94231E-12 2.26769E-08
4.62502E-12 9.03761E-13 9.30599E-13 9.70857E-13 9.70857E-13 5.90105E-07 1.05045E-05 9.30599E-13 9.03761E-13 4.62502E-12 1.82055E-08
5.10479E-12 2.01099E-12 2.04231E-12 2.08930E-12 2.08930E-12 4.66280E-07 8.29749E-06 2.04231E-12 2.01099E-12 5.10479E-12 1.46332E-08
5.39130E-12 2.80527E-12 2.83889E-12 2.88933E-12 2.88933E-12 3.68191E-07 6.54958E-06 2.83889E-12 2.80527E-12 5.39130E-12 1.17836E-08
5.50705E-12 3.33480E-12 3.36906E-12 3.42045E-12 3.42045E-12 2.90583E-07 5.16698E-06 3.36906E-12 3.33480E-12 5.50705E-12 9.51055E-09
5.48017E-12 3.64755E-12 3.68119E-12 3.73167E-12 3.73167E-12 2.29251E-07 4.07464E-06 3.68119E-12 3.64755E-12 5.48017E-12 7.69543E-09
5.33989E-12 3.78801E-12 3.82017E-12 3.86841E-12 3.86841E-12 1.80834E-07 3.21259E-06 3.82017E-12 3.78801E-12 5.33989E-12 6.24321E-09
5.11392E-12 3.79569E-12 3.82578E-12 3.87090E-12 3.87090E-12 1.42648E-07 2.53294E-06 3.82578E-12 3.79569E-12 5.11392E-12 5.07850E-09
4.82699E-12 3.70448E-12 3.73213E-12 3.77361E-12 3.77361E-12 1.12555E-07 1.99757E-06 3.73213E-12 3.70448E-12 4.82699E-12 4.14176E-09
4.50022E-12 3.54261E-12 3.56766E-12 3.60523E-12 3.60523E-12 8.88563E-08 1.57612E-06 3.56766E-12 3.54261E-12 4.50022E-12 3.38609E-09
4.15109E-12 3.33312E-12 3.35552E-12 3.38913E-12 3.38913E-12 7.02009E-08 1.24452E-06 3.35552E-12 3.33312E-12 4.15109E-12 2.77462E-09
3.79359E-12 3.09407E-12 3.11390E-12 3.14363E-12 3.14363E-12 5.55741E-08 9.84659E-07 3.11390E-12 3.09407E-12 3.79359E-12 2.27991E-09
3.43884E-12 2.84038E-12 2.85776E-12 2.88382E-12 2.88382E-12 4.40676E-08 7.80348E-07 2.85776E-12 2.84038E-12 3.43884E-12 1.87732E-09
0.00000E+00 0.00000E+00 2.74266E-13 6.85664E-13 6.85664E-13 0.00000E+00 0.00000E+00 2.74266E-13 0.00000E+00 0.00000E+00 2.37768E-09
0.00000E+00 0.00000E+00 0.00000E+00 2.47150E-13 2.47150E-13 0.00000E+00 0.00000E+00 0.00000E+00 0.00000E+00 0.00000E+00 1.36902E-09
0.00000E+00 0.00000E+00 0.00000E+00 0.00000E+00 0.00000E+00 0.00000E+00 0.00000E+00 0.00000E+00 0.00000E+00 0.00000E+00 1.03594E-09
0.00000E+00 0.00000E+00 0.00000E+00 0.00000E+00 0.00000E+00 0.00000E+00 0.00000E+00 0.00000E+00 0.00000E+00 0.00000E+00 9.44885E-10
0.00000E+00 0.00000E+00 0.00000E+00 0.00000E+00 0.00000E+00 0.00000E+00 0.00000E+00 0.00000E+00 0.00000E+00 0.00000E+00 9.14327E-10
0.00000E+00 0.00000E+00 0.00000E+00 0.00000E+00 0.00000E+00 0.00000E+00 0.00000E+00 0.00000E+00 0.00000E+00 0.00000E+00 8.75129E-10
0.00000E+00 0.00000E+00 0.00000E+00 0.00000E+00 0.00000E+00 0.00000E+00 0.00000E+00 0.00000E+00 0.00000E+00 0.00000E+00 8.11840E-10
1.45584E-22 0.00000E+00 0.00000E+00 0.00000E+00 0.00000E+00 0.00000E+00 0.00000E+00 0.00000E+00 0.00000E+00 1.45584E-22 7.49440E-10
0.00000E+00 0.00000E+00 0.00000E+00 0.00000E+00 0.00000E+00 0.00000E+00 0.00000E+00 0.00000E+00 0.00000E+00 0.00000E+00 7.28702E-10
0.00000E+00 0.00000E+00 0.00000E+00 0.00000E+00 0.00000E+00 0.00000E+00 0.00000E+00 0.00000E+00 0.00000E+00 0.00000E+00 6.28117E-10
0.00000E+00 0.00000E+00 0.00000E+00 0.00000E+00 0.00000E+00 0.00000E+00 0.00000E+00 0.00000E+00 0.00000E+00 0.00000E+00 5.24691E-10
0.00000E+00 0.00000E+00 0.00000E+00 0.00000E+00 0.00000E+00 0.00000E+00 0.00000E+00 0.00000E+00 0.00000E+00 0.00000E+00 4.25662E-10
0.00000E+00 0.00000E+00 0.00000E+00 0.00000E+00 0.00000E+00 0.00000E+00 0.00000E+00 0.00000E+00 0.00000E+00 0.00000E+00 3.35510E-10
0.00000E+00 0.00000E+00 0.00000E+00 0.00000E+00 0.00000E+00 0.00000E+00 0.00000E+00 0.00000E+00 0.00000E+00 0.00000E+00 2.56979E-10
0.00000E+00 0.00000E+00 0.00000E+00 0.00000E+00 0.00000E+00 0.00000E+00 0.00000E+00 0.00000E+00 0.00000E+00 0.00000E+00 1.90898E-10
0.00000E+00 0.00000E+00 0.00000E+00 0.00000E+00 0.00000E+00 0.00000E+00 0.00000E+00 0.00000E+00 0.00000E+00 0.00000E+00 1.36787E-10
0.00000E+00 0.00000E+00 0.00000E+00 0.00000E+00 0.00000E+00 0.00000E+00 0.00000E+00 0.00000E+00 0.00000E+00 0.00000E+00 9.36050E-11
0.00000E+00 0.00000E+00 0.00000E+00 0.00000E+00 0.00000E+00 0.00000E+00 0.00000E+00 0.00000E+00 0.00000E+00 0.00000E+00 5.99729E-11
0.00000E+00 0.00000E+00 0.00000E+00 0.00000E+00 0.00000E+00 0.00000E+00 0.00000E+00 0.00000E+00 0.00000E+00 0.00000E+00 3.44079E-11
0.00000E+00 0.00000E+00 0.00000E+00 0.00000E+00 0.00000E+00 0.00000E+00 0.00000E+00 0.00000E+00 0.00000E+00 0.00000E+00 1.54742E-11
0.00000E+00 0.00000E+00 0.00000E+00 0.00000E+00 0.00000E+00 6.75108E-11 1.83483E-09 0.00000E+00 0.00000E+00 0.00000E+00 1.86512E-12
0.00000E+00 0.00000E+00 0.00000E+00 0.00000E+00 0.00000E+00 1.56546E-10 3.37237E-09 0.00000E+00 0.00000E+00 0.00000E+00 0.00000E+00
0.00000E+00 0.00000E+00 0.00000E+00 0.00000E+00 0.00000E+00 1.96214E-10 4.02397E-09 0.00000E+00 0.00000E+00 0.00000E+00 0.00000E+00
0.00000E+00 0.00000E+00 0.00000E+00 0.00000E+00 0.00000E+00 2.04108E-10 4.10734E-09 0.00000E+00 0.00000E+00 0.00000E+00 0.00000E+00
0.00000E+00 0.00000E+00 0.00000E+00 0.00000E+00 0.00000E+00 1.92504E-10 3.84419E-09 0.00000E+00 0.00000E+00 0.00000E+00 0.00000E+00
0.00000E+00 0.00000E+00 0.00000E+00 0.00000E+00 0.00000E+00 1.70400E-10 3.39681E-09 0.00000E+00 0.00000E+00 0.00000E+00 0.00000E+00
0.00000E+00 0.00000E+00 0.00000E+00 0.00000E+00 0.00000E+00 0.00000E+00 0.00000E+00 0.00000E+00 0.00000E+00 0.00000E+00 0.00000E+00
0.00000E+00 0.00000E+00 0.00000E+00 0.00000E+00 0.00000E+00 0.00000E+00 0.00000E+00 0.00000E+00 0.00000E+00 0.00000E+00 0.00000E+00
0.00000E+00 0.00000E+00 0.00000E+00 0.00000E+00 0.00000E+00 0.00000E+00 0.00000E+00 0.00000E+00 0.00000E+00 0.00000E+00 0.00000E+00
0.00000E+00 0.00000E+00 0.00000E+00 0.00000E+00 0.00000E+00 0.00000E+00 0.00000E+00 0.00000E+00 0.00000E+00 0.00000E+00 0.00000E+00
0.00000E+00 0.00000E+00 0.00000E+00 0.00000E+00 0.00000E+00 0.00000E+00 0.00000E+00 0.00000E+00 0.00000E+00 0.00000E+00 0.00000E+00
0.00000E+00 0.00000E+00 0.00000E+00 0.00000E+00 0.00000E+00 0.00000E+00 0.00000E+00 0.00000E+00 0.00000E+00 0.00000E+00 0.00000E+00
0.00000E+00 0.00000E+00 0.00000E+00 0.00000E+00 0.00000E+00 0.00000E+00 0.00000E+00 0.00000E+00 0.00000E+00 0.00000E+00 0.00000E+00
0.00000E+00 0.00000E+00 0.00000E+00 0.00000E+00 0.00000E+00 0.00000E+00 0.00000E+00 0.00000E+00 0.00000E+00 0.00000E+00 0.00000E+00
0.00000E+00 0.00000E+00 0.00000E+00 0.00000E+00 0.00000E+00 0.00000E+00 0.00000E+00 0.00000E+00 0.00000E+00 0.00000E+00 0.00000E+00
0.00000E+00 0.00000E+00 0.00000E+00 0.00000E+00 0.00000E+00 0.00000E+00 0.00000E+00 0.00000E+00 0.00000E+00 0.00000E+00 0.00000E+00
0.00000E+00 0.00000E+00 0.00000E+00 0.00000E+00 0.00000E+00 0.00000E+00 0.00000E+00 0.00000E+00 0.00000E+00 0.00000E+00 0.00000E+00
0.00000E+00 0.00000E+00 0.00000E+00 0.00000E+00 0.00000E+00 0.00000E+00 0.00000E+00 0.00000E+00 0.00000E+00 0.00000E+00 0.00000E+00
0.00000E+00 0.00000E+00 0.00000E+00 0.00000E+00 0.00000E+00 0.00000E+00 0.00000E+00 0.00000E+00 0.00000E+00 0.00000E+00 0.00000E+00
0.00000E+00 0.00000E+00 0.00000E+00 0.00000E+00 0.00000E+00 0.00000E+00 0.00000E+00 0.00000E+00 0.00000E+00 0.00000E+00 0.00000E+00
0.00000E+00 0.00000E+00 0.00000E+00 0.00000E+00 0.00000E+00 0.00000E+00 0.00000E+00 0.00000E+00 0.00000E+00 0.00000E+00 0.00000E+00
0.00000E+00 0.00000E+00 0.00000E+00 0.00000E+00 0.00000E+00 0.00000E+00 0.00000E+00 0.00000E+00 0.00000E+00 0.00000E+00 0.00000E+00
0.00000E+00 0.00000E+00 0.00000E+00 0.00000E+00 0.00000E+00 0.00000E+00 0.00000E+00 0.00000E+00 0.00000E+00 0.00000E+00 0.00000E+00
0.00000E+00 0.00000E+00 0.00000E+00 0.00000E+00 0.00000E+00 0.00000E+00 0.00000E+00 0.00000E+00 0.00000E+00 0.00000E+00 0.00000E+00
0.00000E+00 0.00000E+00 0.00000E+00 0.00000E+00 0.00000E+00 0.00000E+00 0.00000E+00 0.00000E+00 0.00000E+00 0.00000E+00 0.00000E+00
0.00000E+00 0.00000E+00 0.00000E+00 0.00000E+00 0.00000E+00 0.00000E+00 0.00000E+00 0.00000E+00 0.00000E+00 0.00000E+00 0.00000E+00
0.00000E+00 0.00000E+00 0.00000E+00 0.00000E+00 0.00000E+00 0.00000E+00 0.00000E+00 0.00000E+00 0.00000E+00 0.00000E+00 0.00000E+00
0.00000E+00 0.00000E+00 0.00000E+00 0.00000E+00 0.00000E+00 0.00000E+00 0.00000E+00 0.00000E+00 0.00000E+00 0.00000E+00 0.00000E+00
0.00000E+00 0.00000E+00 0.00000E+00 0.00000E+00 0.00000E+00 0.00000E+00 0.00000E+00 0.00000E+00 0.00000E+00 0.00000E+00 0.00000E+00
0.00000E+00 0.00000E+00 0.00000E+00 0.00000E+00 0.00000E+00 0.00000E+00 0.00000E+00 0.00000E+00 0.00000E+00 0.00000E+00 0.00000E+00
0.00000E+00 0.00000E+00 0.00000E+00 0.00000E+00 0.00000E+00 0.00000E+00 0.00000E+00 0.00000E+00 0.00000E+00 0.00000E+00 0.00000E+00
0.00000E+00 0.00000E+00 0.00000E+00 0.00000E+00 0.00000E+00 0.00000E+00 0.00000E+00 0.00000E+00 0.00000E+00 0.00000E+00 0.00000E+00
---
