PdfType: error
Format: lhagrid1
---
1.00000E-06 1.28121E-06 1.64152E-06 2.10317E-06 2.69463E-06 3.45242E-06 4.42329E-06 5.66715E-06 7.26076E-06 9.30241E-06 1.19180E-05 1.52689E-05 1.95617E-05 2.50609E-05 3.21053E-05 4.11287E-05 5.26863E-05 6.74889E-05 8.64459E-05 1.10720E-04 1.41800E-04 1.81585E-04 2.32503E-04 2.97652E-04 3.80981E-04 4.87518E-04 6.26039E-04 8.00452E-04 1.02297E-03 1.30657E-03 1.66759E-03 2.12729E-03 2.71054E-03 3.44865E-03 4.37927E-03 5.54908E-03 7.01192E-03 8.83064E-03 1.10763E-02 1.38266E-02 1.71641E-02 2.11717E-02 2.59364E-02 3.15062E-02 3.79623E-02 4.53425E-02 5.36750E-02 6.29705E-02 7.32221E-02 8.44039E-02 9.64793E-02 1.09332E-01 1.23067E-01 1.37507E-01 1.52639E-01 1.68416E-01 1.84794E-01 2.01731E-01 2.19016E-01 2.36948E-01 2.55242E-01 2.73927E-01 2.92954E-01 3.12340E-01 3.32036E-01 3.52019E-01 3.72282E-01 3.92772E-01 4.13533E-01 4.34326E-01 4.55495E-01 4.76836E-01 4.98342E-01 5.20006E-01 5.41818E-01 5.63773E-01 5.85861E-01 6.08077E-01 6.30459E-01 6.52800E-01 6.75387E-01 6.98063E-01 7.20830E-01 7.43683E-01 7.66623E-01 7.89636E-01 8.12791E-01 8.35940E-01 8.59175E-01 8.82485E-01 9.05866E-01 9.29311E-01 9.52817E-01 9.76387E-01 1.00000E+00
1.30000E+00 1.50159E+00 1.75516E+00 2.07810E+00 2.49495E+00 3.04086E+00 3.76715E+00 4.50000E+00 4.75000E+00 6.23113E+00 8.37423E+00 1.15549E+01 1.64076E+01 2.40380E+01 3.64361E+01 5.73145E+01 9.38707E+01 1.60654E+02 2.88438E+02 5.45587E+02 1.09231E+03 2.32646E+03 5.30043E+03 1.29956E+04 3.45140E+04 1.00000E+05
-5 -4 -3 -2 -1 1 2 3 4 5 21
0.00000E+00 0.00000E+00 4.62670E-01 1.15668E+00 1.15668E+00 1.15668E+00 1.15915E+00 4.62670E-01 0.00000E+00 0.00000E+00 1.06999E-02
0.00000E+00 3.98176E-02 4.96764E-01 1.18218E+00 1.18218E+00 1.18219E+00 1.18478E+00 4.96764E-01 3.98176E-02 0.00000E+00 1.45746E+00
0.00000E+00 1.15226E-01 5.66696E-01 1.24389E+00 1.24390E+00 1.24392E+00 1.24661E+00 5.66696E-01 1.15226E-01 0.00000E+00 3.86399E+00
0.00000E+00 2.30159E-01 6.76344E-01 1.34561E+00 1.34562E+00 1.34565E+00 1.34846E+00 6.76344E-01 2.30159E-01 0.00000E+00 7.49078E+00
0.00000E+00 3.90941E-01 8.32007E-01 1.49359E+00 1.49360E+00 1.49364E+00 1.49656E+00 8.32007E-01 3.90941E-01 0.00000E+00 1.26008E+01
0.00000E+00 6.07208E-01 1.04331E+00 1.69744E+00 1.69745E+00 1.69750E+00 1.70054E+00 1.04331E+00 6.07208E-01 0.00000E+00 1.95649E+01
0.00000E+00 8.86481E-01 1.31774E+00 1.96461E+00 1.96462E+00 1.96469E+00 1.96784E+00 1.31774E+00 8.86481E-01 0.00000E+00 2.86758E+01
1.33227E-15 1.14691E+00 1.57450E+00 2.21586E+00 2.21587E+00 2.21595E+00 2.21919E+00 1.57450E+00 1.14691E+00 1.33227E-15 3.72485E+01
8.19512E-02 1.22713E+00 1.65366E+00 2.29344E+00 2.29346E+00 2.29354E+00 2.29681E+00 1.65366E+00 1.22713E+00 8.19512E-02 4.00899E+01
5.48276E-01 1.68524E+00 2.10681E+00 2.73914E+00 2.73916E+00 2.73925E+00 2.74265E+00 2.10681E+00 1.68524E+00 5.48276E-01 5.47599E+01
1.12884E+00 2.25764E+00 2.67431E+00 3.29929E+00 3.29932E+00 3.29943E+00 3.30296E+00 2.67431E+00 2.25764E+00 1.12884E+00 7.28323E+01
1.83045E+00 2.95111E+00 3.36295E+00 3.98067E+00 3.98069E+00 3.98083E+00 3.98450E+00 3.36295E+00 2.95111E+00 1.83045E+00 9.48445E+01
2.66901E+00 3.78156E+00 4.18862E+00 4.79916E+00 4.79919E+00 4.79935E+00 4.80316E+00 4.18862E+00 3.78156E+00 2.66901E+00 1.21265E+02
3.66462E+00 4.76907E+00 5.17140E+00 5.77484E+00 5.77487E+00 5.77506E+00 5.77902E+00 5.17140E+00 4.76907E+00 3.66462E+00 1.52647E+02
4.83583E+00 5.93219E+00 6.32983E+00 6.92625E+00 6.92628E+00 6.92651E+00 6.93061E+00 6.32983E+00 5.93219E+00 4.83583E+00 1.89453E+02
6.20079E+00 7.28907E+00 7.68208E+00 8.27154E+00 8.27158E+00 8.27184E+00 8.27609E+00 7.68208E+00 7.28907E+00 6.20079E+00 2.32096E+02
7.78017E+00 8.86037E+00 9.24879E+00 9.83137E+00 9.83141E+00 9.83171E+00 9.83612E+00 9.24879E+00 8.86037E+00 7.78017E+00 2.81022E+02
9.59547E+00 1.06676E+01 1.10515E+01 1.16272E+01 1.16273E+01 1.16276E+01 1.16322E+01 1.10515E+01 1.06676E+01 9.59547E+00 3.36658E+02
1.16689E+01 1.27329E+01 1.31123E+01 1.36813E+01 1.36813E+01 1.36817E+01 1.36864E+01 1.31123E+01 1.27329E+01 1.16689E+01 3.99404E+02
1.40230E+01 1.50789E+01 1.54538E+01 1.60161E+01 1.60162E+01 1.60166E+01 1.60215E+01 1.54538E+01 1.50789E+01 1.40230E+01 4.69625E+02
1.66808E+01 1.77286E+01 1.80991E+01 1.86548E+01 1.86548E+01 1.86553E+01 1.86604E+01 1.80991E+01 1.77286E+01 1.66808E+01 5.47646E+02
1.96653E+01 2.07050E+01 2.10712E+01 2.16203E+01 2.16203E+01 2.16209E+01 2.16261E+01 2.10712E+01 2.07050E+01 1.96653E+01 6.33746E+02
2.29995E+01 2.40311E+01 2.43929E+01 2.49355E+01 2.49355E+01 2.49362E+01 2.49416E+01 2.43929E+01 2.40311E+01 2.29995E+01 7.28158E+02
2.67058E+01 2.77293E+01 2.80868E+01 2.86229E+01 2.86230E+01 2.86237E+01 2.86293E+01 2.80868E+01 2.77293E+01 2.67058E+01 8.31055E+02
3.08137E+01 3.18290E+01 3.21822E+01 3.27120E+01 3.27121E+01 3.27128E+01 3.27186E+01 3.21822E+01 3.18290E+01 3.08137E+01 9.42709E+02
3.53405E+01 3.63477E+01 3.66967E+01 3.72201E+01 3.72202E+01 3.72210E+01 3.72271E+01 3.66967E+01 3.63477E+01 3.53405E+01 1.06308E+03
0.00000E+00 0.00000E+00 4.58556E-01 1.14639E+00 1.14639E+00 1.14640E+00 1.14895E+00 4.58556E-01 0.00000E+00 0.00000E+00 1.14288E-02
0.00000E+00 4.00096E-02 4.92885E-01 1.17219E+00 1.17220E+00 1.17221E+00 1.17488E+00 4.92885E-01 4.00096E-02 0.00000E+00 1.45975E+00
0.00000E+00 1.15402E-01 5.62842E-01 1.23400E+00 1.23400E+00 1.23403E+00 1.23681E+00 5.62842E-01 1.15402E-01 0.00000E+00 3.86196E+00
0.00000E+00 2.29999E-01 6.72194E-01 1.33548E+00 1.33549E+00 1.33552E+00 1.33842E+00 6.72194E-01 2.29999E-01 0.00000E+00 7.47481E+00
0.00000E+00 3.90018E-01 8.27133E-01 1.48279E+00 1.48280E+00 1.48285E+00 1.48587E+00 8.27133E-01 3.90018E-01 0.00000E+00 1.25570E+01
0.00000E+00 6.04951E-01 1.03714E+00 1.68540E+00 1.68541E+00 1.68547E+00 1.68860E+00 1.03714E+00 6.04951E-01 0.00000E+00 1.94734E+01
0.00000E+00 8.82187E-01 1.30957E+00 1.95062E+00 1.95064E+00 1.95071E+00 1.95397E+00 1.30957E+00 8.82187E-01 0.00000E+00 2.85113E+01
1.11022E-15 1.14052E+00 1.56425E+00 2.19984E+00 2.19986E+00 2.19994E+00 2.20329E+00 1.56425E+00 1.14052E+00 1.11022E-15 3.70083E+01
8.12561E-02 1.22004E+00 1.64273E+00 2.27675E+00 2.27676E+00 2.27685E+00 2.28023E+00 1.64273E+00 1.22004E+00 8.12561E-02 3.98229E+01
5.43439E-01 1.67400E+00 2.09177E+00 2.71839E+00 2.71841E+00 2.71852E+00 2.72203E+00 2.09177E+00 1.67400E+00 5.43439E-01 5.43472E+01
1.11840E+00 2.24079E+00 2.65370E+00 3.27303E+00 3.27305E+00 3.27318E+00 3.27683E+00 2.65370E+00 2.24079E+00 1.11840E+00 7.22252E+01
1.81275E+00 2.92700E+00 3.33510E+00 3.94723E+00 3.94725E+00 3.94741E+00 3.95120E+00 3.33510E+00 2.92700E+00 1.81275E+00 9.39844E+01
2.64211E+00 3.74823E+00 4.15159E+00 4.75659E+00 4.75662E+00 4.75680E+00 4.76073E+00 4.15159E+00 3.74823E+00 2.64211E+00 1.20083E+02
3.62619E+00 4.72419E+00 5.12286E+00 5.72082E+00 5.72085E+00 5.72107E+00 5.72515E+00 5.12286E+00 4.72419E+00 3.62619E+00 1.51064E+02
4.78318E+00 5.87308E+00 6.26711E+00 6.85810E+00 6.85813E+00 6.85839E+00 6.86261E+00 6.26711E+00 5.87308E+00 4.78318E+00 1.87377E+02
6.13087E+00 7.21269E+00 7.60212E+00 8.18621E+00 8.18624E+00 8.18654E+00 8.19092E+00 7.60212E+00 7.21269E+00 6.13087E+00 2.29426E+02
7.68952E+00 8.76324E+00 9.14812E+00 9.72538E+00 9.72542E+00 9.72575E+00 9.73029E+00 9.14812E+00 8.76324E+00 7.68952E+00 2.77645E+02
9.48015E+00 1.05458E+01 1.09262E+01 1.14966E+01 1.14967E+01 1.14971E+01 1.15018E+01 1.09262E+01 1.05458E+01 9.48015E+00 3.32452E+02
1.15245E+01 1.25820E+01 1.29579E+01 1.35217E+01 1.35217E+01 1.35222E+01 1.35270E+01 1.29579E+01 1.25820E+01 1.15245E+01 3.94233E+02
1.38446E+01 1.48940E+01 1.52655E+01 1.58227E+01 1.58227E+01 1.58232E+01 1.58282E+01 1.52655E+01 1.48940E+01 1.38446E+01 4.63343E+02
1.64630E+01 1.75043E+01 1.78714E+01 1.84220E+01 1.84221E+01 1.84226E+01 1.84278E+01 1.78714E+01 1.75043E+01 1.64630E+01 5.40097E+02
1.94022E+01 2.04353E+01 2.07981E+01 2.13422E+01 2.13422E+01 2.13428E+01 2.13482E+01 2.07981E+01 2.04353E+01 1.94022E+01 6.24766E+02
2.26844E+01 2.37095E+01 2.40679E+01 2.46056E+01 2.46056E+01 2.46063E+01 2.46119E+01 2.40679E+01 2.37095E+01 2.26844E+01 7.17571E+02
2.63317E+01 2.73486E+01 2.77028E+01 2.82341E+01 2.82341E+01 2.82349E+01 2.82406E+01 2.77028E+01 2.73486E+01 2.63317E+01 8.18678E+02
3.03727E+01 3.13815E+01 3.17315E+01 3.22563E+01 3.22564E+01 3.22572E+01 3.22632E+01 3.17315E+01 3.13815E+01 3.03727E+01 9.28349E+02
3.48244E+01 3.58250E+01 3.61708E+01 3.66894E+01 3.66895E+01 3.66904E+01 3.66966E+01 3.61708E+01 3.58250E+01 3.48244E+01 1.04654E+03
0.00000E+00 0.00000E+00 4.53386E-01 1.13346E+00 1.13346E+00 1.13348E+00 1.13614E+00 4.53386E-01 0.00000E+00 0.00000E+00 1.23544E-02
0.00000E+00 4.02517E-02 4.88010E-01 1.15964E+00 1.15965E+00 1.15967E+00 1.16245E+00 4.88010E-01 4.02517E-02 0.00000E+00 1.46265E+00
0.00000E+00 1.15624E-01 5.58000E-01 1.22156E+00 1.22156E+00 1.22159E+00 1.22449E+00 5.58000E-01 1.15624E-01 0.00000E+00 3.85943E+00
0.00000E+00 2.29796E-01 6.66977E-01 1.32274E+00 1.32275E+00 1.32279E+00 1.32581E+00 6.66977E-01 2.29796E-01 0.00000E+00 7.45472E+00
0.00000E+00 3.88855E-01 8.21004E-01 1.46921E+00 1.46923E+00 1.46928E+00 1.47242E+00 8.21004E-01 3.88855E-01 0.00000E+00 1.25018E+01
0.00000E+00 6.02108E-01 1.02937E+00 1.67026E+00 1.67027E+00 1.67034E+00 1.67360E+00 1.02937E+00 6.02108E-01 0.00000E+00 1.93581E+01
0.00000E+00 8.76778E-01 1.29929E+00 1.93303E+00 1.93305E+00 1.93313E+00 1.93652E+00 1.29929E+00 8.76778E-01 0.00000E+00 2.83042E+01
4.44089E-16 1.13246E+00 1.55136E+00 2.17969E+00 2.17971E+00 2.17981E+00 2.18330E+00 1.55136E+00 1.13246E+00 4.44089E-16 3.67061E+01
8.03815E-02 1.21111E+00 1.62897E+00 2.25575E+00 2.25577E+00 2.25587E+00 2.25938E+00 1.62897E+00 1.21111E+00 8.03815E-02 3.94867E+01
5.37355E-01 1.65985E+00 2.07284E+00 2.69229E+00 2.69231E+00 2.69244E+00 2.69609E+00 2.07284E+00 1.65985E+00 5.37355E-01 5.38278E+01
1.10528E+00 2.21959E+00 2.62776E+00 3.23999E+00 3.24001E+00 3.24017E+00 3.24396E+00 2.62776E+00 2.21959E+00 1.10528E+00 7.14615E+01
1.79050E+00 2.89666E+00 3.30008E+00 3.90517E+00 3.90520E+00 3.90538E+00 3.90931E+00 3.30008E+00 2.89666E+00 1.79050E+00 9.29026E+01
2.60828E+00 3.70630E+00 4.10502E+00 4.70306E+00 4.70309E+00 4.70330E+00 4.70739E+00 4.10502E+00 3.70630E+00 2.60828E+00 1.18598E+02
3.57787E+00 4.66776E+00 5.06183E+00 5.65290E+00 5.65293E+00 5.65318E+00 5.65742E+00 5.06183E+00 4.66776E+00 3.57787E+00 1.49073E+02
4.71700E+00 5.79878E+00 6.18826E+00 6.77242E+00 6.77246E+00 6.77275E+00 6.77714E+00 6.18826E+00 5.79878E+00 4.71700E+00 1.84767E+02
6.04301E+00 7.11668E+00 7.50161E+00 8.07894E+00 8.07898E+00 8.07931E+00 8.08386E+00 7.50161E+00 7.11668E+00 6.04301E+00 2.26070E+02
7.57560E+00 8.64117E+00 9.02159E+00 9.59217E+00 9.59221E+00 9.59258E+00 9.59730E+00 9.02159E+00 8.64117E+00 7.57560E+00 2.73403E+02
9.33526E+00 1.03927E+01 1.07687E+01 1.13326E+01 1.13326E+01 1.13330E+01 1.13379E+01 1.07687E+01 1.03927E+01 9.33526E+00 3.27167E+02
1.13431E+01 1.23924E+01 1.27640E+01 1.33212E+01 1.33213E+01 1.33217E+01 1.33268E+01 1.27640E+01 1.23924E+01 1.13431E+01 3.87737E+02
1.36206E+01 1.46618E+01 1.50290E+01 1.55796E+01 1.55797E+01 1.55802E+01 1.55855E+01 1.50290E+01 1.46618E+01 1.36206E+01 4.55453E+02
1.61895E+01 1.72226E+01 1.75854E+01 1.81296E+01 1.81296E+01 1.81302E+01 1.81357E+01 1.75854E+01 1.72226E+01 1.61895E+01 5.30618E+02
1.90717E+01 2.00966E+01 2.04552E+01 2.09929E+01 2.09929E+01 2.09936E+01 2.09992E+01 2.04552E+01 2.00966E+01 1.90717E+01 6.13490E+02
2.22888E+01 2.33056E+01 2.36599E+01 2.41912E+01 2.41913E+01 2.41920E+01 2.41978E+01 2.36599E+01 2.33056E+01 2.22888E+01 7.04279E+02
2.58620E+01 2.68707E+01 2.72208E+01 2.77457E+01 2.77458E+01 2.77466E+01 2.77526E+01 2.72208E+01 2.68707E+01 2.58620E+01 8.03140E+02
2.98192E+01 3.08196E+01 3.11655E+01 3.16843E+01 3.16843E+01 3.16852E+01 3.16914E+01 3.11655E+01 3.08196E+01 2.98192E+01 9.10324E+02
3.41765E+01 3.51688E+01 3.55106E+01 3.60231E+01 3.60232E+01 3.60241E+01 3.60306E+01 3.55106E+01 3.51688E+01 3.41765E+01 1.02578E+03
0.00000E+00 0.00000E+00 4.46924E-01 1.11731E+00 1.11731E+00 1.11733E+00 1.12012E+00 4.46924E-01 0.00000E+00 0.00000E+00 1.35271E-02
0.00000E+00 4.05557E-02 4.81921E-01 1.14396E+00 1.14397E+00 1.14399E+00 1.14691E+00 4.81921E-01 4.05557E-02 0.00000E+00 1.46633E+00
0.00000E+00 1.15902E-01 5.51949E-01 1.20601E+00 1.20602E+00 1.20606E+00 1.20910E+00 5.51949E-01 1.15902E-01 0.00000E+00 3.85630E+00
0.00000E+00 2.29541E-01 6.60456E-01 1.30682E+00 1.30683E+00 1.30688E+00 1.31005E+00 6.60456E-01 2.29541E-01 0.00000E+00 7.42957E+00
0.00000E+00 3.87395E-01 8.13339E-01 1.45224E+00 1.45225E+00 1.45232E+00 1.45561E+00 8.13339E-01 3.87395E-01 0.00000E+00 1.24326E+01
0.00000E+00 5.98543E-01 1.01966E+00 1.65132E+00 1.65134E+00 1.65142E+00 1.65485E+00 1.01966E+00 5.98543E-01 0.00000E+00 1.92138E+01
0.00000E+00 8.69999E-01 1.28642E+00 1.91103E+00 1.91105E+00 1.91115E+00 1.91470E+00 1.28642E+00 8.69999E-01 0.00000E+00 2.80448E+01
8.88178E-16 1.12237E+00 1.53523E+00 2.15449E+00 2.15451E+00 2.15463E+00 2.15828E+00 1.53523E+00 1.12237E+00 8.88178E-16 3.63276E+01
7.92871E-02 1.19992E+00 1.61176E+00 2.22948E+00 2.22950E+00 2.22963E+00 2.23331E+00 1.61176E+00 1.19992E+00 7.92871E-02 3.90659E+01
5.29742E-01 1.64213E+00 2.04915E+00 2.65964E+00 2.65966E+00 2.65981E+00 2.66364E+00 2.04915E+00 1.64213E+00 5.29742E-01 5.31779E+01
1.08886E+00 2.19305E+00 2.59531E+00 3.19867E+00 3.19869E+00 3.19887E+00 3.20285E+00 2.59531E+00 2.19305E+00 1.08886E+00 7.05060E+01
1.76267E+00 2.85869E+00 3.25626E+00 3.85257E+00 3.85260E+00 3.85281E+00 3.85693E+00 3.25626E+00 2.85869E+00 1.76267E+00 9.15496E+01
2.56598E+00 3.65385E+00 4.04677E+00 4.63612E+00 4.63615E+00 4.63640E+00 4.64067E+00 4.04677E+00 3.65385E+00 2.56598E+00 1.16740E+02
3.51746E+00 4.59719E+00 4.98552E+00 5.56798E+00 5.56801E+00 5.56830E+00 5.57273E+00 4.98552E+00 4.59719E+00 3.51746E+00 1.46585E+02
4.63428E+00 5.70588E+00 6.08967E+00 6.66532E+00 6.66535E+00 6.66569E+00 6.67028E+00 6.08967E+00 5.70588E+00 4.63428E+00 1.81506E+02
5.93320E+00 6.99667E+00 7.37598E+00 7.94487E+00 7.94491E+00 7.94530E+00 7.95005E+00 7.37598E+00 6.99667E+00 5.93320E+00 2.21877E+02
7.43327E+00 8.48862E+00 8.86348E+00 9.42570E+00 9.42574E+00 9.42617E+00 9.43110E+00 8.86348E+00 8.48862E+00 7.43327E+00 2.68103E+02
9.15426E+00 1.02015E+01 1.05719E+01 1.11275E+01 1.11276E+01 1.11281E+01 1.11332E+01 1.05719E+01 1.02015E+01 9.15426E+00 3.20567E+02
1.11165E+01 1.21556E+01 1.25217E+01 1.30708E+01 1.30708E+01 1.30714E+01 1.30767E+01 1.25217E+01 1.21556E+01 1.11165E+01 3.79625E+02
1.33408E+01 1.43717E+01 1.47335E+01 1.52761E+01 1.52761E+01 1.52767E+01 1.52822E+01 1.47335E+01 1.43717E+01 1.33408E+01 4.45603E+02
1.58480E+01 1.68708E+01 1.72283E+01 1.77644E+01 1.77645E+01 1.77652E+01 1.77708E+01 1.72283E+01 1.68708E+01 1.58480E+01 5.18785E+02
1.86591E+01 1.96738E+01 2.00270E+01 2.05568E+01 2.05568E+01 2.05576E+01 2.05635E+01 2.00270E+01 1.96738E+01 1.86591E+01 5.99416E+02
2.17949E+01 2.28014E+01 2.31505E+01 2.36739E+01 2.36740E+01 2.36748E+01 2.36809E+01 2.31505E+01 2.28014E+01 2.17949E+01 6.87691E+02
2.52758E+01 2.62741E+01 2.66190E+01 2.71362E+01 2.71363E+01 2.71372E+01 2.71435E+01 2.66190E+01 2.62741E+01 2.52758E+01 7.83753E+02
2.91283E+01 3.01185E+01 3.04592E+01 3.09703E+01 3.09703E+01 3.09713E+01 3.09778E+01 3.04592E+01 3.01185E+01 2.91283E+01 8.87836E+02
3.33681E+01 3.43500E+01 3.46867E+01 3.51916E+01 3.51917E+01 3.51928E+01 3.51995E+01 3.46867E+01 3.43500E+01 3.33681E+01 9.99885E+02
0.00000E+00 0.00000E+00 4.38909E-01 1.09727E+00 1.09727E+00 1.09729E+00 1.10025E+00 4.38909E-01 0.00000E+00 0.00000E+00 1.50078E-02
0.00000E+00 4.09351E-02 4.74369E-01 1.12452E+00 1.12452E+00 1.12455E+00 1.12765E+00 4.74369E-01 4.09351E-02 0.00000E+00 1.47100E+00
0.00000E+00 1.16249E-01 5.44446E-01 1.18673E+00 1.18674E+00 1.18679E+00 1.19001E+00 5.44446E-01 1.16249E-01 0.00000E+00 3.85248E+00
0.00000E+00 2.29222E-01 6.52364E-01 1.28707E+00 1.28708E+00 1.28714E+00 1.29050E+00 6.52364E-01 2.29222E-01 0.00000E+00 7.39830E+00
0.00000E+00 3.85573E-01 8.03820E-01 1.43118E+00 1.43119E+00 1.43127E+00 1.43476E+00 8.03820E-01 3.85573E-01 0.00000E+00 1.23465E+01
0.00000E+00 5.94101E-01 1.00760E+00 1.62782E+00 1.62784E+00 1.62794E+00 1.63156E+00 1.00760E+00 5.94101E-01 0.00000E+00 1.90341E+01
0.00000E+00 8.61560E-01 1.27043E+00 1.88371E+00 1.88373E+00 1.88385E+00 1.88761E+00 1.27043E+00 8.61560E-01 0.00000E+00 2.77222E+01
4.44089E-16 1.10982E+00 1.51518E+00 2.12319E+00 2.12321E+00 2.12336E+00 2.12722E+00 1.51518E+00 1.10982E+00 4.44089E-16 3.58570E+01
7.79273E-02 1.18600E+00 1.59036E+00 2.19686E+00 2.19688E+00 2.19703E+00 2.20093E+00 1.59036E+00 1.18600E+00 7.79273E-02 3.85427E+01
5.20284E-01 1.62010E+00 2.01971E+00 2.61908E+00 2.61911E+00 2.61929E+00 2.62333E+00 2.01971E+00 1.62010E+00 5.20284E-01 5.23700E+01
1.06847E+00 2.16006E+00 2.55499E+00 3.14734E+00 3.14737E+00 3.14759E+00 3.15179E+00 2.55499E+00 2.16006E+00 1.06847E+00 6.93189E+01
1.72812E+00 2.81153E+00 3.20183E+00 3.78725E+00 3.78728E+00 3.78753E+00 3.79189E+00 3.20183E+00 2.81153E+00 1.72812E+00 8.98694E+01
2.51347E+00 3.58871E+00 3.97444E+00 4.55300E+00 4.55303E+00 4.55333E+00 4.55785E+00 3.97444E+00 3.58871E+00 2.51347E+00 1.14434E+02
3.44249E+00 4.50957E+00 4.89079E+00 5.46257E+00 5.46260E+00 5.46294E+00 5.46762E+00 4.89079E+00 4.50957E+00 3.44249E+00 1.43497E+02
4.53166E+00 5.59058E+00 5.96733E+00 6.53240E+00 6.53244E+00 6.53283E+00 6.53768E+00 5.96733E+00 5.59058E+00 4.53166E+00 1.77460E+02
5.79700E+00 6.84778E+00 7.22011E+00 7.77854E+00 7.77858E+00 7.77903E+00 7.78405E+00 7.22011E+00 6.84778E+00 5.79700E+00 2.16678E+02
7.25677E+00 8.29941E+00 8.66736E+00 9.21922E+00 9.21926E+00 9.21976E+00 9.22497E+00 8.66736E+00 8.29941E+00 7.25677E+00 2.61532E+02
8.92986E+00 9.96435E+00 1.03280E+01 1.08733E+01 1.08734E+01 1.08739E+01 1.08793E+01 1.03280E+01 9.96435E+00 8.92986E+00 3.12385E+02
1.08357E+01 1.18620E+01 1.22214E+01 1.27603E+01 1.27603E+01 1.27610E+01 1.27665E+01 1.22214E+01 1.18620E+01 1.08357E+01 3.69573E+02
1.29940E+01 1.40122E+01 1.43673E+01 1.48998E+01 1.48999E+01 1.49006E+01 1.49064E+01 1.43673E+01 1.40122E+01 1.29940E+01 4.33399E+02
1.54248E+01 1.64349E+01 1.67857E+01 1.73119E+01 1.73120E+01 1.73128E+01 1.73187E+01 1.67857E+01 1.64349E+01 1.54248E+01 5.04129E+02
1.81480E+01 1.91498E+01 1.94965E+01 2.00165E+01 2.00165E+01 2.00174E+01 2.00236E+01 1.94965E+01 1.91498E+01 1.81480E+01 5.81988E+02
2.11832E+01 2.21769E+01 2.25195E+01 2.30332E+01 2.30333E+01 2.30342E+01 2.30406E+01 2.25195E+01 2.21769E+01 2.11832E+01 6.67154E+02
2.45498E+01 2.55353E+01 2.58738E+01 2.63814E+01 2.63814E+01 2.63825E+01 2.63891E+01 2.58738E+01 2.55353E+01 2.45498E+01 7.59755E+02
2.82730E+01 2.92502E+01 2.95847E+01 3.00862E+01 3.00862E+01 3.00874E+01 3.00942E+01 2.95847E+01 2.92502E+01 2.82730E+01 8.60004E+02
3.23673E+01 3.33363E+01 3.36667E+01 3.41622E+01 3.41623E+01 3.41636E+01 3.41706E+01 3.36667E+01 3.33363E+01 3.23673E+01 9.67839E+02
0.00000E+00 0.00000E+00 4.29063E-01 1.07266E+00 1.07266E+00 1.07269E+00 1.07586E+00 4.29063E-01 0.00000E+00 0.00000E+00 1.68701E-02
0.00000E+00 4.14047E-02 4.65096E-01 1.10063E+00 1.10063E+00 1.10068E+00 1.10399E+00 4.65096E-01 4.14047E-02 0.00000E+00 1.47688E+00
0.00000E+00 1.16676E-01 5.35230E-01 1.16305E+00 1.16306E+00 1.16312E+00 1.16657E+00 5.35230E-01 1.16676E-01 0.00000E+00 3.84788E+00
0.00000E+00 2.28824E-01 6.42419E-01 1.26280E+00 1.26281E+00 1.26289E+00 1.26648E+00 6.42419E-01 2.28824E-01 0.00000E+00 7.35976E+00
0.00000E+00 3.83319E-01 7.92112E-01 1.40528E+00 1.40530E+00 1.40540E+00 1.40913E+00 7.92112E-01 3.83319E-01 0.00000E+00 1.22403E+01
0.00000E+00 5.88611E-01 9.92743E-01 1.59892E+00 1.59893E+00 1.59907E+00 1.60294E+00 9.92743E-01 5.88611E-01 0.00000E+00 1.88124E+01
0.00000E+00 8.51143E-01 1.25074E+00 1.85010E+00 1.85012E+00 1.85028E+00 1.85429E+00 1.25074E+00 8.51143E-01 0.00000E+00 2.73243E+01
4.44089E-16 1.09433E+00 1.49048E+00 2.08468E+00 2.08470E+00 2.08488E+00 2.08901E+00 1.49048E+00 1.09433E+00 4.44089E-16 3.52769E+01
7.62528E-02 1.16884E+00 1.56400E+00 2.15671E+00 2.15674E+00 2.15692E+00 2.16108E+00 1.56400E+00 1.16884E+00 7.62528E-02 3.78978E+01
5.08642E-01 1.59294E+00 1.98345E+00 2.56918E+00 2.56920E+00 2.56943E+00 2.57374E+00 1.98345E+00 1.59294E+00 5.08642E-01 5.13750E+01
1.04337E+00 2.11943E+00 2.50535E+00 3.08419E+00 3.08422E+00 3.08448E+00 3.08896E+00 2.50535E+00 2.11943E+00 1.04337E+00 6.78577E+01
1.68562E+00 2.75346E+00 3.13485E+00 3.70688E+00 3.70691E+00 3.70722E+00 3.71187E+00 3.13485E+00 2.75346E+00 1.68562E+00 8.78022E+01
2.44891E+00 3.50856E+00 3.88547E+00 4.45078E+00 4.45081E+00 4.45117E+00 4.45598E+00 3.88547E+00 3.50856E+00 2.44891E+00 1.11597E+02
3.35035E+00 4.40181E+00 4.77429E+00 5.33295E+00 5.33299E+00 5.33340E+00 5.33839E+00 4.77429E+00 4.40181E+00 3.35035E+00 1.39701E+02
4.40556E+00 5.44884E+00 5.81694E+00 6.36903E+00 6.36907E+00 6.36953E+00 6.37470E+00 5.81694E+00 5.44884E+00 4.40556E+00 1.72490E+02
5.62971E+00 6.66482E+00 7.02858E+00 7.57416E+00 7.57421E+00 7.57473E+00 7.58008E+00 7.02858E+00 6.66482E+00 5.62971E+00 2.10293E+02
7.04004E+00 8.06698E+00 8.42645E+00 8.96560E+00 8.96564E+00 8.96623E+00 8.97177E+00 8.42645E+00 8.06698E+00 7.04004E+00 2.53466E+02
8.65439E+00 9.67316E+00 1.00284E+01 1.05612E+01 1.05612E+01 1.05619E+01 1.05676E+01 1.00284E+01 9.67316E+00 8.65439E+00 3.02345E+02
1.04911E+01 1.15017E+01 1.18527E+01 1.23791E+01 1.23792E+01 1.23799E+01 1.23859E+01 1.18527E+01 1.15017E+01 1.04911E+01 3.57242E+02
1.25686E+01 1.35711E+01 1.39179E+01 1.44381E+01 1.44382E+01 1.44390E+01 1.44451E+01 1.39179E+01 1.35711E+01 1.25686E+01 4.18433E+02
1.49058E+01 1.59000E+01 1.62428E+01 1.67568E+01 1.67569E+01 1.67578E+01 1.67641E+01 1.62428E+01 1.59000E+01 1.49058E+01 4.86160E+02
1.75213E+01 1.85073E+01 1.88459E+01 1.93538E+01 1.93539E+01 1.93549E+01 1.93614E+01 1.88459E+01 1.85073E+01 1.75213E+01 5.60626E+02
2.04334E+01 2.14112E+01 2.17458E+01 2.22476E+01 2.22477E+01 2.22488E+01 2.22555E+01 2.17458E+01 2.14112E+01 2.04334E+01 6.41989E+02
2.36600E+01 2.46296E+01 2.49602E+01 2.54560E+01 2.54561E+01 2.54573E+01 2.54643E+01 2.49602E+01 2.46296E+01 2.36600E+01 7.30357E+02
2.72249E+01 2.81862E+01 2.85129E+01 2.90027E+01 2.90028E+01 2.90041E+01 2.90113E+01 2.85129E+01 2.81862E+01 2.72249E+01 8.25918E+02
3.11412E+01 3.20944E+01 3.24171E+01 3.29010E+01 3.29011E+01 3.29025E+01 3.29100E+01 3.24171E+01 3.20944E+01 3.11412E+01 9.28603E+02
0.00000E+00 0.00000E+00 4.17124E-01 1.04281E+00 1.04281E+00 1.04285E+00 1.04628E+00 4.17124E-01 0.00000E+00 0.00000E+00 1.92000E-02
0.00000E+00 4.19803E-02 4.53858E-01 1.07167E+00 1.07167E+00 1.07173E+00 1.07531E+00 4.53858E-01 4.19803E-02 0.00000E+00 1.48426E+00
0.00000E+00 1.17198E-01 5.24058E-01 1.13434E+00 1.13435E+00 1.13443E+00 1.13815E+00 5.24058E-01 1.17198E-01 0.00000E+00 3.84245E+00
0.00000E+00 2.28333E-01 6.30351E-01 1.23337E+00 1.23338E+00 1.23348E+00 1.23736E+00 6.30351E-01 2.28333E-01 0.00000E+00 7.31281E+00
0.00000E+00 3.80557E-01 7.77886E-01 1.37386E+00 1.37387E+00 1.37401E+00 1.37803E+00 7.77886E-01 3.80557E-01 0.00000E+00 1.21107E+01
0.00000E+00 5.81901E-01 9.74679E-01 1.56382E+00 1.56384E+00 1.56400E+00 1.56818E+00 9.74679E-01 5.81901E-01 0.00000E+00 1.85421E+01
0.00000E+00 8.38425E-01 1.22677E+00 1.80926E+00 1.80928E+00 1.80948E+00 1.81381E+00 1.22677E+00 8.38425E-01 0.00000E+00 2.68393E+01
6.66134E-16 1.07544E+00 1.46043E+00 2.03787E+00 2.03790E+00 2.03812E+00 2.04257E+00 1.46043E+00 1.07544E+00 6.66134E-16 3.45702E+01
7.42158E-02 1.14790E+00 1.53193E+00 2.10793E+00 2.10795E+00 2.10818E+00 2.11267E+00 1.53193E+00 1.14790E+00 7.42158E-02 3.71124E+01
4.94485E-01 1.55986E+00 1.93934E+00 2.50852E+00 2.50854E+00 2.50882E+00 2.51347E+00 1.93934E+00 1.55986E+00 4.94485E-01 5.01642E+01
1.01287E+00 2.06998E+00 2.44498E+00 3.00743E+00 3.00746E+00 3.00778E+00 3.01261E+00 2.44498E+00 2.06998E+00 1.01287E+00 6.60808E+01
1.63399E+00 2.68285E+00 3.05342E+00 3.60924E+00 3.60927E+00 3.60964E+00 3.61465E+00 3.05342E+00 2.68285E+00 1.63399E+00 8.52903E+01
2.37052E+00 3.41115E+00 3.77736E+00 4.32661E+00 4.32665E+00 4.32707E+00 4.33226E+00 3.77736E+00 3.41115E+00 2.37052E+00 1.08154E+02
3.23853E+00 4.27094E+00 4.63282E+00 5.17559E+00 5.17563E+00 5.17612E+00 5.18149E+00 4.63282E+00 4.27094E+00 3.23853E+00 1.35096E+02
4.25260E+00 5.27680E+00 5.63441E+00 6.17076E+00 6.17081E+00 6.17136E+00 6.17692E+00 5.63441E+00 5.27680E+00 4.25260E+00 1.66462E+02
5.42686E+00 6.44286E+00 6.79624E+00 7.32625E+00 7.32630E+00 7.32692E+00 7.33268E+00 6.79624E+00 6.44286E+00 5.42686E+00 2.02552E+02
6.77736E+00 7.78516E+00 8.13436E+00 8.65809E+00 8.65814E+00 8.65884E+00 8.66479E+00 8.13436E+00 7.78516E+00 6.77736E+00 2.43693E+02
8.32067E+00 9.32026E+00 9.66532E+00 1.01828E+01 1.01829E+01 1.01837E+01 1.01898E+01 9.66532E+00 9.32026E+00 8.32067E+00 2.90188E+02
1.00737E+01 1.10651E+01 1.14061E+01 1.19174E+01 1.19175E+01 1.19184E+01 1.19247E+01 1.14061E+01 1.10651E+01 1.00737E+01 3.42316E+02
1.20537E+01 1.30369E+01 1.33738E+01 1.38790E+01 1.38791E+01 1.38800E+01 1.38866E+01 1.33738E+01 1.30369E+01 1.20537E+01 4.00326E+02
1.42778E+01 1.52527E+01 1.55856E+01 1.60848E+01 1.60849E+01 1.60860E+01 1.60928E+01 1.55856E+01 1.52527E+01 1.42778E+01 4.64430E+02
1.67631E+01 1.77298E+01 1.80588E+01 1.85520E+01 1.85521E+01 1.85532E+01 1.85603E+01 1.80588E+01 1.77298E+01 1.67631E+01 5.34803E+02
1.95266E+01 2.04851E+01 2.08100E+01 2.12974E+01 2.12974E+01 2.12987E+01 2.13060E+01 2.08100E+01 2.04851E+01 1.95266E+01 6.11579E+02
2.25844E+01 2.35347E+01 2.38558E+01 2.43372E+01 2.43373E+01 2.43387E+01 2.43462E+01 2.38558E+01 2.35347E+01 2.25844E+01 6.94844E+02
2.59583E+01 2.69003E+01 2.72175E+01 2.76931E+01 2.76932E+01 2.76948E+01 2.77025E+01 2.72175E+01 2.69003E+01 2.59583E+01 7.84757E+02
2.96600E+01 3.05938E+01 3.09071E+01 3.13771E+01 3.13772E+01 3.13788E+01 3.13868E+01 3.09071E+01 3.05938E+01 2.96600E+01 8.81236E+02
0.00000E+00 0.00000E+00 4.02895E-01 1.00724E+00 1.00724E+00 1.00729E+00 1.01103E+00 4.02895E-01 0.00000E+00 0.00000E+00 2.20961E-02
0.00000E+00 4.26760E-02 4.40476E-01 1.03717E+00 1.03717E+00 1.03725E+00 1.04116E+00 4.40476E-01 4.26760E-02 0.00000E+00 1.49347E+00
0.00000E+00 1.17824E-01 5.10750E-01 1.10013E+00 1.10014E+00 1.10024E+00 1.10431E+00 5.10750E-01 1.17824E-01 0.00000E+00 3.83622E+00
0.00000E+00 2.27732E-01 6.15956E-01 1.19827E+00 1.19829E+00 1.19842E+00 1.20265E+00 6.15956E-01 2.27732E-01 0.00000E+00 7.25651E+00
0.00000E+00 3.77218E-01 7.60886E-01 1.33637E+00 1.33638E+00 1.33655E+00 1.34094E+00 7.60886E-01 3.77218E-01 0.00000E+00 1.19549E+01
0.00000E+00 5.73812E-01 9.53062E-01 1.52191E+00 1.52193E+00 1.52213E+00 1.52669E+00 9.53062E-01 5.73812E-01 0.00000E+00 1.82172E+01
0.00000E+00 8.23128E-01 1.19807E+00 1.76046E+00 1.76048E+00 1.76073E+00 1.76545E+00 1.19807E+00 8.23128E-01 0.00000E+00 2.62572E+01
0.00000E+00 1.05275E+00 1.42443E+00 1.98192E+00 1.98194E+00 1.98222E+00 1.98707E+00 1.42443E+00 1.05275E+00 0.00000E+00 3.37227E+01
7.17774E-02 1.12276E+00 1.49351E+00 2.04960E+00 2.04962E+00 2.04991E+00 2.05479E+00 1.49351E+00 1.12276E+00 7.17774E-02 3.61706E+01
4.77548E-01 1.52019E+00 1.88652E+00 2.43599E+00 2.43601E+00 2.43635E+00 2.44142E+00 1.88652E+00 1.52019E+00 4.77548E-01 4.87140E+01
9.76409E-01 2.01074E+00 2.37273E+00 2.91567E+00 2.91570E+00 2.91609E+00 2.92135E+00 2.37273E+00 2.01074E+00 9.76409E-01 6.39549E+01
1.57230E+00 2.59835E+00 2.95605E+00 3.49254E+00 3.49257E+00 3.49303E+00 3.49847E+00 2.95605E+00 2.59835E+00 1.57230E+00 8.22881E+01
2.27693E+00 3.29471E+00 3.64816E+00 4.17829E+00 4.17833E+00 4.17885E+00 4.18449E+00 3.64816E+00 3.29471E+00 2.27693E+00 1.04042E+02
3.10511E+00 4.11463E+00 4.46389E+00 4.98773E+00 4.98777E+00 4.98836E+00 4.99420E+00 4.46389E+00 4.11463E+00 3.10511E+00 1.29601E+02
4.07021E+00 5.07148E+00 5.41661E+00 5.93422E+00 5.93426E+00 5.93493E+00 5.94097E+00 5.41661E+00 5.07148E+00 4.07021E+00 1.59276E+02
5.18515E+00 6.17817E+00 6.51920E+00 7.03065E+00 7.03070E+00 7.03145E+00 7.03771E+00 6.51920E+00 6.17817E+00 5.18515E+00 1.93333E+02
6.46455E+00 7.44933E+00 7.78630E+00 8.29166E+00 8.29172E+00 8.29256E+00 8.29902E+00 7.78630E+00 7.44933E+00 6.46455E+00 2.32061E+02
7.92347E+00 8.90001E+00 9.23296E+00 9.73230E+00 9.73236E+00 9.73330E+00 9.73998E+00 9.23296E+00 8.90001E+00 7.92347E+00 2.75727E+02
9.57727E+00 1.05456E+01 1.08746E+01 1.13679E+01 1.13680E+01 1.13690E+01 1.13759E+01 1.08746E+01 1.05456E+01 9.57727E+00 3.24574E+02
1.14414E+01 1.24015E+01 1.27265E+01 1.32140E+01 1.32141E+01 1.32152E+01 1.32224E+01 1.27265E+01 1.24015E+01 1.14414E+01 3.78814E+02
1.35315E+01 1.44832E+01 1.48044E+01 1.52860E+01 1.52861E+01 1.52874E+01 1.52947E+01 1.48044E+01 1.44832E+01 1.35315E+01 4.38629E+02
1.58627E+01 1.68062E+01 1.71235E+01 1.75993E+01 1.75994E+01 1.76008E+01 1.76084E+01 1.71235E+01 1.68062E+01 1.58627E+01 5.04159E+02
1.84500E+01 1.93853E+01 1.96988E+01 2.01689E+01 2.01690E+01 2.01705E+01 2.01784E+01 1.96988E+01 1.93853E+01 1.84500E+01 5.75511E+02
2.13081E+01 2.22351E+01 2.25448E+01 2.30092E+01 2.30093E+01 2.30110E+01 2.30191E+01 2.25448E+01 2.22351E+01 2.13081E+01 6.52744E+02
2.44559E+01 2.53746E+01 2.56806E+01 2.61395E+01 2.61396E+01 2.61413E+01 2.61497E+01 2.56806E+01 2.53746E+01 2.44559E+01 7.35983E+02
2.79039E+01 2.88143E+01 2.91166E+01 2.95699E+01 2.95700E+01 2.95720E+01 2.95806E+01 2.91166E+01 2.88143E+01 2.79039E+01 8.25135E+02
0.00000E+00 0.00000E+00 3.86332E-01 9.65830E-01 9.65830E-01 9.65893E-01 9.70024E-01 3.86332E-01 0.00000E+00 0.00000E+00 2.56662E-02
0.00000E+00 4.35012E-02 4.24913E-01 9.97025E-01 9.97029E-01 9.97124E-01 1.00143E+00 4.24913E-01 4.35012E-02 0.00000E+00 1.50485E+00
0.00000E+00 1.18559E-01 4.95265E-01 1.06031E+00 1.06032E+00 1.06045E+00 1.06493E+00 4.95265E-01 1.18559E-01 0.00000E+00 3.82934E+00
0.00000E+00 2.27007E-01 5.99173E-01 1.15741E+00 1.15742E+00 1.15758E+00 1.16224E+00 5.99173E-01 2.27007E-01 0.00000E+00 7.19033E+00
0.00000E+00 3.73250E-01 7.41020E-01 1.29265E+00 1.29267E+00 1.29288E+00 1.29771E+00 7.41020E-01 3.73250E-01 0.00000E+00 1.17712E+01
0.00000E+00 5.64245E-01 9.27750E-01 1.47298E+00 1.47300E+00 1.47325E+00 1.47826E+00 9.27750E-01 5.64245E-01 0.00000E+00 1.78346E+01
0.00000E+00 8.05086E-01 1.16444E+00 1.70343E+00 1.70346E+00 1.70376E+00 1.70895E+00 1.16444E+00 8.05086E-01 0.00000E+00 2.55727E+01
0.00000E+00 1.02602E+00 1.38223E+00 1.91650E+00 1.91652E+00 1.91686E+00 1.92220E+00 1.38223E+00 1.02602E+00 0.00000E+00 3.27272E+01
6.89211E-02 1.09317E+00 1.44848E+00 1.98139E+00 1.98141E+00 1.98177E+00 1.98714E+00 1.44848E+00 1.09317E+00 6.89211E-02 3.50649E+01
4.57724E-01 1.47359E+00 1.82463E+00 2.35115E+00 2.35118E+00 2.35160E+00 2.35717E+00 1.82463E+00 1.47359E+00 4.57724E-01 4.70140E+01
9.33775E-01 1.94128E+00 2.28814E+00 2.80836E+00 2.80840E+00 2.80888E+00 2.81465E+00 2.28814E+00 1.94128E+00 9.33775E-01 6.14667E+01
1.50025E+00 2.49942E+00 2.84214E+00 3.35615E+00 3.35619E+00 3.35674E+00 3.36272E+00 2.84214E+00 2.49942E+00 1.50025E+00 7.87792E+01
2.16771E+00 3.15856E+00 3.49719E+00 4.00507E+00 4.00511E+00 4.00575E+00 4.01193E+00 3.49719E+00 3.15856E+00 2.16771E+00 9.92419E+01
2.94955E+00 3.93210E+00 4.26669E+00 4.76850E+00 4.76855E+00 4.76927E+00 4.77567E+00 4.26669E+00 3.93210E+00 2.94955E+00 1.23195E+02
3.85777E+00 4.83202E+00 5.16262E+00 5.65843E+00 5.65849E+00 5.65929E+00 5.66592E+00 5.16262E+00 4.83202E+00 3.85777E+00 1.50909E+02
4.90384E+00 5.86980E+00 6.19645E+00 6.68634E+00 6.68639E+00 6.68730E+00 6.69415E+00 6.19645E+00 5.86980E+00 4.90384E+00 1.82610E+02
6.10080E+00 7.05847E+00 7.38121E+00 7.86523E+00 7.86529E+00 7.86630E+00 7.87338E+00 7.38121E+00 7.05847E+00 6.10080E+00 2.18545E+02
7.46197E+00 8.41135E+00 8.73023E+00 9.20845E+00 9.20852E+00 9.20964E+00 9.21696E+00 8.73023E+00 8.41135E+00 7.46197E+00 2.58940E+02
9.00090E+00 9.94200E+00 1.02571E+01 1.07295E+01 1.07296E+01 1.07308E+01 1.07384E+01 1.02571E+01 9.94200E+00 9.00090E+00 3.03997E+02
1.07312E+01 1.16640E+01 1.19752E+01 1.24420E+01 1.24421E+01 1.24435E+01 1.24513E+01 1.19752E+01 1.16640E+01 1.07312E+01 3.53887E+02
1.26663E+01 1.35908E+01 1.38983E+01 1.43595E+01 1.43596E+01 1.43611E+01 1.43691E+01 1.38983E+01 1.35908E+01 1.26663E+01 4.08754E+02
1.48195E+01 1.57357E+01 1.60395E+01 1.64952E+01 1.64952E+01 1.64969E+01 1.65052E+01 1.60395E+01 1.57357E+01 1.48195E+01 4.68705E+02
1.72038E+01 1.81117E+01 1.84119E+01 1.88620E+01 1.88620E+01 1.88638E+01 1.88724E+01 1.84119E+01 1.81117E+01 1.72038E+01 5.33811E+02
1.98314E+01 2.07310E+01 2.10276E+01 2.14722E+01 2.14723E+01 2.14743E+01 2.14831E+01 2.10276E+01 2.07310E+01 1.98314E+01 6.04105E+02
2.27189E+01 2.36103E+01 2.39032E+01 2.43425E+01 2.43426E+01 2.43447E+01 2.43538E+01 2.39032E+01 2.36103E+01 2.27189E+01 6.79673E+02
2.58748E+01 2.67578E+01 2.70472E+01 2.74811E+01 2.74812E+01 2.74835E+01 2.74929E+01 2.70472E+01 2.67578E+01 2.58748E+01 7.60409E+02
0.00000E+00 0.00000E+00 3.67667E-01 9.19166E-01 9.19166E-01 9.19249E-01 9.23838E-01 3.67667E-01 0.00000E+00 0.00000E+00 3.00222E-02
0.00000E+00 4.44558E-02 4.07401E-01 9.51812E-01 9.51816E-01 9.51937E-01 9.56720E-01 4.07401E-01 4.44558E-02 0.00000E+00 1.51876E+00
0.00000E+00 1.19395E-01 4.77825E-01 1.01546E+00 1.01547E+00 1.01563E+00 1.02061E+00 4.77825E-01 1.19395E-01 0.00000E+00 3.82215E+00
0.00000E+00 2.26142E-01 5.80216E-01 1.11131E+00 1.11132E+00 1.11153E+00 1.11670E+00 5.80216E-01 2.26142E-01 0.00000E+00 7.11465E+00
0.00000E+00 3.68642E-01 7.18500E-01 1.24326E+00 1.24328E+00 1.24354E+00 1.24890E+00 7.18500E-01 3.68642E-01 0.00000E+00 1.15604E+01
0.00000E+00 5.53209E-01 8.98977E-01 1.41760E+00 1.41762E+00 1.41794E+00 1.42349E+00 8.98977E-01 5.53209E-01 0.00000E+00 1.73960E+01
0.00000E+00 7.84362E-01 1.12615E+00 1.63879E+00 1.63882E+00 1.63919E+00 1.64495E+00 1.12615E+00 7.84362E-01 0.00000E+00 2.47898E+01
0.00000E+00 9.95405E-01 1.33417E+00 1.84228E+00 1.84231E+00 1.84274E+00 1.84864E+00 1.33417E+00 9.95405E-01 0.00000E+00 3.15905E+01
6.56731E-02 1.05929E+00 1.39720E+00 1.90401E+00 1.90404E+00 1.90448E+00 1.91043E+00 1.39720E+00 1.05929E+00 6.56731E-02 3.38031E+01
4.35208E-01 1.42038E+00 1.75421E+00 2.25490E+00 2.25493E+00 2.25544E+00 2.26161E+00 1.75421E+00 1.42038E+00 4.35208E-01 4.50786E+01
8.85417E-01 1.86218E+00 2.19199E+00 2.68664E+00 2.68668E+00 2.68728E+00 2.69366E+00 2.19199E+00 1.86218E+00 8.85417E-01 5.86404E+01
1.41864E+00 2.38701E+00 2.71285E+00 3.20156E+00 3.20160E+00 3.20228E+00 3.20889E+00 2.71285E+00 2.38701E+00 1.41864E+00 7.48018E+01
2.04418E+00 3.00417E+00 3.32611E+00 3.80893E+00 3.80898E+00 3.80976E+00 3.81659E+00 3.32611E+00 3.00417E+00 2.04418E+00 9.38118E+01
2.77386E+00 3.72549E+00 4.04356E+00 4.52058E+00 4.52063E+00 4.52151E+00 4.52858E+00 4.04356E+00 3.72549E+00 2.77386E+00 1.15962E+02
3.61814E+00 4.56142E+00 4.87567E+00 5.34695E+00 5.34701E+00 5.34799E+00 5.35531E+00 4.87567E+00 4.56142E+00 3.61814E+00 1.41476E+02
4.58695E+00 5.52188E+00 5.83236E+00 6.29797E+00 6.29803E+00 6.29913E+00 6.30669E+00 5.83236E+00 5.52188E+00 4.58695E+00 1.70540E+02
5.69154E+00 6.61813E+00 6.92487E+00 7.38487E+00 7.38494E+00 7.38616E+00 7.39397E+00 6.92487E+00 6.61813E+00 5.69154E+00 2.03355E+02
6.94336E+00 7.86160E+00 8.16465E+00 8.61911E+00 8.61918E+00 8.62053E+00 8.62860E+00 8.16465E+00 7.86160E+00 6.94336E+00 2.40100E+02
8.35395E+00 9.26385E+00 9.56325E+00 1.00122E+01 1.00123E+01 1.00138E+01 1.00221E+01 9.56325E+00 9.26385E+00 8.35395E+00 2.80933E+02
9.93479E+00 1.08364E+01 1.11321E+01 1.15757E+01 1.15758E+01 1.15774E+01 1.15860E+01 1.11321E+01 1.08364E+01 9.93479E+00 3.25984E+02
1.16973E+01 1.25905E+01 1.28827E+01 1.33209E+01 1.33210E+01 1.33227E+01 1.33316E+01 1.28827E+01 1.25905E+01 1.16973E+01 3.75353E+02
1.36524E+01 1.45373E+01 1.48259E+01 1.52588E+01 1.52589E+01 1.52608E+01 1.52700E+01 1.48259E+01 1.45373E+01 1.36524E+01 4.29110E+02
1.58108E+01 1.66873E+01 1.69725E+01 1.74001E+01 1.74002E+01 1.74023E+01 1.74118E+01 1.69725E+01 1.66873E+01 1.58108E+01 4.87293E+02
1.81825E+01 1.90507E+01 1.93324E+01 1.97548E+01 1.97549E+01 1.97573E+01 1.97670E+01 1.93324E+01 1.90507E+01 1.81825E+01 5.49903E+02
2.07811E+01 2.16410E+01 2.19193E+01 2.23365E+01 2.23367E+01 2.23392E+01 2.23492E+01 2.19193E+01 2.16410E+01 2.07811E+01 6.16986E+02
2.36130E+01 2.44646E+01 2.47395E+01 2.51517E+01 2.51518E+01 2.51545E+01 2.51649E+01 2.47395E+01 2.44646E+01 2.36130E+01 6.88421E+02
0.00000E+00 0.00000E+00 3.47566E-01 8.68914E-01 8.68914E-01 8.69020E-01 8.74145E-01 3.47566E-01 0.00000E+00 0.00000E+00 3.52710E-02
0.00000E+00 4.55217E-02 3.88581E-01 9.03164E-01 9.03168E-01 9.03324E-01 9.08661E-01 3.88581E-01 4.55217E-02 0.00000E+00 1.53545E+00
0.00000E+00 1.20304E-01 4.59057E-01 9.67171E-01 9.67180E-01 9.67389E-01 9.72938E-01 4.59057E-01 1.20304E-01 0.00000E+00 3.81524E+00
0.00000E+00 2.25124E-01 5.59723E-01 1.06160E+00 1.06161E+00 1.06188E+00 1.06764E+00 5.59723E-01 2.25124E-01 0.00000E+00 7.03117E+00
0.00000E+00 3.63445E-01 6.94023E-01 1.18986E+00 1.18988E+00 1.19021E+00 1.19618E+00 6.94023E-01 3.63445E-01 0.00000E+00 1.13269E+01
0.00000E+00 5.40894E-01 8.67573E-01 1.35756E+00 1.35758E+00 1.35798E+00 1.36416E+00 8.67573E-01 5.40894E-01 0.00000E+00 1.69113E+01
0.00000E+00 7.61388E-01 1.08427E+00 1.56856E+00 1.56859E+00 1.56906E+00 1.57546E+00 1.08427E+00 7.61388E-01 0.00000E+00 2.39275E+01
0.00000E+00 9.61588E-01 1.28160E+00 1.76157E+00 1.76160E+00 1.76213E+00 1.76870E+00 1.28160E+00 9.61588E-01 0.00000E+00 3.03419E+01
6.21274E-02 1.02192E+00 1.34110E+00 1.81983E+00 1.81987E+00 1.82041E+00 1.82703E+00 1.34110E+00 1.02192E+00 6.21274E-02 3.24184E+01
4.10672E-01 1.36194E+00 1.67725E+00 2.15014E+00 2.15018E+00 2.15082E+00 2.15767E+00 1.67725E+00 1.36194E+00 4.10672E-01 4.29623E+01
8.32835E-01 1.77562E+00 2.08710E+00 2.55426E+00 2.55430E+00 2.55504E+00 2.56213E+00 2.08710E+00 1.77562E+00 8.32835E-01 5.55600E+01
1.33009E+00 2.26441E+00 2.57213E+00 3.03362E+00 3.03367E+00 3.03451E+00 3.04185E+00 2.57213E+00 2.26441E+00 1.33009E+00 7.04807E+01
1.91043E+00 2.83631E+00 3.14031E+00 3.59621E+00 3.59626E+00 3.59721E+00 3.60480E+00 3.14031E+00 2.83631E+00 1.91043E+00 8.79299E+01
2.58404E+00 3.50149E+00 3.80181E+00 4.25219E+00 4.25224E+00 4.25331E+00 4.26116E+00 3.80181E+00 3.50149E+00 2.58404E+00 1.08148E+02
3.35977E+00 4.26881E+00 4.56549E+00 5.01042E+00 5.01048E+00 5.01168E+00 5.01979E+00 4.56549E+00 4.26881E+00 3.35977E+00 1.31313E+02
4.24594E+00 5.14657E+00 5.43967E+00 5.87920E+00 5.87927E+00 5.88061E+00 5.88899E+00 5.43967E+00 5.14657E+00 4.24594E+00 1.57569E+02
5.25197E+00 6.14420E+00 6.43375E+00 6.86796E+00 6.86803E+00 6.86951E+00 6.87817E+00 6.43375E+00 6.14420E+00 5.25197E+00 1.87067E+02
6.38735E+00 7.27118E+00 7.55723E+00 7.98617E+00 7.98625E+00 7.98788E+00 7.99682E+00 7.55723E+00 7.27118E+00 6.38735E+00 2.19943E+02
7.66157E+00 8.53701E+00 8.81959E+00 9.24332E+00 9.24341E+00 9.24521E+00 9.25443E+00 8.81959E+00 8.53701E+00 7.66157E+00 2.56308E+02
9.08397E+00 9.95103E+00 1.02302E+01 1.06488E+01 1.06489E+01 1.06508E+01 1.06603E+01 1.02302E+01 9.95103E+00 9.08397E+00 2.96248E+02
1.06637E+01 1.15224E+01 1.17981E+01 1.22116E+01 1.22117E+01 1.22139E+01 1.22237E+01 1.17981E+01 1.15224E+01 1.06637E+01 3.39824E+02
1.24094E+01 1.32597E+01 1.35322E+01 1.39406E+01 1.39407E+01 1.39431E+01 1.39532E+01 1.35322E+01 1.32597E+01 1.24094E+01 3.87068E+02
1.43296E+01 1.51715E+01 1.54406E+01 1.58441E+01 1.58442E+01 1.58468E+01 1.58572E+01 1.54406E+01 1.51715E+01 1.43296E+01 4.37984E+02
1.64319E+01 1.72654E+01 1.75312E+01 1.79298E+01 1.79299E+01 1.79327E+01 1.79434E+01 1.75312E+01 1.72654E+01 1.64319E+01 4.92542E+02
1.87268E+01 1.95520E+01 1.98146E+01 2.02082E+01 2.02084E+01 2.02113E+01 2.02224E+01 1.98146E+01 1.95520E+01 1.87268E+01 5.50750E+02
2.12187E+01 2.20356E+01 2.22950E+01 2.26838E+01 2.26839E+01 2.26872E+01 2.26986E+01 2.22950E+01 2.20356E+01 2.12187E+01 6.12476E+02
0.00000E+00 0.00000E+00 3.27270E-01 8.18174E-01 8.18174E-01 8.18312E-01 8.24045E-01 3.27270E-01 0.00000E+00 0.00000E+00 4.15054E-02
0.00000E+00 4.66539E-02 3.69639E-01 8.54109E-01 8.54114E-01 8.54314E-01 8.60281E-01 3.69639E-01 4.66539E-02 0.00000E+00 1.55500E+00
0.00000E+00 1.21224E-01 4.40116E-01 9.18437E-01 9.18446E-01 9.18713E-01 9.24914E-01 4.40116E-01 1.21224E-01 0.00000E+00 3.80935E+00
0.00000E+00 2.23940E-01 5.38885E-01 1.01128E+00 1.01129E+00 1.01163E+00 1.01807E+00 5.38885E-01 2.23940E-01 0.00000E+00 6.94325E+00
0.00000E+00 3.57791E-01 6.68919E-01 1.13558E+00 1.13560E+00 1.13601E+00 1.14268E+00 6.68919E-01 3.57791E-01 0.00000E+00 1.10801E+01
0.00000E+00 5.27732E-01 8.35160E-01 1.29626E+00 1.29628E+00 1.29678E+00 1.30369E+00 8.35160E-01 5.27732E-01 0.00000E+00 1.64011E+01
0.00000E+00 7.37095E-01 1.04092E+00 1.49662E+00 1.49665E+00 1.49724E+00 1.50437E+00 1.04092E+00 7.37095E-01 0.00000E+00 2.30253E+01
0.00000E+00 9.26046E-01 1.22715E+00 1.67875E+00 1.67878E+00 1.67944E+00 1.68676E+00 1.22715E+00 9.26046E-01 0.00000E+00 2.90410E+01
5.84695E-02 9.82698E-01 1.28302E+00 1.73344E+00 1.73348E+00 1.73416E+00 1.74154E+00 1.28302E+00 9.82698E-01 5.84695E-02 3.09776E+01
3.85430E-01 1.30105E+00 1.59769E+00 2.04259E+00 2.04263E+00 2.04342E+00 2.05105E+00 1.59769E+00 1.30105E+00 3.85430E-01 4.07727E+01
7.78929E-01 1.68598E+00 1.97900E+00 2.41846E+00 2.41850E+00 2.41941E+00 2.42731E+00 1.97900E+00 1.68598E+00 7.78929E-01 5.23904E+01
1.23963E+00 2.13814E+00 2.42759E+00 2.86168E+00 2.86173E+00 2.86276E+00 2.87093E+00 2.42759E+00 2.13814E+00 1.23963E+00 6.60569E+01
1.77426E+00 2.66426E+00 2.95018E+00 3.37898E+00 3.37904E+00 3.38020E+00 3.38864E+00 2.95018E+00 2.66426E+00 1.77426E+00 8.19368E+01
2.39142E+00 3.27292E+00 3.55537E+00 3.97894E+00 3.97900E+00 3.98031E+00 3.98904E+00 3.55537E+00 3.27292E+00 2.39142E+00 1.00222E+02
3.09846E+00 3.97147E+00 4.25049E+00 4.66890E+00 4.66897E+00 4.67042E+00 4.67944E+00 4.25049E+00 3.97147E+00 3.09846E+00 1.21048E+02
3.90215E+00 4.76669E+00 5.04232E+00 5.45563E+00 5.45571E+00 5.45733E+00 5.46664E+00 5.04232E+00 4.76669E+00 3.90215E+00 1.44518E+02
4.81018E+00 5.66626E+00 5.93854E+00 6.34682E+00 6.34690E+00 6.34869E+00 6.35830E+00 5.93854E+00 5.66626E+00 4.81018E+00 1.70742E+02
5.83020E+00 6.67784E+00 6.94680E+00 7.35011E+00 7.35020E+00 7.35217E+00 7.36208E+00 6.94680E+00 6.67784E+00 5.83020E+00 1.99810E+02
6.96978E+00 7.80897E+00 8.07467E+00 8.47305E+00 8.47315E+00 8.47531E+00 8.48554E+00 8.07467E+00 7.80897E+00 6.96978E+00 2.31795E+02
8.23624E+00 9.06701E+00 9.32947E+00 9.72299E+00 9.72310E+00 9.72547E+00 9.73602E+00 9.32947E+00 9.06701E+00 8.23624E+00 2.66744E+02
9.63666E+00 1.04590E+01 1.07183E+01 1.11070E+01 1.11071E+01 1.11097E+01 1.11206E+01 1.07183E+01 1.04590E+01 9.63666E+00 3.04681E+02
1.11777E+01 1.19916E+01 1.22477E+01 1.26317E+01 1.26318E+01 1.26346E+01 1.26458E+01 1.22477E+01 1.19916E+01 1.11777E+01 3.45605E+02
1.28655E+01 1.36710E+01 1.39240E+01 1.43033E+01 1.43034E+01 1.43065E+01 1.43180E+01 1.39240E+01 1.36710E+01 1.28655E+01 3.89492E+02
1.47057E+01 1.55028E+01 1.57527E+01 1.61273E+01 1.61275E+01 1.61308E+01 1.61427E+01 1.57527E+01 1.55028E+01 1.47057E+01 4.36287E+02
1.67060E+01 1.74948E+01 1.77417E+01 1.81117E+01 1.81119E+01 1.81154E+01 1.81277E+01 1.77417E+01 1.74948E+01 1.67060E+01 4.85963E+02
1.88692E+01 1.96497E+01 1.98935E+01 2.02590E+01 2.02591E+01 2.02630E+01 2.02756E+01 1.98935E+01 1.96497E+01 1.88692E+01 5.38382E+02
0.00000E+00 0.00000E+00 3.08541E-01 7.71352E-01 7.71352E-01 7.71531E-01 7.77937E-01 3.08541E-01 0.00000E+00 0.00000E+00 4.88028E-02
0.00000E+00 4.77722E-02 3.52241E-01 8.08935E-01 8.08940E-01 8.09196E-01 8.15860E-01 3.52241E-01 4.77722E-02 0.00000E+00 1.57703E+00
0.00000E+00 1.22044E-01 4.22624E-01 8.73477E-01 8.73487E-01 8.73826E-01 8.80746E-01 4.22624E-01 1.22044E-01 0.00000E+00 3.80499E+00
0.00000E+00 2.22551E-01 5.19386E-01 9.64610E-01 9.64625E-01 9.65053E-01 9.72229E-01 5.19386E-01 2.22551E-01 0.00000E+00 6.85539E+00
0.00000E+00 3.51875E-01 6.45088E-01 1.08487E+00 1.08489E+00 1.08541E+00 1.09284E+00 6.45088E-01 3.51875E-01 0.00000E+00 1.08335E+01
0.00000E+00 5.14371E-01 8.04076E-01 1.23859E+00 1.23861E+00 1.23924E+00 1.24693E+00 8.04076E-01 5.14371E-01 0.00000E+00 1.58962E+01
0.00000E+00 7.12874E-01 9.99169E-01 1.42856E+00 1.42859E+00 1.42932E+00 1.43727E+00 9.99169E-01 7.12874E-01 0.00000E+00 2.21413E+01
0.00000E+00 8.90968E-01 1.17468E+00 1.60019E+00 1.60022E+00 1.60104E+00 1.60919E+00 1.17468E+00 8.90968E-01 0.00000E+00 2.77756E+01
5.49720E-02 9.44101E-01 1.22707E+00 1.65147E+00 1.65151E+00 1.65235E+00 1.66056E+00 1.22707E+00 9.44101E-01 5.49720E-02 2.95795E+01
3.61408E-01 1.24183E+00 1.52132E+00 1.94048E+00 1.94052E+00 1.94150E+00 1.94999E+00 1.52132E+00 1.24183E+00 3.61408E-01 3.86685E+01
7.27925E-01 1.59969E+00 1.87575E+00 2.28976E+00 2.28981E+00 2.29093E+00 2.29971E+00 1.87575E+00 1.59969E+00 7.27925E-01 4.93720E+01
1.15454E+00 2.01768E+00 2.29037E+00 2.69930E+00 2.69936E+00 2.70062E+00 2.70969E+00 2.29037E+00 2.01768E+00 1.15454E+00 6.18801E+01
1.64691E+00 2.50146E+00 2.77082E+00 3.17474E+00 3.17481E+00 3.17623E+00 3.18561E+00 2.77082E+00 2.50146E+00 1.64691E+00 7.63239E+01
2.21232E+00 3.05830E+00 3.32437E+00 3.72336E+00 3.72343E+00 3.72502E+00 3.73471E+00 3.32437E+00 3.05830E+00 2.21232E+00 9.28561E+01
2.85685E+00 3.69427E+00 3.95711E+00 4.35122E+00 4.35130E+00 4.35307E+00 4.36307E+00 3.95711E+00 3.69427E+00 2.85685E+00 1.11577E+02
3.58603E+00 4.41493E+00 4.67456E+00 5.06387E+00 5.06395E+00 5.06591E+00 5.07623E+00 4.67456E+00 4.41493E+00 3.58603E+00 1.32560E+02
4.40613E+00 5.22651E+00 5.48298E+00 5.86754E+00 5.86763E+00 5.86979E+00 5.88044E+00 5.48298E+00 5.22651E+00 4.40613E+00 1.55881E+02
5.32330E+00 6.13519E+00 6.38854E+00 6.76840E+00 6.76851E+00 6.77088E+00 6.78186E+00 6.38854E+00 6.13519E+00 5.32330E+00 1.81598E+02
6.34357E+00 7.14699E+00 7.39725E+00 7.77247E+00 7.77259E+00 7.77519E+00 7.78651E+00 7.39725E+00 7.14699E+00 6.34357E+00 2.09754E+02
7.47268E+00 8.26764E+00 8.51486E+00 8.88550E+00 8.88562E+00 8.88846E+00 8.90013E+00 8.51486E+00 8.26764E+00 7.47268E+00 2.40367E+02
8.71607E+00 9.50259E+00 9.74680E+00 1.01129E+01 1.01130E+01 1.01161E+01 1.01282E+01 9.74680E+00 9.50259E+00 8.71607E+00 2.73436E+02
1.00788E+01 1.08569E+01 1.10981E+01 1.14597E+01 1.14599E+01 1.14632E+01 1.14756E+01 1.10981E+01 1.08569E+01 1.00788E+01 3.08938E+02
1.15653E+01 1.23350E+01 1.25733E+01 1.29305E+01 1.29307E+01 1.29343E+01 1.29471E+01 1.25733E+01 1.23350E+01 1.15653E+01 3.46830E+02
1.31797E+01 1.39410E+01 1.41764E+01 1.45292E+01 1.45294E+01 1.45333E+01 1.45465E+01 1.41764E+01 1.39410E+01 1.31797E+01 3.87043E+02
1.49276E+01 1.56806E+01 1.59131E+01 1.62616E+01 1.62618E+01 1.62660E+01 1.62795E+01 1.59131E+01 1.56806E+01 1.49276E+01 4.29529E+02
1.68104E+01 1.75550E+01 1.77847E+01 1.81289E+01 1.81291E+01 1.81337E+01 1.81476E+01 1.77847E+01 1.75550E+01 1.68104E+01 4.74151E+02
0.00000E+00 0.00000E+00 2.90026E-01 7.25066E-01 7.25066E-01 7.25298E-01 7.32463E-01 2.90026E-01 0.00000E+00 0.00000E+00 5.74299E-02
0.00000E+00 4.88346E-02 3.35018E-01 7.64283E-01 7.64288E-01 7.64616E-01 7.72065E-01 3.35018E-01 4.88346E-02 0.00000E+00 1.59970E+00
0.00000E+00 1.22642E-01 4.05159E-01 8.28912E-01 8.28923E-01 8.29353E-01 8.37083E-01 4.05159E-01 1.22642E-01 0.00000E+00 3.79734E+00
0.00000E+00 2.20697E-01 4.99682E-01 9.18128E-01 9.18145E-01 9.18684E-01 9.26694E-01 4.99682E-01 2.20697E-01 0.00000E+00 6.75793E+00
0.00000E+00 3.45201E-01 6.20774E-01 1.03409E+00 1.03411E+00 1.03477E+00 1.04306E+00 6.20774E-01 3.45201E-01 0.00000E+00 1.05697E+01
0.00000E+00 4.99952E-01 7.72221E-01 1.18057E+00 1.18060E+00 1.18138E+00 1.18995E+00 7.72221E-01 4.99952E-01 0.00000E+00 1.53662E+01
0.00000E+00 6.87325E-01 9.56385E-01 1.35991E+00 1.35994E+00 1.36085E+00 1.36971E+00 9.56385E-01 6.87325E-01 0.00000E+00 2.12260E+01
0.00000E+00 8.54397E-01 1.12103E+00 1.52090E+00 1.52094E+00 1.52195E+00 1.53103E+00 1.12103E+00 8.54397E-01 0.00000E+00 2.64760E+01
5.14430E-02 9.03983E-01 1.16992E+00 1.56874E+00 1.56878E+00 1.56983E+00 1.57897E+00 1.16992E+00 9.03983E-01 5.14430E-02 2.81471E+01
3.37264E-01 1.18101E+00 1.44367E+00 1.83757E+00 1.83762E+00 1.83882E+00 1.84827E+00 1.44367E+00 1.18101E+00 3.37264E-01 3.65327E+01
6.76903E-01 1.51192E+00 1.77136E+00 2.16041E+00 2.16047E+00 2.16183E+00 2.17160E+00 1.77136E+00 1.51192E+00 6.76903E-01 4.63328E+01
1.06981E+00 1.89613E+00 2.15239E+00 2.53668E+00 2.53674E+00 2.53829E+00 2.54838E+00 2.15239E+00 1.89613E+00 1.06981E+00 5.77048E+01
1.52067E+00 2.33834E+00 2.59148E+00 2.97106E+00 2.97113E+00 2.97286E+00 2.98328E+00 2.59148E+00 2.33834E+00 1.52067E+00 7.07492E+01
2.03555E+00 2.84459E+00 3.09464E+00 3.46958E+00 3.46966E+00 3.47160E+00 3.48235E+00 3.09464E+00 2.84459E+00 2.03555E+00 8.55832E+01
2.61937E+00 3.41982E+00 3.66683E+00 4.03719E+00 4.03728E+00 4.03943E+00 4.05052E+00 3.66683E+00 3.41982E+00 2.61937E+00 1.02277E+02
3.27655E+00 4.06844E+00 4.31244E+00 4.67829E+00 4.67839E+00 4.68076E+00 4.69220E+00 4.31244E+00 4.06844E+00 3.27655E+00 1.20877E+02
4.01206E+00 4.79541E+00 5.03645E+00 5.39784E+00 5.39795E+00 5.40056E+00 5.41236E+00 5.03645E+00 4.79541E+00 4.01206E+00 1.41429E+02
4.83074E+00 5.60559E+00 5.84370E+00 6.20068E+00 6.20080E+00 6.20366E+00 6.21582E+00 5.84370E+00 5.60559E+00 4.83074E+00 1.63966E+02
5.73722E+00 6.50359E+00 6.73881E+00 7.09144E+00 7.09157E+00 7.09469E+00 7.10723E+00 6.73881E+00 6.50359E+00 5.73722E+00 1.88502E+02
6.73585E+00 7.49377E+00 7.72613E+00 8.07446E+00 8.07460E+00 8.07800E+00 8.09092E+00 7.72613E+00 7.49377E+00 6.73585E+00 2.15034E+02
7.83064E+00 8.58013E+00 8.80967E+00 9.15375E+00 9.15390E+00 9.15760E+00 9.17090E+00 8.80967E+00 8.58013E+00 7.83064E+00 2.43540E+02
9.02519E+00 9.76627E+00 9.99303E+00 1.03329E+01 1.03331E+01 1.03371E+01 1.03508E+01 9.99303E+00 9.76627E+00 9.02519E+00 2.73980E+02
1.03226E+01 1.10553E+01 1.12793E+01 1.16151E+01 1.16152E+01 1.16196E+01 1.16337E+01 1.12793E+01 1.10553E+01 1.03226E+01 3.06295E+02
1.17255E+01 1.24499E+01 1.26712E+01 1.30028E+01 1.30030E+01 1.30077E+01 1.30222E+01 1.26712E+01 1.24499E+01 1.17255E+01 3.40409E+02
1.32379E+01 1.39539E+01 1.41725E+01 1.45001E+01 1.45003E+01 1.45053E+01 1.45203E+01 1.41725E+01 1.39539E+01 1.32379E+01 3.76255E+02
1.48599E+01 1.55677E+01 1.57836E+01 1.61072E+01 1.61074E+01 1.61128E+01 1.61282E+01 1.57836E+01 1.55677E+01 1.48599E+01 4.13702E+02
0.00000E+00 0.00000E+00 2.73041E-01 6.82603E-01 6.82603E-01 6.82903E-01 6.90906E-01 2.73041E-01 0.00000E+00 0.00000E+00 6.75037E-02
0.00000E+00 4.96949E-02 3.19132E-01 7.23276E-01 7.23282E-01 7.23701E-01 7.32013E-01 3.19132E-01 4.96949E-02 0.00000E+00 1.62064E+00
0.00000E+00 1.22790E-01 3.88789E-01 7.87764E-01 7.87776E-01 7.88321E-01 7.96940E-01 3.88789E-01 1.22790E-01 0.00000E+00 3.78340E+00
0.00000E+00 2.18177E-01 4.80866E-01 8.74864E-01 8.74883E-01 8.75560E-01 8.84486E-01 4.80866E-01 2.18177E-01 0.00000E+00 6.65053E+00
0.00000E+00 3.37753E-01 5.97245E-01 9.86433E-01 9.86459E-01 9.87276E-01 9.96509E-01 5.97245E-01 3.37753E-01 0.00000E+00 1.02958E+01
0.00000E+00 4.84843E-01 7.41239E-01 1.12577E+00 1.12581E+00 1.12677E+00 1.13631E+00 7.41239E-01 4.84843E-01 0.00000E+00 1.48330E+01
0.00000E+00 6.61456E-01 9.14845E-01 1.29486E+00 1.29490E+00 1.29602E+00 1.30587E+00 9.14845E-01 6.61456E-01 0.00000E+00 2.03250E+01
2.22045E-16 8.18020E-01 1.06913E+00 1.44572E+00 1.44576E+00 1.44701E+00 1.45710E+00 1.06913E+00 8.18020E-01 2.22045E-16 2.52129E+01
4.81085E-02 8.64260E-01 1.11472E+00 1.49033E+00 1.49037E+00 1.49166E+00 1.50182E+00 1.11472E+00 8.64260E-01 4.81085E-02 2.67601E+01
3.14586E-01 1.12190E+00 1.36929E+00 1.74028E+00 1.74034E+00 1.74181E+00 1.75231E+00 1.36929E+00 1.12190E+00 3.14586E-01 3.44944E+01
6.29321E-01 1.42786E+00 1.67223E+00 2.03869E+00 2.03875E+00 2.04042E+00 2.05126E+00 1.67223E+00 1.42786E+00 6.29321E-01 4.34685E+01
9.91346E-01 1.78116E+00 2.02256E+00 2.38455E+00 2.38462E+00 2.38650E+00 2.39769E+00 2.02256E+00 1.78116E+00 9.91346E-01 5.38131E+01
1.40456E+00 2.18570E+00 2.42417E+00 2.78175E+00 2.78183E+00 2.78394E+00 2.79549E+00 2.42417E+00 2.18570E+00 1.40456E+00 6.56050E+01
1.87402E+00 2.64653E+00 2.88212E+00 3.23534E+00 3.23544E+00 3.23778E+00 3.24969E+00 2.88212E+00 2.64653E+00 1.87402E+00 7.89333E+01
2.40375E+00 3.16766E+00 3.40040E+00 3.74934E+00 3.74944E+00 3.75204E+00 3.76432E+00 3.40040E+00 3.16766E+00 2.40375E+00 9.38457E+01
2.99727E+00 3.75263E+00 3.98255E+00 4.32726E+00 4.32737E+00 4.33024E+00 4.34289E+00 3.98255E+00 3.75263E+00 2.99727E+00 1.10367E+02
3.65853E+00 4.40538E+00 4.63253E+00 4.97306E+00 4.97318E+00 4.97632E+00 4.98937E+00 4.63253E+00 4.40538E+00 3.65853E+00 1.28525E+02
4.39135E+00 5.12972E+00 5.35413E+00 5.69053E+00 5.69067E+00 5.69410E+00 5.70754E+00 5.35413E+00 5.12972E+00 4.39135E+00 1.48329E+02
5.19929E+00 5.92921E+00 6.15092E+00 6.48324E+00 6.48339E+00 6.48713E+00 6.50097E+00 6.15092E+00 5.92921E+00 5.19929E+00 1.69779E+02
6.08561E+00 6.80714E+00 7.02616E+00 7.35446E+00 7.35462E+00 7.35869E+00 7.37294E+00 7.02616E+00 6.80714E+00 6.08561E+00 1.92853E+02
7.05327E+00 7.76643E+00 7.98281E+00 8.30713E+00 8.30730E+00 8.31171E+00 8.32638E+00 7.98281E+00 7.76643E+00 7.05327E+00 2.17518E+02
8.10479E+00 8.80962E+00 9.02339E+00 9.34378E+00 9.34396E+00 9.34873E+00 9.36383E+00 9.02339E+00 8.80962E+00 8.10479E+00 2.43722E+02
9.24228E+00 9.93881E+00 1.01500E+01 1.04665E+01 1.04667E+01 1.04719E+01 1.04874E+01 1.01500E+01 9.93881E+00 9.24228E+00 2.71401E+02
1.04673E+01 1.11556E+01 1.13642E+01 1.16769E+01 1.16771E+01 1.16827E+01 1.16986E+01 1.13642E+01 1.11556E+01 1.04673E+01 3.00473E+02
1.17826E+01 1.24627E+01 1.26688E+01 1.29777E+01 1.29779E+01 1.29838E+01 1.30003E+01 1.26688E+01 1.24627E+01 1.17826E+01 3.30867E+02
1.31877E+01 1.38596E+01 1.40632E+01 1.43683E+01 1.43686E+01 1.43749E+01 1.43918E+01 1.40632E+01 1.38596E+01 1.31877E+01 3.62455E+02
0.00000E+00 0.00000E+00 2.58653E-01 6.46632E-01 6.46632E-01 6.47021E-01 6.55931E-01 2.58653E-01 0.00000E+00 0.00000E+00 7.91851E-02
0.00000E+00 5.01800E-02 3.05461E-01 6.88369E-01 6.88376E-01 6.88910E-01 6.98157E-01 3.05461E-01 5.01800E-02 0.00000E+00 1.63664E+00
0.00000E+00 1.22213E-01 3.74277E-01 7.52344E-01 7.52359E-01 7.53046E-01 7.62627E-01 3.74277E-01 1.22213E-01 0.00000E+00 3.75874E+00
0.00000E+00 2.14729E-01 4.63695E-01 8.37102E-01 8.37124E-01 8.37973E-01 8.47886E-01 4.63695E-01 2.14729E-01 0.00000E+00 6.53071E+00
0.00000E+00 3.29420E-01 5.75392E-01 9.44294E-01 9.44324E-01 9.45342E-01 9.55589E-01 5.75392E-01 3.29420E-01 0.00000E+00 1.00157E+01
0.00000E+00 4.69264E-01 7.12337E-01 1.07688E+00 1.07691E+00 1.07811E+00 1.08869E+00 7.12337E-01 4.69264E-01 0.00000E+00 1.43129E+01
0.00000E+00 6.36019E-01 8.76276E-01 1.23658E+00 1.23662E+00 1.23801E+00 1.24892E+00 8.76276E-01 6.36019E-01 0.00000E+00 1.94741E+01
2.22045E-16 7.83151E-01 1.02128E+00 1.37837E+00 1.37842E+00 1.37996E+00 1.39113E+00 1.02128E+00 7.83151E-01 2.22045E-16 2.40427E+01
4.51521E-02 8.26433E-01 1.06395E+00 1.42012E+00 1.42018E+00 1.42176E+00 1.43301E+00 1.06395E+00 8.26433E-01 4.51521E-02 2.54823E+01
2.94651E-01 1.06709E+00 1.30173E+00 1.65358E+00 1.65364E+00 1.65545E+00 1.66706E+00 1.30173E+00 1.06709E+00 2.94651E-01 3.26567E+01
5.87932E-01 1.35161E+00 1.58343E+00 1.93102E+00 1.93109E+00 1.93313E+00 1.94512E+00 1.58343E+00 1.35161E+00 5.87932E-01 4.09344E+01
9.23797E-01 1.67878E+00 1.90781E+00 2.25120E+00 2.25129E+00 2.25358E+00 2.26594E+00 1.90781E+00 1.67878E+00 9.23797E-01 5.04276E+01
1.30560E+00 2.05194E+00 2.27822E+00 2.61748E+00 2.61758E+00 2.62013E+00 2.63288E+00 2.27822E+00 2.05194E+00 1.30560E+00 6.11977E+01
1.73770E+00 2.47547E+00 2.69903E+00 3.03421E+00 3.03432E+00 3.03715E+00 3.05030E+00 2.69903E+00 2.47547E+00 1.73770E+00 7.33162E+01
2.22351E+00 2.95275E+00 3.17364E+00 3.50479E+00 3.50491E+00 3.50804E+00 3.52158E+00 3.17364E+00 2.95275E+00 2.22351E+00 8.68172E+01
2.76597E+00 3.48672E+00 3.70498E+00 4.03215E+00 4.03228E+00 4.03572E+00 4.04967E+00 3.70498E+00 3.48672E+00 2.76597E+00 1.01715E+02
3.36839E+00 4.08070E+00 4.29635E+00 4.61960E+00 4.61974E+00 4.62351E+00 4.63787E+00 4.29635E+00 4.08070E+00 3.36839E+00 1.18024E+02
4.03389E+00 4.73782E+00 4.95090E+00 5.27026E+00 5.27042E+00 5.27453E+00 5.28932E+00 4.95090E+00 4.73782E+00 4.03389E+00 1.35746E+02
4.76540E+00 5.46099E+00 5.67152E+00 5.98705E+00 5.98722E+00 5.99169E+00 6.00691E+00 5.67152E+00 5.46099E+00 4.76540E+00 1.54871E+02
5.56553E+00 6.25284E+00 6.46085E+00 6.77259E+00 6.77277E+00 6.77762E+00 6.79328E+00 6.46085E+00 6.25284E+00 5.56553E+00 1.75372E+02
6.43660E+00 7.11566E+00 7.32119E+00 7.62918E+00 7.62938E+00 7.63463E+00 7.65074E+00 7.32119E+00 7.11566E+00 6.43660E+00 1.97211E+02
7.38055E+00 8.05142E+00 8.25449E+00 8.55878E+00 8.55899E+00 8.56466E+00 8.58122E+00 8.25449E+00 8.05142E+00 7.38055E+00 2.20337E+02
8.39893E+00 9.06165E+00 9.26229E+00 9.56292E+00 9.56315E+00 9.56925E+00 9.58628E+00 9.26229E+00 9.06165E+00 8.39893E+00 2.44684E+02
9.49282E+00 1.01474E+01 1.03457E+01 1.06427E+01 1.06429E+01 1.06495E+01 1.06670E+01 1.03457E+01 1.01474E+01 9.49282E+00 2.70174E+02
1.06642E+01 1.13108E+01 1.15067E+01 1.18001E+01 1.18004E+01 1.18074E+01 1.18254E+01 1.15067E+01 1.13108E+01 1.06642E+01 2.96737E+02
1.19125E+01 1.25510E+01 1.27445E+01 1.30344E+01 1.30347E+01 1.30422E+01 1.30607E+01 1.27445E+01 1.25510E+01 1.19125E+01 3.24259E+02
0.00000E+00 0.00000E+00 2.43617E-01 6.09042E-01 6.09042E-01 6.09546E-01 6.19481E-01 2.43617E-01 0.00000E+00 0.00000E+00 9.30064E-02
0.00000E+00 5.02441E-02 2.90705E-01 6.51381E-01 6.51389E-01 6.52071E-01 6.62374E-01 2.90705E-01 5.02441E-02 0.00000E+00 1.64442E+00
0.00000E+00 1.20761E-01 3.58210E-01 7.14352E-01 7.14369E-01 7.15237E-01 7.25904E-01 3.58210E-01 1.20761E-01 0.00000E+00 3.71476E+00
0.00000E+00 2.09947E-01 4.44496E-01 7.96271E-01 7.96296E-01 7.97359E-01 8.08389E-01 4.44496E-01 2.09947E-01 0.00000E+00 6.37963E+00
0.00000E+00 3.19279E-01 5.51024E-01 8.98578E-01 8.98612E-01 8.99880E-01 9.11271E-01 5.51024E-01 3.19279E-01 0.00000E+00 9.69143E+00
0.00000E+00 4.51373E-01 6.80402E-01 1.02387E+00 1.02391E+00 1.02539E+00 1.03715E+00 6.80402E-01 4.51373E-01 0.00000E+00 1.37341E+01
0.00000E+00 6.07712E-01 8.34103E-01 1.17359E+00 1.17365E+00 1.17535E+00 1.18747E+00 8.34103E-01 6.07712E-01 0.00000E+00 1.85480E+01
2.22045E-16 7.44930E-01 9.69323E-01 1.30580E+00 1.30586E+00 1.30775E+00 1.32015E+00 9.69323E-01 7.44930E-01 2.22045E-16 2.27828E+01
4.20435E-02 7.85114E-01 1.00893E+00 1.34455E+00 1.34462E+00 1.34656E+00 1.35904E+00 1.00893E+00 7.85114E-01 4.20435E-02 2.41102E+01
2.73710E-01 1.00799E+00 1.22912E+00 1.56068E+00 1.56075E+00 1.56296E+00 1.57584E+00 1.22912E+00 1.00799E+00 2.73710E-01 3.07012E+01
5.44485E-01 1.27007E+00 1.48855E+00 1.81611E+00 1.81620E+00 1.81868E+00 1.83197E+00 1.48855E+00 1.27007E+00 5.44485E-01 3.82536E+01
8.52901E-01 1.56987E+00 1.78573E+00 2.10936E+00 2.10946E+00 2.11224E+00 2.12593E+00 1.78573E+00 1.56987E+00 8.52901E-01 4.68595E+01
1.20170E+00 1.91012E+00 2.12340E+00 2.44315E+00 2.44326E+00 2.44635E+00 2.46046E+00 2.12340E+00 1.91012E+00 1.20170E+00 5.65632E+01
1.59448E+00 2.29441E+00 2.50515E+00 2.82107E+00 2.82119E+00 2.82461E+00 2.83914E+00 2.50515E+00 2.29441E+00 1.59448E+00 6.74162E+01
2.03394E+00 2.72545E+00 2.93369E+00 3.24582E+00 3.24596E+00 3.24972E+00 3.26469E+00 2.93369E+00 2.72545E+00 2.03394E+00 7.94372E+01
2.52237E+00 3.20552E+00 3.41127E+00 3.71967E+00 3.71982E+00 3.72396E+00 3.73936E+00 3.41127E+00 3.20552E+00 2.52237E+00 9.26270E+01
3.06231E+00 3.73716E+00 3.94047E+00 4.24518E+00 4.24534E+00 4.24986E+00 4.26571E+00 3.94047E+00 3.73716E+00 3.06231E+00 1.06987E+02
3.65615E+00 4.32275E+00 4.52364E+00 4.82470E+00 4.82489E+00 4.82980E+00 4.84611E+00 4.52364E+00 4.32275E+00 3.65615E+00 1.22506E+02
4.30601E+00 4.96443E+00 5.16293E+00 5.46039E+00 5.46059E+00 5.46592E+00 5.48269E+00 5.16293E+00 4.96443E+00 4.30601E+00 1.39163E+02
5.01376E+00 5.66405E+00 5.86019E+00 6.15409E+00 6.15430E+00 6.16008E+00 6.17732E+00 5.86019E+00 5.66405E+00 5.01376E+00 1.56924E+02
5.78097E+00 6.42318E+00 6.61699E+00 6.90737E+00 6.90760E+00 6.91383E+00 6.93156E+00 6.61699E+00 6.42318E+00 5.78097E+00 1.75743E+02
6.60884E+00 7.24304E+00 7.43453E+00 7.72143E+00 7.72168E+00 7.72840E+00 7.74661E+00 7.43453E+00 7.24304E+00 6.60884E+00 1.95566E+02
7.49823E+00 8.12446E+00 8.31368E+00 8.59713E+00 8.59740E+00 8.60462E+00 8.62333E+00 8.31368E+00 8.12446E+00 7.49823E+00 2.16324E+02
8.44958E+00 9.06790E+00 9.25486E+00 9.53492E+00 9.53520E+00 9.54295E+00 9.56217E+00 9.25486E+00 9.06790E+00 8.44958E+00 2.37944E+02
9.46403E+00 1.00745E+01 1.02592E+01 1.05359E+01 1.05362E+01 1.05445E+01 1.05643E+01 1.02592E+01 1.00745E+01 9.46403E+00 2.60350E+02
1.05405E+01 1.11432E+01 1.13257E+01 1.15991E+01 1.15994E+01 1.16083E+01 1.16285E+01 1.13257E+01 1.11432E+01 1.05405E+01 2.83441E+02
0.00000E+00 0.00000E+00 2.30033E-01 5.75084E-01 5.75084E-01 5.75737E-01 5.86795E-01 2.30033E-01 0.00000E+00 0.00000E+00 1.09114E-01
0.00000E+00 4.97918E-02 2.76860E-01 6.17443E-01 6.17452E-01 6.18321E-01 6.29779E-01 2.76860E-01 4.97918E-02 0.00000E+00 1.64349E+00
0.00000E+00 1.18352E-01 3.42588E-01 6.78905E-01 6.78925E-01 6.80019E-01 6.91873E-01 3.42588E-01 1.18352E-01 0.00000E+00 3.65342E+00
0.00000E+00 2.03927E-01 4.25435E-01 7.57642E-01 7.57672E-01 7.59002E-01 7.71249E-01 4.25435E-01 2.03927E-01 0.00000E+00 6.20655E+00
0.00000E+00 3.07825E-01 5.26695E-01 8.54927E-01 8.54968E-01 8.56543E-01 8.69183E-01 5.26695E-01 3.07825E-01 0.00000E+00 9.34660E+00
0.00000E+00 4.32356E-01 6.48671E-01 9.73052E-01 9.73104E-01 9.74936E-01 9.87969E-01 6.48671E-01 4.32356E-01 0.00000E+00 1.31449E+01
0.00000E+00 5.78783E-01 7.92614E-01 1.11325E+00 1.11332E+00 1.11541E+00 1.12884E+00 7.92614E-01 5.78783E-01 0.00000E+00 1.76326E+01
1.11022E-16 7.06705E-01 9.18655E-01 1.23646E+00 1.23653E+00 1.23884E+00 1.25258E+00 9.18655E-01 7.06705E-01 1.11022E-16 2.15582E+01
3.91429E-02 7.44015E-01 9.55427E-01 1.27242E+00 1.27249E+00 1.27487E+00 1.28869E+00 9.55427E-01 7.44015E-01 3.91429E-02 2.27827E+01
2.54281E-01 9.50502E-01 1.15938E+00 1.47254E+00 1.47263E+00 1.47532E+00 1.48957E+00 1.15938E+00 9.50502E-01 2.54281E-01 2.88427E+01
5.04452E-01 1.19212E+00 1.39850E+00 1.70790E+00 1.70800E+00 1.71103E+00 1.72571E+00 1.39850E+00 1.19212E+00 5.04452E-01 3.57426E+01
7.87997E-01 1.46720E+00 1.67112E+00 1.97681E+00 1.97692E+00 1.98030E+00 1.99542E+00 1.67112E+00 1.46720E+00 7.87997E-01 4.35583E+01
1.10715E+00 1.77798E+00 1.97946E+00 2.28149E+00 2.28162E+00 2.28536E+00 2.30094E+00 1.97946E+00 1.77798E+00 1.10715E+00 5.23208E+01
1.46488E+00 2.12740E+00 2.32649E+00 2.62490E+00 2.62505E+00 2.62918E+00 2.64521E+00 2.32649E+00 2.12740E+00 1.46488E+00 6.20662E+01
1.86333E+00 2.51761E+00 2.71434E+00 3.00918E+00 3.00935E+00 3.01388E+00 3.03037E+00 2.71434E+00 2.51761E+00 1.86333E+00 7.28015E+01
2.30423E+00 2.95035E+00 3.14475E+00 3.43607E+00 3.43624E+00 3.44120E+00 3.45817E+00 3.14475E+00 2.95035E+00 2.30423E+00 8.45183E+01
2.78956E+00 3.42758E+00 3.61967E+00 3.90751E+00 3.90770E+00 3.91310E+00 3.93055E+00 3.61967E+00 3.42758E+00 2.78956E+00 9.72080E+01
3.32107E+00 3.95106E+00 4.14086E+00 4.42527E+00 4.42548E+00 4.43135E+00 4.44928E+00 4.14086E+00 3.95106E+00 3.32107E+00 1.10852E+02
3.90030E+00 4.52233E+00 4.70988E+00 4.99088E+00 4.99111E+00 4.99747E+00 5.01591E+00 4.70988E+00 4.52233E+00 3.90030E+00 1.25422E+02
4.52854E+00 5.14267E+00 5.32799E+00 5.60563E+00 5.60588E+00 5.61275E+00 5.63169E+00 5.32799E+00 5.14267E+00 4.52854E+00 1.40879E+02
5.20678E+00 5.81306E+00 5.99618E+00 6.27050E+00 6.27077E+00 6.27817E+00 6.29763E+00 5.99618E+00 5.81306E+00 5.20678E+00 1.57176E+02
5.93568E+00 6.53419E+00 6.71514E+00 6.98617E+00 6.98646E+00 6.99442E+00 7.01440E+00 6.71514E+00 6.53419E+00 5.93568E+00 1.74255E+02
6.71562E+00 7.30641E+00 7.48520E+00 7.75299E+00 7.75330E+00 7.76183E+00 7.78235E+00 7.48520E+00 7.30641E+00 6.71562E+00 1.92051E+02
7.54656E+00 8.12969E+00 8.30636E+00 8.57094E+00 8.57127E+00 8.58041E+00 8.60146E+00 8.30636E+00 8.12969E+00 7.54656E+00 2.10493E+02
8.42904E+00 9.00458E+00 9.17914E+00 9.44055E+00 9.44090E+00 9.45067E+00 9.47227E+00 9.17914E+00 9.00458E+00 8.42904E+00 2.29508E+02
9.36173E+00 9.92974E+00 1.01022E+01 1.03605E+01 1.03609E+01 1.03713E+01 1.03935E+01 1.01022E+01 9.92974E+00 9.36173E+00 2.49005E+02
0.00000E+00 0.00000E+00 2.16993E-01 5.42483E-01 5.42483E-01 5.43328E-01 5.55629E-01 2.16993E-01 0.00000E+00 0.00000E+00 1.27978E-01
0.00000E+00 4.88904E-02 2.63089E-01 5.84364E-01 5.84376E-01 5.85483E-01 5.98218E-01 2.63089E-01 4.88904E-02 0.00000E+00 1.63522E+00
0.00000E+00 1.15123E-01 3.26653E-01 6.43904E-01 6.43928E-01 6.45307E-01 6.58471E-01 3.26653E-01 1.15123E-01 0.00000E+00 3.57694E+00
0.00000E+00 1.96835E-01 4.05793E-01 7.19166E-01 7.19203E-01 7.20865E-01 7.34455E-01 4.05793E-01 1.96835E-01 0.00000E+00 6.01325E+00
0.00000E+00 2.95171E-01 5.01643E-01 8.11265E-01 8.11315E-01 8.13271E-01 8.27287E-01 5.01643E-01 2.95171E-01 0.00000E+00 8.97981E+00
0.00000E+00 4.12156E-01 6.16219E-01 9.22208E-01 9.22271E-01 9.24533E-01 9.38974E-01 6.16219E-01 4.12156E-01 0.00000E+00 1.25362E+01
0.00000E+00 5.48839E-01 7.50561E-01 1.05302E+00 1.05309E+00 1.05567E+00 1.07054E+00 7.50561E-01 5.48839E-01 0.00000E+00 1.67053E+01
1.11022E-16 6.67702E-01 8.67650E-01 1.16743E+00 1.16752E+00 1.17035E+00 1.18555E+00 8.67650E-01 6.67702E-01 1.11022E-16 2.03310E+01
3.63134E-02 7.02230E-01 9.01670E-01 1.20068E+00 1.20077E+00 1.20369E+00 1.21898E+00 9.01670E-01 7.02230E-01 3.63134E-02 2.14563E+01
2.35392E-01 8.92886E-01 1.08993E+00 1.38534E+00 1.38544E+00 1.38873E+00 1.40448E+00 1.08993E+00 8.92886E-01 2.35392E-01 2.70059E+01
4.65685E-01 1.11487E+00 1.30956E+00 1.60141E+00 1.60153E+00 1.60521E+00 1.62143E+00 1.30956E+00 1.11487E+00 4.65685E-01 3.32825E+01
7.25375E-01 1.36634E+00 1.55871E+00 1.84706E+00 1.84720E+00 1.85129E+00 1.86798E+00 1.55871E+00 1.36634E+00 7.25375E-01 4.03471E+01
1.01624E+00 1.64907E+00 1.83916E+00 2.12405E+00 2.12421E+00 2.12872E+00 2.14591E+00 1.83916E+00 1.64907E+00 1.01624E+00 4.82189E+01
1.34067E+00 1.96545E+00 2.15328E+00 2.43476E+00 2.43494E+00 2.43991E+00 2.45758E+00 2.15328E+00 1.96545E+00 1.34067E+00 5.69205E+01
1.70030E+00 2.31711E+00 2.50271E+00 2.78083E+00 2.78102E+00 2.78646E+00 2.80463E+00 2.50271E+00 2.31711E+00 1.70030E+00 6.64491E+01
2.09639E+00 2.70531E+00 2.88871E+00 3.16351E+00 3.16372E+00 3.16966E+00 3.18833E+00 2.88871E+00 2.70531E+00 2.09639E+00 7.67886E+01
2.53039E+00 3.13148E+00 3.31271E+00 3.58423E+00 3.58446E+00 3.59092E+00 3.61011E+00 3.31271E+00 3.13148E+00 2.53039E+00 8.79228E+01
3.00353E+00 3.59687E+00 3.77595E+00 4.04423E+00 4.04447E+00 4.05147E+00 4.07119E+00 3.77595E+00 3.59687E+00 3.00353E+00 9.98266E+01
3.51684E+00 4.10250E+00 4.27945E+00 4.54452E+00 4.54479E+00 4.55236E+00 4.57260E+00 4.27945E+00 4.10250E+00 3.51684E+00 1.12467E+02
4.07108E+00 4.64913E+00 4.82399E+00 5.08589E+00 5.08617E+00 5.09433E+00 5.11512E+00 4.82399E+00 4.64913E+00 4.07108E+00 1.25802E+02
4.66678E+00 5.23728E+00 5.41006E+00 5.66883E+00 5.66914E+00 5.67792E+00 5.69925E+00 5.41006E+00 5.23728E+00 4.66678E+00 1.39782E+02
5.30417E+00 5.86718E+00 6.03792E+00 6.29359E+00 6.29393E+00 6.30334E+00 6.32523E+00 6.03792E+00 5.86718E+00 5.30417E+00 1.54352E+02
5.98319E+00 6.53878E+00 6.70749E+00 6.96010E+00 6.96046E+00 6.97054E+00 6.99300E+00 6.70749E+00 6.53878E+00 5.98319E+00 1.69450E+02
6.70345E+00 7.25169E+00 7.41839E+00 7.66798E+00 7.66836E+00 7.67914E+00 7.70217E+00 7.41839E+00 7.25169E+00 6.70345E+00 1.85007E+02
7.46500E+00 8.00594E+00 8.17067E+00 8.41727E+00 8.41767E+00 8.42917E+00 8.45279E+00 8.17067E+00 8.00594E+00 7.46500E+00 2.00956E+02
8.26634E+00 8.80005E+00 8.96283E+00 9.20647E+00 9.20690E+00 9.21914E+00 9.24336E+00 8.96283E+00 8.80005E+00 8.26634E+00 2.17214E+02
0.00000E+00 0.00000E+00 2.04618E-01 5.11546E-01 5.11546E-01 5.12639E-01 5.26307E-01 2.04618E-01 0.00000E+00 0.00000E+00 1.50033E-01
0.00000E+00 4.75450E-02 2.49527E-01 5.52475E-01 5.52489E-01 5.53899E-01 5.68038E-01 2.49527E-01 4.75450E-02 0.00000E+00 1.62020E+00
0.00000E+00 1.11138E-01 3.10603E-01 6.09750E-01 6.09780E-01 6.11517E-01 6.26121E-01 3.10603E-01 1.11138E-01 0.00000E+00 3.48749E+00
0.00000E+00 1.88838E-01 3.85878E-01 6.81364E-01 6.81409E-01 6.83485E-01 6.98550E-01 3.85878E-01 1.88838E-01 0.00000E+00 5.80471E+00
0.00000E+00 2.81629E-01 4.76325E-01 7.68271E-01 7.68331E-01 7.70759E-01 7.86283E-01 4.76325E-01 2.81629E-01 0.00000E+00 8.60007E+00
0.00000E+00 3.91262E-01 5.83687E-01 8.72203E-01 8.72279E-01 8.75072E-01 8.91055E-01 5.83687E-01 3.91262E-01 0.00000E+00 1.19224E+01
0.00000E+00 5.18586E-01 7.08804E-01 9.93986E-01 9.94078E-01 9.97250E-01 1.01369E+00 7.08804E-01 5.18586E-01 0.00000E+00 1.57869E+01
0.00000E+00 6.28814E-01 8.17360E-01 1.10002E+00 1.10012E+00 1.10359E+00 1.12039E+00 8.17360E-01 6.28814E-01 0.00000E+00 1.91281E+01
3.36106E-02 6.60707E-01 8.48774E-01 1.13071E+00 1.13082E+00 1.13438E+00 1.15128E+00 8.48774E-01 6.60707E-01 3.36106E-02 2.01598E+01
2.17408E-01 8.36402E-01 1.02222E+00 1.30074E+00 1.30087E+00 1.30487E+00 1.32227E+00 1.02222E+00 8.36402E-01 2.17408E-01 2.52297E+01
4.28916E-01 1.03992E+00 1.22352E+00 1.49869E+00 1.49884E+00 1.50330E+00 1.52120E+00 1.22352E+00 1.03992E+00 4.28916E-01 3.09240E+01
6.66193E-01 1.26930E+00 1.45071E+00 1.72259E+00 1.72275E+00 1.72770E+00 1.74611E+00 1.45071E+00 1.26930E+00 6.66193E-01 3.72906E+01
9.30612E-01 1.52591E+00 1.70517E+00 1.97379E+00 1.97397E+00 1.97942E+00 1.99835E+00 1.70517E+00 1.52591E+00 9.30612E-01 4.43387E+01
1.22405E+00 1.81163E+00 1.98876E+00 2.25416E+00 2.25436E+00 2.26035E+00 2.27980E+00 1.98876E+00 1.81163E+00 1.22405E+00 5.20797E+01
1.54772E+00 2.12766E+00 2.30268E+00 2.56492E+00 2.56514E+00 2.57168E+00 2.59166E+00 2.30268E+00 2.12766E+00 1.54772E+00 6.05028E+01
1.90247E+00 2.47484E+00 2.64780E+00 2.90690E+00 2.90714E+00 2.91426E+00 2.93478E+00 2.64780E+00 2.47484E+00 1.90247E+00 6.95865E+01
2.28930E+00 2.85418E+00 3.02509E+00 3.28110E+00 3.28136E+00 3.28908E+00 3.31015E+00 3.02509E+00 2.85418E+00 2.28930E+00 7.93085E+01
2.70900E+00 3.26646E+00 3.43535E+00 3.68831E+00 3.68859E+00 3.69694E+00 3.71857E+00 3.43535E+00 3.26646E+00 2.70900E+00 8.96395E+01
3.16219E+00 3.71230E+00 3.87919E+00 4.12912E+00 4.12943E+00 4.13843E+00 4.16063E+00 3.87919E+00 3.71230E+00 3.16219E+00 1.00544E+02
3.64923E+00 4.19205E+00 4.35697E+00 4.60392E+00 4.60425E+00 4.61393E+00 4.63670E+00 4.35697E+00 4.19205E+00 3.64923E+00 1.11978E+02
4.17025E+00 4.70586E+00 4.86882E+00 5.11282E+00 5.11318E+00 5.12357E+00 5.14692E+00 4.86882E+00 4.70586E+00 4.17025E+00 1.23894E+02
4.72515E+00 5.25360E+00 5.41464E+00 5.65572E+00 5.65610E+00 5.66723E+00 5.69118E+00 5.41464E+00 5.25360E+00 4.72515E+00 1.36238E+02
5.31356E+00 5.83491E+00 5.99405E+00 6.23225E+00 6.23266E+00 6.24455E+00 6.26910E+00 5.99405E+00 5.83491E+00 5.31356E+00 1.48951E+02
5.93484E+00 6.44916E+00 6.60641E+00 6.84177E+00 6.84220E+00 6.85489E+00 6.88005E+00 6.60641E+00 6.44916E+00 5.93484E+00 1.61972E+02
6.58864E+00 7.09600E+00 7.25139E+00 7.48394E+00 7.48440E+00 7.49791E+00 7.52369E+00 7.25139E+00 7.09600E+00 6.58864E+00 1.75237E+02
7.27343E+00 7.77388E+00 7.92744E+00 8.15720E+00 8.15769E+00 8.17205E+00 8.19847E+00 7.92744E+00 7.77388E+00 7.27343E+00 1.88675E+02
0.00000E+00 0.00000E+00 1.93028E-01 4.82570E-01 4.82570E-01 4.83982E-01 4.99147E-01 1.93028E-01 0.00000E+00 0.00000E+00 1.75736E-01
0.00000E+00 4.59230E-02 2.36466E-01 5.22253E-01 5.22271E-01 5.24064E-01 5.39737E-01 2.36466E-01 4.59230E-02 0.00000E+00 1.60298E+00
0.00000E+00 1.06748E-01 2.94919E-01 5.77119E-01 5.77155E-01 5.79342E-01 5.95515E-01 2.94919E-01 1.06748E-01 0.00000E+00 3.39402E+00
0.00000E+00 1.80472E-01 3.66358E-01 6.45102E-01 6.45156E-01 6.47750E-01 6.64419E-01 3.66358E-01 1.80472E-01 0.00000E+00 5.59453E+00
0.00000E+00 2.67916E-01 4.51593E-01 7.26996E-01 7.27068E-01 7.30081E-01 7.47245E-01 4.51593E-01 2.67916E-01 0.00000E+00 8.22576E+00
0.00000E+00 3.70575E-01 5.52111E-01 8.24279E-01 8.24368E-01 8.27816E-01 8.45471E-01 5.52111E-01 3.70575E-01 0.00000E+00 1.13268E+01
0.00000E+00 4.89107E-01 6.68564E-01 9.37585E-01 9.37693E-01 9.41590E-01 9.59737E-01 6.68564E-01 4.89107E-01 0.00000E+00 1.49060E+01
1.11022E-16 5.91271E-01 7.69152E-01 1.03579E+00 1.03591E+00 1.04017E+00 1.05870E+00 7.69152E-01 5.91271E-01 1.11022E-16 1.79824E+01
3.10816E-02 6.20714E-01 7.98145E-01 1.06410E+00 1.06423E+00 1.06859E+00 1.08723E+00 7.98145E-01 6.20714E-01 3.10816E-02 1.89275E+01
2.00626E-01 7.82534E-01 9.57840E-01 1.22059E+00 1.22073E+00 1.22561E+00 1.24478E+00 9.57840E-01 7.82534E-01 2.00626E-01 2.35546E+01
3.94720E-01 9.69011E-01 1.14223E+00 1.40181E+00 1.40198E+00 1.40740E+00 1.42711E+00 1.14223E+00 9.69011E-01 3.94720E-01 2.87146E+01
6.11333E-01 1.17810E+00 1.34926E+00 1.60573E+00 1.60591E+00 1.61190E+00 1.63215E+00 1.34926E+00 1.17810E+00 6.11333E-01 3.44444E+01
8.51493E-01 1.41082E+00 1.57994E+00 1.83334E+00 1.83355E+00 1.84014E+00 1.86094E+00 1.57994E+00 1.41082E+00 8.51493E-01 4.07456E+01
1.11665E+00 1.66861E+00 1.83574E+00 2.08611E+00 2.08634E+00 2.09354E+00 2.11490E+00 1.83574E+00 1.66861E+00 1.11665E+00 4.76204E+01
1.40764E+00 1.95232E+00 2.11747E+00 2.36485E+00 2.36510E+00 2.37295E+00 2.39487E+00 2.11747E+00 1.95232E+00 1.40764E+00 5.50524E+01
1.72500E+00 2.26247E+00 2.42568E+00 2.67011E+00 2.67038E+00 2.67890E+00 2.70140E+00 2.42568E+00 2.26247E+00 1.72500E+00 6.30164E+01
2.06938E+00 2.59970E+00 2.76098E+00 3.00250E+00 3.00280E+00 3.01201E+00 3.03510E+00 2.76098E+00 2.59970E+00 2.06938E+00 7.14868E+01
2.44121E+00 2.96446E+00 3.12384E+00 3.36248E+00 3.36280E+00 3.37274E+00 3.39642E+00 3.12384E+00 2.96446E+00 2.44121E+00 8.04319E+01
2.84077E+00 3.35702E+00 3.51452E+00 3.75031E+00 3.75066E+00 3.76136E+00 3.78564E+00 3.51452E+00 3.35702E+00 2.84077E+00 8.98149E+01
3.26814E+00 3.77744E+00 3.93308E+00 4.16607E+00 4.16644E+00 4.17793E+00 4.20281E+00 3.93308E+00 3.77744E+00 3.26814E+00 9.95936E+01
3.72316E+00 4.22558E+00 4.37938E+00 4.60960E+00 4.61000E+00 4.62230E+00 4.64780E+00 4.37938E+00 4.22558E+00 3.72316E+00 1.09722E+02
4.20548E+00 4.70108E+00 4.85307E+00 5.08054E+00 5.08097E+00 5.09411E+00 5.12024E+00 4.85307E+00 4.70108E+00 4.20548E+00 1.20149E+02
4.71452E+00 5.20336E+00 5.35356E+00 5.57832E+00 5.57878E+00 5.59280E+00 5.61957E+00 5.35356E+00 5.20336E+00 4.71452E+00 1.30821E+02
5.24948E+00 5.73162E+00 5.88005E+00 6.10214E+00 6.10263E+00 6.11755E+00 6.14496E+00 5.88005E+00 5.73162E+00 5.24948E+00 1.41683E+02
5.80977E+00 6.28527E+00 6.43196E+00 6.65139E+00 6.65192E+00 6.66777E+00 6.69585E+00 6.43196E+00 6.28527E+00 5.80977E+00 1.52679E+02
6.39385E+00 6.86277E+00 7.00773E+00 7.22455E+00 7.22510E+00 7.24193E+00 7.27067E+00 7.00773E+00 6.86277E+00 6.39385E+00 1.63745E+02
0.00000E+00 0.00000E+00 1.82054E-01 4.55135E-01 4.55135E-01 4.56959E-01 4.73759E-01 1.82054E-01 0.00000E+00 0.00000E+00 2.05705E-01
0.00000E+00 4.42437E-02 2.23948E-01 4.93471E-01 4.93493E-01 4.95776E-01 5.13122E-01 2.23948E-01 4.42437E-02 0.00000E+00 1.58926E+00
0.00000E+00 1.02335E-01 2.79797E-01 5.45925E-01 5.45967E-01 5.48722E-01 5.66606E-01 2.79797E-01 1.02335E-01 0.00000E+00 3.30548E+00
0.00000E+00 1.72210E-01 3.47513E-01 6.10371E-01 6.10433E-01 6.13673E-01 6.32090E-01 3.47513E-01 1.72210E-01 0.00000E+00 5.39297E+00
0.00000E+00 2.54526E-01 4.27742E-01 6.87440E-01 6.87523E-01 6.91263E-01 7.10209E-01 4.27742E-01 2.54526E-01 0.00000E+00 7.86644E+00
0.00000E+00 3.50532E-01 5.21728E-01 7.78367E-01 7.78470E-01 7.82726E-01 8.02198E-01 5.21728E-01 3.50532E-01 0.00000E+00 1.07559E+01
0.00000E+00 4.60713E-01 6.29945E-01 8.83612E-01 8.83736E-01 8.88523E-01 9.08521E-01 6.29945E-01 4.60713E-01 0.00000E+00 1.40637E+01
0.00000E+00 5.55238E-01 7.22985E-01 9.74402E-01 9.74541E-01 9.79751E-01 1.00015E+00 7.22985E-01 5.55238E-01 0.00000E+00 1.68892E+01
2.86896E-02 5.82368E-01 7.49690E-01 1.00046E+00 1.00061E+00 1.00594E+00 1.02646E+00 7.49690E-01 5.82368E-01 2.86896E-02 1.77524E+01
1.84777E-01 7.31098E-01 8.96417E-01 1.14416E+00 1.14432E+00 1.15027E+00 1.17136E+00 8.96417E-01 7.31098E-01 1.84777E-01 2.19622E+01
3.62490E-01 9.01556E-01 1.06491E+00 1.30966E+00 1.30985E+00 1.31644E+00 1.33810E+00 1.06491E+00 9.01556E-01 3.62490E-01 2.66213E+01
5.59740E-01 1.09164E+00 1.25305E+00 1.49487E+00 1.49508E+00 1.50233E+00 1.52457E+00 1.25305E+00 1.09164E+00 5.59740E-01 3.17573E+01
7.77256E-01 1.30206E+00 1.46156E+00 1.70049E+00 1.70073E+00 1.70867E+00 1.73149E+00 1.46156E+00 1.30206E+00 7.77256E-01 3.73654E+01
1.01612E+00 1.53391E+00 1.69153E+00 1.92760E+00 1.92786E+00 1.93652E+00 1.95994E+00 1.69153E+00 1.53391E+00 1.01612E+00 4.34409E+01
1.27686E+00 1.78772E+00 1.94348E+00 2.17673E+00 2.17702E+00 2.18643E+00 2.21044E+00 1.94348E+00 1.78772E+00 1.27686E+00 4.99635E+01
1.55976E+00 2.06375E+00 2.21768E+00 2.44815E+00 2.44846E+00 2.45865E+00 2.48327E+00 2.21768E+00 2.06375E+00 1.55976E+00 5.69058E+01
1.86516E+00 2.36234E+00 2.51446E+00 2.74219E+00 2.74253E+00 2.75352E+00 2.77877E+00 2.51446E+00 2.36234E+00 1.86516E+00 6.42401E+01
2.19322E+00 2.68367E+00 2.83400E+00 3.05902E+00 3.05939E+00 3.07122E+00 3.09709E+00 2.83400E+00 2.68367E+00 2.19322E+00 7.19342E+01
2.54398E+00 3.02775E+00 3.17631E+00 3.39866E+00 3.39905E+00 3.41176E+00 3.43826E+00 3.17631E+00 3.02775E+00 2.54398E+00 7.99516E+01
2.91724E+00 3.39440E+00 3.54121E+00 3.76093E+00 3.76135E+00 3.77495E+00 3.80210E+00 3.54121E+00 3.39440E+00 2.91724E+00 8.82520E+01
3.31268E+00 3.78327E+00 3.92837E+00 4.14548E+00 4.14593E+00 4.16047E+00 4.18827E+00 3.92837E+00 3.78327E+00 3.31268E+00 9.67920E+01
3.72975E+00 4.19384E+00 4.33724E+00 4.55177E+00 4.55226E+00 4.56776E+00 4.59622E+00 4.33724E+00 4.19384E+00 3.72975E+00 1.05526E+02
4.16774E+00 4.62539E+00 4.76711E+00 4.97909E+00 4.97961E+00 4.99611E+00 5.02525E+00 4.76711E+00 4.62539E+00 4.16774E+00 1.14405E+02
4.62575E+00 5.07701E+00 5.21707E+00 5.42654E+00 5.42709E+00 5.44462E+00 5.47444E+00 5.21707E+00 5.07701E+00 4.62575E+00 1.23381E+02
5.10302E+00 5.54795E+00 5.68637E+00 5.89336E+00 5.89395E+00 5.91254E+00 5.94305E+00 5.68637E+00 5.54795E+00 5.10302E+00 1.32403E+02
5.59806E+00 6.03671E+00 6.17351E+00 6.37804E+00 6.37867E+00 6.39836E+00 6.42958E+00 6.17351E+00 6.03671E+00 5.59806E+00 1.41419E+02
0.00000E+00 0.00000E+00 1.71543E-01 4.28857E-01 4.28857E-01 4.31210E-01 4.49799E-01 1.71543E-01 0.00000E+00 0.00000E+00 2.40670E-01
0.00000E+00 4.26260E-02 2.11949E-01 4.65897E-01 4.65921E-01 4.68825E-01 4.88000E-01 2.11949E-01 4.26260E-02 0.00000E+00 1.58238E+00
0.00000E+00 9.80899E-02 2.65296E-01 5.16033E-01 5.16080E-01 5.19550E-01 5.39299E-01 2.65296E-01 9.80899E-02 0.00000E+00 3.22641E+00
0.00000E+00 1.64266E-01 3.29435E-01 5.77083E-01 5.77153E-01 5.81201E-01 6.01519E-01 3.29435E-01 1.64266E-01 0.00000E+00 5.20463E+00
0.00000E+00 2.41656E-01 4.04858E-01 6.49523E-01 6.49615E-01 6.54258E-01 6.75139E-01 4.04858E-01 2.41656E-01 0.00000E+00 7.52571E+00
0.00000E+00 3.31283E-01 4.92582E-01 7.34360E-01 7.34475E-01 7.39729E-01 7.61170E-01 4.92582E-01 3.31283E-01 0.00000E+00 1.02114E+01
0.00000E+00 4.33473E-01 5.92924E-01 8.31901E-01 8.32038E-01 8.37919E-01 8.59919E-01 5.92924E-01 4.33473E-01 0.00000E+00 1.32589E+01
0.00000E+00 5.20707E-01 6.78760E-01 9.15616E-01 9.15771E-01 9.22150E-01 9.44581E-01 6.78760E-01 5.20707E-01 0.00000E+00 1.58445E+01
2.64116E-02 5.45632E-01 7.03286E-01 9.39535E-01 9.39695E-01 9.46222E-01 9.68779E-01 7.03286E-01 5.45632E-01 2.64116E-02 1.66297E+01
1.69705E-01 6.81916E-01 8.37687E-01 1.07108E+00 1.07126E+00 1.07851E+00 1.10167E+00 8.37687E-01 6.81916E-01 1.69705E-01 2.04429E+01
3.31902E-01 8.37200E-01 9.91120E-01 1.22171E+00 1.22192E+00 1.22991E+00 1.25367E+00 9.91120E-01 8.37200E-01 3.31902E-01 2.46287E+01
5.10884E-01 1.00935E+00 1.16145E+00 1.38928E+00 1.38951E+00 1.39828E+00 1.42265E+00 1.16145E+00 1.00935E+00 5.10884E-01 2.92068E+01
7.07128E-01 1.19884E+00 1.34915E+00 1.57425E+00 1.57451E+00 1.58408E+00 1.60908E+00 1.34915E+00 1.19884E+00 7.07128E-01 3.41676E+01
9.21396E-01 1.40643E+00 1.55496E+00 1.77739E+00 1.77768E+00 1.78808E+00 1.81370E+00 1.55496E+00 1.40643E+00 9.21396E-01 3.95009E+01
1.15398E+00 1.63240E+00 1.77919E+00 1.99897E+00 1.99929E+00 2.01056E+00 2.03682E+00 1.77919E+00 1.63240E+00 1.15398E+00 4.51840E+01
1.40493E+00 1.87681E+00 2.02188E+00 2.23905E+00 2.23940E+00 2.25157E+00 2.27847E+00 2.02188E+00 1.87681E+00 1.40493E+00 5.11887E+01
1.67436E+00 2.13975E+00 2.28313E+00 2.49773E+00 2.49810E+00 2.51121E+00 2.53876E+00 2.28313E+00 2.13975E+00 1.67436E+00 5.74865E+01
1.96223E+00 2.42119E+00 2.56290E+00 2.77496E+00 2.77536E+00 2.78944E+00 2.81764E+00 2.56290E+00 2.42119E+00 1.96223E+00 6.40456E+01
2.26834E+00 2.72094E+00 2.86100E+00 3.07055E+00 3.07099E+00 3.08606E+00 3.11494E+00 2.86100E+00 2.72094E+00 2.26834E+00 7.08312E+01
2.59237E+00 3.03866E+00 3.17708E+00 3.38416E+00 3.38463E+00 3.40073E+00 3.43029E+00 3.17708E+00 3.03866E+00 2.59237E+00 7.78056E+01
2.93380E+00 3.37384E+00 3.51065E+00 3.71529E+00 3.71579E+00 3.73296E+00 3.76321E+00 3.51065E+00 3.37384E+00 2.93380E+00 8.49292E+01
3.29200E+00 3.72584E+00 3.86106E+00 4.06328E+00 4.06383E+00 4.08209E+00 4.11304E+00 3.86106E+00 3.72584E+00 3.29200E+00 9.21609E+01
3.66617E+00 4.09386E+00 4.22751E+00 4.42735E+00 4.42793E+00 4.44733E+00 4.47899E+00 4.22751E+00 4.09386E+00 3.66617E+00 9.94586E+01
4.05535E+00 4.47695E+00 4.60905E+00 4.80653E+00 4.80716E+00 4.82772E+00 4.86010E+00 4.60905E+00 4.47695E+00 4.05535E+00 1.06780E+02
4.45869E+00 4.87425E+00 5.00483E+00 5.19998E+00 5.20065E+00 5.22242E+00 5.25552E+00 5.00483E+00 4.87425E+00 4.45869E+00 1.14080E+02
4.87479E+00 5.28436E+00 5.41342E+00 5.60628E+00 5.60699E+00 5.63000E+00 5.66385E+00 5.41342E+00 5.28436E+00 4.87479E+00 1.21318E+02
0.00000E+00 0.00000E+00 1.61441E-01 4.03602E-01 4.03602E-01 4.06635E-01 4.27167E-01 1.61441E-01 0.00000E+00 0.00000E+00 2.81327E-01
0.00000E+00 4.11722E-02 2.00538E-01 4.39546E-01 4.39571E-01 4.43264E-01 4.64419E-01 2.00538E-01 4.11722E-02 0.00000E+00 1.58521E+00
0.00000E+00 9.41757E-02 2.51563E-01 4.87565E-01 4.87615E-01 4.91982E-01 5.13746E-01 2.51563E-01 9.41757E-02 0.00000E+00 3.16067E+00
0.00000E+00 1.56831E-01 3.12315E-01 5.45426E-01 5.45501E-01 5.50556E-01 5.72923E-01 3.12315E-01 1.56831E-01 0.00000E+00 5.03371E+00
0.00000E+00 2.29509E-01 3.83156E-01 6.13477E-01 6.13577E-01 6.19335E-01 6.42298E-01 3.83156E-01 2.29509E-01 0.00000E+00 7.20780E+00
0.00000E+00 3.13031E-01 4.64902E-01 6.92523E-01 6.92648E-01 6.99128E-01 7.22683E-01 4.64902E-01 3.13031E-01 0.00000E+00 9.69747E+00
0.00000E+00 4.07593E-01 5.57740E-01 7.82742E-01 7.82891E-01 7.90111E-01 8.14255E-01 5.57740E-01 4.07593E-01 0.00000E+00 1.24959E+01
0.00000E+00 4.87886E-01 6.36729E-01 8.59750E-01 8.59919E-01 8.67722E-01 8.92321E-01 6.36729E-01 4.87886E-01 0.00000E+00 1.48530E+01
2.42485E-02 5.10719E-01 6.59189E-01 8.81644E-01 8.81818E-01 8.89795E-01 9.14527E-01 6.59189E-01 5.10719E-01 2.42485E-02 1.55642E+01
1.55422E-01 6.35218E-01 7.81932E-01 1.00172E+00 1.00192E+00 1.01074E+00 1.03610E+00 7.81932E-01 6.35218E-01 1.55422E-01 1.90028E+01
3.02992E-01 7.76204E-01 9.21193E-01 1.13836E+00 1.13859E+00 1.14828E+00 1.17428E+00 9.21193E-01 7.76204E-01 3.02992E-01 2.27445E+01
4.64843E-01 9.31548E-01 1.07484E+00 1.28943E+00 1.28969E+00 1.30028E+00 1.32692E+00 1.07484E+00 9.31548E-01 4.64843E-01 2.68028E+01
6.41244E-01 1.10151E+00 1.24314E+00 1.45518E+00 1.45547E+00 1.46700E+00 1.49429E+00 1.24314E+00 1.10151E+00 6.41244E-01 3.11645E+01
8.32696E-01 1.28660E+00 1.42658E+00 1.63612E+00 1.63644E+00 1.64893E+00 1.67689E+00 1.42658E+00 1.28660E+00 8.32696E-01 3.58158E+01
1.03929E+00 1.48690E+00 1.62525E+00 1.83233E+00 1.83268E+00 1.84617E+00 1.87480E+00 1.62525E+00 1.48690E+00 1.03929E+00 4.07327E+01
1.26092E+00 1.70229E+00 1.83904E+00 2.04369E+00 2.04407E+00 2.05860E+00 2.08790E+00 1.83904E+00 1.70229E+00 1.26092E+00 4.58871E+01
1.49752E+00 1.93270E+00 2.06787E+00 2.27012E+00 2.27054E+00 2.28614E+00 2.31612E+00 2.06787E+00 1.93270E+00 1.49752E+00 5.12510E+01
1.74887E+00 2.17793E+00 2.31154E+00 2.51142E+00 2.51188E+00 2.52858E+00 2.55926E+00 2.31154E+00 2.17793E+00 1.74887E+00 5.67940E+01
2.01464E+00 2.43764E+00 2.56972E+00 2.76726E+00 2.76775E+00 2.78560E+00 2.81698E+00 2.56972E+00 2.43764E+00 2.01464E+00 6.24835E+01
2.29439E+00 2.71137E+00 2.84193E+00 3.03716E+00 3.03770E+00 3.05672E+00 3.08882E+00 2.84193E+00 2.71137E+00 2.29439E+00 6.82851E+01
2.58752E+00 2.99854E+00 3.12760E+00 3.32056E+00 3.32113E+00 3.34137E+00 3.37418E+00 3.12760E+00 2.99854E+00 2.58752E+00 7.41636E+01
2.89332E+00 3.29843E+00 3.42601E+00 3.61672E+00 3.61733E+00 3.63882E+00 3.67237E+00 3.42601E+00 3.29843E+00 2.89332E+00 8.00828E+01
3.21097E+00 3.61021E+00 3.73633E+00 3.92481E+00 3.92547E+00 3.94824E+00 3.98254E+00 3.73633E+00 3.61021E+00 3.21097E+00 8.60065E+01
3.53950E+00 3.93294E+00 4.05761E+00 4.24389E+00 4.24460E+00 4.26869E+00 4.30375E+00 4.05761E+00 3.93294E+00 3.53950E+00 9.18986E+01
3.87803E+00 4.26571E+00 4.38896E+00 4.57307E+00 4.57383E+00 4.59927E+00 4.63510E+00 4.38896E+00 4.26571E+00 3.87803E+00 9.77220E+01
4.22527E+00 4.60723E+00 4.72908E+00 4.91104E+00 4.91185E+00 4.93869E+00 4.97529E+00 4.72908E+00 4.60723E+00 4.22527E+00 1.03442E+02
0.00000E+00 0.00000E+00 1.52937E-01 3.82342E-01 3.82342E-01 3.86245E-01 4.08797E-01 1.52937E-01 0.00000E+00 0.00000E+00 3.27740E-01
0.00000E+00 4.00255E-02 1.91030E-01 4.17493E-01 4.17520E-01 4.22211E-01 4.45416E-01 1.91030E-01 4.00255E-02 0.00000E+00 1.60149E+00
0.00000E+00 9.09866E-02 2.40149E-01 4.63809E-01 4.63862E-01 4.69352E-01 4.93196E-01 2.40149E-01 9.09866E-02 0.00000E+00 3.11876E+00
0.00000E+00 1.50671E-01 2.98062E-01 5.19026E-01 5.19105E-01 5.25409E-01 5.49883E-01 2.98062E-01 1.50671E-01 0.00000E+00 4.90138E+00
0.00000E+00 2.19359E-01 3.65041E-01 5.83403E-01 5.83508E-01 5.90641E-01 6.15739E-01 3.65041E-01 2.19359E-01 0.00000E+00 6.94932E+00
0.00000E+00 2.97730E-01 4.41759E-01 6.57604E-01 6.57736E-01 6.65716E-01 6.91433E-01 4.41759E-01 2.97730E-01 0.00000E+00 9.27222E+00
0.00000E+00 3.85898E-01 5.28323E-01 7.41726E-01 7.41885E-01 7.50731E-01 7.77063E-01 5.28323E-01 3.85898E-01 0.00000E+00 1.18611E+01
1.11022E-16 4.60413E-01 6.01623E-01 8.13180E-01 8.13360E-01 8.22888E-01 8.49694E-01 6.01623E-01 4.60413E-01 1.11022E-16 1.40280E+01
2.24571E-02 4.81515E-01 6.22378E-01 8.33406E-01 8.33593E-01 8.43323E-01 8.70268E-01 6.22378E-01 4.81515E-01 2.24571E-02 1.46782E+01
1.43642E-01 5.96308E-01 7.35537E-01 9.44077E-01 9.44295E-01 9.55003E-01 9.82607E-01 7.35537E-01 5.96308E-01 1.43642E-01 1.78097E+01
2.79277E-01 7.25637E-01 8.63261E-01 1.06936E+00 1.06961E+00 1.08132E+00 1.10959E+00 8.63261E-01 7.25637E-01 2.79277E-01 2.11926E+01
4.27298E-01 8.67426E-01 1.00347E+00 1.20716E+00 1.20744E+00 1.22020E+00 1.24914E+00 1.00347E+00 8.67426E-01 4.27298E-01 2.48371E+01
5.87853E-01 1.02182E+00 1.15630E+00 1.35762E+00 1.35794E+00 1.37178E+00 1.40140E+00 1.15630E+00 1.02182E+00 5.87853E-01 2.87290E+01
7.61291E-01 1.18915E+00 1.32211E+00 1.52109E+00 1.52145E+00 1.53640E+00 1.56670E+00 1.32211E+00 1.18915E+00 7.61291E-01 3.28533E+01
9.47601E-01 1.36943E+00 1.50087E+00 1.69755E+00 1.69794E+00 1.71404E+00 1.74504E+00 1.50087E+00 1.36943E+00 9.47601E-01 3.71870E+01
1.14660E+00 1.56245E+00 1.69240E+00 1.88681E+00 1.88724E+00 1.90453E+00 1.93623E+00 1.69240E+00 1.56245E+00 1.14660E+00 4.17039E+01
1.35814E+00 1.76807E+00 1.89654E+00 2.08871E+00 2.08918E+00 2.10769E+00 2.14011E+00 1.89654E+00 1.76807E+00 1.35814E+00 4.63780E+01
1.58196E+00 1.98601E+00 2.11303E+00 2.30299E+00 2.30350E+00 2.32327E+00 2.35641E+00 2.11303E+00 1.98601E+00 1.58196E+00 5.11816E+01
1.81767E+00 2.21590E+00 2.34150E+00 2.52926E+00 2.52982E+00 2.55088E+00 2.58476E+00 2.34150E+00 2.21590E+00 1.81767E+00 5.60855E+01
2.06481E+00 2.45727E+00 2.58145E+00 2.76706E+00 2.76766E+00 2.79005E+00 2.82468E+00 2.58145E+00 2.45727E+00 2.06481E+00 6.10595E+01
2.32278E+00 2.70953E+00 2.83230E+00 3.01578E+00 3.01643E+00 3.04019E+00 3.07557E+00 2.83230E+00 2.70953E+00 2.32278E+00 6.60726E+01
2.59090E+00 2.97197E+00 3.09337E+00 3.27474E+00 3.27543E+00 3.30061E+00 3.33676E+00 3.09337E+00 2.97197E+00 2.59090E+00 7.10939E+01
2.86838E+00 3.24384E+00 3.36386E+00 3.54315E+00 3.54390E+00 3.57052E+00 3.60744E+00 3.36386E+00 3.24384E+00 2.86838E+00 7.60926E+01
3.15436E+00 3.52424E+00 3.64291E+00 3.82014E+00 3.82094E+00 3.84904E+00 3.88676E+00 3.64291E+00 3.52424E+00 3.15436E+00 8.10383E+01
3.44798E+00 3.81234E+00 3.92968E+00 4.10487E+00 4.10573E+00 4.13534E+00 4.17387E+00 3.92968E+00 3.81234E+00 3.44798E+00 8.58998E+01
3.74812E+00 4.10699E+00 4.22301E+00 4.39619E+00 4.39711E+00 4.42828E+00 4.46762E+00 4.22301E+00 4.10699E+00 3.74812E+00 9.06489E+01
0.00000E+00 0.00000E+00 1.44428E-01 3.61070E-01 3.61070E-01 3.66087E-01 3.90832E-01 1.44428E-01 0.00000E+00 0.00000E+00 3.81752E-01
0.00000E+00 3.87873E-02 1.81420E-01 3.95323E-01 3.95352E-01 4.01304E-01 4.26730E-01 1.81420E-01 3.87873E-02 0.00000E+00 1.62227E+00
0.00000E+00 8.75611E-02 2.28483E-01 4.39776E-01 4.39833E-01 4.46729E-01 4.72822E-01 2.28483E-01 8.75611E-02 0.00000E+00 3.07658E+00
0.00000E+00 1.44099E-01 2.83376E-01 4.92158E-01 4.92244E-01 5.00099E-01 5.26849E-01 2.83376E-01 1.44099E-01 0.00000E+00 4.76301E+00
0.00000E+00 2.08609E-01 3.46297E-01 5.52656E-01 5.52772E-01 5.61601E-01 5.89000E-01 3.46297E-01 2.08609E-01 0.00000E+00 6.67865E+00
0.00000E+00 2.81635E-01 4.17787E-01 6.21802E-01 6.21949E-01 6.31769E-01 6.59812E-01 4.17787E-01 2.81635E-01 0.00000E+00 8.82871E+00
0.00000E+00 3.63222E-01 4.97883E-01 6.99622E-01 6.99800E-01 7.10631E-01 7.39315E-01 4.97883E-01 3.63222E-01 0.00000E+00 1.12025E+01
0.00000E+00 4.31816E-01 5.65349E-01 7.65368E-01 7.65570E-01 7.77196E-01 8.06374E-01 5.65349E-01 4.31816E-01 0.00000E+00 1.31753E+01
2.06321E-02 4.51152E-01 5.84361E-01 7.83888E-01 7.84098E-01 7.95959E-01 8.25281E-01 5.84361E-01 4.51152E-01 2.06321E-02 1.37635E+01
1.31661E-01 5.56064E-01 6.87754E-01 8.84962E-01 8.85207E-01 8.98203E-01 9.28212E-01 6.87754E-01 5.56064E-01 1.31661E-01 1.65843E+01
2.55206E-01 6.73575E-01 8.03772E-01 9.98701E-01 9.98984E-01 1.01315E+00 1.04385E+00 8.03772E-01 6.73575E-01 2.55206E-01 1.96062E+01
3.89259E-01 8.01664E-01 9.30392E-01 1.12308E+00 1.12340E+00 1.13877E+00 1.17017E+00 9.30392E-01 8.01664E-01 3.89259E-01 2.28361E+01
5.33852E-01 9.40359E-01 1.06764E+00 1.25811E+00 1.25847E+00 1.27509E+00 1.30719E+00 1.06764E+00 9.40359E-01 5.33852E-01 2.62591E+01
6.89179E-01 1.08985E+00 1.21570E+00 1.40400E+00 1.40440E+00 1.42229E+00 1.45512E+00 1.21570E+00 1.08985E+00 6.89179E-01 2.98592E+01
8.55129E-01 1.25002E+00 1.37447E+00 1.56061E+00 1.56106E+00 1.58027E+00 1.61382E+00 1.37447E+00 1.25002E+00 8.55129E-01 3.36141E+01
1.03145E+00 1.42062E+00 1.54368E+00 1.72770E+00 1.72819E+00 1.74876E+00 1.78304E+00 1.54368E+00 1.42062E+00 1.03145E+00 3.74996E+01
1.21790E+00 1.60140E+00 1.72309E+00 1.90502E+00 1.90556E+00 1.92751E+00 1.96254E+00 1.72309E+00 1.60140E+00 1.21790E+00 4.14915E+01
1.41415E+00 1.79204E+00 1.91237E+00 2.09223E+00 2.09282E+00 2.11620E+00 2.15199E+00 1.91237E+00 1.79204E+00 1.41415E+00 4.55649E+01
1.61978E+00 1.99210E+00 2.11110E+00 2.28892E+00 2.28956E+00 2.31441E+00 2.35097E+00 2.11110E+00 1.99210E+00 1.61978E+00 4.96936E+01
1.83429E+00 2.20110E+00 2.31877E+00 2.49457E+00 2.49526E+00 2.52162E+00 2.55896E+00 2.31877E+00 2.20110E+00 1.83429E+00 5.38512E+01
2.05709E+00 2.41842E+00 2.53479E+00 2.70859E+00 2.70934E+00 2.73725E+00 2.77538E+00 2.53479E+00 2.41842E+00 2.05709E+00 5.80112E+01
2.28749E+00 2.64340E+00 2.75848E+00 2.93031E+00 2.93111E+00 2.96060E+00 2.99954E+00 2.75848E+00 2.64340E+00 2.28749E+00 6.21473E+01
2.52477E+00 2.87530E+00 2.98910E+00 3.15898E+00 3.15984E+00 3.19095E+00 3.23071E+00 2.98910E+00 2.87530E+00 2.52477E+00 6.62339E+01
2.76810E+00 3.11329E+00 3.22583E+00 3.39378E+00 3.39471E+00 3.42748E+00 3.46806E+00 3.22583E+00 3.11329E+00 2.76810E+00 7.02460E+01
3.01669E+00 3.35660E+00 3.46789E+00 3.63392E+00 3.63492E+00 3.66938E+00 3.71081E+00 3.46789E+00 3.35660E+00 3.01669E+00 7.41579E+01
3.26953E+00 3.60420E+00 3.71426E+00 3.87840E+00 3.87946E+00 3.91565E+00 3.95795E+00 3.71426E+00 3.60420E+00 3.26953E+00 7.79475E+01
0.00000E+00 0.00000E+00 1.36573E-01 3.41433E-01 3.41433E-01 3.47895E-01 3.74964E-01 1.36573E-01 0.00000E+00 0.00000E+00 4.44629E-01
0.00000E+00 3.74833E-02 1.72386E-01 3.74689E-01 3.74721E-01 3.82289E-01 4.10063E-01 1.72386E-01 3.74833E-02 0.00000E+00 1.64925E+00
0.00000E+00 8.40353E-02 2.17344E-01 4.17210E-01 4.17276E-01 4.25957E-01 4.54421E-01 2.17344E-01 8.40353E-02 0.00000E+00 3.03877E+00
0.00000E+00 1.37454E-01 2.69231E-01 4.66752E-01 4.66852E-01 4.76659E-01 5.05802E-01 2.69231E-01 1.37454E-01 0.00000E+00 4.62904E+00
0.00000E+00 1.97894E-01 3.28191E-01 5.23448E-01 5.23582E-01 5.34530E-01 5.64346E-01 3.28191E-01 1.97894E-01 0.00000E+00 6.41521E+00
0.00000E+00 2.65792E-01 3.94657E-01 5.87723E-01 5.87893E-01 6.00000E-01 6.30483E-01 3.94657E-01 2.65792E-01 0.00000E+00 8.39919E+00
0.00000E+00 3.41135E-01 4.68610E-01 6.59550E-01 6.59757E-01 6.73041E-01 7.04188E-01 4.68610E-01 3.41135E-01 0.00000E+00 1.05693E+01
0.00000E+00 4.04160E-01 5.30583E-01 7.19913E-01 7.20149E-01 7.34358E-01 7.66017E-01 5.30583E-01 4.04160E-01 0.00000E+00 1.23604E+01
1.89252E-02 4.21843E-01 5.47965E-01 7.36835E-01 7.37079E-01 7.51561E-01 7.83370E-01 5.47965E-01 4.21843E-01 1.89252E-02 1.28911E+01
1.20491E-01 5.17552E-01 6.42256E-01 8.28957E-01 8.29243E-01 8.45040E-01 8.77561E-01 6.42256E-01 5.17552E-01 1.20491E-01 1.54248E+01
2.32851E-01 6.24135E-01 7.47447E-01 9.32015E-01 9.32345E-01 9.49492E-01 9.82733E-01 7.47447E-01 6.24135E-01 2.32851E-01 1.81167E+01
3.54070E-01 7.39646E-01 8.61585E-01 1.04405E+00 1.04443E+00 1.06296E+00 1.09693E+00 8.61585E-01 7.39646E-01 3.54070E-01 2.09714E+01
4.84084E-01 8.64015E-01 9.84602E-01 1.16500E+00 1.16542E+00 1.18538E+00 1.22009E+00 9.84602E-01 8.64015E-01 4.84084E-01 2.39735E+01
6.22966E-01 9.97312E-01 1.11657E+00 1.29492E+00 1.29539E+00 1.31682E+00 1.35227E+00 1.11657E+00 9.97312E-01 6.22966E-01 2.71069E+01
7.70524E-01 1.13934E+00 1.25728E+00 1.43362E+00 1.43415E+00 1.45708E+00 1.49329E+00 1.25728E+00 1.13934E+00 7.70524E-01 3.03506E+01
9.26453E-01 1.28980E+00 1.40644E+00 1.58079E+00 1.58136E+00 1.60584E+00 1.64282E+00 1.40644E+00 1.28980E+00 9.26453E-01 3.36823E+01
1.09045E+00 1.44838E+00 1.56373E+00 1.73612E+00 1.73675E+00 1.76281E+00 1.80057E+00 1.56373E+00 1.44838E+00 1.09045E+00 3.70802E+01
1.26216E+00 1.61471E+00 1.72880E+00 1.89924E+00 1.89993E+00 1.92761E+00 1.96617E+00 1.72880E+00 1.61471E+00 1.26216E+00 4.05216E+01
1.44112E+00 1.78834E+00 1.90118E+00 2.06970E+00 2.07045E+00 2.09980E+00 2.13915E+00 1.90118E+00 1.78834E+00 1.44112E+00 4.39839E+01
1.62681E+00 1.96876E+00 2.08036E+00 2.24698E+00 2.24780E+00 2.27884E+00 2.31902E+00 2.08036E+00 1.96876E+00 1.62681E+00 4.74440E+01
1.81866E+00 2.15537E+00 2.26575E+00 2.43050E+00 2.43138E+00 2.46416E+00 2.50517E+00 2.26575E+00 2.15537E+00 1.81866E+00 5.08795E+01
2.01603E+00 2.34755E+00 2.45672E+00 2.61961E+00 2.62055E+00 2.65510E+00 2.69696E+00 2.45672E+00 2.34755E+00 2.01603E+00 5.42683E+01
2.21820E+00 2.54458E+00 2.65255E+00 2.81360E+00 2.81461E+00 2.85098E+00 2.89370E+00 2.65255E+00 2.54458E+00 2.21820E+00 5.75894E+01
2.42444E+00 2.74571E+00 2.85250E+00 3.01173E+00 3.01282E+00 3.05103E+00 3.09463E+00 2.85250E+00 2.74571E+00 2.42444E+00 6.08225E+01
2.63400E+00 2.95021E+00 3.05583E+00 3.21326E+00 3.21442E+00 3.25451E+00 3.29900E+00 3.05583E+00 2.95021E+00 2.63400E+00 6.39466E+01
2.84600E+00 3.15719E+00 3.26165E+00 3.41730E+00 3.41854E+00 3.46054E+00 3.50594E+00 3.26165E+00 3.15719E+00 2.84600E+00 6.69451E+01
0.00000E+00 0.00000E+00 1.29151E-01 3.22878E-01 3.22878E-01 3.31152E-01 3.60627E-01 1.29151E-01 0.00000E+00 0.00000E+00 5.15793E-01
0.00000E+00 3.59674E-02 1.63560E-01 3.54894E-01 3.54933E-01 3.64505E-01 3.94704E-01 1.63560E-01 3.59674E-02 0.00000E+00 1.67808E+00
0.00000E+00 8.01845E-02 2.06291E-01 3.95343E-01 3.95422E-01 4.06297E-01 4.37207E-01 2.06291E-01 8.01845E-02 0.00000E+00 2.99934E+00
0.00000E+00 1.30483E-01 2.55159E-01 4.42015E-01 4.42135E-01 4.54326E-01 4.85935E-01 2.55159E-01 1.30483E-01 0.00000E+00 4.49310E+00
0.00000E+00 1.86958E-01 3.10253E-01 4.94989E-01 4.95150E-01 5.08671E-01 5.40974E-01 3.10253E-01 1.86958E-01 0.00000E+00 6.15280E+00
0.00000E+00 2.49941E-01 3.71900E-01 5.54585E-01 5.54788E-01 5.69655E-01 6.02647E-01 3.71900E-01 2.49941E-01 0.00000E+00 7.97740E+00
0.00000E+00 3.19364E-01 4.40025E-01 6.20719E-01 6.20964E-01 6.37197E-01 6.70876E-01 4.40025E-01 3.19364E-01 0.00000E+00 9.95448E+00
0.00000E+00 3.77138E-01 4.96817E-01 6.76002E-01 6.76282E-01 6.93584E-01 7.27793E-01 4.96817E-01 3.77138E-01 0.00000E+00 1.15745E+01
1.73148E-02 3.93271E-01 5.12669E-01 6.91423E-01 6.91713E-01 7.09330E-01 7.43695E-01 5.12669E-01 3.93271E-01 1.73148E-02 1.20513E+01
1.09975E-01 4.80358E-01 5.98432E-01 7.75154E-01 7.75493E-01 7.94625E-01 8.29729E-01 5.98432E-01 4.80358E-01 1.09975E-01 1.43174E+01
2.11862E-01 5.76747E-01 6.93520E-01 8.68243E-01 8.68633E-01 8.89318E-01 9.25170E-01 6.93520E-01 5.76747E-01 2.11862E-01 1.67034E+01
3.21111E-01 6.80563E-01 7.96054E-01 9.68808E-01 9.69251E-01 9.91527E-01 1.02814E+00 7.96054E-01 6.80563E-01 3.21111E-01 1.92120E+01
4.37577E-01 7.91655E-01 9.05883E-01 1.07670E+00 1.07719E+00 1.10110E+00 1.13848E+00 9.05883E-01 7.91655E-01 4.37577E-01 2.18280E+01
5.61226E-01 9.09987E-01 1.02297E+00 1.19187E+00 1.19242E+00 1.21800E+00 1.25616E+00 1.02297E+00 9.09987E-01 5.61226E-01 2.45352E+01
6.91805E-01 1.03530E+00 1.14705E+00 1.31406E+00 1.31467E+00 1.34196E+00 1.38091E+00 1.14705E+00 1.03530E+00 6.91805E-01 2.73139E+01
8.28965E-01 1.16725E+00 1.27778E+00 1.44292E+00 1.44360E+00 1.47264E+00 1.51239E+00 1.27778E+00 1.16725E+00 8.28965E-01 3.01441E+01
9.72367E-01 1.30548E+00 1.41482E+00 1.57811E+00 1.57885E+00 1.60968E+00 1.65025E+00 1.41482E+00 1.30548E+00 9.72367E-01 3.30060E+01
1.12161E+00 1.44960E+00 1.55775E+00 1.71922E+00 1.72003E+00 1.75269E+00 1.79409E+00 1.55775E+00 1.44960E+00 1.12161E+00 3.58799E+01
1.27624E+00 1.59915E+00 1.70613E+00 1.86580E+00 1.86667E+00 1.90119E+00 1.94345E+00 1.70613E+00 1.59915E+00 1.27624E+00 3.87459E+01
1.43573E+00 1.75361E+00 1.85943E+00 2.01731E+00 2.01826E+00 2.05468E+00 2.09780E+00 1.85943E+00 1.75361E+00 1.43573E+00 4.15847E+01
1.59953E+00 1.91242E+00 2.01709E+00 2.17321E+00 2.17423E+00 2.21259E+00 2.25659E+00 2.01709E+00 1.91242E+00 1.59953E+00 4.43775E+01
1.76703E+00 2.07497E+00 2.17851E+00 2.33287E+00 2.33397E+00 2.37431E+00 2.41920E+00 2.17851E+00 2.07497E+00 1.76703E+00 4.71063E+01
1.93759E+00 2.24061E+00 2.34303E+00 2.49566E+00 2.49684E+00 2.53919E+00 2.58499E+00 2.34303E+00 2.24061E+00 1.93759E+00 4.97542E+01
2.11052E+00 2.40868E+00 2.50998E+00 2.66090E+00 2.66216E+00 2.70655E+00 2.75328E+00 2.50998E+00 2.40868E+00 2.11052E+00 5.23054E+01
2.28516E+00 2.57848E+00 2.67868E+00 2.82790E+00 2.82924E+00 2.87571E+00 2.92339E+00 2.67868E+00 2.57848E+00 2.28516E+00 5.47432E+01
2.46073E+00 2.74925E+00 2.84837E+00 2.99590E+00 2.99734E+00 3.04590E+00 3.09455E+00 2.84837E+00 2.74925E+00 2.46073E+00 5.70556E+01
0.00000E+00 0.00000E+00 1.22190E-01 3.05474E-01 3.05474E-01 3.16041E-01 3.47998E-01 1.22190E-01 0.00000E+00 0.00000E+00 5.96985E-01
0.00000E+00 3.44158E-02 1.55151E-01 3.36193E-01 3.36240E-01 3.48328E-01 3.81026E-01 1.55151E-01 3.44158E-02 0.00000E+00 1.71479E+00
0.00000E+00 7.63415E-02 1.95689E-01 3.74594E-01 3.74688E-01 3.88299E-01 4.21725E-01 1.95689E-01 7.63415E-02 0.00000E+00 2.96787E+00
0.00000E+00 1.23637E-01 2.41651E-01 4.18498E-01 4.18640E-01 4.33783E-01 4.67930E-01 2.41651E-01 1.23637E-01 0.00000E+00 4.36742E+00
0.00000E+00 1.76338E-01 2.93062E-01 4.67924E-01 4.68114E-01 4.84802E-01 5.19663E-01 2.93062E-01 1.76338E-01 0.00000E+00 5.90534E+00
0.00000E+00 2.34672E-01 3.50150E-01 5.23089E-01 5.23329E-01 5.41577E-01 5.77149E-01 3.50150E-01 2.34672E-01 0.00000E+00 7.57803E+00
0.00000E+00 2.98521E-01 4.12787E-01 5.83861E-01 5.84151E-01 6.03976E-01 6.40258E-01 4.12787E-01 2.98521E-01 0.00000E+00 9.37252E+00
5.55112E-17 3.51365E-01 4.64715E-01 6.34375E-01 6.34705E-01 6.55763E-01 6.92595E-01 4.64715E-01 3.51365E-01 5.55112E-17 1.08316E+01
1.58035E-02 3.66047E-01 4.79135E-01 6.48391E-01 6.48732E-01 6.70153E-01 7.07146E-01 4.79135E-01 3.66047E-01 1.58035E-02 1.12580E+01
1.00124E-01 4.45077E-01 5.56929E-01 7.24280E-01 7.24679E-01 7.47839E-01 7.85600E-01 5.56929E-01 4.45077E-01 1.00124E-01 1.32742E+01
1.92244E-01 5.31976E-01 6.42612E-01 8.08090E-01 8.08548E-01 8.33485E-01 8.72025E-01 6.42612E-01 5.31976E-01 1.92244E-01 1.53766E+01
2.90381E-01 6.24949E-01 7.34389E-01 8.98019E-01 8.98539E-01 9.25292E-01 9.64623E-01 7.34389E-01 6.24949E-01 2.90381E-01 1.75664E+01
3.94328E-01 7.23785E-01 8.32044E-01 9.93853E-01 9.94437E-01 1.02304E+00 1.06318E+00 8.32044E-01 7.23785E-01 3.94328E-01 1.98288E+01
5.03967E-01 8.28364E-01 9.35458E-01 1.09547E+00 1.09612E+00 1.12662E+00 1.16757E+00 9.35458E-01 8.28364E-01 5.03967E-01 2.21481E+01
6.19004E-01 9.38387E-01 1.04433E+00 1.20257E+00 1.20329E+00 1.23572E+00 1.27751E+00 1.04433E+00 9.38387E-01 6.19004E-01 2.45067E+01
7.39070E-01 1.05349E+00 1.15829E+00 1.31478E+00 1.31557E+00 1.34998E+00 1.39261E+00 1.15829E+00 1.05349E+00 7.39070E-01 2.68866E+01
8.63805E-01 1.17329E+00 1.27698E+00 1.43173E+00 1.43259E+00 1.46901E+00 1.51251E+00 1.27698E+00 1.17329E+00 8.63805E-01 2.92707E+01
9.92798E-01 1.29740E+00 1.39998E+00 1.55301E+00 1.55395E+00 1.59242E+00 1.63679E+00 1.39998E+00 1.29740E+00 9.92798E-01 3.16419E+01
1.12560E+00 1.42536E+00 1.52683E+00 1.67817E+00 1.67919E+00 1.71974E+00 1.76501E+00 1.52683E+00 1.42536E+00 1.12560E+00 3.39836E+01
1.26171E+00 1.55666E+00 1.65705E+00 1.80671E+00 1.80781E+00 1.85048E+00 1.89666E+00 1.65705E+00 1.55666E+00 1.26171E+00 3.62798E+01
1.40061E+00 1.69079E+00 1.79011E+00 1.93810E+00 1.93928E+00 1.98410E+00 2.03122E+00 1.79011E+00 1.69079E+00 1.40061E+00 3.85154E+01
1.54174E+00 1.82718E+00 1.92544E+00 2.07178E+00 2.07305E+00 2.12006E+00 2.16812E+00 1.92544E+00 1.82718E+00 1.54174E+00 4.06761E+01
1.68451E+00 1.96526E+00 2.06246E+00 2.20717E+00 2.20854E+00 2.25775E+00 2.30678E+00 2.06246E+00 1.96526E+00 1.68451E+00 4.27489E+01
1.82834E+00 2.10443E+00 2.20059E+00 2.34367E+00 2.34514E+00 2.39659E+00 2.44661E+00 2.20059E+00 2.10443E+00 1.82834E+00 4.47218E+01
1.97261E+00 2.24408E+00 2.33920E+00 2.48068E+00 2.48224E+00 2.53596E+00 2.58699E+00 2.33920E+00 2.24408E+00 1.97261E+00 4.65823E+01
2.11668E+00 2.38356E+00 2.47765E+00 2.61754E+00 2.61920E+00 2.67522E+00 2.72727E+00 2.47765E+00 2.38356E+00 2.11668E+00 4.83222E+01
0.00000E+00 0.00000E+00 1.15648E-01 2.89121E-01 2.89121E-01 3.02579E-01 3.37062E-01 1.15648E-01 0.00000E+00 0.00000E+00 6.89164E-01
0.00000E+00 3.29324E-02 1.47228E-01 3.18605E-01 3.18660E-01 3.33895E-01 3.69136E-01 1.47228E-01 3.29324E-02 0.00000E+00 1.76257E+00
0.00000E+00 7.26865E-02 1.85691E-01 3.55071E-01 3.55180E-01 3.72189E-01 4.08176E-01 1.85691E-01 7.26865E-02 0.00000E+00 2.94902E+00
0.00000E+00 1.17147E-01 2.28910E-01 3.96367E-01 3.96532E-01 4.15320E-01 4.52046E-01 2.28910E-01 1.17147E-01 0.00000E+00 4.25760E+00
0.00000E+00 1.66291E-01 2.76854E-01 4.42453E-01 4.42675E-01 4.63251E-01 5.00713E-01 2.76854E-01 1.66291E-01 0.00000E+00 5.67903E+00
0.00000E+00 2.20255E-01 3.29657E-01 4.93458E-01 4.93738E-01 5.16113E-01 5.54311E-01 3.29657E-01 2.20255E-01 0.00000E+00 7.20757E+00
0.00000E+00 2.78876E-01 3.87150E-01 5.49205E-01 5.49543E-01 5.73732E-01 6.12666E-01 3.87150E-01 2.78876E-01 0.00000E+00 8.83016E+00
0.00000E+00 3.27109E-01 4.34528E-01 5.95261E-01 5.95645E-01 6.21248E-01 6.60753E-01 4.34528E-01 3.27109E-01 0.00000E+00 1.01386E+01
1.43954E-02 3.40436E-01 4.47611E-01 6.07965E-01 6.08364E-01 6.34381E-01 6.74054E-01 4.47611E-01 3.40436E-01 1.43954E-02 1.05180E+01
9.09583E-02 4.11958E-01 5.17982E-01 6.76551E-01 6.77016E-01 7.05021E-01 7.45495E-01 5.17982E-01 4.11958E-01 9.09583E-02 1.23024E+01
1.74028E-01 4.90049E-01 5.94939E-01 7.51753E-01 7.52287E-01 7.82314E-01 8.23602E-01 5.94939E-01 4.90049E-01 1.74028E-01 1.41436E+01
2.61910E-01 5.73002E-01 6.76776E-01 8.31859E-01 8.32464E-01 8.64552E-01 9.06668E-01 6.76776E-01 5.73002E-01 2.61910E-01 1.60419E+01
3.54353E-01 6.60563E-01 7.63234E-01 9.16609E-01 9.17289E-01 9.51474E-01 9.94434E-01 7.63234E-01 6.60563E-01 3.54353E-01 1.79836E+01
4.51180E-01 7.52552E-01 8.54136E-01 1.00582E+00 1.00658E+00 1.04290E+00 1.08672E+00 8.54136E-01 7.52552E-01 4.51180E-01 1.99539E+01
5.52072E-01 8.48648E-01 9.49158E-01 1.09918E+00 1.10002E+00 1.13851E+00 1.18321E+00 9.49158E-01 8.48648E-01 5.52072E-01 2.19372E+01
6.56659E-01 9.48478E-01 1.04793E+00 1.19630E+00 1.19722E+00 1.23792E+00 1.28351E+00 1.04793E+00 9.48478E-01 6.56659E-01 2.39181E+01
7.64573E-01 1.05167E+00 1.15007E+00 1.29681E+00 1.29782E+00 1.34076E+00 1.38727E+00 1.15007E+00 1.05167E+00 7.64573E-01 2.58818E+01
8.75413E-01 1.15783E+00 1.25519E+00 1.40032E+00 1.40141E+00 1.44663E+00 1.49407E+00 1.25519E+00 1.15783E+00 8.75413E-01 2.78143E+01
9.88748E-01 1.26652E+00 1.36285E+00 1.50638E+00 1.50756E+00 1.55509E+00 1.60348E+00 1.36285E+00 1.26652E+00 9.88748E-01 2.97018E+01
1.10412E+00 1.37728E+00 1.47259E+00 1.61453E+00 1.61581E+00 1.66567E+00 1.71504E+00 1.47259E+00 1.37728E+00 1.10412E+00 3.15317E+01
1.22104E+00 1.48962E+00 1.58392E+00 1.72429E+00 1.72568E+00 1.77790E+00 1.82826E+00 1.58392E+00 1.48962E+00 1.22104E+00 3.32920E+01
1.33902E+00 1.60305E+00 1.69636E+00 1.83517E+00 1.83665E+00 1.89127E+00 1.94265E+00 1.69636E+00 1.60305E+00 1.33902E+00 3.49720E+01
1.45754E+00 1.71707E+00 1.80938E+00 1.94665E+00 1.94824E+00 2.00527E+00 2.05768E+00 1.80938E+00 1.71707E+00 1.45754E+00 3.65620E+01
1.57610E+00 1.83114E+00 1.92247E+00 2.05820E+00 2.05990E+00 2.11938E+00 2.17284E+00 1.92247E+00 1.83114E+00 1.57610E+00 3.80535E+01
1.69414E+00 1.94475E+00 2.03510E+00 2.16931E+00 2.17112E+00 2.23306E+00 2.28759E+00 2.03510E+00 1.94475E+00 1.69414E+00 3.94373E+01
1.81116E+00 2.05735E+00 2.14674E+00 2.27944E+00 2.28136E+00 2.34578E+00 2.40141E+00 2.14674E+00 2.05735E+00 1.81116E+00 4.07085E+01
0.00000E+00 0.00000E+00 1.09658E-01 2.74144E-01 2.74144E-01 2.91229E-01 3.28214E-01 1.09658E-01 0.00000E+00 0.00000E+00 7.92801E-01
0.00000E+00 3.15865E-02 1.39984E-01 3.02509E-01 3.02572E-01 3.21725E-01 3.59484E-01 1.39984E-01 3.15865E-02 0.00000E+00 1.82333E+00
0.00000E+00 6.93430E-02 1.76538E-01 3.37192E-01 3.37319E-01 3.58528E-01 3.97053E-01 1.76538E-01 6.93430E-02 0.00000E+00 2.94575E+00
0.00000E+00 1.11179E-01 2.17217E-01 3.76070E-01 3.76261E-01 3.99525E-01 4.38812E-01 2.17217E-01 1.11179E-01 0.00000E+00 4.16756E+00
0.00000E+00 1.57022E-01 2.61942E-01 4.19054E-01 4.19312E-01 4.44632E-01 4.84682E-01 2.61942E-01 1.57022E-01 0.00000E+00 5.47873E+00
0.00000E+00 2.06933E-01 3.10770E-01 4.66197E-01 4.66522E-01 4.93906E-01 5.34720E-01 3.10770E-01 2.06933E-01 0.00000E+00 6.87204E+00
0.00000E+00 2.60718E-01 3.63502E-01 5.17292E-01 5.17685E-01 5.47142E-01 5.88723E-01 3.63502E-01 2.60718E-01 0.00000E+00 8.33478E+00
0.00000E+00 3.04696E-01 4.06684E-01 5.59234E-01 5.59681E-01 5.90748E-01 6.32927E-01 4.06684E-01 3.04696E-01 0.00000E+00 9.50425E+00
1.31077E-02 3.16777E-01 4.18537E-01 5.70731E-01 5.71194E-01 6.02733E-01 6.45087E-01 4.18537E-01 3.16777E-01 1.31077E-02 9.84054E+00
8.25896E-02 3.81411E-01 4.82096E-01 6.32615E-01 6.33156E-01 6.66948E-01 7.10143E-01 4.82096E-01 3.81411E-01 8.25896E-02 1.14130E+01
1.57433E-01 4.51461E-01 5.51088E-01 6.99959E-01 7.00581E-01 7.36658E-01 7.80710E-01 5.51088E-01 4.51461E-01 1.57433E-01 1.30178E+01
2.36039E-01 5.25321E-01 6.23904E-01 7.71147E-01 7.71853E-01 8.10251E-01 8.55176E-01 6.23904E-01 5.25321E-01 2.36039E-01 1.46550E+01
3.18132E-01 6.02709E-01 7.00262E-01 8.45899E-01 8.46691E-01 8.87442E-01 9.33261E-01 7.00262E-01 6.02709E-01 3.18132E-01 1.63120E+01
4.03497E-01 6.83411E-01 7.79947E-01 9.23996E-01 9.24879E-01 9.68016E-01 1.01475E+00 7.79947E-01 6.83411E-01 4.03497E-01 1.79755E+01
4.91813E-01 7.67102E-01 8.62632E-01 1.00511E+00 1.00609E+00 1.05164E+00 1.09931E+00 8.62632E-01 7.67102E-01 4.91813E-01 1.96321E+01
5.82721E-01 8.53420E-01 9.47956E-01 1.08888E+00 1.08995E+00 1.13796E+00 1.18658E+00 9.47956E-01 8.53420E-01 5.82721E-01 2.12689E+01
6.75864E-01 9.42009E-01 1.03556E+00 1.17494E+00 1.17612E+00 1.22660E+00 1.27620E+00 1.03556E+00 9.42009E-01 6.75864E-01 2.28738E+01
7.70865E-01 1.03249E+00 1.12507E+00 1.26293E+00 1.26420E+00 1.31719E+00 1.36778E+00 1.12507E+00 1.03249E+00 7.70865E-01 2.44352E+01
8.67325E-01 1.12446E+00 1.21607E+00 1.35242E+00 1.35380E+00 1.40933E+00 1.46094E+00 1.21607E+00 1.12446E+00 8.67325E-01 2.59424E+01
9.64828E-01 1.21751E+00 1.30817E+00 1.44301E+00 1.44451E+00 1.50259E+00 1.55524E+00 1.30817E+00 1.21751E+00 9.64828E-01 2.73856E+01
1.06295E+00 1.31121E+00 1.40092E+00 1.53427E+00 1.53588E+00 1.59654E+00 1.65025E+00 1.40092E+00 1.31121E+00 1.06295E+00 2.87557E+01
1.16125E+00 1.40513E+00 1.49389E+00 1.62576E+00 1.62749E+00 1.69074E+00 1.74555E+00 1.49389E+00 1.40513E+00 1.16125E+00 3.00450E+01
1.25929E+00 1.49882E+00 1.58664E+00 1.71705E+00 1.71890E+00 1.78476E+00 1.84068E+00 1.58664E+00 1.49882E+00 1.25929E+00 3.12467E+01
1.35665E+00 1.59185E+00 1.67875E+00 1.80769E+00 1.80967E+00 1.87816E+00 1.93521E+00 1.67875E+00 1.59185E+00 1.35665E+00 3.23552E+01
1.45286E+00 1.68377E+00 1.76974E+00 1.89724E+00 1.89934E+00 1.97047E+00 2.02868E+00 1.76974E+00 1.68377E+00 1.45286E+00 3.33641E+01
1.54750E+00 1.77415E+00 1.85921E+00 1.98526E+00 1.98750E+00 2.06128E+00 2.12066E+00 1.85921E+00 1.77415E+00 1.54750E+00 3.42709E+01
0.00000E+00 0.00000E+00 1.04090E-01 2.60224E-01 2.60224E-01 2.81838E-01 3.21267E-01 1.04090E-01 0.00000E+00 0.00000E+00 9.08864E-01
0.00000E+00 3.03769E-02 1.33290E-01 2.87581E-01 2.87655E-01 3.11662E-01 3.51889E-01 1.33290E-01 3.03769E-02 0.00000E+00 1.89767E+00
0.00000E+00 6.62651E-02 1.68055E-01 3.20589E-01 3.20736E-01 3.47112E-01 3.88132E-01 1.68055E-01 6.62651E-02 0.00000E+00 2.95711E+00
0.00000E+00 1.05604E-01 2.06313E-01 3.57155E-01 3.57378E-01 3.86112E-01 4.27925E-01 2.06313E-01 1.05604E-01 0.00000E+00 4.09375E+00
0.00000E+00 1.48290E-01 2.47955E-01 3.97161E-01 3.97461E-01 4.28547E-01 4.71157E-01 2.47955E-01 1.48290E-01 0.00000E+00 5.29738E+00
0.00000E+00 1.94322E-01 2.92977E-01 4.40599E-01 4.40978E-01 4.74413E-01 5.17824E-01 2.92977E-01 1.94322E-01 0.00000E+00 6.55991E+00
0.00000E+00 2.43492E-01 3.41164E-01 4.87247E-01 4.87707E-01 5.23492E-01 5.67712E-01 3.41164E-01 2.43492E-01 0.00000E+00 7.86947E+00
5.55112E-17 2.83426E-01 3.80353E-01 5.25270E-01 5.25793E-01 5.63399E-01 6.08250E-01 3.80353E-01 2.83426E-01 5.55112E-17 8.90669E+00
1.18974E-02 2.94324E-01 3.91039E-01 5.35621E-01 5.36163E-01 5.74301E-01 6.19337E-01 3.91039E-01 2.94324E-01 1.18974E-02 9.20222E+00
7.47367E-02 3.52449E-01 4.48158E-01 5.91164E-01 5.91798E-01 6.32471E-01 6.78399E-01 4.48158E-01 3.52449E-01 7.47367E-02 1.05753E+01
1.41896E-01 4.14948E-01 5.09668E-01 6.51122E-01 6.51851E-01 6.95086E-01 7.41925E-01 5.09668E-01 4.14948E-01 1.41896E-01 1.19597E+01
2.11881E-01 4.80319E-01 5.74063E-01 7.13983E-01 7.14811E-01 7.60636E-01 8.08407E-01 5.74063E-01 4.80319E-01 2.11881E-01 1.33558E+01
2.84408E-01 5.48273E-01 6.41053E-01 7.79458E-01 7.80388E-01 8.28831E-01 8.77556E-01 6.41053E-01 5.48273E-01 2.84408E-01 1.47525E+01
3.59244E-01 6.18577E-01 7.10404E-01 8.47311E-01 8.48346E-01 8.99433E-01 9.49137E-01 7.10404E-01 6.18577E-01 3.59244E-01 1.61382E+01
4.36074E-01 6.90915E-01 7.81799E-01 9.17222E-01 9.18366E-01 9.72123E-01 1.02283E+00 7.81799E-01 6.90915E-01 4.36074E-01 1.75016E+01
5.14563E-01 7.64948E-01 8.54898E-01 9.88851E-01 9.90109E-01 1.04656E+00 1.09829E+00 8.54898E-01 7.64948E-01 5.14563E-01 1.88325E+01
5.94380E-01 8.40344E-01 9.29369E-01 1.06186E+00 1.06324E+00 1.12240E+00 1.17519E+00 9.29369E-01 8.40344E-01 5.94380E-01 2.01210E+01
6.75177E-01 9.16755E-01 1.00486E+00 1.13591E+00 1.13741E+00 1.19931E+00 1.25316E+00 1.00486E+00 9.16755E-01 6.75177E-01 2.13584E+01
7.56597E-01 9.93824E-01 1.08102E+00 1.21064E+00 1.21226E+00 1.27690E+00 1.33186E+00 1.08102E+00 9.93824E-01 7.56597E-01 2.25363E+01
8.38274E-01 1.07118E+00 1.15748E+00 1.28567E+00 1.28742E+00 1.35483E+00 1.41091E+00 1.15748E+00 1.07118E+00 8.38274E-01 2.36476E+01
9.19839E-01 1.14846E+00 1.23386E+00 1.36063E+00 1.36251E+00 1.43271E+00 1.48994E+00 1.23386E+00 1.14846E+00 9.19839E-01 2.46860E+01
1.00092E+00 1.22530E+00 1.30981E+00 1.43516E+00 1.43718E+00 1.51016E+00 1.56857E+00 1.30981E+00 1.22530E+00 1.00092E+00 2.56462E+01
1.08116E+00 1.30132E+00 1.38494E+00 1.50890E+00 1.51106E+00 1.58683E+00 1.64644E+00 1.38494E+00 1.30132E+00 1.08116E+00 2.65239E+01
1.16019E+00 1.37617E+00 1.45891E+00 1.58147E+00 1.58377E+00 1.66234E+00 1.72319E+00 1.45891E+00 1.37617E+00 1.16019E+00 2.73157E+01
1.23765E+00 1.44947E+00 1.53134E+00 1.65251E+00 1.65496E+00 1.73633E+00 1.79842E+00 1.53134E+00 1.44947E+00 1.23765E+00 2.80179E+01
1.31319E+00 1.52090E+00 1.60190E+00 1.72168E+00 1.72428E+00 1.80844E+00 1.87181E+00 1.60190E+00 1.52090E+00 1.31319E+00 2.86298E+01
0.00000E+00 0.00000E+00 9.86473E-02 2.46618E-01 2.46619E-01 2.73839E-01 3.15675E-01 9.86473E-02 0.00000E+00 0.00000E+00 1.03870E+00
0.00000E+00 2.91201E-02 1.26682E-01 2.72939E-01 2.73027E-01 3.02996E-01 3.45663E-01 1.26682E-01 2.91201E-02 0.00000E+00 1.98184E+00
0.00000E+00 6.30812E-02 1.59607E-01 3.04229E-01 3.04404E-01 3.37082E-01 3.80580E-01 1.59607E-01 6.30812E-02 0.00000E+00 2.97442E+00
0.00000E+00 9.98678E-02 1.95396E-01 3.38443E-01 3.38708E-01 3.74070E-01 4.18403E-01 1.95396E-01 9.98678E-02 0.00000E+00 4.02252E+00
0.00000E+00 1.39354E-01 2.33918E-01 3.75441E-01 3.75797E-01 4.13826E-01 4.59001E-01 2.33918E-01 1.39354E-01 0.00000E+00 5.11617E+00
0.00000E+00 1.81490E-01 2.75119E-01 4.15167E-01 4.15616E-01 4.56298E-01 5.02324E-01 2.75119E-01 1.81490E-01 0.00000E+00 6.24685E+00
0.00000E+00 2.26062E-01 3.18782E-01 4.57393E-01 4.57938E-01 5.01264E-01 5.48152E-01 3.18782E-01 2.26062E-01 0.00000E+00 7.40384E+00
1.11022E-16 2.61989E-01 3.54020E-01 4.91541E-01 4.92162E-01 5.37529E-01 5.85093E-01 3.54020E-01 2.61989E-01 1.11022E-16 8.31051E+00
1.07013E-02 2.71723E-01 3.63557E-01 5.00765E-01 5.01408E-01 5.47370E-01 5.95133E-01 3.63557E-01 2.71723E-01 1.07013E-02 8.56609E+00
6.69985E-02 3.23454E-01 4.14356E-01 5.50091E-01 5.50842E-01 5.99634E-01 6.48353E-01 4.14356E-01 3.23454E-01 6.69985E-02 9.74470E+00
1.26644E-01 3.78587E-01 4.68572E-01 6.02852E-01 6.03716E-01 6.55355E-01 7.05054E-01 4.68572E-01 3.78587E-01 1.26644E-01 1.09163E+01
1.88259E-01 4.35734E-01 5.24811E-01 6.57654E-01 6.58634E-01 7.13140E-01 7.63845E-01 5.24811E-01 4.35734E-01 1.88259E-01 1.20817E+01
2.51559E-01 4.94609E-01 5.82789E-01 7.14208E-01 7.15308E-01 7.72700E-01 8.24438E-01 5.82789E-01 4.94609E-01 2.51559E-01 1.32313E+01
3.16303E-01 5.54969E-01 6.42260E-01 7.72269E-01 7.73494E-01 8.33789E-01 8.86588E-01 6.42260E-01 5.54969E-01 3.16303E-01 1.43556E+01
3.82197E-01 6.16516E-01 7.02927E-01 8.31538E-01 8.32891E-01 8.96105E-01 9.49992E-01 7.02927E-01 6.16516E-01 3.82197E-01 1.54453E+01
4.48934E-01 6.78944E-01 7.64482E-01 8.91704E-01 8.93191E-01 9.59336E-01 1.01434E+00 7.64482E-01 6.78944E-01 4.48934E-01 1.64927E+01
5.16213E-01 7.41949E-01 8.26621E-01 9.52464E-01 9.54087E-01 1.02318E+00 1.07932E+00 8.26621E-01 7.41949E-01 5.16213E-01 1.74905E+01
5.83726E-01 8.05224E-01 8.89035E-01 1.01351E+00 1.01527E+00 1.08731E+00 1.14463E+00 8.89035E-01 8.05224E-01 5.83726E-01 1.84321E+01
6.51161E-01 8.68455E-01 9.51411E-01 1.07452E+00 1.07643E+00 1.15143E+00 1.20995E+00 9.51411E-01 8.68455E-01 6.51161E-01 1.93119E+01
7.18206E-01 9.31331E-01 1.01344E+00 1.13519E+00 1.13725E+00 1.21521E+00 1.27496E+00 1.01344E+00 9.31331E-01 7.18206E-01 2.01249E+01
7.84551E-01 9.93542E-01 1.07480E+00 1.19520E+00 1.19741E+00 1.27833E+00 1.33934E+00 1.07480E+00 9.93542E-01 7.84551E-01 2.08674E+01
8.49893E-01 1.05478E+00 1.13520E+00 1.25425E+00 1.25662E+00 1.34050E+00 1.40279E+00 1.13520E+00 1.05478E+00 8.49893E-01 2.15363E+01
9.13940E-01 1.11477E+00 1.19434E+00 1.31204E+00 1.31458E+00 1.40141E+00 1.46501E+00 1.19434E+00 1.11477E+00 9.13940E-01 2.21295E+01
9.76408E-01 1.17320E+00 1.25194E+00 1.36830E+00 1.37100E+00 1.46078E+00 1.52572E+00 1.25194E+00 1.17320E+00 9.76408E-01 2.26457E+01
1.03699E+00 1.22980E+00 1.30770E+00 1.42272E+00 1.42559E+00 1.51830E+00 1.58460E+00 1.30770E+00 1.22980E+00 1.03699E+00 2.30830E+01
1.09546E+00 1.28430E+00 1.36137E+00 1.47506E+00 1.47810E+00 1.57372E+00 1.64141E+00 1.36137E+00 1.28430E+00 1.09546E+00 2.34426E+01
0.00000E+00 0.00000E+00 9.40343E-02 2.35085E-01 2.35087E-01 2.69185E-01 3.13123E-01 9.40343E-02 0.00000E+00 0.00000E+00 1.17851E+00
0.00000E+00 2.79457E-02 1.20984E-01 2.60447E-01 2.60552E-01 2.97770E-01 3.42586E-01 1.20984E-01 2.79457E-02 0.00000E+00 2.07488E+00
0.00000E+00 6.01157E-02 1.52202E-01 2.90147E-01 2.90358E-01 3.30634E-01 3.76333E-01 1.52202E-01 6.01157E-02 0.00000E+00 3.00184E+00
0.00000E+00 9.45548E-02 1.85724E-01 3.22204E-01 3.22522E-01 3.65817E-01 4.12408E-01 1.85724E-01 9.45548E-02 0.00000E+00 3.96577E+00
0.00000E+00 1.31135E-01 2.21415E-01 3.56477E-01 3.56904E-01 4.03184E-01 4.50680E-01 2.21415E-01 1.31135E-01 0.00000E+00 4.95759E+00
0.00000E+00 1.69781E-01 2.59199E-01 3.92884E-01 3.93422E-01 4.42659E-01 4.91073E-01 2.59199E-01 1.69781E-01 0.00000E+00 5.96915E+00
0.00000E+00 2.10289E-01 2.98866E-01 4.31209E-01 4.31862E-01 4.84033E-01 5.33380E-01 2.98866E-01 2.10289E-01 0.00000E+00 6.99131E+00
0.00000E+00 2.42713E-01 3.30652E-01 4.61975E-01 4.62718E-01 5.17147E-01 5.67227E-01 3.30652E-01 2.42713E-01 0.00000E+00 7.78452E+00
9.66343E-03 2.51438E-01 3.39195E-01 4.70224E-01 4.70994E-01 5.26079E-01 5.76375E-01 3.39195E-01 2.51438E-01 9.66343E-03 8.00585E+00
6.03199E-02 2.97667E-01 3.84559E-01 5.14206E-01 5.15104E-01 5.73302E-01 6.24640E-01 3.84559E-01 2.97667E-01 6.03199E-02 9.01937E+00
1.13572E-01 3.46545E-01 4.32583E-01 5.60861E-01 5.61893E-01 6.23209E-01 6.75618E-01 4.32583E-01 3.46545E-01 1.13572E-01 1.00139E+01
1.68157E-01 3.96801E-01 4.81993E-01 6.08916E-01 6.10085E-01 6.74527E-01 7.28038E-01 4.81993E-01 3.96801E-01 1.68157E-01 1.09909E+01
2.23811E-01 4.48169E-01 5.32522E-01 6.58100E-01 6.59411E-01 7.26986E-01 7.81629E-01 5.32522E-01 4.48169E-01 2.23811E-01 1.19428E+01
2.80307E-01 5.00418E-01 5.83938E-01 7.08181E-01 7.09638E-01 7.80352E-01 8.36158E-01 5.83938E-01 5.00418E-01 2.80307E-01 1.28616E+01
3.37379E-01 5.53282E-01 6.35976E-01 7.58890E-01 7.60499E-01 8.34353E-01 8.91355E-01 6.35976E-01 5.53282E-01 3.37379E-01 1.37405E+01
3.94763E-01 6.06496E-01 6.88367E-01 8.09959E-01 8.11723E-01 8.88719E-01 9.46949E-01 6.88367E-01 6.06496E-01 3.94763E-01 1.45736E+01
4.52196E-01 6.59796E-01 7.40849E-01 8.61124E-01 8.63048E-01 9.43183E-01 1.00267E+00 7.40849E-01 6.59796E-01 4.52196E-01 1.53558E+01
5.09417E-01 7.12919E-01 7.93157E-01 9.12119E-01 9.14207E-01 9.97476E-01 1.05826E+00 7.93157E-01 7.12919E-01 5.09417E-01 1.60824E+01
5.66163E-01 7.65604E-01 8.45029E-01 9.62682E-01 9.64938E-01 1.05133E+00 1.11344E+00 8.45029E-01 7.65604E-01 5.66163E-01 1.67497E+01
6.22177E-01 8.17591E-01 8.96206E-01 1.01255E+00 1.01498E+00 1.10449E+00 1.16794E+00 8.96206E-01 8.17591E-01 6.22177E-01 1.73547E+01
6.77206E-01 8.68630E-01 9.46436E-01 1.06148E+00 1.06408E+00 1.15669E+00 1.22153E+00 9.46436E-01 8.68630E-01 6.77206E-01 1.78952E+01
7.31010E-01 9.18479E-01 9.95478E-01 1.10921E+00 1.11200E+00 1.20769E+00 1.27394E+00 9.95478E-01 9.18479E-01 7.31010E-01 1.83699E+01
7.83357E-01 9.66908E-01 1.04310E+00 1.15553E+00 1.15850E+00 1.25725E+00 1.32494E+00 1.04310E+00 9.66908E-01 7.83357E-01 1.87779E+01
8.34031E-01 1.01370E+00 1.08908E+00 1.20021E+00 1.20336E+00 1.30515E+00 1.37431E+00 1.08908E+00 1.01370E+00 8.34031E-01 1.91193E+01
8.82792E-01 1.05862E+00 1.13319E+00 1.24301E+00 1.24636E+00 1.35116E+00 1.42180E+00 1.13319E+00 1.05862E+00 8.82792E-01 1.93936E+01
9.29470E-01 1.10149E+00 1.17526E+00 1.28376E+00 1.28731E+00 1.39508E+00 1.46724E+00 1.17526E+00 1.10149E+00 9.29470E-01 1.96027E+01
0.00000E+00 0.00000E+00 9.00862E-02 2.25213E-01 2.25217E-01 2.67663E-01 3.13395E-01 9.00862E-02 0.00000E+00 0.00000E+00 1.32785E+00
0.00000E+00 2.67750E-02 1.15948E-01 2.49600E-01 2.49729E-01 2.95670E-01 3.42354E-01 1.15948E-01 2.67750E-02 0.00000E+00 2.17417E+00
0.00000E+00 5.72075E-02 1.45505E-01 2.77743E-01 2.78000E-01 3.27350E-01 3.74997E-01 1.45505E-01 5.72075E-02 0.00000E+00 3.03468E+00
0.00000E+00 8.94162E-02 1.76868E-01 3.07739E-01 3.08124E-01 3.60824E-01 4.09449E-01 1.76868E-01 8.94162E-02 0.00000E+00 3.91650E+00
0.00000E+00 1.23282E-01 2.09912E-01 3.39455E-01 3.39972E-01 3.95970E-01 4.45589E-01 2.09912E-01 1.23282E-01 0.00000E+00 4.81185E+00
0.00000E+00 1.58719E-01 2.44550E-01 3.72801E-01 3.73452E-01 4.32701E-01 4.83332E-01 2.44550E-01 1.58719E-01 0.00000E+00 5.71345E+00
0.00000E+00 1.95545E-01 2.80595E-01 4.07582E-01 4.08369E-01 4.70831E-01 5.22494E-01 2.80595E-01 1.95545E-01 0.00000E+00 6.61393E+00
5.55112E-17 2.24829E-01 3.09285E-01 4.35310E-01 4.36205E-01 5.01129E-01 5.53604E-01 3.09285E-01 2.24829E-01 5.55112E-17 7.30644E+00
8.74085E-03 2.32659E-01 3.16944E-01 4.42692E-01 4.43619E-01 5.09255E-01 5.61971E-01 3.16944E-01 2.32659E-01 8.74085E-03 7.49782E+00
5.44133E-02 2.74033E-01 3.57510E-01 4.81947E-01 4.83027E-01 5.52041E-01 6.05913E-01 3.57510E-01 2.74033E-01 5.44133E-02 8.36829E+00
1.02087E-01 3.17462E-01 4.00137E-01 5.23275E-01 5.24513E-01 5.96893E-01 6.51956E-01 4.00137E-01 3.17462E-01 1.02087E-01 9.21250E+00
1.50617E-01 3.61792E-01 4.43671E-01 5.65518E-01 5.66918E-01 6.42657E-01 6.98946E-01 4.43671E-01 3.61792E-01 1.50617E-01 1.00327E+01
1.99769E-01 4.06787E-01 4.87874E-01 6.08435E-01 6.10003E-01 6.89092E-01 7.46643E-01 4.87874E-01 4.06787E-01 1.99769E-01 1.08230E+01
2.49338E-01 4.52240E-01 5.32539E-01 6.51817E-01 6.53558E-01 7.35987E-01 7.94836E-01 5.32539E-01 4.52240E-01 2.49338E-01 1.15774E+01
2.99098E-01 4.97924E-01 5.77437E-01 6.95437E-01 6.97355E-01 7.83110E-01 8.43292E-01 5.77437E-01 4.97924E-01 2.99098E-01 1.22908E+01
3.48828E-01 5.43616E-01 6.22345E-01 7.39068E-01 7.41167E-01 8.30233E-01 8.91784E-01 6.22345E-01 5.43616E-01 3.48828E-01 1.29592E+01
3.98308E-01 5.89097E-01 6.67042E-01 7.82489E-01 7.84775E-01 8.77133E-01 9.40087E-01 6.67042E-01 5.89097E-01 3.98308E-01 1.35790E+01
4.47323E-01 6.34149E-01 7.11312E-01 8.25482E-01 8.27959E-01 9.23587E-01 9.87979E-01 7.11312E-01 6.34149E-01 4.47323E-01 1.41472E+01
4.95661E-01 6.78562E-01 7.54941E-01 8.67834E-01 8.70505E-01 9.69379E-01 1.03524E+00 7.54941E-01 6.78562E-01 4.95661E-01 1.46616E+01
5.43114E-01 7.22126E-01 7.97722E-01 9.09336E-01 9.12206E-01 1.01430E+00 1.08166E+00 7.97722E-01 7.22126E-01 5.43114E-01 1.51205E+01
5.89484E-01 7.64645E-01 8.39457E-01 9.49789E-01 9.52862E-01 1.05814E+00 1.12703E+00 8.39457E-01 7.64645E-01 5.89484E-01 1.55229E+01
6.34583E-01 8.05931E-01 8.79956E-01 9.89003E-01 9.92283E-01 1.10071E+00 1.17117E+00 8.79956E-01 8.05931E-01 6.34583E-01 1.58684E+01
6.78235E-01 8.45807E-01 9.19044E-01 1.02680E+00 1.03029E+00 1.14183E+00 1.21388E+00 9.19044E-01 8.45807E-01 6.78235E-01 1.61573E+01
7.20275E-01 8.84110E-01 9.56557E-01 1.06302E+00 1.06672E+00 1.18132E+00 1.25499E+00 9.56557E-01 8.84110E-01 7.20275E-01 1.63902E+01
7.60520E-01 9.20658E-01 9.92311E-01 1.09748E+00 1.10140E+00 1.21902E+00 1.29433E+00 9.92311E-01 9.20658E-01 7.60520E-01 1.65673E+01
7.98850E-01 9.55330E-01 1.02619E+00 1.13005E+00 1.13419E+00 1.25478E+00 1.33175E+00 1.02619E+00 9.55330E-01 7.98850E-01 1.66910E+01
0.00000E+00 0.00000E+00 8.63027E-02 2.15752E-01 2.15761E-01 2.68218E-01 3.15560E-01 8.63027E-02 0.00000E+00 0.00000E+00 1.48684E+00
0.00000E+00 2.54638E-02 1.10923E-01 2.38990E-01 2.39151E-01 2.95475E-01 3.43887E-01 1.10923E-01 2.54638E-02 0.00000E+00 2.27629E+00
0.00000E+00 5.40368E-02 1.38685E-01 2.65423E-01 2.65738E-01 3.25814E-01 3.75311E-01 1.38685E-01 5.40368E-02 0.00000E+00 3.06510E+00
0.00000E+00 8.39194E-02 1.67781E-01 2.93228E-01 2.93699E-01 3.57445E-01 4.08046E-01 1.67781E-01 8.39194E-02 0.00000E+00 3.86101E+00
0.00000E+00 1.14999E-01 1.98095E-01 3.22284E-01 3.22913E-01 3.90255E-01 4.41982E-01 1.98095E-01 1.14999E-01 0.00000E+00 4.65751E+00
0.00000E+00 1.47179E-01 2.29526E-01 3.52486E-01 3.53277E-01 4.24148E-01 4.77024E-01 2.29526E-01 1.47179E-01 0.00000E+00 5.44812E+00
0.00000E+00 1.80295E-01 2.61908E-01 3.83663E-01 3.84617E-01 4.58959E-01 5.13007E-01 2.61908E-01 1.80295E-01 0.00000E+00 6.22712E+00
0.00000E+00 2.06430E-01 2.87483E-01 4.08317E-01 4.09400E-01 4.86393E-01 5.41364E-01 2.87483E-01 2.06430E-01 0.00000E+00 6.81980E+00
7.81929E-03 2.13365E-01 2.94257E-01 4.14825E-01 4.15946E-01 4.93703E-01 5.48947E-01 2.94257E-01 2.13365E-01 7.81929E-03 6.98162E+00
4.85209E-02 2.49894E-01 3.30020E-01 4.49329E-01 4.50633E-01 5.32003E-01 5.88561E-01 3.30020E-01 2.49894E-01 4.85209E-02 7.71132E+00
9.06464E-02 2.87900E-01 3.67264E-01 4.85320E-01 4.86812E-01 5.71767E-01 6.29678E-01 3.67264E-01 2.87900E-01 9.06464E-02 8.40828E+00
1.33167E-01 3.26347E-01 4.04952E-01 5.21756E-01 5.23441E-01 6.11956E-01 6.71260E-01 4.04952E-01 3.26347E-01 1.33167E-01 9.07540E+00
1.75873E-01 3.65022E-01 4.42869E-01 5.58423E-01 5.60306E-01 6.52354E-01 7.13091E-01 4.42869E-01 3.65022E-01 1.75873E-01 9.70843E+00
2.18578E-01 4.03741E-01 4.80829E-01 5.95133E-01 5.97219E-01 6.92770E-01 7.54979E-01 4.80829E-01 4.03741E-01 2.18578E-01 1.03028E+01
2.61092E-01 4.42308E-01 5.18638E-01 6.31690E-01 6.33984E-01 7.33007E-01 7.96726E-01 5.18638E-01 4.42308E-01 2.61092E-01 1.08550E+01
3.03229E-01 4.80539E-01 5.56109E-01 6.67908E-01 6.70414E-01 7.72873E-01 8.38140E-01 5.56109E-01 4.80539E-01 3.03229E-01 1.13629E+01
3.44810E-01 5.18252E-01 5.93061E-01 7.03602E-01 7.06326E-01 8.12184E-01 8.79035E-01 5.93061E-01 5.18252E-01 3.44810E-01 1.18240E+01
3.85657E-01 5.55272E-01 6.29317E-01 7.38596E-01 7.41541E-01 8.50757E-01 9.19228E-01 6.29317E-01 5.55272E-01 3.85657E-01 1.22369E+01
4.25601E-01 5.91427E-01 6.64706E-01 7.72718E-01 7.75888E-01 8.88418E-01 9.58542E-01 6.64706E-01 5.91427E-01 4.25601E-01 1.26006E+01
4.64480E-01 6.26557E-01 6.99065E-01 8.05806E-01 8.09205E-01 9.25001E-01 9.96809E-01 6.99065E-01 6.26557E-01 4.64480E-01 1.29145E+01
5.02141E-01 6.60508E-01 7.32244E-01 8.37706E-01 8.41337E-01 9.60347E-01 1.03387E+00 7.32244E-01 6.60508E-01 5.02141E-01 1.31788E+01
5.38443E-01 6.93140E-01 7.64099E-01 8.68276E-01 8.72143E-01 9.94311E-01 1.06958E+00 7.64099E-01 6.93140E-01 5.38443E-01 1.33939E+01
5.73256E-01 7.24324E-01 7.94501E-01 8.97387E-01 9.01492E-01 1.02676E+00 1.10379E+00 7.94501E-01 7.24324E-01 5.73256E-01 1.35609E+01
6.06463E-01 7.53943E-01 8.23334E-01 9.24921E-01 9.29267E-01 1.05757E+00 1.13640E+00 8.23334E-01 7.53943E-01 6.06463E-01 1.36811E+01
6.37929E-01 7.81863E-01 8.50464E-01 9.50744E-01 9.55333E-01 1.08660E+00 1.16724E+00 8.50464E-01 7.81863E-01 6.37929E-01 1.37554E+01
6.67580E-01 8.08010E-01 8.75815E-01 9.74782E-01 9.79615E-01 1.11378E+00 1.19625E+00 8.75815E-01 8.08010E-01 6.67580E-01 1.37863E+01
0.00000E+00 0.00000E+00 8.29986E-02 2.07486E-01 2.07507E-01 2.71794E-01 3.20489E-01 8.29986E-02 0.00000E+00 0.00000E+00 1.65050E+00
0.00000E+00 2.41133E-02 1.06323E-01 2.29495E-01 2.29701E-01 2.98199E-01 3.48138E-01 1.06323E-01 2.41133E-02 0.00000E+00 2.37902E+00
0.00000E+00 5.08271E-02 1.32275E-01 2.54175E-01 2.54569E-01 3.27132E-01 3.78333E-01 1.32275E-01 5.08271E-02 0.00000E+00 3.09440E+00
0.00000E+00 7.84321E-02 1.59138E-01 2.79799E-01 2.80382E-01 3.56901E-01 4.09387E-01 1.59138E-01 7.84321E-02 0.00000E+00 3.80509E+00
0.00000E+00 1.06828E-01 1.86808E-01 3.06256E-01 3.07031E-01 3.87408E-01 4.41205E-01 1.86808E-01 1.06828E-01 0.00000E+00 4.50593E+00
0.00000E+00 1.35915E-01 2.15183E-01 3.33441E-01 3.34411E-01 4.18555E-01 4.73687E-01 2.15183E-01 1.35915E-01 0.00000E+00 5.19145E+00
0.00000E+00 1.65551E-01 2.44117E-01 3.61203E-01 3.62370E-01 4.50200E-01 5.06694E-01 2.44117E-01 1.65551E-01 0.00000E+00 5.85752E+00
5.55112E-17 1.88760E-01 2.66788E-01 3.82976E-01 3.84298E-01 4.74933E-01 5.32497E-01 2.66788E-01 1.88760E-01 5.55112E-17 6.35861E+00
6.96955E-03 1.94869E-01 2.72742E-01 3.88669E-01 3.90037E-01 4.81477E-01 5.39358E-01 2.72742E-01 1.94869E-01 6.96955E-03 6.49362E+00
4.31080E-02 2.26949E-01 3.04084E-01 4.18777E-01 4.20364E-01 5.15603E-01 5.75006E-01 3.04084E-01 2.26949E-01 4.31080E-02 7.09655E+00
8.01889E-02 2.60026E-01 3.36424E-01 4.49883E-01 4.51694E-01 5.50682E-01 6.11650E-01 3.36424E-01 2.60026E-01 8.01889E-02 7.66292E+00
1.17295E-01 2.93177E-01 3.68836E-01 4.81060E-01 4.83100E-01 5.85791E-01 6.48365E-01 3.68836E-01 2.93177E-01 1.17295E-01 8.19628E+00
1.54245E-01 3.26217E-01 4.01136E-01 5.12120E-01 5.14395E-01 6.20740E-01 6.84963E-01 4.01136E-01 3.26217E-01 1.54245E-01 8.69375E+00
1.90878E-01 3.58985E-01 4.33161E-01 5.42901E-01 5.45414E-01 6.55364E-01 7.21276E-01 4.33161E-01 3.58985E-01 1.90878E-01 9.15213E+00
2.27034E-01 3.91320E-01 4.64750E-01 5.73240E-01 5.75997E-01 6.89497E-01 7.57138E-01 4.64750E-01 3.91320E-01 2.27034E-01 9.56943E+00
2.62568E-01 4.23075E-01 4.95754E-01 6.02988E-01 6.05994E-01 7.22988E-01 7.92396E-01 4.95754E-01 4.23075E-01 2.62568E-01 9.94453E+00
2.97334E-01 4.54104E-01 5.26029E-01 6.31999E-01 6.35257E-01 7.55687E-01 8.26898E-01 5.26029E-01 4.54104E-01 2.97334E-01 1.02764E+01
3.31193E-01 4.84269E-01 5.55435E-01 6.60133E-01 6.63648E-01 7.87450E-01 8.60497E-01 5.55435E-01 4.84269E-01 3.31193E-01 1.05646E+01
3.64015E-01 5.13439E-01 5.83840E-01 6.87259E-01 6.91033E-01 8.18142E-01 8.93057E-01 5.83840E-01 5.13439E-01 3.64015E-01 1.08090E+01
3.95677E-01 5.41492E-01 6.11123E-01 7.13253E-01 7.17289E-01 8.47636E-01 9.24449E-01 6.11123E-01 5.41492E-01 3.95677E-01 1.10100E+01
4.26067E-01 5.68317E-01 6.37171E-01 7.38004E-01 7.42305E-01 8.75816E-01 9.54552E-01 6.37171E-01 5.68317E-01 4.26067E-01 1.11684E+01
4.55084E-01 5.93811E-01 6.61884E-01 7.61409E-01 7.65977E-01 9.02576E-01 9.83259E-01 6.61884E-01 5.93811E-01 4.55084E-01 1.12853E+01
4.82639E-01 6.17886E-01 6.85170E-01 7.83379E-01 7.88217E-01 9.27822E-01 1.01047E+00 6.85170E-01 6.17886E-01 4.82639E-01 1.13623E+01
5.08651E-01 6.40464E-01 7.06954E-01 8.03837E-01 8.08944E-01 9.51473E-01 1.03611E+00 7.06954E-01 6.40464E-01 5.08651E-01 1.14011E+01
5.33027E-01 6.61451E-01 7.27139E-01 8.22687E-01 8.28065E-01 9.73427E-01 1.06006E+00 7.27139E-01 6.61451E-01 5.33027E-01 1.14029E+01
5.55727E-01 6.80808E-01 7.45689E-01 8.39892E-01 8.45540E-01 9.93644E-01 1.08229E+00 7.45689E-01 6.80808E-01 5.55727E-01 1.13704E+01
0.00000E+00 0.00000E+00 8.00561E-02 2.00117E-01 2.00163E-01 2.78190E-01 3.28118E-01 8.00561E-02 0.00000E+00 0.00000E+00 1.81474E+00
0.00000E+00 2.27095E-02 1.02015E-01 2.20797E-01 2.21072E-01 3.03605E-01 3.55023E-01 1.02015E-01 2.27095E-02 0.00000E+00 2.47839E+00
0.00000E+00 4.75397E-02 1.26116E-01 2.43657E-01 2.44161E-01 3.31021E-01 3.83948E-01 1.26116E-01 4.75397E-02 0.00000E+00 3.11840E+00
0.00000E+00 7.28806E-02 1.50743E-01 2.67068E-01 2.67805E-01 3.58852E-01 4.13312E-01 1.50743E-01 7.28806E-02 0.00000E+00 3.74395E+00
0.00000E+00 9.86482E-02 1.75809E-01 2.90939E-01 2.91910E-01 3.87021E-01 4.43038E-01 1.75809E-01 9.86482E-02 0.00000E+00 4.35123E+00
0.00000E+00 1.24745E-01 2.01215E-01 3.15167E-01 3.16374E-01 4.15432E-01 4.73032E-01 2.01215E-01 1.24745E-01 0.00000E+00 4.93584E+00
0.00000E+00 1.51055E-01 2.26840E-01 3.39627E-01 3.41073E-01 4.43972E-01 5.03182E-01 2.26840E-01 1.51055E-01 0.00000E+00 5.49515E+00
1.11022E-16 1.71488E-01 2.46748E-01 3.58639E-01 3.60271E-01 4.66081E-01 5.26553E-01 2.46748E-01 1.71488E-01 1.11022E-16 5.91066E+00
6.16919E-03 1.76820E-01 2.51927E-01 3.63558E-01 3.65245E-01 4.71887E-01 5.32731E-01 2.51927E-01 1.76820E-01 6.16919E-03 6.02086E+00
3.80268E-02 2.04729E-01 2.79111E-01 3.89506E-01 3.91455E-01 5.02012E-01 5.64643E-01 2.79111E-01 2.04729E-01 3.80268E-02 6.50720E+00
7.04150E-02 2.33228E-01 3.06881E-01 4.16036E-01 4.18253E-01 5.32651E-01 5.97111E-01 3.06881E-01 2.33228E-01 7.04150E-02 6.95503E+00
1.02526E-01 2.61501E-01 3.34421E-01 4.42329E-01 4.44819E-01 5.62988E-01 6.29320E-01 3.34421E-01 2.61501E-01 1.02526E-01 7.36845E+00
1.34208E-01 2.89393E-01 3.61577E-01 4.68230E-01 4.70997E-01 5.92866E-01 6.61111E-01 3.61577E-01 2.89393E-01 1.34208E-01 7.74581E+00
1.65325E-01 3.16770E-01 3.88211E-01 4.93601E-01 4.96650E-01 6.22144E-01 6.92342E-01 3.88211E-01 3.16770E-01 1.65325E-01 8.08514E+00
1.95752E-01 3.43504E-01 4.14196E-01 5.18314E-01 5.21648E-01 6.50690E-01 7.22879E-01 4.14196E-01 3.43504E-01 1.95752E-01 8.38564E+00
2.25377E-01 3.69483E-01 4.39420E-01 5.42255E-01 5.45879E-01 6.78390E-01 7.52604E-01 4.39420E-01 3.69483E-01 2.25377E-01 8.64721E+00
2.54089E-01 3.94596E-01 4.63771E-01 5.65313E-01 5.69230E-01 7.05127E-01 7.81398E-01 4.63771E-01 3.94596E-01 2.54089E-01 8.86980E+00
2.81784E-01 4.18738E-01 4.87145E-01 5.87383E-01 5.91594E-01 7.30794E-01 8.09151E-01 4.87145E-01 4.18738E-01 2.81784E-01 9.05374E+00
3.08369E-01 4.41816E-01 5.09446E-01 6.08369E-01 6.12878E-01 7.55290E-01 8.35759E-01 5.09446E-01 4.41816E-01 3.08369E-01 9.19975E+00
3.33754E-01 4.63742E-01 5.30588E-01 6.28184E-01 6.32993E-01 7.78526E-01 8.61129E-01 5.30588E-01 4.63742E-01 3.33754E-01 9.30884E+00
3.57866E-01 4.84440E-01 5.50495E-01 6.46753E-01 6.51862E-01 8.00421E-01 8.85178E-01 5.50495E-01 4.84440E-01 3.57866E-01 9.38234E+00
3.80635E-01 5.03844E-01 5.69100E-01 6.64010E-01 6.69419E-01 8.20905E-01 9.07830E-01 5.69100E-01 5.03844E-01 3.80635E-01 9.42180E+00
4.02008E-01 5.21900E-01 5.86348E-01 6.79898E-01 6.85608E-01 8.39918E-01 9.29024E-01 5.86348E-01 5.21900E-01 4.02008E-01 9.42899E+00
4.21938E-01 5.38561E-01 6.02194E-01 6.94373E-01 7.00383E-01 8.57412E-01 9.48705E-01 6.02194E-01 5.38561E-01 4.21938E-01 9.40586E+00
4.40363E-01 5.53767E-01 6.16578E-01 7.07375E-01 7.13683E-01 8.73322E-01 9.66805E-01 6.16578E-01 5.53767E-01 4.40363E-01 9.35400E+00
4.57274E-01 5.67510E-01 6.29489E-01 7.18895E-01 7.25500E-01 8.87634E-01 9.83308E-01 6.29489E-01 5.67510E-01 4.57274E-01 9.27593E+00
0.00000E+00 0.00000E+00 7.74705E-02 1.93627E-01 1.93726E-01 2.87400E-01 3.38640E-01 7.74705E-02 0.00000E+00 0.00000E+00 1.97362E+00
0.00000E+00 2.12425E-02 9.79829E-02 2.12866E-01 2.13249E-01 3.11650E-01 3.64710E-01 9.79829E-02 2.12425E-02 0.00000E+00 2.56877E+00
0.00000E+00 4.41596E-02 1.20187E-01 2.33828E-01 2.34495E-01 3.37407E-01 3.92301E-01 1.20187E-01 4.41596E-02 0.00000E+00 3.13196E+00
0.00000E+00 6.72502E-02 1.42576E-01 2.54995E-01 2.55947E-01 3.63202E-01 4.19950E-01 1.42576E-01 6.72502E-02 0.00000E+00 3.67305E+00
0.00000E+00 9.04505E-02 1.65083E-01 2.76296E-01 2.77535E-01 3.88979E-01 4.47602E-01 1.65083E-01 9.04505E-02 0.00000E+00 4.18960E+00
0.00000E+00 1.13672E-01 1.87618E-01 2.97636E-01 2.99163E-01 4.14653E-01 4.75173E-01 1.87618E-01 1.13672E-01 0.00000E+00 4.67831E+00
0.00000E+00 1.36824E-01 2.10088E-01 3.18920E-01 3.20737E-01 4.40142E-01 5.02581E-01 2.10088E-01 1.36824E-01 0.00000E+00 5.13792E+00
0.00000E+00 1.54650E-01 2.27388E-01 3.35305E-01 3.37348E-01 4.59704E-01 5.23643E-01 2.27388E-01 1.54650E-01 0.00000E+00 5.47455E+00
5.42037E-03 1.59257E-01 2.31842E-01 3.39494E-01 3.41602E-01 4.64798E-01 5.29178E-01 2.31842E-01 1.59257E-01 5.42037E-03 5.56213E+00
3.32924E-02 1.83299E-01 2.55154E-01 3.61539E-01 3.63963E-01 4.91100E-01 5.57589E-01 2.55154E-01 1.83299E-01 3.32924E-02 5.94303E+00
6.13566E-02 2.07596E-01 2.78716E-01 3.83826E-01 3.86570E-01 5.17548E-01 5.86185E-01 2.78716E-01 2.07596E-01 6.13566E-02 6.28530E+00
8.89112E-02 2.31440E-01 3.01818E-01 4.05643E-01 4.08710E-01 5.43435E-01 6.14258E-01 3.01818E-01 2.31440E-01 8.89112E-02 6.59349E+00
1.15834E-01 2.54706E-01 3.24334E-01 4.26863E-01 4.30257E-01 5.68632E-01 6.41679E-01 3.24334E-01 2.54706E-01 1.15834E-01 6.86700E+00
1.42016E-01 2.77284E-01 3.46155E-01 4.47375E-01 4.51100E-01 5.93026E-01 6.68330E-01 3.46155E-01 2.77284E-01 1.42016E-01 7.10490E+00
1.67364E-01 2.99081E-01 3.67186E-01 4.67085E-01 4.71144E-01 6.16518E-01 6.94111E-01 3.67186E-01 2.99081E-01 1.67364E-01 7.30733E+00
1.91798E-01 3.20016E-01 3.87347E-01 4.85912E-01 4.90306E-01 6.39026E-01 7.18934E-01 3.87347E-01 3.20016E-01 1.91798E-01 7.47500E+00
2.15240E-01 3.40009E-01 4.06557E-01 5.03775E-01 5.08506E-01 6.60467E-01 7.42713E-01 4.06557E-01 3.40009E-01 2.15240E-01 7.60858E+00
2.37617E-01 3.58989E-01 4.24744E-01 5.20602E-01 5.25672E-01 6.80763E-01 7.65369E-01 4.24744E-01 3.58989E-01 2.37617E-01 7.70902E+00
2.58864E-01 3.76890E-01 4.41844E-01 5.36330E-01 5.41738E-01 6.99849E-01 7.86828E-01 4.41844E-01 3.76890E-01 2.58864E-01 7.77755E+00
2.78928E-01 3.93659E-01 4.57802E-01 5.50903E-01 5.56648E-01 7.17664E-01 8.07029E-01 4.57802E-01 3.93659E-01 2.78928E-01 7.81561E+00
2.97761E-01 4.09249E-01 4.72572E-01 5.64275E-01 5.70357E-01 7.34160E-01 8.25917E-01 4.72572E-01 4.09249E-01 2.97761E-01 7.82484E+00
3.15325E-01 4.23623E-01 4.86116E-01 5.76410E-01 5.82826E-01 7.49297E-01 8.43448E-01 4.86116E-01 4.23623E-01 3.15325E-01 7.80701E+00
3.31594E-01 4.36753E-01 4.98408E-01 5.87281E-01 5.94029E-01 7.63043E-01 8.59587E-01 4.98408E-01 4.36753E-01 3.31594E-01 7.76402E+00
3.46547E-01 4.48620E-01 5.09429E-01 5.96869E-01 6.03945E-01 7.75377E-01 8.74306E-01 5.09429E-01 4.48620E-01 3.46547E-01 7.69783E+00
3.60151E-01 4.59192E-01 5.19145E-01 6.05142E-01 6.12543E-01 7.86262E-01 8.87563E-01 5.19145E-01 4.59192E-01 3.60151E-01 7.61015E+00
3.72417E-01 4.68480E-01 5.27569E-01 6.12114E-01 6.19834E-01 7.95708E-01 8.99364E-01 5.27569E-01 4.68480E-01 3.72417E-01 7.50329E+00
0.00000E+00 0.00000E+00 7.52463E-02 1.88012E-01 1.88219E-01 2.99304E-01 3.52214E-01 7.52463E-02 0.00000E+00 0.00000E+00 2.11901E+00
0.00000E+00 1.97141E-02 9.42316E-02 2.05694E-01 2.06256E-01 3.22180E-01 3.77334E-01 9.42316E-02 1.97141E-02 0.00000E+00 2.64294E+00
0.00000E+00 4.07005E-02 1.14502E-01 2.24686E-01 2.25601E-01 3.46116E-01 4.03513E-01 1.14502E-01 4.07005E-02 0.00000E+00 3.12907E+00
0.00000E+00 6.15753E-02 1.34669E-01 2.43590E-01 2.44857E-01 3.69764E-01 4.29415E-01 1.34669E-01 6.15753E-02 0.00000E+00 3.58784E+00
0.00000E+00 8.22974E-02 1.54688E-01 2.62358E-01 2.63977E-01 3.93096E-01 4.55011E-01 1.54688E-01 8.22974E-02 0.00000E+00 4.01803E+00
0.00000E+00 1.02791E-01 1.74483E-01 2.80909E-01 2.82880E-01 4.16039E-01 4.80230E-01 1.74483E-01 1.02791E-01 0.00000E+00 4.41744E+00
0.00000E+00 1.22994E-01 1.93988E-01 2.99176E-01 3.01499E-01 4.38541E-01 5.05023E-01 1.93988E-01 1.22994E-01 0.00000E+00 4.78602E+00
0.00000E+00 1.38410E-01 2.08864E-01 3.13096E-01 3.15691E-01 4.55646E-01 5.23907E-01 2.08864E-01 1.38410E-01 0.00000E+00 5.05166E+00
4.72995E-03 1.42355E-01 2.12652E-01 3.16604E-01 3.19279E-01 4.60059E-01 5.28840E-01 2.12652E-01 1.42355E-01 4.72995E-03 5.11915E+00
2.89480E-02 1.62880E-01 2.32424E-01 3.35048E-01 3.38101E-01 4.82737E-01 5.54002E-01 2.32424E-01 1.62880E-01 2.89480E-02 5.40721E+00
5.30960E-02 1.83402E-01 2.52187E-01 3.53470E-01 3.56903E-01 5.05269E-01 5.79048E-01 2.52187E-01 1.83402E-01 5.30960E-02 5.65819E+00
7.65724E-02 2.03313E-01 2.71329E-01 3.71258E-01 3.75075E-01 5.27050E-01 6.03372E-01 2.71329E-01 2.03313E-01 7.65724E-02 5.87693E+00
9.92840E-02 2.22518E-01 2.89755E-01 3.88318E-01 3.92518E-01 5.47982E-01 6.26873E-01 2.89755E-01 2.22518E-01 9.92840E-02 6.06366E+00
1.21148E-01 2.40934E-01 3.07382E-01 4.04563E-01 4.09149E-01 5.67977E-01 6.49460E-01 3.07382E-01 2.40934E-01 1.21148E-01 6.21828E+00
1.42099E-01 2.58495E-01 3.24145E-01 4.19929E-01 4.24901E-01 5.86966E-01 6.71061E-01 3.24145E-01 2.58495E-01 1.42099E-01 6.34164E+00
1.62088E-01 2.75150E-01 3.39990E-01 4.34365E-01 4.39723E-01 6.04898E-01 6.91618E-01 3.39990E-01 2.75150E-01 1.62088E-01 6.43499E+00
1.81063E-01 2.90847E-01 3.54867E-01 4.47817E-01 4.53560E-01 6.21717E-01 7.11071E-01 3.54867E-01 2.90847E-01 1.81063E-01 6.49947E+00
1.98978E-01 3.05540E-01 3.68730E-01 4.60242E-01 4.66367E-01 6.37375E-01 7.29367E-01 3.68730E-01 3.05540E-01 1.98978E-01 6.53645E+00
2.15797E-01 3.19193E-01 3.81542E-01 4.71603E-01 4.78107E-01 6.51832E-01 7.46462E-01 3.81542E-01 3.19193E-01 2.15797E-01 6.54745E+00
2.31489E-01 3.31775E-01 3.93273E-01 4.81870E-01 4.88749E-01 6.65055E-01 7.62319E-01 3.93273E-01 3.31775E-01 2.31489E-01 6.53412E+00
2.46032E-01 3.43264E-01 4.03901E-01 4.91022E-01 4.98273E-01 6.77020E-01 7.76906E-01 4.03901E-01 3.43264E-01 2.46032E-01 6.49822E+00
2.59413E-01 3.53646E-01 4.13412E-01 4.99046E-01 5.06662E-01 6.87711E-01 7.90204E-01 4.13412E-01 3.53646E-01 2.59413E-01 6.44157E+00
2.71623E-01 3.62915E-01 4.21801E-01 5.05937E-01 5.13912E-01 6.97120E-01 8.02197E-01 4.21801E-01 3.62915E-01 2.71623E-01 6.36603E+00
2.82663E-01 3.71072E-01 4.29067E-01 5.11696E-01 5.20023E-01 7.05246E-01 8.12880E-01 4.29067E-01 3.71072E-01 2.82663E-01 6.27347E+00
2.92521E-01 3.78103E-01 4.35200E-01 5.16313E-01 5.24984E-01 7.12072E-01 8.22231E-01 4.35200E-01 3.78103E-01 2.92521E-01 6.16554E+00
3.01223E-01 3.84036E-01 4.40227E-01 5.19815E-01 5.28821E-01 7.17627E-01 8.30271E-01 4.40227E-01 3.84036E-01 3.01223E-01 6.04429E+00
0.00000E+00 0.00000E+00 7.33184E-02 1.83085E-01 1.83507E-01 3.13484E-01 3.68854E-01 7.33184E-02 0.00000E+00 0.00000E+00 2.24350E+00
0.00000E+00 1.81249E-02 9.06914E-02 1.99078E-01 1.99944E-01 3.34751E-01 3.92876E-01 9.06914E-02 1.81249E-02 0.00000E+00 2.69473E+00
0.00000E+00 3.71643E-02 1.08989E-01 2.16018E-01 2.17323E-01 3.56679E-01 4.17536E-01 1.08989E-01 3.71643E-02 0.00000E+00 3.10458E+00
0.00000E+00 5.58583E-02 1.26946E-01 2.32631E-01 2.34372E-01 3.78050E-01 4.41629E-01 1.26946E-01 5.58583E-02 0.00000E+00 3.48388E+00
0.00000E+00 7.41890E-02 1.44544E-01 2.48893E-01 2.51066E-01 3.98860E-01 4.65156E-01 1.44544E-01 7.41890E-02 0.00000E+00 3.83255E+00
0.00000E+00 9.20964E-02 1.61719E-01 2.64739E-01 2.67341E-01 4.19053E-01 4.88061E-01 1.61719E-01 9.20964E-02 0.00000E+00 4.14936E+00
0.00000E+00 1.09546E-01 1.78435E-01 2.80130E-01 2.83157E-01 4.38609E-01 5.10324E-01 1.78435E-01 1.09546E-01 0.00000E+00 4.43527E+00
2.77556E-17 1.22738E-01 1.91059E-01 2.91730E-01 2.95084E-01 4.53323E-01 5.27130E-01 1.91059E-01 1.22738E-01 2.77556E-17 4.63736E+00
4.09319E-03 1.26077E-01 1.94233E-01 2.94605E-01 2.98054E-01 4.57077E-01 5.31493E-01 1.94233E-01 1.26077E-01 4.09319E-03 4.68711E+00
2.49598E-02 1.43403E-01 2.10766E-01 3.09713E-01 3.13612E-01 4.76288E-01 5.53599E-01 2.10766E-01 1.43403E-01 2.49598E-02 4.89388E+00
4.55585E-02 1.60534E-01 2.27095E-01 3.24604E-01 3.28953E-01 4.95129E-01 5.75351E-01 2.27095E-01 1.60534E-01 4.55585E-02 5.06636E+00
6.53810E-02 1.76956E-01 2.42702E-01 3.38759E-01 3.43557E-01 5.13090E-01 5.96235E-01 2.42702E-01 1.76956E-01 6.53810E-02 5.20953E+00
8.43615E-02 1.92599E-01 2.57521E-01 3.52112E-01 3.57356E-01 5.30099E-01 6.16177E-01 2.57521E-01 1.92599E-01 8.43615E-02 5.32423E+00
1.02441E-01 2.07406E-01 2.71491E-01 3.64601E-01 3.70290E-01 5.46095E-01 6.35111E-01 2.71491E-01 2.07406E-01 1.02441E-01 5.41102E+00
1.19581E-01 2.21336E-01 2.84574E-01 3.76187E-01 3.82317E-01 5.61036E-01 6.52989E-01 2.84574E-01 2.21336E-01 1.19581E-01 5.47120E+00
1.35756E-01 2.34363E-01 2.96741E-01 3.86846E-01 3.93412E-01 5.74895E-01 6.69779E-01 2.96741E-01 2.34363E-01 1.35756E-01 5.50636E+00
1.50938E-01 2.46458E-01 3.07965E-01 3.96547E-01 4.03544E-01 5.87641E-01 6.85446E-01 3.07965E-01 2.46458E-01 1.50938E-01 5.51795E+00
1.65105E-01 2.57598E-01 3.18223E-01 4.05270E-01 4.12692E-01 5.99250E-01 6.99960E-01 3.18223E-01 2.57598E-01 1.65105E-01 5.50753E+00
1.78240E-01 2.67767E-01 3.27500E-01 4.12999E-01 4.20838E-01 6.09704E-01 7.13297E-01 3.27500E-01 2.67767E-01 1.78240E-01 5.47675E+00
1.90334E-01 2.76955E-01 3.35785E-01 4.19727E-01 4.27975E-01 6.18993E-01 7.25440E-01 3.35785E-01 2.76955E-01 1.90334E-01 5.42731E+00
2.01385E-01 2.85160E-01 3.43077E-01 4.25452E-01 4.34099E-01 6.27112E-01 7.36380E-01 3.43077E-01 2.85160E-01 2.01385E-01 5.36095E+00
2.11395E-01 2.92385E-01 3.49379E-01 4.30177E-01 4.39214E-01 6.34064E-01 7.46112E-01 3.49379E-01 2.92385E-01 2.11395E-01 5.27942E+00
2.20373E-01 2.98638E-01 3.54701E-01 4.33915E-01 4.43330E-01 6.39858E-01 7.54641E-01 3.54701E-01 2.98638E-01 2.20373E-01 5.18442E+00
2.28334E-01 3.03934E-01 3.59057E-01 4.36680E-01 4.46462E-01 6.44507E-01 7.61973E-01 3.59057E-01 3.03934E-01 2.28334E-01 5.07766E+00
2.35280E-01 3.08276E-01 3.62451E-01 4.38479E-01 4.48614E-01 6.48013E-01 7.68103E-01 3.62451E-01 3.08276E-01 2.35280E-01 4.96063E+00
2.41248E-01 3.11701E-01 3.64920E-01 4.39349E-01 4.49822E-01 6.50412E-01 7.73062E-01 3.64920E-01 3.11701E-01 2.41248E-01 4.83504E+00
0.00000E+00 0.00000E+00 7.16367E-02 1.78679E-01 1.79505E-01 3.29404E-01 3.88499E-01 7.16367E-02 0.00000E+00 0.00000E+00 2.33830E+00
0.00000E+00 1.64896E-02 8.73249E-02 1.92860E-01 1.94242E-01 3.48817E-01 4.11252E-01 8.73249E-02 1.64896E-02 0.00000E+00 2.71700E+00
0.00000E+00 3.35867E-02 1.03630E-01 2.07682E-01 2.09608E-01 3.68551E-01 4.34268E-01 1.03630E-01 3.35867E-02 0.00000E+00 3.05299E+00
0.00000E+00 5.01595E-02 1.19414E-01 2.21997E-01 2.24458E-01 3.87519E-01 4.56481E-01 1.19414E-01 5.01595E-02 0.00000E+00 3.35726E+00
0.00000E+00 6.62127E-02 1.34681E-01 2.35805E-01 2.38791E-01 4.05742E-01 4.77918E-01 1.34681E-01 6.62127E-02 0.00000E+00 3.63066E+00
0.00000E+00 8.17033E-02 1.49385E-01 2.49057E-01 2.52561E-01 4.23183E-01 4.98539E-01 1.49385E-01 8.17033E-02 0.00000E+00 3.87284E+00
0.00000E+00 9.66211E-02 1.63515E-01 2.61740E-01 2.65753E-01 4.39846E-01 5.18355E-01 1.63515E-01 9.66211E-02 0.00000E+00 4.08551E+00
0.00000E+00 1.07793E-01 1.74077E-01 2.71183E-01 2.75585E-01 4.52245E-01 5.33176E-01 1.74077E-01 1.07793E-01 0.00000E+00 4.23213E+00
3.51388E-03 1.10590E-01 1.76695E-01 2.73476E-01 2.77990E-01 4.55367E-01 5.36999E-01 1.76695E-01 1.10590E-01 3.51388E-03 4.26662E+00
2.13495E-02 1.25060E-01 1.90312E-01 2.85540E-01 2.90584E-01 4.71282E-01 5.56236E-01 1.90312E-01 1.25060E-01 2.13495E-02 4.40422E+00
3.87798E-02 1.39204E-01 2.03592E-01 2.97256E-01 3.02822E-01 4.86670E-01 5.74935E-01 2.03592E-01 1.39204E-01 3.87798E-02 4.51125E+00
5.53815E-02 1.52591E-01 2.16104E-01 3.08191E-01 3.14274E-01 5.01102E-01 5.92669E-01 2.16104E-01 1.52591E-01 5.53815E-02 4.59265E+00
7.11130E-02 1.65178E-01 2.27804E-01 3.18301E-01 3.24894E-01 5.14536E-01 6.09390E-01 2.27804E-01 1.65178E-01 7.11130E-02 4.64969E+00
8.59366E-02 1.76927E-01 2.38654E-01 3.27547E-01 3.34642E-01 5.26929E-01 6.25050E-01 2.38654E-01 1.76927E-01 8.59366E-02 4.68336E+00
9.98359E-02 1.87820E-01 2.48635E-01 3.35914E-01 3.43501E-01 5.38263E-01 6.39625E-01 2.48635E-01 1.87820E-01 9.98359E-02 4.69521E+00
1.12805E-01 1.97849E-01 2.57742E-01 3.43394E-01 3.51464E-01 5.48532E-01 6.53104E-01 2.57742E-01 1.97849E-01 1.12805E-01 4.68698E+00
1.24835E-01 2.07004E-01 2.65963E-01 3.49980E-01 3.58521E-01 5.57726E-01 6.65469E-01 2.65963E-01 2.07004E-01 1.24835E-01 4.66024E+00
1.35921E-01 2.15280E-01 2.73296E-01 3.55667E-01 3.64666E-01 5.65839E-01 6.76710E-01 2.73296E-01 2.15280E-01 1.35921E-01 4.61660E+00
1.46065E-01 2.22678E-01 2.79739E-01 3.60457E-01 3.69902E-01 5.72872E-01 6.86821E-01 2.79739E-01 2.22678E-01 1.46065E-01 4.55768E+00
1.55271E-01 2.29203E-01 2.85300E-01 3.64358E-01 3.74234E-01 5.78829E-01 6.95799E-01 2.85300E-01 2.29203E-01 1.55271E-01 4.48512E+00
1.63550E-01 2.34865E-01 2.89989E-01 3.67382E-01 3.77674E-01 5.83722E-01 7.03652E-01 2.89989E-01 2.34865E-01 1.63550E-01 4.40051E+00
1.70919E-01 2.39679E-01 2.93822E-01 3.69546E-01 3.80237E-01 5.87566E-01 7.10387E-01 2.93822E-01 2.39679E-01 1.70919E-01 4.30543E+00
1.77397E-01 2.43665E-01 2.96820E-01 3.70871E-01 3.81946E-01 5.90383E-01 7.16019E-01 2.96820E-01 2.43665E-01 1.77397E-01 4.20140E+00
1.83007E-01 2.46847E-01 2.99006E-01 3.71384E-01 3.82823E-01 5.92197E-01 7.20568E-01 2.99006E-01 2.46847E-01 1.83007E-01 4.08985E+00
1.87763E-01 2.49237E-01 3.00394E-01 3.71099E-01 3.82884E-01 5.93020E-01 7.24037E-01 3.00394E-01 2.49237E-01 1.87763E-01 3.97208E+00
1.91705E-01 2.50876E-01 3.01025E-01 3.70060E-01 3.82171E-01 5.92896E-01 7.26466E-01 3.01025E-01 2.50876E-01 1.91705E-01 3.84947E+00
0.00000E+00 0.00000E+00 6.99474E-02 1.74084E-01 1.75653E-01 3.46111E-01 4.10782E-01 6.99474E-02 0.00000E+00 0.00000E+00 2.40391E+00
0.00000E+00 1.47862E-02 8.38653E-02 1.86333E-01 1.88589E-01 3.63442E-01 4.32067E-01 8.38653E-02 1.47862E-02 0.00000E+00 2.70975E+00
0.00000E+00 2.99051E-02 9.81248E-02 1.98952E-01 2.01871E-01 3.80793E-01 4.53272E-01 9.81248E-02 2.99051E-02 0.00000E+00 2.97304E+00
0.00000E+00 4.43574E-02 1.11721E-01 2.10926E-01 2.14491E-01 3.97212E-01 4.73470E-01 1.11721E-01 4.43574E-02 0.00000E+00 3.20475E+00
0.00000E+00 5.81688E-02 1.24679E-01 2.22275E-01 2.26468E-01 4.12741E-01 4.92713E-01 1.24679E-01 5.81688E-02 0.00000E+00 3.40646E+00
0.00000E+00 7.13132E-02 1.36969E-01 2.32967E-01 2.37772E-01 4.27361E-01 5.10981E-01 1.36969E-01 7.13132E-02 0.00000E+00 3.57860E+00
0.00000E+00 8.38027E-02 1.48604E-01 2.43011E-01 2.48413E-01 4.41100E-01 5.28309E-01 1.48604E-01 8.38027E-02 0.00000E+00 3.72343E+00
5.55112E-17 9.30544E-02 1.57193E-01 2.50373E-01 2.56227E-01 4.51183E-01 5.41132E-01 1.57193E-01 9.30544E-02 5.55112E-17 3.81924E+00
2.95735E-03 9.53398E-02 1.59284E-01 2.52108E-01 2.58091E-01 4.53675E-01 5.44413E-01 1.59284E-01 9.53398E-02 2.95735E-03 3.83990E+00
1.78943E-02 1.07127E-01 1.70147E-01 2.61273E-01 2.67862E-01 4.66334E-01 5.60795E-01 1.70147E-01 1.07127E-01 1.78943E-02 3.91532E+00
3.23240E-02 1.18490E-01 1.80574E-01 2.69995E-01 2.77176E-01 4.78343E-01 5.76488E-01 1.80574E-01 1.18490E-01 3.23240E-02 3.96432E+00
4.59039E-02 1.29080E-01 1.90216E-01 2.77922E-01 2.85683E-01 4.89357E-01 5.91145E-01 1.90216E-01 1.29080E-01 4.59039E-02 3.99170E+00
5.86140E-02 1.38874E-01 1.99051E-01 2.85032E-01 2.93358E-01 4.99353E-01 6.04741E-01 1.99051E-01 1.38874E-01 5.86140E-02 3.99903E+00
7.04360E-02 1.47853E-01 2.07060E-01 2.91308E-01 3.00183E-01 5.08312E-01 6.17246E-01 2.07060E-01 1.47853E-01 7.04360E-02 3.98757E+00
8.13722E-02 1.56018E-01 2.14243E-01 2.96752E-01 3.06158E-01 5.16233E-01 6.28658E-01 2.14243E-01 1.56018E-01 8.13722E-02 3.95903E+00
9.14339E-02 1.63378E-01 2.20610E-01 3.01373E-01 3.11294E-01 5.23130E-01 6.38982E-01 2.20610E-01 1.63378E-01 9.14339E-02 3.91520E+00
1.00627E-01 1.69938E-01 2.26169E-01 3.05181E-01 3.15597E-01 5.29010E-01 6.48218E-01 2.26169E-01 1.69938E-01 1.00627E-01 3.85765E+00
1.08963E-01 1.75708E-01 2.30927E-01 3.08185E-01 3.19077E-01 5.33882E-01 6.56372E-01 2.30927E-01 1.75708E-01 1.08963E-01 3.78796E+00
1.16456E-01 1.80702E-01 2.34901E-01 3.10402E-01 3.21749E-01 5.37761E-01 6.63451E-01 2.34901E-01 1.80702E-01 1.16456E-01 3.70768E+00
1.23123E-01 1.84937E-01 2.38108E-01 3.11852E-01 3.23633E-01 5.40667E-01 6.69468E-01 2.38108E-01 1.84937E-01 1.23123E-01 3.61830E+00
1.28987E-01 1.88434E-01 2.40569E-01 3.12557E-01 3.24749E-01 5.42623E-01 6.74439E-01 2.40569E-01 1.88434E-01 1.28987E-01 3.52125E+00
1.34072E-01 1.91216E-01 2.42310E-01 3.12544E-01 3.25125E-01 5.43656E-01 6.78386E-01 2.42310E-01 1.91216E-01 1.34072E-01 3.41788E+00
1.38406E-01 1.93312E-01 2.43359E-01 3.11843E-01 3.24788E-01 5.43794E-01 6.81332E-01 2.43359E-01 1.93312E-01 1.38406E-01 3.30949E+00
1.42020E-01 1.94750E-01 2.43746E-01 3.10486E-01 3.23772E-01 5.43072E-01 6.83305E-01 2.43746E-01 1.94750E-01 1.42020E-01 3.19726E+00
1.44933E-01 1.95552E-01 2.43494E-01 3.08497E-01 3.22097E-01 5.41509E-01 6.84317E-01 2.43494E-01 1.95552E-01 1.44933E-01 3.08225E+00
1.47189E-01 1.95759E-01 2.42643E-01 3.05919E-01 3.19809E-01 5.39155E-01 6.84412E-01 2.42643E-01 1.95759E-01 1.47189E-01 2.96555E+00
0.00000E+00 0.00000E+00 6.84194E-02 1.69658E-01 1.72440E-01 3.63043E-01 4.35513E-01 6.84194E-02 0.00000E+00 0.00000E+00 2.42177E+00
0.00000E+00 1.31119E-02 8.05725E-02 1.79939E-01 1.83549E-01 3.78104E-01 4.55147E-01 8.05725E-02 1.31119E-02 0.00000E+00 2.65970E+00
0.00000E+00 2.63530E-02 9.28655E-02 1.90397E-01 1.94799E-01 3.92967E-01 4.74428E-01 9.28655E-02 2.63530E-02 0.00000E+00 2.85761E+00
0.00000E+00 3.88532E-02 1.04422E-01 2.00145E-01 2.05308E-01 4.06808E-01 4.92568E-01 1.04422E-01 3.88532E-02 0.00000E+00 3.02610E+00
0.00000E+00 5.06553E-02 1.15285E-01 2.09219E-01 2.15115E-01 4.19689E-01 5.09639E-01 1.15285E-01 5.06553E-02 0.00000E+00 3.16724E+00
0.00000E+00 6.17494E-02 1.25440E-01 2.17605E-01 2.24205E-01 4.31605E-01 5.25638E-01 1.25440E-01 6.17494E-02 0.00000E+00 3.28197E+00
0.00000E+00 7.21651E-02 1.34917E-01 2.25328E-01 2.32607E-01 4.42605E-01 5.40621E-01 1.34917E-01 7.21651E-02 0.00000E+00 3.37282E+00
0.00000E+00 7.98055E-02 1.41831E-01 2.30892E-01 2.38681E-01 4.50554E-01 5.51592E-01 1.41831E-01 7.98055E-02 0.00000E+00 3.42913E+00
2.48330E-03 8.16697E-02 1.43484E-01 2.32153E-01 2.40085E-01 4.52470E-01 5.54373E-01 1.43484E-01 8.16697E-02 2.48330E-03 3.43934E+00
1.49731E-02 9.12612E-02 1.52064E-01 2.38875E-01 2.47481E-01 4.62194E-01 5.68164E-01 1.52064E-01 9.12612E-02 1.49731E-02 3.46860E+00
2.69190E-02 1.00394E-01 1.60177E-01 2.45128E-01 2.54383E-01 4.71216E-01 5.81175E-01 1.60177E-01 1.00394E-01 2.69190E-02 3.47610E+00
3.80464E-02 1.08787E-01 1.67538E-01 2.50627E-01 2.60508E-01 4.79259E-01 5.93130E-01 1.67538E-01 1.08787E-01 3.80464E-02 3.46629E+00
4.83516E-02 1.16434E-01 1.74144E-01 2.55368E-01 2.65850E-01 4.86320E-01 6.04020E-01 1.74144E-01 1.16434E-01 4.83516E-02 3.44081E+00
5.78313E-02 1.23330E-01 1.79989E-01 2.59347E-01 2.70405E-01 4.92392E-01 6.13833E-01 1.79989E-01 1.23330E-01 5.78313E-02 3.40100E+00
6.65003E-02 1.29489E-01 1.85088E-01 2.62580E-01 2.74188E-01 4.97492E-01 6.22578E-01 1.85088E-01 1.29489E-01 6.65003E-02 3.34850E+00
7.43809E-02 1.34930E-01 1.89460E-01 2.65089E-01 2.77219E-01 5.01644E-01 6.30275E-01 1.89460E-01 1.34930E-01 7.43809E-02 3.28495E+00
8.14895E-02 1.39668E-01 1.93122E-01 2.66890E-01 2.79515E-01 5.04866E-01 6.36936E-01 1.93122E-01 1.39668E-01 8.14895E-02 3.21181E+00
8.78456E-02 1.43721E-01 1.96093E-01 2.68005E-01 2.81095E-01 5.07179E-01 6.42574E-01 1.96093E-01 1.43721E-01 8.78456E-02 3.13047E+00
9.34713E-02 1.47112E-01 1.98395E-01 2.68457E-01 2.81984E-01 5.08607E-01 6.47209E-01 1.98395E-01 1.47112E-01 9.34713E-02 3.04228E+00
9.83910E-02 1.49862E-01 2.00052E-01 2.68271E-01 2.82206E-01 5.09176E-01 6.50860E-01 2.00052E-01 1.49862E-01 9.83910E-02 2.94850E+00
1.02632E-01 1.51998E-01 2.01090E-01 2.67477E-01 2.81789E-01 5.08917E-01 6.53552E-01 2.01090E-01 1.51998E-01 1.02632E-01 2.85031E+00
1.06222E-01 1.53547E-01 2.01539E-01 2.66105E-01 2.80763E-01 5.07861E-01 6.55310E-01 2.01539E-01 1.53547E-01 1.06222E-01 2.74883E+00
1.09192E-01 1.54540E-01 2.01429E-01 2.64186E-01 2.79160E-01 5.06042E-01 6.56165E-01 2.01429E-01 1.54540E-01 1.09192E-01 2.64505E+00
1.11573E-01 1.55006E-01 2.00792E-01 2.61754E-01 2.77013E-01 5.03497E-01 6.56146E-01 2.00792E-01 1.55006E-01 1.11573E-01 2.53990E+00
1.13390E-01 1.54970E-01 1.99653E-01 2.58837E-01 2.74349E-01 5.00250E-01 6.55272E-01 1.99653E-01 1.54970E-01 1.13390E-01 2.43422E+00
1.14682E-01 1.54469E-01 1.98051E-01 2.55474E-01 2.71209E-01 4.96349E-01 6.53588E-01 1.98051E-01 1.54469E-01 1.14682E-01 2.32877E+00
0.00000E+00 0.00000E+00 6.70370E-02 1.65272E-01 1.69913E-01 3.79490E-01 4.62366E-01 6.70370E-02 0.00000E+00 0.00000E+00 2.38285E+00
0.00000E+00 1.15208E-02 7.74840E-02 1.73607E-01 1.79217E-01 3.92133E-01 4.80165E-01 7.74840E-02 1.15208E-02 0.00000E+00 2.56094E+00
0.00000E+00 2.30506E-02 8.79550E-02 1.82019E-01 1.88544E-01 4.04458E-01 4.97428E-01 8.79550E-02 2.30506E-02 0.00000E+00 2.70392E+00
0.00000E+00 3.38405E-02 9.76943E-02 1.89737E-01 1.97130E-01 4.15759E-01 5.13494E-01 9.76943E-02 3.38405E-02 0.00000E+00 2.82170E+00
0.00000E+00 4.39456E-02 1.06755E-01 1.96809E-01 2.05027E-01 4.26111E-01 5.28449E-01 1.06755E-01 4.39456E-02 0.00000E+00 2.91647E+00
0.00000E+00 5.33698E-02 1.15140E-01 2.03236E-01 2.12236E-01 4.35522E-01 5.42307E-01 1.15140E-01 5.33698E-02 0.00000E+00 2.98943E+00
0.00000E+00 6.21540E-02 1.22888E-01 2.09051E-01 2.18795E-01 4.44053E-01 5.55139E-01 1.22888E-01 6.21540E-02 0.00000E+00 3.04303E+00
2.77556E-17 6.85615E-02 1.28495E-01 2.13178E-01 2.23473E-01 4.50119E-01 5.64445E-01 1.28495E-01 6.85615E-02 2.77556E-17 3.07333E+00
2.11125E-03 7.01132E-02 1.29814E-01 2.14069E-01 2.24518E-01 4.51533E-01 5.66781E-01 1.29814E-01 7.01132E-02 2.11125E-03 3.07703E+00
1.27068E-02 7.80932E-02 1.36684E-01 2.18914E-01 2.30079E-01 4.58741E-01 5.78302E-01 1.36684E-01 7.80932E-02 1.27068E-02 3.07876E+00
2.27906E-02 8.56461E-02 1.43121E-01 2.23334E-01 2.35177E-01 4.65271E-01 5.89022E-01 1.43121E-01 8.56461E-02 2.27906E-02 3.06364E+00
3.21394E-02 9.25421E-02 1.48893E-01 2.27096E-01 2.39583E-01 4.70898E-01 5.98718E-01 1.48893E-01 9.25421E-02 3.21394E-02 3.03562E+00
4.07598E-02 9.87851E-02 1.54005E-01 2.30207E-01 2.43301E-01 4.75629E-01 6.07392E-01 1.54005E-01 9.87851E-02 4.07598E-02 2.99614E+00
4.86575E-02 1.04380E-01 1.58463E-01 2.32673E-01 2.46337E-01 4.79469E-01 6.15042E-01 1.58463E-01 1.04380E-01 4.86575E-02 2.94639E+00
5.58534E-02 1.09344E-01 1.62284E-01 2.34514E-01 2.48710E-01 4.82441E-01 6.21686E-01 1.62284E-01 1.09344E-01 5.58534E-02 2.88775E+00
6.23736E-02 1.13702E-01 1.65495E-01 2.35756E-01 2.50446E-01 4.84575E-01 6.27349E-01 1.65495E-01 1.13702E-01 6.23736E-02 2.82154E+00
6.82385E-02 1.17472E-01 1.68113E-01 2.36420E-01 2.51567E-01 4.85893E-01 6.32050E-01 1.68113E-01 1.17472E-01 6.82385E-02 2.74892E+00
7.34698E-02 1.20674E-01 1.70162E-01 2.36530E-01 2.52095E-01 4.86422E-01 6.35806E-01 1.70162E-01 1.20674E-01 7.34698E-02 2.67100E+00
7.80909E-02 1.23331E-01 1.71663E-01 2.36109E-01 2.52055E-01 4.86188E-01 6.38641E-01 1.71663E-01 1.23331E-01 7.80909E-02 2.58881E+00
8.21265E-02 1.25466E-01 1.72642E-01 2.35184E-01 2.51472E-01 4.85218E-01 6.40577E-01 1.72642E-01 1.25466E-01 8.21265E-02 2.50331E+00
8.56024E-02 1.27104E-01 1.73124E-01 2.33782E-01 2.50374E-01 4.83544E-01 6.41640E-01 1.73124E-01 1.27104E-01 8.56024E-02 2.41538E+00
8.85455E-02 1.28270E-01 1.73135E-01 2.31931E-01 2.48789E-01 4.81197E-01 6.41857E-01 1.73135E-01 1.28270E-01 8.85455E-02 2.32581E+00
9.09834E-02 1.28990E-01 1.72704E-01 2.29660E-01 2.46747E-01 4.78210E-01 6.41257E-01 1.72704E-01 1.28990E-01 9.09834E-02 2.23536E+00
9.29444E-02 1.29291E-01 1.71858E-01 2.27000E-01 2.44278E-01 4.74617E-01 6.39869E-01 1.71858E-01 1.29291E-01 9.29444E-02 2.14466E+00
9.44493E-02 1.29195E-01 1.70620E-01 2.23973E-01 2.41406E-01 4.70442E-01 6.37714E-01 1.70620E-01 1.29195E-01 9.44493E-02 2.05432E+00
9.55328E-02 1.28734E-01 1.69023E-01 2.20615E-01 2.38167E-01 4.65727E-01 6.34831E-01 1.69023E-01 1.28734E-01 9.55328E-02 1.96485E+00
0.00000E+00 0.00000E+00 6.53689E-02 1.59699E-01 1.67145E-01 3.94589E-01 4.90391E-01 6.53689E-02 0.00000E+00 0.00000E+00 2.30936E+00
0.00000E+00 9.97169E-03 7.41391E-02 1.66117E-01 1.74637E-01 4.04752E-01 5.06187E-01 7.41391E-02 9.97169E-03 0.00000E+00 2.43320E+00
0.00000E+00 1.98546E-02 8.28419E-02 1.72540E-01 1.82057E-01 4.14510E-01 5.21293E-01 8.28419E-02 1.98546E-02 0.00000E+00 2.52699E+00
0.00000E+00 2.90137E-02 9.08344E-02 1.78307E-01 1.88756E-01 4.23267E-01 5.35165E-01 9.08344E-02 2.90137E-02 0.00000E+00 2.59977E+00
0.00000E+00 3.75118E-02 9.81771E-02 1.83473E-01 1.94794E-01 4.31102E-01 5.47902E-01 9.81771E-02 3.75118E-02 0.00000E+00 2.65369E+00
0.00000E+00 4.53630E-02 1.04882E-01 1.88046E-01 2.00182E-01 4.38036E-01 5.59530E-01 1.04882E-01 4.53630E-02 0.00000E+00 2.69009E+00
0.00000E+00 5.26154E-02 1.10997E-01 1.92069E-01 2.04964E-01 4.44133E-01 5.70128E-01 1.10997E-01 5.26154E-02 0.00000E+00 2.71122E+00
0.00000E+00 5.78673E-02 1.15373E-01 1.94850E-01 2.08300E-01 4.48349E-01 5.77709E-01 1.15373E-01 5.78673E-02 0.00000E+00 2.71890E+00
1.75879E-03 5.91268E-02 1.16378E-01 1.95396E-01 2.08999E-01 4.49269E-01 5.79580E-01 1.16378E-01 5.91268E-02 1.75879E-03 2.71698E+00
1.05601E-02 6.55973E-02 1.21640E-01 1.98490E-01 2.12797E-01 4.54010E-01 5.88750E-01 1.21640E-01 6.55973E-02 1.05601E-02 2.69510E+00
1.88797E-02 7.16685E-02 1.26500E-01 2.01204E-01 2.16165E-01 4.58098E-01 5.97098E-01 1.26500E-01 7.16685E-02 1.88797E-02 2.66063E+00
2.65408E-02 7.71571E-02 1.30774E-01 2.03352E-01 2.18918E-01 4.61356E-01 6.04449E-01 1.30774E-01 7.71571E-02 2.65408E-02 2.61701E+00
3.35575E-02 8.20745E-02 1.34474E-01 2.04946E-01 2.21070E-01 4.63800E-01 6.10815E-01 1.34474E-01 8.20745E-02 3.35575E-02 2.56547E+00
3.99422E-02 8.64316E-02 1.37612E-01 2.06001E-01 2.22634E-01 4.65442E-01 6.16201E-01 1.37612E-01 8.64316E-02 3.99422E-02 2.50704E+00
4.57202E-02 9.02509E-02 1.40212E-01 2.06541E-01 2.23634E-01 4.66311E-01 6.20634E-01 1.40212E-01 9.02509E-02 4.57202E-02 2.44286E+00
5.09200E-02 9.35584E-02 1.42299E-01 2.06593E-01 2.24099E-01 4.66441E-01 6.24143E-01 1.42299E-01 9.35584E-02 5.09200E-02 2.37398E+00
5.55644E-02 9.63751E-02 1.43897E-01 2.06181E-01 2.24053E-01 4.65860E-01 6.26751E-01 1.43897E-01 9.63751E-02 5.55644E-02 2.30132E+00
5.96770E-02 9.87229E-02 1.45029E-01 2.05329E-01 2.23521E-01 4.64594E-01 6.28483E-01 1.45029E-01 9.87229E-02 5.96770E-02 2.22574E+00
6.32819E-02 1.00624E-01 1.45717E-01 2.04062E-01 2.22528E-01 4.62674E-01 6.29362E-01 1.45717E-01 1.00624E-01 6.32819E-02 2.14800E+00
6.64037E-02 1.02103E-01 1.45987E-01 2.02407E-01 2.21101E-01 4.60129E-01 6.29416E-01 1.45987E-01 1.02103E-01 6.64037E-02 2.06882E+00
6.90676E-02 1.03181E-01 1.45863E-01 2.00387E-01 2.19268E-01 4.56990E-01 6.28673E-01 1.45863E-01 1.03181E-01 6.90676E-02 1.98885E+00
7.12988E-02 1.03884E-01 1.45370E-01 1.98031E-01 2.17054E-01 4.53289E-01 6.27160E-01 1.45370E-01 1.03884E-01 7.12988E-02 1.90866E+00
7.31228E-02 1.04236E-01 1.44534E-01 1.95365E-01 2.14489E-01 4.49058E-01 6.24908E-01 1.44534E-01 1.04236E-01 7.31228E-02 1.82876E+00
7.45652E-02 1.04260E-01 1.43380E-01 1.92414E-01 2.11599E-01 4.44329E-01 6.21948E-01 1.43380E-01 1.04260E-01 7.45652E-02 1.74960E+00
7.56453E-02 1.03975E-01 1.41927E-01 1.89202E-01 2.08407E-01 4.39128E-01 6.18299E-01 1.41927E-01 1.03975E-01 7.56453E-02 1.67158E+00
7.63928E-02 1.03410E-01 1.40206E-01 1.85756E-01 2.04944E-01 4.33493E-01 6.14002E-01 1.40206E-01 1.03410E-01 7.63928E-02 1.59504E+00
0.00000E+00 0.00000E+00 6.34296E-02 1.52935E-01 1.64213E-01 4.07631E-01 5.18954E-01 6.34296E-02 0.00000E+00 0.00000E+00 2.19542E+00
0.00000E+00 8.53332E-03 7.06241E-02 1.57552E-01 1.69947E-01 4.15319E-01 5.32604E-01 7.06241E-02 8.53332E-03 0.00000E+00 2.27393E+00
0.00000E+00 1.69161E-02 7.76982E-02 1.62145E-01 1.75558E-01 4.22562E-01 5.45456E-01 7.76982E-02 1.69161E-02 0.00000E+00 2.32765E+00
0.00000E+00 2.46150E-02 8.41092E-02 1.66150E-01 1.80496E-01 4.28859E-01 5.57071E-01 8.41092E-02 2.46150E-02 0.00000E+00 2.36456E+00
0.00000E+00 3.16951E-02 8.99194E-02 1.69622E-01 1.84823E-01 4.34291E-01 5.67554E-01 8.99194E-02 3.16951E-02 0.00000E+00 2.38661E+00
0.00000E+00 3.81764E-02 9.51470E-02 1.72575E-01 1.88555E-01 4.38882E-01 5.76935E-01 9.51470E-02 3.81764E-02 0.00000E+00 2.39508E+00
0.00000E+00 4.41095E-02 9.98407E-02 1.75050E-01 1.91741E-01 4.42701E-01 5.85302E-01 9.98407E-02 4.41095E-02 0.00000E+00 2.39193E+00
0.00000E+00 4.83740E-02 1.03154E-01 1.76681E-01 1.93880E-01 4.45194E-01 5.91169E-01 1.03154E-01 4.83740E-02 0.00000E+00 2.38300E+00
1.45198E-03 4.93862E-02 1.03891E-01 1.76935E-01 1.94273E-01 4.45655E-01 5.92575E-01 1.03891E-01 4.93862E-02 1.45198E-03 2.37708E+00
8.69625E-03 5.45799E-02 1.07780E-01 1.78553E-01 1.96515E-01 4.48114E-01 5.99418E-01 1.07780E-01 5.45799E-02 8.69625E-03 2.33884E+00
1.54951E-02 5.94063E-02 1.11305E-01 1.79843E-01 1.98367E-01 4.49959E-01 6.05429E-01 1.11305E-01 5.94063E-02 1.54951E-02 2.29150E+00
2.17092E-02 6.37198E-02 1.14320E-01 1.80658E-01 1.99683E-01 4.51050E-01 6.10473E-01 1.14320E-01 6.37198E-02 2.17092E-02 2.23796E+00
2.73571E-02 6.75361E-02 1.16840E-01 1.81013E-01 2.00480E-01 4.51407E-01 6.14568E-01 1.16840E-01 6.75361E-02 2.73571E-02 2.17924E+00
3.24545E-02 7.08693E-02 1.18882E-01 1.80926E-01 2.00775E-01 4.51049E-01 6.17726E-01 1.18882E-01 7.08693E-02 3.24545E-02 2.11619E+00
3.70281E-02 7.37435E-02 1.20470E-01 1.80421E-01 2.00596E-01 4.50007E-01 6.19977E-01 1.20470E-01 7.37435E-02 3.70281E-02 2.04970E+00
4.11068E-02 7.61847E-02 1.21630E-01 1.79526E-01 1.99972E-01 4.48317E-01 6.21355E-01 1.21630E-01 7.61847E-02 4.11068E-02 1.98059E+00
4.47140E-02 7.82147E-02 1.22387E-01 1.78264E-01 1.98927E-01 4.46008E-01 6.21886E-01 1.22387E-01 7.82147E-02 4.47140E-02 1.90957E+00
4.78733E-02 7.98550E-02 1.22762E-01 1.76660E-01 1.97488E-01 4.43109E-01 6.21597E-01 1.22762E-01 7.98550E-02 4.78733E-02 1.83728E+00
5.06082E-02 8.11277E-02 1.22779E-01 1.74737E-01 1.95680E-01 4.39650E-01 6.20516E-01 1.22779E-01 8.11277E-02 5.06082E-02 1.76431E+00
5.29425E-02 8.20549E-02 1.22461E-01 1.72519E-01 1.93528E-01 4.35663E-01 6.18672E-01 1.22461E-01 8.20549E-02 5.29425E-02 1.69117E+00
5.48998E-02 8.26586E-02 1.21831E-01 1.70030E-01 1.91059E-01 4.31177E-01 6.16095E-01 1.21831E-01 8.26586E-02 5.48998E-02 1.61834E+00
5.65036E-02 8.29609E-02 1.20912E-01 1.67294E-01 1.88298E-01 4.26225E-01 6.12815E-01 1.20912E-01 8.29609E-02 5.65036E-02 1.54621E+00
5.77772E-02 8.29837E-02 1.19728E-01 1.64334E-01 1.85271E-01 4.20837E-01 6.08863E-01 1.19728E-01 8.29837E-02 5.77772E-02 1.47514E+00
5.87436E-02 8.27486E-02 1.18301E-01 1.61174E-01 1.82003E-01 4.15045E-01 6.04271E-01 1.18301E-01 8.27486E-02 5.87436E-02 1.40544E+00
5.94207E-02 8.22727E-02 1.16649E-01 1.57834E-01 1.78516E-01 4.08874E-01 5.99061E-01 1.16649E-01 8.22727E-02 5.94207E-02 1.33739E+00
5.98343E-02 8.15801E-02 1.14797E-01 1.54337E-01 1.74836E-01 4.02359E-01 5.93272E-01 1.14797E-01 8.15801E-02 5.98343E-02 1.27120E+00
0.00000E+00 0.00000E+00 6.12152E-02 1.44980E-01 1.61096E-01 4.18357E-01 5.47436E-01 6.12152E-02 0.00000E+00 0.00000E+00 2.04461E+00
0.00000E+00 7.24482E-03 6.69818E-02 1.47989E-01 1.65168E-01 4.23627E-01 5.58829E-01 6.69818E-02 7.24482E-03 0.00000E+00 2.08799E+00
0.00000E+00 1.43161E-02 7.26157E-02 1.50989E-01 1.69110E-01 4.28464E-01 5.69369E-01 7.26157E-02 1.43161E-02 0.00000E+00 2.11191E+00
0.00000E+00 2.07678E-02 7.76602E-02 1.53496E-01 1.72458E-01 4.32444E-01 5.78704E-01 7.76602E-02 2.07678E-02 0.00000E+00 2.12318E+00
0.00000E+00 2.66633E-02 8.21748E-02 1.55561E-01 1.75271E-01 4.35644E-01 5.86939E-01 8.21748E-02 2.66633E-02 0.00000E+00 2.12340E+00
0.00000E+00 3.20247E-02 8.61800E-02 1.57198E-01 1.77568E-01 4.38090E-01 5.94108E-01 8.61800E-02 3.20247E-02 0.00000E+00 2.11369E+00
0.00000E+00 3.69012E-02 8.97221E-02 1.58447E-01 1.79395E-01 4.39846E-01 6.00298E-01 8.97221E-02 3.69012E-02 0.00000E+00 2.09560E+00
0.00000E+00 4.03876E-02 9.21888E-02 1.59182E-01 1.80530E-01 4.40796E-01 6.04504E-01 9.21888E-02 4.03876E-02 0.00000E+00 2.07697E+00
1.20356E-03 4.12088E-02 9.27159E-02 1.59215E-01 1.80668E-01 4.40845E-01 6.05458E-01 9.27159E-02 4.12088E-02 1.20356E-03 2.06894E+00
7.19599E-03 4.54203E-02 9.55365E-02 1.59717E-01 1.81631E-01 4.41285E-01 6.10065E-01 9.55365E-02 4.54203E-02 7.19599E-03 2.02284E+00
1.27920E-02 4.93074E-02 9.80432E-02 1.59957E-01 1.82261E-01 4.41167E-01 6.13850E-01 9.80432E-02 4.93074E-02 1.27920E-02 1.97046E+00
1.78804E-02 5.27533E-02 1.00118E-01 1.59814E-01 1.82439E-01 4.40380E-01 6.16707E-01 1.00118E-01 5.27533E-02 1.78804E-02 1.91416E+00
2.24807E-02 5.57743E-02 1.01778E-01 1.59306E-01 1.82184E-01 4.38947E-01 6.18661E-01 1.01778E-01 5.57743E-02 2.24807E-02 1.85471E+00
2.66093E-02 5.83855E-02 1.03040E-01 1.58448E-01 1.81515E-01 4.36888E-01 6.19724E-01 1.03040E-01 5.83855E-02 2.66093E-02 1.79277E+00
3.02919E-02 6.06098E-02 1.03926E-01 1.57264E-01 1.80458E-01 4.34235E-01 6.19931E-01 1.03926E-01 6.06098E-02 3.02919E-02 1.72900E+00
3.35552E-02 6.24713E-02 1.04462E-01 1.55779E-01 1.79042E-01 4.31023E-01 6.19316E-01 1.04462E-01 6.24713E-02 3.35552E-02 1.66398E+00
3.64213E-02 6.39902E-02 1.04670E-01 1.54015E-01 1.77289E-01 4.27282E-01 6.17908E-01 1.04670E-01 6.39902E-02 3.64213E-02 1.59822E+00
3.89119E-02 6.51864E-02 1.04570E-01 1.51991E-01 1.75225E-01 4.23039E-01 6.15737E-01 1.04570E-01 6.51864E-02 3.89119E-02 1.53220E+00
4.10486E-02 6.60798E-02 1.04183E-01 1.49730E-01 1.72872E-01 4.18325E-01 6.12831E-01 1.04183E-01 6.60798E-02 4.10486E-02 1.46633E+00
4.28528E-02 6.66902E-02 1.03530E-01 1.47253E-01 1.70254E-01 4.13169E-01 6.09220E-01 1.03530E-01 6.66902E-02 4.28528E-02 1.40097E+00
4.43456E-02 6.70371E-02 1.02631E-01 1.44579E-01 1.67396E-01 4.07602E-01 6.04937E-01 1.02631E-01 6.70371E-02 4.43456E-02 1.33646E+00
4.55476E-02 6.71397E-02 1.01507E-01 1.41729E-01 1.64319E-01 4.01652E-01 6.00011E-01 1.01507E-01 6.71397E-02 4.55476E-02 1.27307E+00
4.64795E-02 6.70172E-02 1.00177E-01 1.38723E-01 1.61048E-01 3.95350E-01 5.94476E-01 1.00177E-01 6.70172E-02 4.64795E-02 1.21105E+00
4.71610E-02 6.66879E-02 9.86615E-02 1.35581E-01 1.57603E-01 3.88725E-01 5.88364E-01 9.86615E-02 6.66879E-02 4.71610E-02 1.15060E+00
4.76079E-02 6.61671E-02 9.69763E-02 1.32318E-01 1.54004E-01 3.81801E-01 5.81698E-01 9.69763E-02 6.61671E-02 4.76079E-02 1.09192E+00
4.78422E-02 6.54747E-02 9.51421E-02 1.28956E-01 1.50275E-01 3.74612E-01 5.74518E-01 9.51421E-02 6.54747E-02 4.78422E-02 1.03512E+00
0.00000E+00 0.00000E+00 5.85907E-02 1.35567E-01 1.57386E-01 4.26822E-01 5.75167E-01 5.85907E-02 0.00000E+00 0.00000E+00 1.87599E+00
0.00000E+00 6.08805E-03 6.30723E-02 1.37198E-01 1.59885E-01 4.29782E-01 5.84227E-01 6.30723E-02 6.08805E-03 0.00000E+00 1.89227E+00
0.00000E+00 1.19908E-02 6.74218E-02 1.38844E-01 1.62268E-01 4.32336E-01 5.92403E-01 6.74218E-02 1.19908E-02 0.00000E+00 1.89362E+00
0.00000E+00 1.73388E-02 7.12568E-02 1.40092E-01 1.64142E-01 4.34128E-01 5.99417E-01 7.12568E-02 1.73388E-02 0.00000E+00 1.88573E+00
0.00000E+00 2.21910E-02 7.46321E-02 1.40985E-01 1.65562E-01 4.35229E-01 6.05370E-01 7.46321E-02 2.21910E-02 0.00000E+00 1.86987E+00
0.00000E+00 2.65701E-02 7.75681E-02 1.41539E-01 1.66546E-01 4.35665E-01 6.10298E-01 7.75681E-02 2.65701E-02 0.00000E+00 1.84695E+00
0.00000E+00 3.05224E-02 8.01077E-02 1.41784E-01 1.67137E-01 4.35494E-01 6.14289E-01 8.01077E-02 3.05224E-02 0.00000E+00 1.81817E+00
5.55112E-17 3.33294E-02 8.18394E-02 1.41793E-01 1.67363E-01 4.35002E-01 6.16818E-01 8.18394E-02 3.33294E-02 5.55112E-17 1.79272E+00
9.84353E-04 3.39842E-02 8.21852E-02 1.41649E-01 1.67271E-01 4.34668E-01 6.17313E-01 8.21852E-02 3.39842E-02 9.84353E-04 1.78329E+00
5.87260E-03 3.73393E-02 8.40824E-02 1.41255E-01 1.67083E-01 4.33226E-01 6.19661E-01 8.40824E-02 3.73393E-02 5.87260E-03 1.73232E+00
1.04085E-02 4.04075E-02 8.57111E-02 1.40658E-01 1.66617E-01 4.31283E-01 6.21202E-01 8.57111E-02 4.04075E-02 1.04085E-02 1.67722E+00
1.45052E-02 4.30967E-02 8.69777E-02 1.39760E-01 1.65780E-01 4.28751E-01 6.21855E-01 8.69777E-02 4.30967E-02 1.45052E-02 1.61991E+00
1.81822E-02 4.54237E-02 8.78996E-02 1.38577E-01 1.64590E-01 4.25656E-01 6.21648E-01 8.78996E-02 4.54237E-02 1.81822E-02 1.56097E+00
2.14563E-02 4.74036E-02 8.84929E-02 1.37126E-01 1.63068E-01 4.22020E-01 6.20598E-01 8.84929E-02 4.74036E-02 2.14563E-02 1.50090E+00
2.43517E-02 4.90582E-02 8.87800E-02 1.35428E-01 1.61239E-01 4.17874E-01 6.18741E-01 8.87800E-02 4.90582E-02 2.43517E-02 1.44018E+00
2.68936E-02 5.04101E-02 8.87841E-02 1.33504E-01 1.59129E-01 4.13252E-01 6.16114E-01 8.87841E-02 5.04101E-02 2.68936E-02 1.37925E+00
2.91027E-02 5.14780E-02 8.85250E-02 1.31374E-01 1.56760E-01 4.08185E-01 6.12750E-01 8.85250E-02 5.14780E-02 2.91027E-02 1.31848E+00
3.09992E-02 5.22804E-02 8.80218E-02 1.29057E-01 1.54156E-01 4.02700E-01 6.08678E-01 8.80218E-02 5.22804E-02 3.09992E-02 1.25821E+00
3.26029E-02 5.28358E-02 8.72938E-02 1.26570E-01 1.51338E-01 3.96828E-01 6.03931E-01 8.72938E-02 5.28358E-02 3.26029E-02 1.19874E+00
3.39334E-02 5.31618E-02 8.63596E-02 1.23933E-01 1.48328E-01 3.90597E-01 5.98541E-01 8.63596E-02 5.31618E-02 3.39334E-02 1.14032E+00
3.50098E-02 5.32762E-02 8.52376E-02 1.21162E-01 1.45148E-01 3.84035E-01 5.92541E-01 8.52376E-02 5.32762E-02 3.50098E-02 1.08318E+00
3.58505E-02 5.31961E-02 8.39458E-02 1.18276E-01 1.41817E-01 3.77173E-01 5.85964E-01 8.39458E-02 5.31961E-02 3.58505E-02 1.02751E+00
3.64739E-02 5.29382E-02 8.25015E-02 1.15290E-01 1.38357E-01 3.70038E-01 5.78844E-01 8.25015E-02 5.29382E-02 3.64739E-02 9.73467E-01
3.68974E-02 5.25189E-02 8.09217E-02 1.12222E-01 1.34786E-01 3.62659E-01 5.71215E-01 8.09217E-02 5.25189E-02 3.68974E-02 9.21182E-01
3.71350E-02 5.19513E-02 7.92207E-02 1.09085E-01 1.31123E-01 3.55060E-01 5.63102E-01 7.92207E-02 5.19513E-02 3.71350E-02 8.70786E-01
3.72056E-02 5.12526E-02 7.74158E-02 1.05896E-01 1.27386E-01 3.47271E-01 5.54546E-01 7.74158E-02 5.12526E-02 3.72056E-02 8.22336E-01
0.00000E+00 0.00000E+00 5.56044E-02 1.25053E-01 1.52969E-01 4.32789E-01 6.01638E-01 5.56044E-02 0.00000E+00 0.00000E+00 1.69284E+00
0.00000E+00 5.09366E-03 5.89806E-02 1.25581E-01 1.54031E-01 4.33570E-01 6.08308E-01 5.89806E-02 5.09366E-03 0.00000E+00 1.69073E+00
0.00000E+00 1.00070E-02 6.22429E-02 1.26159E-01 1.55015E-01 4.33998E-01 6.14094E-01 6.22429E-02 1.00070E-02 0.00000E+00 1.67751E+00
0.00000E+00 1.44338E-02 6.50700E-02 1.26435E-01 1.55588E-01 4.33770E-01 6.18775E-01 6.50700E-02 1.44338E-02 0.00000E+00 1.65783E+00
0.00000E+00 1.84272E-02 6.75099E-02 1.26443E-01 1.55794E-01 4.32948E-01 6.22449E-01 6.75099E-02 1.84272E-02 0.00000E+00 1.63262E+00
0.00000E+00 2.20085E-02 6.95814E-02 1.26194E-01 1.55653E-01 4.31555E-01 6.25150E-01 6.95814E-02 2.20085E-02 0.00000E+00 1.60257E+00
0.00000E+00 2.52197E-02 7.13220E-02 1.25713E-01 1.55199E-01 4.29642E-01 6.26963E-01 7.13220E-02 2.52197E-02 0.00000E+00 1.56857E+00
2.77556E-17 2.74873E-02 7.24748E-02 1.25206E-01 1.54666E-01 4.27856E-01 6.27839E-01 7.24748E-02 2.74873E-02 2.77556E-17 1.54014E+00
8.06345E-04 2.80118E-02 7.26801E-02 1.24941E-01 1.54383E-01 4.27176E-01 6.27878E-01 7.26801E-02 2.80118E-02 8.06345E-04 1.53030E+00
4.80164E-03 3.06970E-02 7.38629E-02 1.23931E-01 1.53250E-01 4.24054E-01 6.28006E-01 7.38629E-02 3.06970E-02 4.80164E-03 1.47876E+00
8.48855E-03 3.31322E-02 7.48223E-02 1.22772E-01 1.51899E-01 4.20494E-01 6.27351E-01 7.48223E-02 3.31322E-02 8.48855E-03 1.42461E+00
1.17985E-02 3.52442E-02 7.54833E-02 1.21385E-01 1.50255E-01 4.16427E-01 6.25853E-01 7.54833E-02 3.52442E-02 1.17985E-02 1.36939E+00
1.47502E-02 3.70491E-02 7.58623E-02 1.19783E-01 1.48336E-01 4.11877E-01 6.23542E-01 7.58623E-02 3.70491E-02 1.47502E-02 1.31354E+00
1.73595E-02 3.85612E-02 7.59744E-02 1.17982E-01 1.46162E-01 4.06867E-01 6.20438E-01 7.59744E-02 3.85612E-02 1.73595E-02 1.25742E+00
1.96489E-02 3.98006E-02 7.58402E-02 1.16000E-01 1.43756E-01 4.01428E-01 6.16581E-01 7.58402E-02 3.98006E-02 1.96489E-02 1.20140E+00
2.16410E-02 4.07877E-02 7.54802E-02 1.13854E-01 1.41141E-01 3.95595E-01 6.12008E-01 7.54802E-02 4.07877E-02 2.16410E-02 1.14578E+00
2.33547E-02 4.15395E-02 7.49121E-02 1.11562E-01 1.38338E-01 3.89395E-01 6.06755E-01 7.49121E-02 4.15395E-02 2.33547E-02 1.09084E+00
2.48084E-02 4.20728E-02 7.41534E-02 1.09140E-01 1.35368E-01 3.82856E-01 6.00854E-01 7.41534E-02 4.20728E-02 2.48084E-02 1.03682E+00
2.60200E-02 4.24040E-02 7.32208E-02 1.06603E-01 1.32250E-01 3.76008E-01 5.94338E-01 7.32208E-02 4.24040E-02 2.60200E-02 9.83942E-01
2.70069E-02 4.25491E-02 7.21309E-02 1.03966E-01 1.29003E-01 3.68878E-01 5.87244E-01 7.21309E-02 4.25491E-02 2.70069E-02 9.32388E-01
2.77862E-02 4.25236E-02 7.08999E-02 1.01245E-01 1.25647E-01 3.61494E-01 5.79604E-01 7.08999E-02 4.25236E-02 2.77862E-02 8.82312E-01
2.83741E-02 4.23427E-02 6.95432E-02 9.84540E-02 1.22199E-01 3.53884E-01 5.71455E-01 6.95432E-02 4.23427E-02 2.83741E-02 8.33844E-01
2.87868E-02 4.20209E-02 6.80758E-02 9.56062E-02 1.18677E-01 3.46076E-01 5.62831E-01 6.80758E-02 4.20209E-02 2.87868E-02 7.87085E-01
2.90394E-02 4.15724E-02 6.65122E-02 9.27151E-02 1.15097E-01 3.38094E-01 5.53767E-01 6.65122E-02 4.15724E-02 2.90394E-02 7.42116E-01
2.91444E-02 4.10088E-02 6.48649E-02 8.97929E-02 1.11475E-01 3.29965E-01 5.44293E-01 6.48649E-02 4.10088E-02 2.91444E-02 6.99023E-01
2.91176E-02 4.03446E-02 6.31482E-02 8.68522E-02 1.07826E-01 3.21714E-01 5.34448E-01 6.31482E-02 4.03446E-02 2.91176E-02 6.57824E-01
0.00000E+00 0.00000E+00 5.22638E-02 1.13753E-01 1.47565E-01 4.36442E-01 6.26467E-01 5.22638E-02 0.00000E+00 0.00000E+00 1.50795E+00
0.00000E+00 4.24783E-03 5.47095E-02 1.13457E-01 1.47339E-01 4.35182E-01 6.30703E-01 5.47095E-02 4.24783E-03 0.00000E+00 1.49425E+00
0.00000E+00 8.32645E-03 5.70653E-02 1.13246E-01 1.47087E-01 4.33636E-01 6.34073E-01 5.70653E-02 8.32645E-03 0.00000E+00 1.47236E+00
0.00000E+00 1.19823E-02 5.90607E-02 1.12814E-01 1.46523E-01 4.31540E-01 6.36406E-01 5.90607E-02 1.19823E-02 0.00000E+00 1.44605E+00
0.00000E+00 1.52623E-02 6.07364E-02 1.12189E-01 1.45682E-01 4.28947E-01 6.37790E-01 6.07364E-02 1.52623E-02 0.00000E+00 1.41597E+00
0.00000E+00 1.81857E-02 6.21088E-02 1.11378E-01 1.44582E-01 4.25877E-01 6.38261E-01 6.21088E-02 1.81857E-02 0.00000E+00 1.38264E+00
0.00000E+00 2.07898E-02 6.32097E-02 1.10400E-01 1.43250E-01 4.22376E-01 6.37899E-01 6.32097E-02 2.07898E-02 0.00000E+00 1.34669E+00
5.55112E-17 2.26180E-02 6.39029E-02 1.09546E-01 1.42085E-01 4.19412E-01 6.37125E-01 6.39029E-02 2.26180E-02 5.55112E-17 1.31750E+00
6.59020E-04 2.30371E-02 6.39983E-02 1.09205E-01 1.41645E-01 4.18417E-01 6.36707E-01 6.39983E-02 2.30371E-02 6.59020E-04 1.30778E+00
3.91695E-03 2.51809E-02 6.46217E-02 1.07796E-01 1.39739E-01 4.13776E-01 6.34626E-01 6.46217E-02 2.51809E-02 3.91695E-03 1.25789E+00
6.90655E-03 2.71079E-02 6.50629E-02 1.06284E-01 1.37674E-01 4.08759E-01 6.31793E-01 6.50629E-02 2.71079E-02 6.90655E-03 1.20643E+00
9.57391E-03 2.87600E-02 6.52615E-02 1.04603E-01 1.35392E-01 4.03314E-01 6.28167E-01 6.52615E-02 2.87600E-02 9.57391E-03 1.15464E+00
1.19364E-02 3.01523E-02 6.52325E-02 1.02765E-01 1.32908E-01 3.97466E-01 6.23779E-01 6.52325E-02 3.01523E-02 1.19364E-02 1.10284E+00
1.40090E-02 3.12982E-02 6.49901E-02 1.00783E-01 1.30240E-01 3.91237E-01 6.18655E-01 6.49901E-02 3.12982E-02 1.40090E-02 1.05133E+00
1.58119E-02 3.22160E-02 6.45524E-02 9.86728E-02 1.27409E-01 3.84657E-01 6.12833E-01 6.45524E-02 3.22160E-02 1.58119E-02 1.00038E+00
1.73656E-02 3.29239E-02 6.39377E-02 9.64491E-02 1.24436E-01 3.77760E-01 6.06356E-01 6.39377E-02 3.29239E-02 1.73656E-02 9.50203E-01
1.86872E-02 3.34373E-02 6.31615E-02 9.41262E-02 1.21339E-01 3.70573E-01 5.99260E-01 6.31615E-02 3.34373E-02 1.86872E-02 9.01017E-01
1.97932E-02 3.37713E-02 6.22393E-02 9.17174E-02 1.18136E-01 3.63122E-01 5.91580E-01 6.22393E-02 3.37713E-02 1.97932E-02 8.53003E-01
2.06997E-02 3.39406E-02 6.11859E-02 8.92359E-02 1.14843E-01 3.55437E-01 5.83353E-01 6.11859E-02 3.39406E-02 2.06997E-02 8.06315E-01
2.14221E-02 3.39594E-02 6.00157E-02 8.66945E-02 1.11478E-01 3.47544E-01 5.74615E-01 6.00157E-02 3.39594E-02 2.14221E-02 7.61088E-01
2.19755E-02 3.38414E-02 5.87425E-02 8.41054E-02 1.08057E-01 3.39469E-01 5.65402E-01 5.87425E-02 3.38414E-02 2.19755E-02 7.17428E-01
2.23744E-02 3.35998E-02 5.73798E-02 8.14803E-02 1.04595E-01 3.31240E-01 5.55752E-01 5.73798E-02 3.35998E-02 2.23744E-02 6.75422E-01
2.26325E-02 3.32473E-02 5.59402E-02 7.88306E-02 1.01105E-01 3.22882E-01 5.45701E-01 5.59402E-02 3.32473E-02 2.26325E-02 6.35131E-01
2.27633E-02 3.27961E-02 5.44360E-02 7.61667E-02 9.76027E-02 3.14419E-01 5.35286E-01 5.44360E-02 3.27961E-02 2.27633E-02 5.96599E-01
2.27775E-02 3.22565E-02 5.28779E-02 7.34988E-02 9.41002E-02 3.05875E-01 5.24537E-01 5.28779E-02 3.22565E-02 2.27775E-02 5.59882E-01
2.26887E-02 3.16405E-02 5.12776E-02 7.08366E-02 9.06099E-02 2.97275E-01 5.13494E-01 5.12776E-02 3.16405E-02 2.26887E-02 5.24967E-01
0.00000E+00 0.00000E+00 4.86471E-02 1.02245E-01 1.40990E-01 4.37822E-01 6.49276E-01 4.86471E-02 0.00000E+00 0.00000E+00 1.33007E+00
0.00000E+00 3.54428E-03 5.03356E-02 1.01383E-01 1.39656E-01 4.34669E-01 6.51039E-01 5.03356E-02 3.54428E-03 0.00000E+00 1.31017E+00
0.00000E+00 6.93332E-03 5.19601E-02 1.00630E-01 1.38359E-01 4.31304E-01 6.51975E-01 5.19601E-02 6.93332E-03 0.00000E+00 1.28419E+00
0.00000E+00 9.95666E-03 5.32915E-02 9.97261E-02 1.36847E-01 4.27495E-01 6.51946E-01 5.32915E-02 9.95666E-03 0.00000E+00 1.25515E+00
0.00000E+00 1.26550E-02 5.43633E-02 9.86875E-02 1.35146E-01 4.23287E-01 6.51035E-01 5.43633E-02 1.26550E-02 0.00000E+00 1.22351E+00
0.00000E+00 1.50456E-02 5.51894E-02 9.75203E-02 1.33270E-01 4.18695E-01 6.49276E-01 5.51894E-02 1.50456E-02 0.00000E+00 1.18965E+00
0.00000E+00 1.71611E-02 5.57961E-02 9.62372E-02 1.31239E-01 4.13756E-01 6.46746E-01 5.57961E-02 1.71611E-02 0.00000E+00 1.15403E+00
0.00000E+00 1.86375E-02 5.61379E-02 9.51765E-02 1.29578E-01 4.09732E-01 6.44332E-01 5.61379E-02 1.86375E-02 0.00000E+00 1.12558E+00
5.39349E-04 1.89730E-02 5.61508E-02 9.47954E-02 1.29017E-01 4.08454E-01 6.43458E-01 5.61508E-02 1.89730E-02 5.39349E-04 1.11633E+00
3.19966E-03 2.06869E-02 5.63534E-02 9.31650E-02 1.26518E-01 4.02451E-01 6.39187E-01 5.63534E-02 2.06869E-02 3.19966E-03 1.06947E+00
5.62714E-03 2.22132E-02 5.64101E-02 9.14672E-02 1.23920E-01 3.96138E-01 6.34206E-01 5.64101E-02 2.22132E-02 5.62714E-03 1.02169E+00
7.77937E-03 2.35056E-02 5.62720E-02 8.96473E-02 1.21172E-01 3.89474E-01 6.28487E-01 5.62720E-02 2.35056E-02 7.77937E-03 9.74023E-01
9.67233E-03 2.45782E-02 5.59526E-02 8.77154E-02 1.18289E-01 3.82483E-01 6.22064E-01 5.59526E-02 2.45782E-02 9.67233E-03 9.26718E-01
1.13199E-02 2.54433E-02 5.54648E-02 8.56825E-02 1.15288E-01 3.75189E-01 6.14966E-01 5.54648E-02 2.54433E-02 1.13199E-02 8.80013E-01
1.27403E-02 2.61174E-02 5.48245E-02 8.35617E-02 1.12186E-01 3.67620E-01 6.07235E-01 5.48245E-02 2.61174E-02 1.27403E-02 8.34118E-01
1.39518E-02 2.66169E-02 5.40476E-02 8.13656E-02 1.08999E-01 3.59807E-01 5.98915E-01 5.40476E-02 2.66169E-02 1.39518E-02 7.89211E-01
1.49698E-02 2.69557E-02 5.31479E-02 7.91059E-02 1.05745E-01 3.51778E-01 5.90044E-01 5.31479E-02 2.69557E-02 1.49698E-02 7.45455E-01
1.58092E-02 2.71472E-02 5.21387E-02 7.67939E-02 1.02437E-01 3.43559E-01 5.80660E-01 5.21387E-02 2.71472E-02 1.58092E-02 7.02990E-01
1.64841E-02 2.72044E-02 5.10329E-02 7.44405E-02 9.90906E-02 3.35176E-01 5.70801E-01 5.10329E-02 2.72044E-02 1.64841E-02 6.61936E-01
1.70083E-02 2.71401E-02 4.98430E-02 7.20562E-02 9.57192E-02 3.26656E-01 5.60506E-01 4.98430E-02 2.71401E-02 1.70083E-02 6.22388E-01
1.73952E-02 2.69662E-02 4.85808E-02 6.96511E-02 9.23359E-02 3.18023E-01 5.49814E-01 4.85808E-02 2.69662E-02 1.73952E-02 5.84422E-01
1.76573E-02 2.66943E-02 4.72576E-02 6.72348E-02 8.89530E-02 3.09303E-01 5.38761E-01 4.72576E-02 2.66943E-02 1.76573E-02 5.48093E-01
1.78067E-02 2.63354E-02 4.58843E-02 6.48164E-02 8.55822E-02 3.00519E-01 5.27387E-01 4.58843E-02 2.63354E-02 1.78067E-02 5.13435E-01
1.78550E-02 2.59001E-02 4.44709E-02 6.24042E-02 8.22342E-02 2.91696E-01 5.15729E-01 4.44709E-02 2.59001E-02 1.78550E-02 4.80466E-01
1.78115E-02 2.53972E-02 4.30265E-02 6.00067E-02 7.89196E-02 2.82855E-01 5.03819E-01 4.30265E-02 2.53972E-02 1.78115E-02 4.49218E-01
1.76877E-02 2.48369E-02 4.15607E-02 5.76311E-02 7.56475E-02 2.74018E-01 4.91698E-01 4.15607E-02 2.48369E-02 1.76877E-02 4.19658E-01
0.00000E+00 0.00000E+00 4.47748E-02 9.08003E-02 1.33074E-01 4.36970E-01 6.70011E-01 4.47748E-02 0.00000E+00 0.00000E+00 1.16309E+00
0.00000E+00 2.96436E-03 4.58631E-02 8.95923E-02 1.30826E-01 4.32052E-01 6.69229E-01 4.58631E-02 2.96436E-03 0.00000E+00 1.14110E+00
0.00000E+00 5.78778E-03 4.69122E-02 8.85105E-02 1.28679E-01 4.27003E-01 6.67678E-01 4.69122E-02 5.78778E-03 0.00000E+00 1.11437E+00
0.00000E+00 8.29492E-03 4.77266E-02 8.73278E-02 1.26409E-01 4.21616E-01 6.65243E-01 4.77266E-02 8.29492E-03 0.00000E+00 1.08538E+00
0.00000E+00 1.05210E-02 4.83334E-02 8.60560E-02 1.24035E-01 4.15925E-01 6.62002E-01 4.83334E-02 1.05210E-02 0.00000E+00 1.05446E+00
0.00000E+00 1.24812E-02 4.87440E-02 8.46983E-02 1.21564E-01 4.09943E-01 6.57987E-01 4.87440E-02 1.24812E-02 0.00000E+00 1.02189E+00
0.00000E+00 1.42042E-02 4.89799E-02 8.32630E-02 1.19008E-01 4.03699E-01 6.53271E-01 4.89799E-02 1.42042E-02 0.00000E+00 9.88063E-01
0.00000E+00 1.53993E-02 4.90609E-02 8.21069E-02 1.16984E-01 3.98716E-01 6.49209E-01 4.90609E-02 1.53993E-02 0.00000E+00 9.61261E-01
4.42383E-04 1.56683E-02 4.90144E-02 8.17135E-02 1.16337E-01 3.97181E-01 6.47876E-01 4.90144E-02 1.56683E-02 4.42383E-04 9.52679E-01
2.61944E-03 1.70410E-02 4.89117E-02 7.99993E-02 1.13419E-01 3.89954E-01 6.41415E-01 4.89117E-02 1.70410E-02 2.61944E-03 9.09566E-01
4.59457E-03 1.82511E-02 4.86943E-02 7.82439E-02 1.10457E-01 3.82485E-01 6.34295E-01 4.86943E-02 1.82511E-02 4.59457E-03 8.65917E-01
6.33448E-03 1.92620E-02 4.83224E-02 7.64018E-02 1.07407E-01 3.74740E-01 6.26501E-01 4.83224E-02 1.92620E-02 6.33448E-03 8.22595E-01
7.85378E-03 2.00866E-02 4.78081E-02 7.44815E-02 1.04282E-01 3.66745E-01 6.18072E-01 4.78081E-02 2.00866E-02 7.85378E-03 7.79824E-01
9.16522E-03 2.07364E-02 4.71629E-02 7.24926E-02 1.01096E-01 3.58521E-01 6.09037E-01 4.71629E-02 2.07364E-02 9.16522E-03 7.37808E-01
1.02852E-02 2.12261E-02 4.64006E-02 7.04458E-02 9.78624E-02 3.50098E-01 5.99442E-01 4.64006E-02 2.12261E-02 1.02852E-02 6.96728E-01
1.12301E-02 2.15705E-02 4.55351E-02 6.83518E-02 9.45960E-02 3.41504E-01 5.89333E-01 4.55351E-02 2.15705E-02 1.12301E-02 6.56733E-01
1.20136E-02 2.17820E-02 4.45782E-02 6.62204E-02 9.13091E-02 3.32765E-01 5.78750E-01 4.45782E-02 2.17820E-02 1.20136E-02 6.17958E-01
1.26491E-02 2.18726E-02 4.35416E-02 6.40610E-02 8.80139E-02 3.23907E-01 5.67733E-01 4.35416E-02 2.18726E-02 1.26491E-02 5.80518E-01
1.31492E-02 2.18541E-02 4.24362E-02 6.18827E-02 8.47219E-02 3.14954E-01 5.56323E-01 4.24362E-02 2.18541E-02 1.31492E-02 5.44506E-01
1.35261E-02 2.17374E-02 4.12728E-02 5.96943E-02 8.14440E-02 3.05932E-01 5.44559E-01 4.12728E-02 2.17374E-02 1.35261E-02 5.09995E-01
1.37914E-02 2.15333E-02 4.00614E-02 5.75039E-02 7.81904E-02 2.96864E-01 5.32482E-01 4.00614E-02 2.15333E-02 1.37914E-02 4.77036E-01
1.39563E-02 2.12517E-02 3.88115E-02 5.53193E-02 7.49706E-02 2.87774E-01 5.20130E-01 3.88115E-02 2.12517E-02 1.39563E-02 4.45661E-01
1.40310E-02 2.09023E-02 3.75320E-02 5.31479E-02 7.17932E-02 2.78683E-01 5.07542E-01 3.75320E-02 2.09023E-02 1.40310E-02 4.15886E-01
1.40256E-02 2.04941E-02 3.62312E-02 5.09964E-02 6.86662E-02 2.69613E-01 4.94756E-01 3.62312E-02 2.04941E-02 1.40256E-02 3.87710E-01
1.39483E-02 2.00347E-02 3.49168E-02 4.88716E-02 6.55979E-02 2.60584E-01 4.81806E-01 3.49168E-02 2.00347E-02 1.39483E-02 3.61144E-01
1.38086E-02 1.95327E-02 3.35962E-02 4.67789E-02 6.25943E-02 2.51618E-01 4.68731E-01 3.35962E-02 1.95327E-02 1.38086E-02 3.36143E-01
0.00000E+00 0.00000E+00 4.07737E-02 8.00335E-02 1.23835E-01 4.34044E-01 6.88313E-01 4.07737E-02 0.00000E+00 0.00000E+00 1.01399E+00
0.00000E+00 2.48782E-03 4.13994E-02 7.86385E-02 1.20892E-01 4.27491E-01 6.84918E-01 4.13994E-02 2.48782E-03 0.00000E+00 9.92143E-01
0.00000E+00 4.84678E-03 4.20063E-02 7.73749E-02 1.18110E-01 4.20893E-01 6.80830E-01 4.20063E-02 4.84678E-03 0.00000E+00 9.66330E-01
0.00000E+00 6.93049E-03 4.24267E-02 7.60460E-02 1.15288E-01 4.14059E-01 6.75951E-01 4.24267E-02 6.93049E-03 0.00000E+00 9.38632E-01
0.00000E+00 8.76973E-03 4.26825E-02 7.46597E-02 1.12434E-01 4.07015E-01 6.70353E-01 4.26825E-02 8.76973E-03 0.00000E+00 9.09331E-01
0.00000E+00 1.03781E-02 4.27829E-02 7.32177E-02 1.09552E-01 3.99771E-01 6.64066E-01 4.27829E-02 1.03781E-02 0.00000E+00 8.78691E-01
0.00000E+00 1.17811E-02 4.27455E-02 7.17250E-02 1.06648E-01 3.92349E-01 6.57160E-01 4.27455E-02 1.17811E-02 0.00000E+00 8.47049E-01
0.00000E+00 1.27473E-02 4.26369E-02 7.05406E-02 1.04390E-01 3.86504E-01 6.51453E-01 4.26369E-02 1.27473E-02 0.00000E+00 8.22090E-01
3.63049E-04 1.29625E-02 4.25485E-02 7.01511E-02 1.03692E-01 3.84738E-01 6.49662E-01 4.25485E-02 1.29625E-02 3.63049E-04 8.14185E-01
2.14521E-03 1.40587E-02 4.22292E-02 6.84331E-02 1.00524E-01 3.76419E-01 6.41025E-01 4.22292E-02 1.40587E-02 2.14521E-03 7.74727E-01
3.75184E-03 1.50138E-02 4.18211E-02 6.66925E-02 9.73590E-02 3.67928E-01 6.31798E-01 4.18211E-02 1.50138E-02 3.75184E-03 7.34975E-01
5.15707E-03 1.57990E-02 4.12921E-02 6.48915E-02 9.41594E-02 3.59236E-01 6.21971E-01 4.12921E-02 1.57990E-02 5.15707E-03 6.95674E-01
6.37434E-03 1.64261E-02 4.06528E-02 6.30377E-02 9.09357E-02 3.50367E-01 6.11586E-01 4.06528E-02 1.64261E-02 6.37434E-03 6.57032E-01
7.41544E-03 1.69060E-02 3.99136E-02 6.11393E-02 8.76986E-02 3.41346E-01 6.00678E-01 3.99136E-02 1.69060E-02 7.41544E-03 6.19241E-01
8.29515E-03 1.72518E-02 3.90865E-02 5.92056E-02 8.44596E-02 3.32198E-01 5.89292E-01 3.90865E-02 1.72518E-02 8.29515E-03 5.82463E-01
9.02817E-03 1.74768E-02 3.81833E-02 5.72456E-02 8.12289E-02 3.22951E-01 5.77478E-01 3.81833E-02 1.74768E-02 9.02817E-03 5.46829E-01
9.62687E-03 1.75923E-02 3.72144E-02 5.52675E-02 7.80165E-02 3.13629E-01 5.65276E-01 3.72144E-02 1.75923E-02 9.62687E-03 5.12455E-01
1.01031E-02 1.76091E-02 3.61898E-02 5.32794E-02 7.48317E-02 3.04257E-01 5.52730E-01 3.61898E-02 1.76091E-02 1.01031E-02 4.79435E-01
1.04681E-02 1.75375E-02 3.51189E-02 5.12889E-02 7.16830E-02 2.94857E-01 5.39879E-01 3.51189E-02 1.75375E-02 1.04681E-02 4.47842E-01
1.07328E-02 1.73873E-02 3.40107E-02 4.93031E-02 6.85787E-02 2.85454E-01 5.26765E-01 3.40107E-02 1.73873E-02 1.07328E-02 4.17728E-01
1.09072E-02 1.71678E-02 3.28735E-02 4.73290E-02 6.55262E-02 2.76068E-01 5.13430E-01 3.28735E-02 1.71678E-02 1.09072E-02 3.89124E-01
1.10010E-02 1.68877E-02 3.17154E-02 4.53728E-02 6.25322E-02 2.66722E-01 4.99911E-01 3.17154E-02 1.68877E-02 1.10010E-02 3.62045E-01
1.10234E-02 1.65554E-02 3.05435E-02 4.34403E-02 5.96028E-02 2.57435E-01 4.86248E-01 3.05435E-02 1.65554E-02 1.10234E-02 3.36487E-01
1.09826E-02 1.61785E-02 2.93647E-02 4.15370E-02 5.67433E-02 2.48226E-01 4.72477E-01 2.93647E-02 1.61785E-02 1.09826E-02 3.12434E-01
1.08859E-02 1.57636E-02 2.81852E-02 3.96681E-02 5.39599E-02 2.39115E-01 4.58636E-01 2.81852E-02 1.57636E-02 1.08859E-02 2.89881E-01
1.07413E-02 1.53178E-02 2.70108E-02 3.78379E-02 5.12558E-02 2.30118E-01 4.44760E-01 2.70108E-02 1.53178E-02 1.07413E-02 2.68771E-01
0.00000E+00 0.00000E+00 3.67125E-02 7.01195E-02 1.13443E-01 4.29069E-01 7.03856E-01 3.67125E-02 0.00000E+00 0.00000E+00 8.83846E-01
0.00000E+00 2.10129E-03 3.69983E-02 6.86569E-02 1.10028E-01 4.21007E-01 6.97778E-01 3.69983E-02 2.10129E-03 0.00000E+00 8.63529E-01
0.00000E+00 4.08360E-03 3.72810E-02 6.73225E-02 1.06828E-01 4.12990E-01 6.91108E-01 3.72810E-02 4.08360E-03 0.00000E+00 8.39593E-01
0.00000E+00 5.82423E-03 3.74159E-02 6.59462E-02 1.03655E-01 4.04839E-01 6.83753E-01 3.74159E-02 5.82423E-03 0.00000E+00 8.13859E-01
0.00000E+00 7.35051E-03 3.74207E-02 6.45333E-02 1.00512E-01 3.96568E-01 6.75778E-01 3.74207E-02 7.35051E-03 0.00000E+00 7.86619E-01
0.00000E+00 8.67495E-03 3.73031E-02 6.30849E-02 9.73984E-02 3.88188E-01 6.67216E-01 3.73031E-02 8.67495E-03 0.00000E+00 7.58153E-01
0.00000E+00 9.82037E-03 3.70776E-02 6.16043E-02 9.43143E-02 3.79713E-01 6.58128E-01 3.70776E-02 9.82037E-03 0.00000E+00 7.28803E-01
0.00000E+00 1.06030E-02 3.68409E-02 6.04402E-02 9.19467E-02 3.73103E-01 6.50791E-01 3.68409E-02 1.06030E-02 0.00000E+00 7.05693E-01
2.99030E-04 1.07751E-02 3.67262E-02 6.00659E-02 9.12311E-02 3.71134E-01 6.48546E-01 3.67262E-02 1.07751E-02 2.99030E-04 6.98433E-01
1.76301E-03 1.16510E-02 3.62668E-02 5.84014E-02 8.79711E-02 3.61855E-01 6.37771E-01 3.62668E-02 1.16510E-02 1.76301E-03 6.62377E-01
3.07389E-03 1.24038E-02 3.57400E-02 5.67269E-02 8.47529E-02 3.52474E-01 6.26485E-01 3.57400E-02 1.24038E-02 3.07389E-03 6.26178E-01
4.21176E-03 1.30113E-02 3.51197E-02 5.50114E-02 8.15442E-02 3.42968E-01 6.14688E-01 3.51197E-02 1.30113E-02 4.21176E-03 5.90501E-01
5.18905E-03 1.34846E-02 3.44152E-02 5.32616E-02 7.83521E-02 3.33360E-01 6.02422E-01 3.44152E-02 1.34846E-02 5.18905E-03 5.55551E-01
6.01671E-03 1.38335E-02 3.36358E-02 5.14850E-02 7.51851E-02 3.23672E-01 5.89727E-01 3.36358E-02 1.38335E-02 6.01671E-03 5.21514E-01
6.70815E-03 1.40703E-02 3.27920E-02 4.96895E-02 7.20514E-02 3.13930E-01 5.76649E-01 3.27920E-02 1.40703E-02 6.70815E-03 4.88541E-01
7.27658E-03 1.42068E-02 3.18939E-02 4.78830E-02 6.89583E-02 3.04159E-01 5.63237E-01 3.18939E-02 1.42068E-02 7.27658E-03 4.56749E-01
7.73314E-03 1.42532E-02 3.09505E-02 4.60725E-02 6.59128E-02 2.94382E-01 5.49534E-01 3.09505E-02 1.42532E-02 7.73314E-03 4.26237E-01
8.08842E-03 1.42191E-02 2.99702E-02 4.42648E-02 6.29217E-02 2.84621E-01 5.35583E-01 2.99702E-02 1.42191E-02 8.08842E-03 3.97084E-01
8.35248E-03 1.41138E-02 2.89611E-02 4.24664E-02 5.99908E-02 2.74898E-01 5.21426E-01 2.89611E-02 1.41138E-02 8.35248E-03 3.69344E-01
8.53481E-03 1.39458E-02 2.79306E-02 4.06832E-02 5.71258E-02 2.65234E-01 5.07104E-01 2.79306E-02 1.39458E-02 8.53481E-03 3.43050E-01
8.64434E-03 1.37233E-02 2.68857E-02 3.89209E-02 5.43316E-02 2.55649E-01 4.92657E-01 2.68857E-02 1.37233E-02 8.64434E-03 3.18216E-01
8.68943E-03 1.34539E-02 2.58329E-02 3.71846E-02 5.16125E-02 2.46161E-01 4.78124E-01 2.58329E-02 1.34539E-02 8.68943E-03 2.94840E-01
8.67789E-03 1.31446E-02 2.47781E-02 3.54789E-02 4.89722E-02 2.36788E-01 4.63543E-01 2.47781E-02 1.31446E-02 8.67789E-03 2.72902E-01
8.61697E-03 1.28021E-02 2.37266E-02 3.38079E-02 4.64139E-02 2.27546E-01 4.48950E-01 2.37266E-02 1.28021E-02 8.61697E-03 2.52373E-01
8.51271E-03 1.24318E-02 2.26836E-02 3.21760E-02 4.39415E-02 2.18455E-01 4.34380E-01 2.26836E-02 1.24318E-02 8.51271E-03 2.33233E-01
8.37189E-03 1.20398E-02 2.16533E-02 3.05862E-02 4.15562E-02 2.09526E-01 4.19868E-01 2.16533E-02 1.20398E-02 8.37189E-03 2.15418E-01
0.00000E+00 0.00000E+00 3.26847E-02 6.12639E-02 1.02159E-01 4.22186E-01 7.16360E-01 3.26847E-02 0.00000E+00 0.00000E+00 7.73408E-01
0.00000E+00 1.78158E-03 3.27267E-02 5.97943E-02 9.84926E-02 4.12729E-01 7.07530E-01 3.27267E-02 1.78158E-03 0.00000E+00 7.54762E-01
0.00000E+00 3.45175E-03 3.27761E-02 5.84448E-02 9.50775E-02 4.03411E-01 6.98234E-01 3.27761E-02 3.45175E-03 0.00000E+00 7.32623E-01
0.00000E+00 4.90779E-03 3.27081E-02 5.70688E-02 9.17441E-02 3.94058E-01 6.88378E-01 3.27081E-02 4.90779E-03 0.00000E+00 7.08656E-01
0.00000E+00 6.17452E-03 3.25373E-02 5.56702E-02 8.84876E-02 3.84678E-01 6.78021E-01 3.25373E-02 6.17452E-03 0.00000E+00 6.83204E-01
0.00000E+00 7.26375E-03 3.22705E-02 5.42502E-02 8.53054E-02 3.75278E-01 6.67192E-01 3.22705E-02 7.26375E-03 0.00000E+00 6.56588E-01
0.00000E+00 8.19633E-03 3.19195E-02 5.28113E-02 8.21916E-02 3.65865E-01 6.55947E-01 3.19195E-02 8.19633E-03 0.00000E+00 6.29178E-01
0.00000E+00 8.82768E-03 3.16001E-02 5.16876E-02 7.98237E-02 3.58580E-01 6.47007E-01 3.16001E-02 8.82768E-03 0.00000E+00 6.07637E-01
2.46156E-04 8.96446E-03 3.14702E-02 5.13325E-02 7.91189E-02 3.56431E-01 6.44319E-01 3.14702E-02 8.96446E-03 2.46156E-04 6.00923E-01
1.44770E-03 9.65950E-03 3.09263E-02 4.97432E-02 7.59038E-02 3.46317E-01 6.31460E-01 3.09263E-02 9.65950E-03 1.44770E-03 5.67756E-01
2.51549E-03 1.02475E-02 3.03324E-02 4.81533E-02 7.27601E-02 3.36172E-01 6.18188E-01 3.03324E-02 1.02475E-02 2.51549E-03 5.34593E-01
3.43452E-03 1.07112E-02 2.96673E-02 4.65377E-02 6.96589E-02 3.25977E-01 6.04506E-01 2.96673E-02 1.07112E-02 3.43452E-03 5.02035E-01
4.21641E-03 1.10611E-02 2.89394E-02 4.49023E-02 6.66049E-02 3.15754E-01 5.90459E-01 2.89394E-02 1.10611E-02 4.21641E-03 4.70282E-01
4.87134E-03 1.13065E-02 2.81568E-02 4.32542E-02 6.36044E-02 3.05525E-01 5.76087E-01 2.81568E-02 1.13065E-02 4.87134E-03 4.39513E-01
5.41151E-03 1.14584E-02 2.73288E-02 4.16002E-02 6.06628E-02 2.95313E-01 5.61439E-01 2.73288E-02 1.14584E-02 5.41151E-03 4.09869E-01
5.84881E-03 1.15276E-02 2.64640E-02 3.99471E-02 5.77846E-02 2.85141E-01 5.46562E-01 2.64640E-02 1.15276E-02 5.84881E-03 3.81447E-01
6.19327E-03 1.15232E-02 2.55701E-02 3.83010E-02 5.49744E-02 2.75029E-01 5.31499E-01 2.55701E-02 1.15232E-02 6.19327E-03 3.54330E-01
6.45435E-03 1.14537E-02 2.46541E-02 3.66677E-02 5.22365E-02 2.64999E-01 5.16293E-01 2.46541E-02 1.14537E-02 6.45435E-03 3.28577E-01
6.64097E-03 1.13274E-02 2.37228E-02 3.50525E-02 4.95745E-02 2.55069E-01 5.00986E-01 2.37228E-02 1.13274E-02 6.64097E-03 3.04222E-01
6.76147E-03 1.11518E-02 2.27825E-02 3.34604E-02 4.69919E-02 2.45258E-01 4.85618E-01 2.27825E-02 1.11518E-02 6.76147E-03 2.81279E-01
6.82361E-03 1.09339E-02 2.18387E-02 3.18960E-02 4.44914E-02 2.35583E-01 4.70227E-01 2.18387E-02 1.09339E-02 6.82361E-03 2.59745E-01
6.83465E-03 1.06803E-02 2.08967E-02 3.03632E-02 4.20752E-02 2.26060E-01 4.54852E-01 2.08967E-02 1.06803E-02 6.83465E-03 2.39600E-01
6.80124E-03 1.03970E-02 1.99611E-02 2.88657E-02 3.97450E-02 2.16704E-01 4.39527E-01 1.99611E-02 1.03970E-02 6.80124E-03 2.20811E-01
6.72955E-03 1.00895E-02 1.90361E-02 2.74065E-02 3.75023E-02 2.07530E-01 4.24286E-01 1.90361E-02 1.00895E-02 6.72955E-03 2.03334E-01
6.62471E-03 9.76246E-03 1.81258E-02 2.59892E-02 3.53491E-02 1.98552E-01 4.09165E-01 1.81258E-02 9.76246E-03 6.62471E-03 1.87139E-01
6.49234E-03 9.42079E-03 1.72332E-02 2.46155E-02 3.32851E-02 1.89781E-01 3.94193E-01 1.72332E-02 9.42079E-03 6.49234E-03 1.72151E-01
0.00000E+00 0.00000E+00 2.87648E-02 5.34369E-02 9.03872E-02 4.13460E-01 7.25399E-01 2.87648E-02 0.00000E+00 0.00000E+00 6.81332E-01
0.00000E+00 1.51679E-03 2.86425E-02 5.19951E-02 8.66658E-02 4.02720E-01 7.13781E-01 2.86425E-02 1.51679E-03 0.00000E+00 6.64025E-01
0.00000E+00 2.92819E-03 2.85340E-02 5.06638E-02 8.32194E-02 3.92216E-01 7.01849E-01 2.85340E-02 2.92819E-03 0.00000E+00 6.43274E-01
0.00000E+00 4.14839E-03 2.83314E-02 4.93164E-02 7.98925E-02 3.81777E-01 6.89501E-01 2.83314E-02 4.14839E-03 0.00000E+00 6.20651E-01
0.00000E+00 5.20036E-03 2.80474E-02 4.79567E-02 7.66756E-02 3.71404E-01 6.76787E-01 2.80474E-02 5.20036E-03 0.00000E+00 5.96568E-01
0.00000E+00 6.09554E-03 2.76881E-02 4.65859E-02 7.35639E-02 3.61101E-01 6.63736E-01 2.76881E-02 6.09554E-03 0.00000E+00 5.71397E-01
0.00000E+00 6.85325E-03 2.72636E-02 4.52066E-02 7.05476E-02 3.50869E-01 6.50395E-01 2.72636E-02 6.85325E-03 0.00000E+00 5.45542E-01
0.00000E+00 7.36080E-03 2.68985E-02 4.41352E-02 6.82707E-02 3.42999E-01 6.39909E-01 2.68985E-02 7.36080E-03 0.00000E+00 5.25285E-01
2.02705E-04 7.46885E-03 2.67626E-02 4.38015E-02 6.76007E-02 3.40698E-01 6.36794E-01 2.67626E-02 7.46885E-03 2.02705E-04 5.19025E-01
1.18899E-03 8.01714E-03 2.61797E-02 4.23000E-02 6.45428E-02 3.29874E-01 6.21947E-01 2.61797E-02 8.01714E-03 1.18899E-03 4.88277E-01
2.05833E-03 8.47236E-03 2.55607E-02 4.08055E-02 6.15764E-02 3.19093E-01 6.06798E-01 2.55607E-02 8.47236E-03 2.05833E-03 4.57698E-01
2.79977E-03 8.82160E-03 2.48884E-02 3.92977E-02 5.86753E-02 3.08337E-01 5.91353E-01 2.48884E-02 8.82160E-03 2.79977E-03 4.27827E-01
3.42413E-03 9.07458E-03 2.41705E-02 3.77821E-02 5.58422E-02 2.97627E-01 5.75659E-01 2.41705E-02 9.07458E-03 3.42413E-03 3.98857E-01
3.94092E-03 9.24004E-03 2.34141E-02 3.62649E-02 5.30815E-02 2.86983E-01 5.59756E-01 2.34141E-02 9.24004E-03 3.94092E-03 3.70956E-01
4.36125E-03 9.32802E-03 2.26273E-02 3.47525E-02 5.03960E-02 2.76427E-01 5.43691E-01 2.26273E-02 9.32802E-03 4.36125E-03 3.44244E-01
4.69579E-03 9.34814E-03 2.18173E-02 3.32503E-02 4.77881E-02 2.65977E-01 5.27512E-01 2.18173E-02 9.34814E-03 4.69579E-03 3.18800E-01
4.95355E-03 9.30859E-03 2.09907E-02 3.17637E-02 4.52602E-02 2.55653E-01 5.11259E-01 2.09907E-02 9.30859E-03 4.95355E-03 2.94686E-01
5.14296E-03 9.21701E-03 2.01534E-02 3.02975E-02 4.28147E-02 2.45472E-01 4.94974E-01 2.01534E-02 9.21701E-03 5.14296E-03 2.71937E-01
5.27187E-03 9.08053E-03 1.93109E-02 2.88561E-02 4.04534E-02 2.35451E-01 4.78698E-01 1.93109E-02 9.08053E-03 5.27187E-03 2.50568E-01
5.34757E-03 8.90573E-03 1.84683E-02 2.74435E-02 3.81778E-02 2.25605E-01 4.62467E-01 1.84683E-02 8.90573E-03 5.34757E-03 2.30574E-01
5.37680E-03 8.69869E-03 1.76302E-02 2.60633E-02 3.59888E-02 2.15949E-01 4.46319E-01 1.76302E-02 8.69869E-03 5.37680E-03 2.11931E-01
5.36575E-03 8.46495E-03 1.68006E-02 2.47185E-02 3.38871E-02 2.06496E-01 4.30288E-01 1.68006E-02 8.46495E-03 5.36575E-03 1.94605E-01
5.32012E-03 8.20957E-03 1.59832E-02 2.34117E-02 3.18728E-02 1.97258E-01 4.14406E-01 1.59832E-02 8.20957E-03 5.32012E-03 1.78550E-01
5.24506E-03 7.93711E-03 1.51810E-02 2.21453E-02 2.99459E-02 1.88245E-01 3.98706E-01 1.51810E-02 7.93711E-03 5.24506E-03 1.63709E-01
5.14491E-03 7.65153E-03 1.43972E-02 2.09218E-02 2.81072E-02 1.79471E-01 3.83218E-01 1.43972E-02 7.65153E-03 5.14491E-03 1.50043E-01
5.02428E-03 7.35672E-03 1.36338E-02 1.97421E-02 2.63550E-02 1.70941E-01 3.67969E-01 1.36338E-02 7.35672E-03 5.02428E-03 1.37471E-01
0.00000E+00 0.00000E+00 2.50209E-02 4.65667E-02 7.85380E-02 4.02967E-01 7.30613E-01 2.50209E-02 0.00000E+00 0.00000E+00 6.05660E-01
0.00000E+00 1.29425E-03 2.47959E-02 4.51666E-02 7.49291E-02 3.91054E-01 7.16209E-01 2.47959E-02 1.29425E-03 0.00000E+00 5.88976E-01
0.00000E+00 2.48826E-03 2.45876E-02 4.38679E-02 7.16037E-02 3.79478E-01 7.01669E-01 2.45876E-02 2.48826E-03 0.00000E+00 5.68939E-01
0.00000E+00 3.51067E-03 2.43031E-02 4.25616E-02 6.84200E-02 3.68069E-01 6.86878E-01 2.43031E-02 3.51067E-03 0.00000E+00 5.47061E-01
0.00000E+00 4.38310E-03 2.39538E-02 4.12513E-02 6.53658E-02 3.56821E-01 6.71874E-01 2.39538E-02 4.38310E-03 0.00000E+00 5.23818E-01
0.00000E+00 5.11680E-03 2.35454E-02 3.99389E-02 6.24349E-02 3.45733E-01 6.56685E-01 2.35454E-02 5.11680E-03 0.00000E+00 4.99632E-01
0.00000E+00 5.72984E-03 2.30868E-02 3.86265E-02 5.96152E-02 3.34801E-01 6.41345E-01 2.30868E-02 5.72984E-03 0.00000E+00 4.74928E-01
0.00000E+00 6.13553E-03 2.27042E-02 3.76124E-02 5.74992E-02 3.26440E-01 6.29397E-01 2.27042E-02 6.13553E-03 0.00000E+00 4.55671E-01
1.66716E-04 6.22013E-03 2.25691E-02 3.73004E-02 5.68818E-02 3.24011E-01 6.25882E-01 2.25691E-02 6.22013E-03 1.66716E-04 4.49780E-01
9.75124E-04 6.64893E-03 2.19812E-02 3.58913E-02 5.40651E-02 3.12606E-01 6.09177E-01 2.19812E-02 6.64893E-03 9.75124E-04 4.21033E-01
1.68144E-03 6.99713E-03 2.13682E-02 3.44960E-02 5.13507E-02 3.01317E-01 5.92296E-01 2.13682E-02 6.99713E-03 1.68144E-03 3.92648E-01
2.27798E-03 7.25532E-03 2.07164E-02 3.30978E-02 4.87151E-02 2.90129E-01 5.75246E-01 2.07164E-02 7.25532E-03 2.27798E-03 3.65107E-01
2.77484E-03 7.43254E-03 2.00324E-02 3.17021E-02 4.61595E-02 2.79059E-01 5.58070E-01 2.00324E-02 7.43254E-03 2.77484E-03 3.38583E-01
3.18086E-03 7.53695E-03 1.93229E-02 3.03143E-02 4.36864E-02 2.68127E-01 5.40811E-01 1.93229E-02 7.53695E-03 3.18086E-03 3.13225E-01
3.50610E-03 7.57761E-03 1.85945E-02 2.89398E-02 4.12970E-02 2.57352E-01 5.23513E-01 1.85945E-02 7.57761E-03 3.50610E-03 2.89129E-01
3.76014E-03 7.56312E-03 1.78534E-02 2.75832E-02 3.89916E-02 2.46747E-01 5.06219E-01 1.78534E-02 7.56312E-03 3.76014E-03 2.66347E-01
3.95101E-03 7.50074E-03 1.71050E-02 2.62491E-02 3.67714E-02 2.36330E-01 4.88969E-01 1.71050E-02 7.50074E-03 3.95101E-03 2.44916E-01
4.08617E-03 7.39721E-03 1.63544E-02 2.49411E-02 3.46368E-02 2.26114E-01 4.71802E-01 1.63544E-02 7.39721E-03 4.08617E-03 2.24848E-01
4.17248E-03 7.25871E-03 1.56059E-02 2.36630E-02 3.25884E-02 2.16114E-01 4.54753E-01 1.56059E-02 7.25871E-03 4.17248E-03 2.06135E-01
4.21627E-03 7.09092E-03 1.48637E-02 2.24177E-02 3.06261E-02 2.06342E-01 4.37859E-01 1.48637E-02 7.09092E-03 4.21627E-03 1.88752E-01
4.22333E-03 6.89899E-03 1.41313E-02 2.12079E-02 2.87496E-02 1.96809E-01 4.21152E-01 1.41313E-02 6.89899E-03 4.22333E-03 1.72659E-01
4.19894E-03 6.68759E-03 1.34118E-02 2.00358E-02 2.69584E-02 1.87524E-01 4.04663E-01 1.34118E-02 6.68759E-03 4.19894E-03 1.57805E-01
4.14786E-03 6.46092E-03 1.27078E-02 1.89032E-02 2.52514E-02 1.78497E-01 3.88421E-01 1.27078E-02 6.46092E-03 4.14786E-03 1.44133E-01
4.07443E-03 6.22273E-03 1.20218E-02 1.78115E-02 2.36276E-02 1.69734E-01 3.72452E-01 1.20218E-02 6.22273E-03 4.07443E-03 1.31579E-01
3.98223E-03 5.97625E-03 1.13559E-02 1.67625E-02 2.20868E-02 1.61246E-01 3.56786E-01 1.13559E-02 5.97625E-03 3.98223E-03 1.20091E-01
3.87502E-03 5.72459E-03 1.07116E-02 1.57564E-02 2.06263E-02 1.53035E-01 3.41442E-01 1.07116E-02 5.72459E-03 3.87502E-03 1.09587E-01
0.00000E+00 0.00000E+00 2.15440E-02 4.05575E-02 6.71626E-02 3.90903E-01 7.31673E-01 2.15440E-02 0.00000E+00 0.00000E+00 5.44096E-01
0.00000E+00 1.10505E-03 2.12616E-02 3.92024E-02 6.37897E-02 3.77937E-01 7.14564E-01 2.12616E-02 1.10505E-03 0.00000E+00 5.27178E-01
0.00000E+00 2.11482E-03 2.09965E-02 3.79420E-02 6.06949E-02 3.65414E-01 6.97518E-01 2.09965E-02 2.11482E-03 0.00000E+00 5.07127E-01
0.00000E+00 2.97038E-03 2.06690E-02 3.66820E-02 5.77505E-02 3.53161E-01 6.80403E-01 2.06690E-02 2.97038E-03 0.00000E+00 4.85395E-01
0.00000E+00 3.69221E-03 2.02896E-02 3.54260E-02 5.49434E-02 3.41163E-01 6.63244E-01 2.02896E-02 3.69221E-03 0.00000E+00 4.62504E-01
0.00000E+00 4.29143E-03 1.98638E-02 3.41762E-02 5.22664E-02 3.29419E-01 6.46063E-01 1.98638E-02 4.29143E-03 0.00000E+00 4.38904E-01
0.00000E+00 4.78495E-03 1.93996E-02 3.29345E-02 4.97064E-02 3.17913E-01 6.28882E-01 1.93996E-02 4.78495E-03 0.00000E+00 4.15024E-01
2.77556E-17 5.10715E-03 1.90196E-02 3.19801E-02 4.77945E-02 3.09158E-01 6.15601E-01 1.90196E-02 5.10715E-03 2.77556E-17 3.96549E-01
1.36870E-04 5.17273E-03 1.88901E-02 3.16898E-02 4.72404E-02 3.06630E-01 6.11723E-01 1.88901E-02 5.17273E-03 1.36870E-04 3.90963E-01
7.98180E-04 5.50484E-03 1.83211E-02 3.03749E-02 4.47137E-02 2.94777E-01 5.93349E-01 1.83211E-02 5.50484E-03 7.98180E-04 3.63899E-01
1.37064E-03 5.76759E-03 1.77355E-02 2.90801E-02 4.22924E-02 2.83115E-01 5.74933E-01 1.77355E-02 5.76759E-03 1.37064E-03 3.37419E-01
1.84916E-03 5.95427E-03 1.71225E-02 2.77917E-02 3.99557E-02 2.71627E-01 5.56482E-01 1.71225E-02 5.95427E-03 1.84916E-03 3.11940E-01
2.24312E-03 6.07329E-03 1.64879E-02 2.65143E-02 3.77033E-02 2.60328E-01 5.38035E-01 1.64879E-02 6.07329E-03 2.24312E-03 2.87607E-01
2.56067E-03 6.13216E-03 1.58376E-02 2.52528E-02 3.55367E-02 2.49236E-01 5.19633E-01 1.58376E-02 6.13216E-03 2.56067E-03 2.64541E-01
2.81090E-03 6.13902E-03 1.51773E-02 2.40118E-02 3.34556E-02 2.38365E-01 5.01319E-01 1.51773E-02 6.13902E-03 2.81090E-03 2.42807E-01
3.00230E-03 6.10145E-03 1.45120E-02 2.27948E-02 3.14593E-02 2.27726E-01 4.83129E-01 1.45120E-02 6.10145E-03 3.00230E-03 2.22426E-01
3.14202E-03 6.02588E-03 1.38464E-02 2.16053E-02 2.95473E-02 2.17332E-01 4.65101E-01 1.38464E-02 6.02588E-03 3.14202E-03 2.03409E-01
3.23657E-03 5.91814E-03 1.31844E-02 2.04464E-02 2.77194E-02 2.07194E-01 4.47268E-01 1.31844E-02 5.91814E-03 3.23657E-03 1.85742E-01
3.29194E-03 5.78358E-03 1.25296E-02 1.93208E-02 2.59748E-02 1.97321E-01 4.29664E-01 1.25296E-02 5.78358E-03 3.29194E-03 1.69396E-01
3.31357E-03 5.62700E-03 1.18851E-02 1.82305E-02 2.43126E-02 1.87724E-01 4.12319E-01 1.18851E-02 5.62700E-03 3.31357E-03 1.54326E-01
3.30639E-03 5.45276E-03 1.12537E-02 1.71775E-02 2.27316E-02 1.78408E-01 3.95262E-01 1.12537E-02 5.45276E-03 3.30639E-03 1.40476E-01
3.27483E-03 5.26471E-03 1.06378E-02 1.61631E-02 2.12303E-02 1.69382E-01 3.78519E-01 1.06378E-02 5.26471E-03 3.27483E-03 1.27785E-01
3.22289E-03 5.06631E-03 1.00391E-02 1.51884E-02 1.98071E-02 1.60648E-01 3.62113E-01 1.00391E-02 5.06631E-03 3.22289E-03 1.16183E-01
3.15413E-03 4.86059E-03 9.45940E-03 1.42540E-02 1.84601E-02 1.52212E-01 3.46067E-01 9.45940E-03 4.86059E-03 3.15413E-03 1.05599E-01
3.07152E-03 4.65017E-03 8.90025E-03 1.33612E-02 1.71886E-02 1.44081E-01 3.30407E-01 8.90025E-03 4.65017E-03 3.07152E-03 9.59762E-02
2.97808E-03 4.43747E-03 8.36243E-03 1.25095E-02 1.59894E-02 1.36253E-01 3.15145E-01 8.36243E-03 4.43747E-03 2.97808E-03 8.72313E-02
0.00000E+00 0.00000E+00 1.83048E-02 3.51494E-02 5.63748E-02 3.77057E-01 7.28375E-01 1.83048E-02 0.00000E+00 0.00000E+00 4.92703E-01
0.00000E+00 9.39603E-04 1.79980E-02 3.38459E-02 5.33248E-02 3.63150E-01 7.08648E-01 1.79980E-02 9.39603E-04 0.00000E+00 4.74805E-01
0.00000E+00 1.78929E-03 1.77075E-02 3.26321E-02 5.05367E-02 3.49796E-01 6.89205E-01 1.77075E-02 1.78929E-03 0.00000E+00 4.54153E-01
0.00000E+00 2.50096E-03 1.73656E-02 3.14267E-02 4.78975E-02 3.36818E-01 6.69890E-01 1.73656E-02 2.50096E-03 0.00000E+00 4.32123E-01
0.00000E+00 3.09400E-03 1.69820E-02 3.02331E-02 4.53937E-02 3.24192E-01 6.50714E-01 1.69820E-02 3.09400E-03 0.00000E+00 4.09251E-01
0.00000E+00 3.57933E-03 1.65623E-02 2.90537E-02 4.30183E-02 3.11913E-01 6.31693E-01 1.65623E-02 3.57933E-03 0.00000E+00 3.85995E-01
0.00000E+00 3.97274E-03 1.61135E-02 2.78900E-02 4.07581E-02 2.99958E-01 6.12834E-01 1.61135E-02 3.97274E-03 0.00000E+00 3.62756E-01
0.00000E+00 4.22567E-03 1.57511E-02 2.70004E-02 3.90769E-02 2.90905E-01 5.98351E-01 1.57511E-02 4.22567E-03 0.00000E+00 3.44952E-01
1.11669E-04 4.27569E-03 1.56307E-02 2.67326E-02 3.85923E-02 2.88306E-01 5.94149E-01 1.56307E-02 4.27569E-03 1.11669E-04 3.39638E-01
6.49205E-04 4.52894E-03 1.50980E-02 2.55177E-02 3.63841E-02 2.76136E-01 5.74295E-01 1.50980E-02 4.52894E-03 6.49205E-04 3.14094E-01
1.11000E-03 4.72309E-03 1.45555E-02 2.43283E-02 3.42784E-02 2.64232E-01 5.54543E-01 1.45555E-02 4.72309E-03 1.11000E-03 2.89371E-01
1.49101E-03 4.85362E-03 1.39945E-02 2.31533E-02 3.22570E-02 2.52575E-01 5.34895E-01 1.39945E-02 4.85362E-03 1.49101E-03 2.65816E-01
1.80085E-03 4.92824E-03 1.34203E-02 2.19966E-02 3.03188E-02 2.41177E-01 5.15386E-01 1.34203E-02 4.92824E-03 1.80085E-03 2.43537E-01
2.04697E-03 4.95375E-03 1.28378E-02 2.08622E-02 2.84642E-02 2.30051E-01 4.96056E-01 1.28378E-02 4.95375E-03 2.04697E-03 2.22621E-01
2.23747E-03 4.93739E-03 1.22519E-02 1.97537E-02 2.66922E-02 2.19207E-01 4.76940E-01 1.22519E-02 4.93739E-03 2.23747E-03 2.03094E-01
2.37984E-03 4.88578E-03 1.16667E-02 1.86738E-02 2.50010E-02 2.08653E-01 4.58070E-01 1.16667E-02 4.88578E-03 2.37984E-03 1.84947E-01
2.48032E-03 4.80447E-03 1.10859E-02 1.76252E-02 2.33897E-02 1.98397E-01 4.39478E-01 1.10859E-02 4.80447E-03 2.48032E-03 1.68161E-01
2.54459E-03 4.69850E-03 1.05127E-02 1.66099E-02 2.18570E-02 1.88446E-01 4.21193E-01 1.05127E-02 4.69850E-03 2.54459E-03 1.52699E-01
2.57776E-03 4.57238E-03 9.94989E-03 1.56298E-02 2.04015E-02 1.78806E-01 4.03244E-01 9.94989E-03 4.57238E-03 2.57776E-03 1.38510E-01
2.58445E-03 4.43013E-03 9.39985E-03 1.46862E-02 1.90217E-02 1.69482E-01 3.85655E-01 9.39985E-03 4.43013E-03 2.58445E-03 1.25532E-01
2.56882E-03 4.27536E-03 8.86459E-03 1.37803E-02 1.77157E-02 1.60478E-01 3.68449E-01 8.86459E-03 4.27536E-03 2.56882E-03 1.13695E-01
2.53455E-03 4.11122E-03 8.34577E-03 1.29126E-02 1.64818E-02 1.51797E-01 3.51648E-01 8.34577E-03 4.11122E-03 2.53455E-03 1.02928E-01
2.48493E-03 3.94048E-03 7.84470E-03 1.20836E-02 1.53176E-02 1.43439E-01 3.35269E-01 7.84470E-03 3.94048E-03 2.48493E-03 9.31534E-02
2.42286E-03 3.76556E-03 7.36240E-03 1.12935E-02 1.42211E-02 1.35405E-01 3.19329E-01 7.36240E-03 3.76556E-03 2.42286E-03 8.42965E-02
2.35076E-03 3.58854E-03 6.89999E-03 1.05426E-02 1.31911E-02 1.27699E-01 3.03849E-01 6.89999E-03 3.58854E-03 2.35076E-03 7.62962E-02
2.27102E-03 3.41125E-03 6.45776E-03 9.83028E-03 1.22242E-02 1.20316E-01 2.88836E-01 6.45776E-03 3.41125E-03 2.27102E-03 6.90695E-02
0.00000E+00 0.00000E+00 1.53784E-02 3.03030E-02 4.65888E-02 3.61640E-01 7.20627E-01 1.53784E-02 0.00000E+00 0.00000E+00 4.49602E-01
0.00000E+00 7.95439E-04 1.50705E-02 2.90594E-02 4.39066E-02 3.46931E-01 6.98463E-01 1.50705E-02 7.95439E-04 0.00000E+00 4.30169E-01
0.00000E+00 1.50696E-03 1.47772E-02 2.79022E-02 4.14625E-02 3.32889E-01 6.76817E-01 1.47772E-02 1.50696E-03 0.00000E+00 4.08520E-01
0.00000E+00 2.09571E-03 1.44414E-02 2.67611E-02 3.91580E-02 3.19329E-01 6.55507E-01 1.44414E-02 2.09571E-03 0.00000E+00 3.85924E-01
0.00000E+00 2.57997E-03 1.40721E-02 2.56391E-02 3.69804E-02 3.06218E-01 6.34525E-01 1.40721E-02 2.57997E-03 0.00000E+00 3.62896E-01
0.00000E+00 2.97028E-03 1.36747E-02 2.45385E-02 3.49232E-02 2.93547E-01 6.13881E-01 1.36747E-02 2.97028E-03 0.00000E+00 3.39875E-01
0.00000E+00 3.28126E-03 1.32557E-02 2.34600E-02 3.29739E-02 2.81282E-01 5.93565E-01 1.32557E-02 3.28126E-03 0.00000E+00 3.17212E-01
0.00000E+00 3.47785E-03 1.29208E-02 2.26402E-02 3.15290E-02 2.72038E-01 5.78052E-01 1.29208E-02 3.47785E-03 0.00000E+00 3.00043E-01
9.06636E-05 3.51545E-03 1.28115E-02 2.23960E-02 3.11142E-02 2.69397E-01 5.73577E-01 1.28115E-02 3.51545E-03 9.06636E-05 2.94986E-01
5.25434E-04 3.70587E-03 1.23262E-02 2.12862E-02 2.92262E-02 2.57055E-01 5.52485E-01 1.23262E-02 3.70587E-03 5.25434E-04 2.70880E-01
8.94425E-04 3.84645E-03 1.18360E-02 2.02064E-02 2.74334E-02 2.45050E-01 5.31642E-01 1.18360E-02 3.84645E-03 8.94425E-04 2.47831E-01
1.19614E-03 3.93433E-03 1.13343E-02 1.91473E-02 2.57203E-02 2.33361E-01 5.11041E-01 1.13343E-02 3.93433E-03 1.19614E-03 2.26109E-01
1.43840E-03 3.97646E-03 1.08255E-02 1.81121E-02 2.40852E-02 2.21995E-01 4.90714E-01 1.08255E-02 3.97646E-03 1.43840E-03 2.05779E-01
1.62792E-03 3.97895E-03 1.03139E-02 1.71039E-02 2.25281E-02 2.10962E-01 4.70697E-01 1.03139E-02 3.97895E-03 1.62792E-03 1.86887E-01
1.77184E-03 3.94812E-03 9.80356E-03 1.61254E-02 2.10472E-02 2.00268E-01 4.51018E-01 9.80356E-03 3.94812E-03 1.77184E-03 1.69423E-01
1.87669E-03 3.88967E-03 9.29773E-03 1.51783E-02 1.96405E-02 1.89915E-01 4.31702E-01 9.29773E-03 3.88967E-03 1.87669E-03 1.53346E-01
1.94787E-03 3.80837E-03 8.79936E-03 1.42646E-02 1.83063E-02 1.79906E-01 4.12776E-01 8.79936E-03 3.80837E-03 1.94787E-03 1.38608E-01
1.99025E-03 3.70847E-03 8.31094E-03 1.33854E-02 1.70431E-02 1.70245E-01 3.94262E-01 8.31094E-03 3.70847E-03 1.99025E-03 1.25151E-01
2.00816E-03 3.59374E-03 7.83458E-03 1.25419E-02 1.58491E-02 1.60934E-01 3.76183E-01 7.83458E-03 3.59374E-03 2.00816E-03 1.12904E-01
2.00549E-03 3.46750E-03 7.37205E-03 1.17348E-02 1.47223E-02 1.51973E-01 3.58557E-01 7.37205E-03 3.46750E-03 2.00549E-03 1.01793E-01
1.98568E-03 3.33267E-03 6.92475E-03 1.09644E-02 1.36608E-02 1.43363E-01 3.41403E-01 6.92475E-03 3.33267E-03 1.98568E-03 9.17365E-02
1.95177E-03 3.19181E-03 6.49380E-03 1.02308E-02 1.26623E-02 1.35101E-01 3.24734E-01 6.49380E-03 3.19181E-03 1.95177E-03 8.26552E-02
1.90643E-03 3.04710E-03 6.08004E-03 9.53390E-03 1.17245E-02 1.27186E-01 3.08562E-01 6.08004E-03 3.04710E-03 1.90643E-03 7.44688E-02
1.85199E-03 2.90043E-03 5.68405E-03 8.87332E-03 1.08452E-02 1.19614E-01 2.92899E-01 5.68405E-03 2.90043E-03 1.85199E-03 6.70998E-02
1.79040E-03 2.75341E-03 5.30653E-03 8.24912E-03 1.00229E-02 1.12387E-01 2.77760E-01 5.30653E-03 2.75341E-03 1.79040E-03 6.04856E-02
1.72354E-03 2.60743E-03 4.94745E-03 7.66012E-03 9.25444E-03 1.05495E-01 2.63147E-01 4.94745E-03 2.60743E-03 1.72354E-03 5.45460E-02
0.00000E+00 0.00000E+00 1.27662E-02 2.59038E-02 3.79272E-02 3.44645E-01 7.08452E-01 1.27662E-02 0.00000E+00 0.00000E+00 4.12114E-01
0.00000E+00 6.68412E-04 1.24725E-02 2.47323E-02 3.56248E-02 3.29291E-01 6.84077E-01 1.24725E-02 6.68412E-04 0.00000E+00 3.90844E-01
0.00000E+00 1.25966E-03 1.21913E-02 2.36445E-02 3.35325E-02 3.14716E-01 6.60460E-01 1.21913E-02 1.25966E-03 0.00000E+00 3.68030E-01
0.00000E+00 1.74281E-03 1.18749E-02 2.25798E-02 3.15657E-02 3.00729E-01 6.37391E-01 1.18749E-02 1.74281E-03 0.00000E+00 3.44802E-01
0.00000E+00 2.13484E-03 1.15318E-02 2.15405E-02 2.97134E-02 2.87286E-01 6.14844E-01 1.15318E-02 2.13484E-03 0.00000E+00 3.21616E-01
0.00000E+00 2.44579E-03 1.11672E-02 2.05284E-02 2.79696E-02 2.74372E-01 5.92818E-01 1.11672E-02 2.44579E-03 0.00000E+00 2.98867E-01
0.00000E+00 2.68900E-03 1.07869E-02 1.95438E-02 2.63231E-02 2.61943E-01 5.71288E-01 1.07869E-02 2.68900E-03 0.00000E+00 2.76832E-01
0.00000E+00 2.83992E-03 1.04852E-02 1.87995E-02 2.51062E-02 2.52618E-01 5.54933E-01 1.04852E-02 2.83992E-03 0.00000E+00 2.60340E-01
7.30840E-05 2.86767E-03 1.03883E-02 1.85797E-02 2.47581E-02 2.49967E-01 5.50238E-01 1.03883E-02 2.86767E-03 7.30840E-05 2.55549E-01
4.22219E-04 3.00840E-03 9.95638E-03 1.75809E-02 2.31751E-02 2.37600E-01 5.28166E-01 9.95638E-03 3.00840E-03 4.22219E-04 2.32893E-01
7.15537E-04 3.10760E-03 9.52327E-03 1.66151E-02 2.16778E-02 2.25636E-01 5.06485E-01 9.52327E-03 3.10760E-03 7.15537E-04 2.11510E-01
9.52666E-04 3.16367E-03 9.08380E-03 1.56746E-02 2.02527E-02 2.14053E-01 4.85185E-01 9.08380E-03 3.16367E-03 9.52666E-04 1.91590E-01
1.14059E-03 3.18276E-03 8.64176E-03 1.47616E-02 1.88983E-02 2.02850E-01 4.64290E-01 8.64176E-03 3.18276E-03 1.14059E-03 1.73152E-01
1.28527E-03 3.17026E-03 8.20076E-03 1.38786E-02 1.76138E-02 1.92036E-01 4.43829E-01 8.20076E-03 3.17026E-03 1.28527E-03 1.56201E-01
1.39294E-03 3.13161E-03 7.76404E-03 1.30273E-02 1.63975E-02 1.81609E-01 4.23826E-01 7.76404E-03 3.13161E-03 1.39294E-03 1.40690E-01
1.46921E-03 3.07167E-03 7.33424E-03 1.22087E-02 1.52470E-02 1.71568E-01 4.04296E-01 7.33424E-03 3.07167E-03 1.46921E-03 1.26549E-01
1.51868E-03 2.99443E-03 6.91362E-03 1.14238E-02 1.41605E-02 1.61910E-01 3.85258E-01 6.91362E-03 2.99443E-03 1.51868E-03 1.13705E-01
1.54547E-03 2.90343E-03 6.50406E-03 1.06734E-02 1.31362E-02 1.52635E-01 3.66731E-01 6.50406E-03 2.90343E-03 1.54547E-03 1.02080E-01
1.55322E-03 2.80179E-03 6.10712E-03 9.95772E-03 1.21721E-02 1.43741E-01 3.48728E-01 6.10712E-03 2.80179E-03 1.55322E-03 9.15898E-02
1.54513E-03 2.69219E-03 5.72403E-03 9.27696E-03 1.12662E-02 1.35224E-01 3.31263E-01 5.72403E-03 2.69219E-03 1.54513E-03 8.21482E-02
1.52403E-03 2.57697E-03 5.35573E-03 8.63096E-03 1.04164E-02 1.27080E-01 3.14346E-01 5.35573E-03 2.57697E-03 1.52403E-03 7.36686E-02
1.49239E-03 2.45815E-03 5.00293E-03 8.01937E-03 9.62046E-03 1.19305E-01 2.97986E-01 5.00293E-03 2.45815E-03 1.49239E-03 6.60664E-02
1.45236E-03 2.33744E-03 4.66608E-03 7.44161E-03 8.87614E-03 1.11891E-01 2.82188E-01 4.66608E-03 2.33744E-03 1.45236E-03 5.92603E-02
1.40578E-03 2.21627E-03 4.34545E-03 6.89698E-03 8.18116E-03 1.04832E-01 2.66956E-01 4.34545E-03 2.21627E-03 1.40578E-03 5.31731E-02
1.35420E-03 2.09588E-03 4.04141E-03 6.38516E-03 7.53400E-03 9.81267E-02 2.52303E-01 4.04141E-03 2.09588E-03 1.35420E-03 4.77432E-02
1.29908E-03 1.97728E-03 3.75373E-03 5.90480E-03 6.93178E-03 9.17627E-02 2.38221E-01 3.75373E-03 1.97728E-03 1.29908E-03 4.28947E-02
0.00000E+00 0.00000E+00 1.04717E-02 2.19029E-02 3.04554E-02 3.26149E-01 6.92023E-01 1.04717E-02 0.00000E+00 0.00000E+00 3.78233E-01
0.00000E+00 5.56419E-04 1.02012E-02 2.08179E-02 2.85190E-02 3.10328E-01 6.65707E-01 1.02012E-02 5.56419E-04 0.00000E+00 3.55106E-01
0.00000E+00 1.04312E-03 9.94125E-03 1.98134E-02 2.67632E-02 2.95396E-01 6.40390E-01 9.94125E-03 1.04312E-03 0.00000E+00 3.31197E-01
0.00000E+00 1.43582E-03 9.65248E-03 1.88376E-02 2.51170E-02 2.81152E-01 6.15834E-01 9.65248E-03 1.43582E-03 0.00000E+00 3.07462E-01
0.00000E+00 1.75004E-03 9.34263E-03 1.78918E-02 2.35709E-02 2.67543E-01 5.91990E-01 9.34263E-03 1.75004E-03 0.00000E+00 2.84269E-01
0.00000E+00 1.99516E-03 9.01661E-03 1.69775E-02 2.21197E-02 2.54545E-01 5.68850E-01 9.01661E-03 1.99516E-03 0.00000E+00 2.61947E-01
0.00000E+00 2.18313E-03 8.67953E-03 1.60942E-02 2.07536E-02 2.42107E-01 5.46367E-01 8.67953E-03 2.18313E-03 0.00000E+00 2.40682E-01
0.00000E+00 2.29744E-03 8.41393E-03 1.54302E-02 1.97467E-02 2.32816E-01 5.29369E-01 8.41393E-03 2.29744E-03 0.00000E+00 2.24962E-01
5.84252E-05 2.31751E-03 8.32965E-03 1.52358E-02 1.94595E-02 2.30186E-01 5.24512E-01 8.32965E-03 2.31751E-03 5.84252E-05 2.20457E-01
3.36476E-04 2.41950E-03 7.95318E-03 1.43520E-02 1.81549E-02 2.17944E-01 5.01728E-01 7.95318E-03 2.41950E-03 3.36476E-04 1.99321E-01
5.67699E-04 2.48738E-03 7.57812E-03 1.35029E-02 1.69251E-02 2.06166E-01 4.79475E-01 7.57812E-03 2.48738E-03 5.67699E-04 1.79634E-01
7.52490E-04 2.52040E-03 7.20047E-03 1.26817E-02 1.57590E-02 1.94823E-01 4.57734E-01 7.20047E-03 2.52040E-03 7.52490E-04 1.61513E-01
8.96989E-04 2.52392E-03 6.82338E-03 1.18898E-02 1.46549E-02 1.83912E-01 4.36521E-01 6.82338E-03 2.52392E-03 8.96989E-04 1.44927E-01
1.00642E-03 2.50261E-03 6.44987E-03 1.11291E-02 1.36120E-02 1.73436E-01 4.15860E-01 6.44987E-03 2.50261E-03 1.00642E-03 1.29845E-01
1.08612E-03 2.46109E-03 6.08248E-03 1.04005E-02 1.26283E-02 1.63389E-01 3.95766E-01 6.08248E-03 2.46109E-03 1.08612E-03 1.16187E-01
1.14083E-03 2.40340E-03 5.72325E-03 9.70423E-03 1.17015E-02 1.53762E-01 3.76245E-01 5.72325E-03 2.40340E-03 1.14083E-03 1.03854E-01
1.17445E-03 2.33286E-03 5.37389E-03 9.04076E-03 1.08298E-02 1.44550E-01 3.57312E-01 5.37389E-03 2.33286E-03 1.17445E-03 9.27558E-02
1.19040E-03 2.25238E-03 5.03579E-03 8.41020E-03 1.00113E-02 1.35748E-01 3.38974E-01 5.03579E-03 2.25238E-03 1.19040E-03 8.27995E-02
1.19169E-03 2.16446E-03 4.71003E-03 7.81241E-03 9.24407E-03 1.27348E-01 3.21240E-01 4.71003E-03 2.16446E-03 1.19169E-03 7.38901E-02
1.18094E-03 2.07125E-03 4.39744E-03 7.24707E-03 8.52609E-03 1.19345E-01 3.04117E-01 4.39744E-03 2.07125E-03 1.18094E-03 6.59346E-02
1.16043E-03 1.97460E-03 4.09860E-03 6.71365E-03 7.85530E-03 1.11729E-01 2.87608E-01 4.09860E-03 1.97460E-03 1.16043E-03 5.88432E-02
1.13213E-03 1.87606E-03 3.81389E-03 6.21145E-03 7.22960E-03 1.04492E-01 2.71715E-01 3.81389E-03 1.87606E-03 1.13213E-03 5.25305E-02
1.09776E-03 1.77694E-03 3.54351E-03 5.73964E-03 6.64685E-03 9.76242E-02 2.56437E-01 3.54351E-03 1.77694E-03 1.09776E-03 4.69164E-02
1.05877E-03 1.67833E-03 3.28748E-03 5.29728E-03 6.10494E-03 9.11165E-02 2.41772E-01 3.28748E-03 1.67833E-03 1.05877E-03 4.19267E-02
1.01635E-03 1.58114E-03 3.04595E-03 4.88380E-03 5.60239E-03 8.49642E-02 2.27727E-01 3.04595E-03 1.58114E-03 1.01635E-03 3.75020E-02
9.71616E-04 1.48609E-03 2.81856E-03 4.49776E-03 5.13662E-03 7.91522E-02 2.14289E-01 2.81856E-03 1.48609E-03 9.71616E-04 3.35726E-02
0.00000E+00 0.00000E+00 8.48067E-03 1.82764E-02 2.41270E-02 3.06222E-01 6.71561E-01 8.48067E-03 0.00000E+00 0.00000E+00 3.46482E-01
0.00000E+00 4.57898E-04 8.23857E-03 1.72909E-02 2.25282E-02 2.90132E-01 6.43603E-01 8.23857E-03 4.57898E-04 0.00000E+00 3.21717E-01
0.00000E+00 8.54011E-04 8.00516E-03 1.63821E-02 2.10815E-02 2.75033E-01 6.16882E-01 8.00516E-03 8.54011E-04 0.00000E+00 2.96967E-01
0.00000E+00 1.16960E-03 7.74853E-03 1.55056E-02 1.97281E-02 2.60717E-01 5.91128E-01 7.74853E-03 1.16960E-03 0.00000E+00 2.72990E-01
0.00000E+00 1.41858E-03 7.47557E-03 1.46620E-02 1.84599E-02 2.47115E-01 5.66272E-01 7.47557E-03 1.41858E-03 0.00000E+00 2.50046E-01
0.00000E+00 1.60950E-03 7.19076E-03 1.38522E-02 1.72728E-02 2.34200E-01 5.42293E-01 7.19076E-03 1.60950E-03 0.00000E+00 2.28378E-01
0.00000E+00 1.75290E-03 6.89853E-03 1.30753E-02 1.61584E-02 2.21910E-01 5.19127E-01 6.89853E-03 1.75290E-03 0.00000E+00 2.08075E-01
0.00000E+00 1.83818E-03 6.66962E-03 1.24943E-02 1.53389E-02 2.12769E-01 5.01690E-01 6.66962E-03 1.83818E-03 0.00000E+00 1.93251E-01
4.62566E-05 1.85236E-03 6.59774E-03 1.23255E-02 1.51058E-02 2.10192E-01 4.96727E-01 6.59774E-03 1.85236E-03 4.62566E-05 1.89057E-01
2.65578E-04 1.92469E-03 6.27616E-03 1.15584E-02 1.40480E-02 1.98224E-01 4.73502E-01 6.27616E-03 1.92469E-03 2.65578E-04 1.69533E-01
4.46120E-04 1.96940E-03 5.95769E-03 1.08259E-02 1.30541E-02 1.86771E-01 4.50940E-01 5.95769E-03 1.96940E-03 4.46120E-04 1.51589E-01
5.88758E-04 1.98633E-03 5.63926E-03 1.01222E-02 1.21149E-02 1.75801E-01 4.29011E-01 5.63926E-03 1.98633E-03 5.88758E-04 1.35269E-01
6.98801E-04 1.98007E-03 5.32345E-03 9.44799E-03 1.12288E-02 1.65304E-01 4.07725E-01 5.32345E-03 1.98007E-03 6.98801E-04 1.20500E-01
7.80734E-04 1.95459E-03 5.01268E-03 8.80449E-03 1.03949E-02 1.55279E-01 3.87098E-01 5.01268E-03 1.95459E-03 7.80734E-04 1.07217E-01
8.39063E-04 1.91373E-03 4.70895E-03 8.19197E-03 9.61131E-03 1.45714E-01 3.67136E-01 4.70895E-03 1.91373E-03 8.39063E-04 9.53098E-02
8.77754E-04 1.86082E-03 4.41375E-03 7.61023E-03 8.87585E-03 1.36595E-01 3.47837E-01 4.41375E-03 1.86082E-03 8.77754E-04 8.46618E-02
9.00030E-04 1.79856E-03 4.12837E-03 7.05918E-03 8.18676E-03 1.27913E-01 3.29207E-01 4.12837E-03 1.79856E-03 9.00030E-04 7.51678E-02
9.08702E-04 1.72928E-03 3.85376E-03 6.53852E-03 7.54224E-03 1.19658E-01 3.11248E-01 3.85376E-03 1.72928E-03 9.08702E-04 6.67241E-02
9.06214E-04 1.65497E-03 3.59066E-03 6.04774E-03 6.94043E-03 1.11820E-01 2.93960E-01 3.59066E-03 1.65497E-03 9.06214E-04 5.92302E-02
8.94678E-04 1.57733E-03 3.33957E-03 5.58621E-03 6.37945E-03 1.04387E-01 2.77343E-01 3.33957E-03 1.57733E-03 8.94678E-04 5.25905E-02
8.75916E-04 1.49778E-03 3.10080E-03 5.15314E-03 5.85739E-03 9.73478E-02 2.61394E-01 3.10080E-03 1.49778E-03 8.75916E-04 4.67150E-02
8.51488E-04 1.41749E-03 2.87452E-03 4.74763E-03 5.37233E-03 9.06909E-02 2.46107E-01 2.87452E-03 1.41749E-03 8.51488E-04 4.15205E-02
8.22722E-04 1.33746E-03 2.66071E-03 4.36869E-03 4.92235E-03 8.44039E-02 2.31477E-01 2.66071E-03 1.33746E-03 8.22722E-04 3.69302E-02
7.90747E-04 1.25846E-03 2.45926E-03 4.01526E-03 4.50553E-03 7.84742E-02 2.17495E-01 2.45926E-03 1.25846E-03 7.90747E-04 3.28748E-02
7.56484E-04 1.18119E-03 2.27017E-03 3.68664E-03 4.12052E-03 7.28947E-02 2.04162E-01 2.27017E-03 1.18119E-03 7.56484E-04 2.92987E-02
7.20772E-04 1.10613E-03 2.09299E-03 3.38139E-03 3.76508E-03 6.76482E-02 1.91461E-01 2.09299E-03 1.10613E-03 7.20772E-04 2.61391E-02
0.00000E+00 0.00000E+00 6.78059E-03 1.50257E-02 1.88772E-02 2.85057E-01 6.47420E-01 6.78059E-03 0.00000E+00 0.00000E+00 3.15885E-01
0.00000E+00 3.71940E-04 6.56869E-03 1.41497E-02 1.75779E-02 2.68914E-01 6.18148E-01 6.56869E-03 3.71940E-04 0.00000E+00 2.89902E-01
0.00000E+00 6.90259E-04 6.36412E-03 1.33452E-02 1.64045E-02 2.53852E-01 5.90339E-01 6.36412E-03 6.90259E-04 0.00000E+00 2.64712E-01
0.00000E+00 9.40729E-04 6.14120E-03 1.25748E-02 1.53088E-02 2.39653E-01 5.63692E-01 6.14120E-03 9.40729E-04 0.00000E+00 2.40861E-01
0.00000E+00 1.13558E-03 5.90594E-03 1.18384E-02 1.42844E-02 2.26239E-01 5.38119E-01 5.90594E-03 1.13558E-03 0.00000E+00 2.18487E-01
0.00000E+00 1.28239E-03 5.66231E-03 1.11363E-02 1.33279E-02 2.13574E-01 5.13587E-01 5.66231E-03 1.28239E-03 0.00000E+00 1.97741E-01
0.00000E+00 1.39029E-03 5.41408E-03 1.04670E-02 1.24324E-02 2.01586E-01 4.90010E-01 5.41408E-03 1.39029E-03 0.00000E+00 1.78611E-01
0.00000E+00 1.45295E-03 5.22068E-03 9.96910E-03 1.17753E-02 1.92709E-01 4.72338E-01 5.22068E-03 1.45295E-03 0.00000E+00 1.64810E-01
3.62394E-05 1.46270E-03 5.16050E-03 9.82536E-03 1.15889E-02 1.90218E-01 4.67328E-01 5.16050E-03 1.46270E-03 3.62394E-05 1.60955E-01
2.07446E-04 1.51278E-03 4.89102E-03 9.17296E-03 1.07436E-02 1.78667E-01 4.43931E-01 4.89102E-03 1.51278E-03 2.07446E-04 1.43134E-01
3.46981E-04 1.54084E-03 4.62565E-03 8.55361E-03 9.95191E-03 1.67672E-01 4.21316E-01 4.62565E-03 1.54084E-03 3.46981E-04 1.26969E-01
4.55977E-04 1.54710E-03 4.36202E-03 7.96234E-03 9.20629E-03 1.57196E-01 3.99445E-01 4.36202E-03 1.54710E-03 4.55977E-04 1.12440E-01
5.38938E-04 1.53540E-03 4.10220E-03 7.39942E-03 8.50522E-03 1.47224E-01 3.78319E-01 4.10220E-03 1.53540E-03 5.38938E-04 9.94400E-02
5.99649E-04 1.50905E-03 3.84812E-03 6.86543E-03 7.84782E-03 1.37749E-01 3.57948E-01 3.84812E-03 1.50905E-03 5.99649E-04 8.78723E-02
6.41852E-04 1.47120E-03 3.60126E-03 6.36019E-03 7.23234E-03 1.28756E-01 3.38326E-01 3.60126E-03 1.47120E-03 6.41852E-04 7.76079E-02
6.68804E-04 1.42451E-03 3.36272E-03 5.88313E-03 6.65677E-03 1.20225E-01 3.19445E-01 3.36272E-03 1.42451E-03 6.68804E-04 6.85153E-02
6.83134E-04 1.37117E-03 3.13339E-03 5.43383E-03 6.11948E-03 1.12143E-01 3.01301E-01 3.13339E-03 1.37117E-03 6.83134E-04 6.04805E-02
6.87116E-04 1.31301E-03 2.91393E-03 5.01167E-03 5.61883E-03 1.04496E-01 2.83890E-01 2.91393E-03 1.31301E-03 6.87116E-04 5.33948E-02
6.82704E-04 1.25159E-03 2.70479E-03 4.61594E-03 5.15312E-03 9.72692E-02 2.67204E-01 2.70479E-03 1.25159E-03 6.82704E-04 4.71562E-02
6.71577E-04 1.18820E-03 2.50624E-03 4.24581E-03 4.72066E-03 9.04497E-02 2.51237E-01 2.50624E-03 1.18820E-03 6.71577E-04 4.16698E-02
6.55164E-04 1.12393E-03 2.31840E-03 3.90035E-03 4.31974E-03 8.40223E-02 2.35978E-01 2.31840E-03 1.12393E-03 6.55164E-04 3.68489E-02
6.34680E-04 1.05966E-03 2.14126E-03 3.57856E-03 3.94865E-03 7.79725E-02 2.21417E-01 2.14126E-03 1.05966E-03 6.34680E-04 3.26145E-02
6.11149E-04 9.96105E-04 1.97470E-03 3.27941E-03 3.60570E-03 7.22856E-02 2.07541E-01 1.97470E-03 9.96105E-04 6.11149E-04 2.88953E-02
5.85430E-04 9.33837E-04 1.81853E-03 3.00181E-03 3.28924E-03 6.69467E-02 1.94336E-01 1.81853E-03 9.33837E-04 5.85430E-04 2.56279E-02
5.58224E-04 8.73341E-04 1.67263E-03 2.74501E-03 2.99807E-03 6.19467E-02 1.81798E-01 1.67263E-03 8.73341E-04 5.58224E-04 2.27617E-02
5.30154E-04 8.14946E-04 1.53656E-03 2.50764E-03 2.73028E-03 5.72668E-02 1.69904E-01 1.53656E-03 8.14946E-04 5.30154E-04 2.02414E-02
0.00000E+00 0.00000E+00 5.34997E-03 1.21549E-02 1.45950E-02 2.62892E-01 6.19998E-01 5.34997E-03 0.00000E+00 0.00000E+00 2.85863E-01
0.00000E+00 2.97726E-04 5.16805E-03 1.13935E-02 1.35535E-02 2.46920E-01 5.89754E-01 5.16805E-03 2.97726E-04 0.00000E+00 2.59219E-01
0.00000E+00 5.49934E-04 4.99243E-03 1.06975E-02 1.26148E-02 2.32102E-01 5.61182E-01 4.99243E-03 5.49934E-04 0.00000E+00 2.34080E-01
0.00000E+00 7.46005E-04 4.80271E-03 1.00355E-02 1.17400E-02 2.18212E-01 5.33955E-01 4.80271E-03 7.46005E-04 0.00000E+00 2.10775E-01
0.00000E+00 8.96436E-04 4.60400E-03 9.40674E-03 1.09238E-02 2.05162E-01 5.07963E-01 4.60400E-03 8.96436E-04 0.00000E+00 1.89317E-01
0.00000E+00 1.00780E-03 4.39970E-03 8.81125E-03 1.01637E-02 1.92910E-01 4.83160E-01 4.39970E-03 1.00780E-03 0.00000E+00 1.69764E-01
0.00000E+00 1.08783E-03 4.19291E-03 8.24701E-03 9.45393E-03 1.81374E-01 4.59443E-01 4.19291E-03 1.08783E-03 0.00000E+00 1.52008E-01
2.77556E-17 1.13311E-03 4.03262E-03 7.82937E-03 8.93427E-03 1.72868E-01 4.41736E-01 4.03262E-03 1.13311E-03 2.77556E-17 1.39347E-01
2.80663E-05 1.13963E-03 3.98315E-03 7.70954E-03 8.78719E-03 1.70490E-01 4.36734E-01 3.98315E-03 1.13963E-03 2.80663E-05 1.35851E-01
1.60201E-04 1.17338E-03 3.76151E-03 7.16619E-03 8.12105E-03 1.59489E-01 4.13424E-01 3.76151E-03 1.17338E-03 1.60201E-04 1.19804E-01
2.66853E-04 1.18988E-03 3.54442E-03 6.65331E-03 7.49902E-03 1.49072E-01 3.91002E-01 3.54442E-03 1.18988E-03 2.66853E-04 1.05433E-01
3.49241E-04 1.18952E-03 3.33008E-03 6.16662E-03 6.91511E-03 1.39198E-01 3.69422E-01 3.33008E-03 1.18952E-03 3.49241E-04 9.26656E-02
4.11115E-04 1.17548E-03 3.12010E-03 5.70599E-03 6.36795E-03 1.29847E-01 3.48674E-01 3.12010E-03 1.17548E-03 4.11115E-04 8.13665E-02
4.55612E-04 1.15046E-03 2.91595E-03 5.27160E-03 5.85669E-03 1.21008E-01 3.28762E-01 2.91595E-03 1.15046E-03 4.55612E-04 7.14174E-02
4.85784E-04 1.11696E-03 2.71874E-03 4.86295E-03 5.37974E-03 1.12659E-01 3.09671E-01 2.71874E-03 1.11696E-03 4.85784E-04 6.26760E-02
5.04263E-04 1.07714E-03 2.52921E-03 4.47924E-03 4.93533E-03 1.04780E-01 2.91384E-01 2.52921E-03 1.07714E-03 5.04263E-04 5.50033E-02
5.13158E-04 1.03267E-03 2.34798E-03 4.11983E-03 4.52199E-03 9.73507E-02 2.73888E-01 2.34798E-03 1.03267E-03 5.13158E-04 4.82818E-02
5.14277E-04 9.84997E-04 2.17546E-03 3.78395E-03 4.13826E-03 9.03556E-02 2.57173E-01 2.17546E-03 9.84997E-04 5.14277E-04 4.24025E-02
5.09162E-04 9.35306E-04 2.01188E-03 3.47075E-03 3.78264E-03 8.37771E-02 2.41225E-01 2.01188E-03 9.35306E-04 5.09162E-04 3.72655E-02
4.99123E-04 8.84580E-04 1.85736E-03 3.17934E-03 3.45364E-03 7.75982E-02 2.26029E-01 1.85736E-03 8.84580E-04 4.99123E-04 3.27801E-02
4.85268E-04 8.33621E-04 1.71189E-03 2.90874E-03 3.14977E-03 7.18021E-02 2.11569E-01 1.71189E-03 8.33621E-04 4.85268E-04 2.88649E-02
4.68527E-04 7.83078E-04 1.57536E-03 2.65796E-03 2.86957E-03 6.63720E-02 1.97830E-01 1.57536E-03 7.83078E-04 4.68527E-04 2.54470E-02
4.49678E-04 7.33463E-04 1.44760E-03 2.42597E-03 2.61160E-03 6.12912E-02 1.84792E-01 1.44760E-03 7.33463E-04 4.49678E-04 2.24621E-02
4.29368E-04 6.85178E-04 1.32835E-03 2.21175E-03 2.37444E-03 5.65433E-02 1.72436E-01 1.32835E-03 6.85178E-04 4.29368E-04 1.98534E-02
4.08121E-04 6.38560E-04 1.21746E-03 2.01454E-03 2.15705E-03 5.21174E-02 1.60755E-01 1.21746E-03 6.38560E-04 4.08121E-04 1.75761E-02
3.86394E-04 5.93822E-04 1.11450E-03 1.83313E-03 1.95787E-03 4.79937E-02 1.49720E-01 1.11450E-03 5.93822E-04 3.86394E-04 1.55824E-02
0.00000E+00 0.00000E+00 4.16274E-03 9.66404E-03 1.11497E-02 2.40007E-01 5.89710E-01 4.16274E-03 0.00000E+00 0.00000E+00 2.56178E-01
0.00000E+00 2.34455E-04 4.00920E-03 9.01734E-03 1.03253E-02 2.24431E-01 5.58843E-01 4.00920E-03 2.34455E-04 0.00000E+00 2.29508E-01
0.00000E+00 4.31165E-04 3.86125E-03 8.42894E-03 9.58377E-03 2.10061E-01 5.29838E-01 3.86125E-03 4.31165E-04 0.00000E+00 2.04944E-01
0.00000E+00 5.82337E-04 3.70285E-03 7.87293E-03 8.89424E-03 1.96665E-01 5.02342E-01 3.70285E-03 5.82337E-04 0.00000E+00 1.82610E-01
0.00000E+00 6.96767E-04 3.53821E-03 7.34814E-03 8.25254E-03 1.84148E-01 4.76224E-01 3.53821E-03 6.96767E-04 0.00000E+00 1.62403E-01
0.00000E+00 7.80006E-04 3.37015E-03 6.85420E-03 7.65643E-03 1.72460E-01 4.51428E-01 3.37015E-03 7.80006E-04 0.00000E+00 1.44288E-01
0.00000E+00 8.38449E-04 3.20114E-03 6.38894E-03 7.10132E-03 1.61513E-01 4.27829E-01 3.20114E-03 8.38449E-04 0.00000E+00 1.28076E-01
1.38778E-17 8.70602E-04 3.07078E-03 6.04616E-03 6.69583E-03 1.53474E-01 4.10278E-01 3.07078E-03 8.70602E-04 1.38778E-17 1.16644E-01
2.14612E-05 8.74808E-04 3.03084E-03 5.94836E-03 6.58135E-03 1.51235E-01 4.05339E-01 3.03084E-03 8.74808E-04 2.14612E-05 1.13523E-01
1.22166E-04 8.96876E-04 2.85191E-03 5.50545E-03 6.06342E-03 1.40900E-01 3.82360E-01 2.85191E-03 8.96876E-04 1.22166E-04 9.92856E-02
2.02690E-04 9.05645E-04 2.67759E-03 5.08964E-03 5.58129E-03 1.31164E-01 3.60361E-01 2.67759E-03 9.05645E-04 2.02690E-04 8.66933E-02
2.64223E-04 9.01600E-04 2.50649E-03 4.69733E-03 5.13023E-03 1.21982E-01 3.39286E-01 2.50649E-03 9.01600E-04 2.64223E-04 7.56309E-02
3.09828E-04 8.87298E-04 2.33982E-03 4.32812E-03 4.70900E-03 1.13331E-01 3.19117E-01 2.33982E-03 8.87298E-04 3.09828E-04 6.59444E-02
3.42054E-04 8.64896E-04 2.17869E-03 3.98188E-03 4.31681E-03 1.05194E-01 2.99848E-01 2.17869E-03 8.64896E-04 3.42054E-04 5.75017E-02
3.63347E-04 8.36382E-04 2.02388E-03 3.65794E-03 3.95226E-03 9.75472E-02 2.81457E-01 2.02388E-03 8.36382E-04 3.63347E-04 5.01540E-02
3.75795E-04 8.03407E-04 1.87589E-03 3.35538E-03 3.61380E-03 9.03644E-02 2.63918E-01 1.87589E-03 8.03407E-04 3.75795E-04 4.37616E-02
3.81063E-04 7.67284E-04 1.73511E-03 3.07347E-03 3.30017E-03 8.36252E-02 2.47212E-01 1.73511E-03 7.67284E-04 3.81063E-04 3.82081E-02
3.80565E-04 7.29100E-04 1.60176E-03 2.81137E-03 3.01008E-03 7.73097E-02 2.31320E-01 1.60176E-03 7.29100E-04 3.80565E-04 3.33882E-02
3.75496E-04 6.89750E-04 1.47595E-03 2.56822E-03 2.74223E-03 7.13984E-02 2.16221E-01 1.47595E-03 6.89750E-04 3.75496E-04 2.92073E-02
3.66865E-04 6.49962E-04 1.35768E-03 2.34311E-03 2.49536E-03 6.58722E-02 2.01897E-01 1.35768E-03 6.49962E-04 3.66865E-04 2.55814E-02
3.55515E-04 6.10321E-04 1.24686E-03 2.13510E-03 2.26821E-03 6.07125E-02 1.88324E-01 1.24686E-03 6.10321E-04 3.55515E-04 2.24361E-02
3.42149E-04 5.71293E-04 1.14334E-03 1.94327E-03 2.05952E-03 5.59009E-02 1.75481E-01 1.14334E-03 5.71293E-04 3.42149E-04 1.97061E-02
3.27349E-04 5.33236E-04 1.04690E-03 1.76665E-03 1.86811E-03 5.14195E-02 1.63345E-01 1.04690E-03 5.33236E-04 3.27349E-04 1.73344E-02
3.11595E-04 4.96427E-04 9.57286E-04 1.60433E-03 1.69279E-03 4.72508E-02 1.51892E-01 9.57286E-04 4.96427E-04 3.11595E-04 1.52716E-02
2.95273E-04 4.61094E-04 8.74324E-04 1.45561E-03 1.53270E-03 4.33827E-02 1.41109E-01 8.74324E-04 4.61094E-04 2.95273E-04 1.34788E-02
2.78713E-04 4.27366E-04 7.97623E-04 1.31943E-03 1.38656E-03 3.97950E-02 1.30965E-01 7.97623E-04 4.27366E-04 2.78713E-04 1.19155E-02
0.00000E+00 0.00000E+00 3.19353E-03 7.54959E-03 8.41805E-03 2.16793E-01 5.57069E-01 3.19353E-03 0.00000E+00 0.00000E+00 2.26972E-01
0.00000E+00 1.81436E-04 3.06596E-03 7.01249E-03 7.77296E-03 2.01825E-01 5.25927E-01 3.06596E-03 1.81436E-04 0.00000E+00 2.00914E-01
0.00000E+00 3.32327E-04 2.94347E-03 6.52621E-03 7.19414E-03 1.88092E-01 4.96814E-01 2.94347E-03 3.32327E-04 0.00000E+00 1.77427E-01
0.00000E+00 4.47041E-04 2.81361E-03 6.06961E-03 6.65727E-03 1.75360E-01 4.69353E-01 2.81361E-03 4.47041E-04 0.00000E+00 1.56450E-01
0.00000E+00 5.32760E-04 2.67971E-03 5.64124E-03 6.15899E-03 1.63525E-01 4.43394E-01 2.67971E-03 5.32760E-04 0.00000E+00 1.37778E-01
0.00000E+00 5.94050E-04 2.54403E-03 5.24048E-03 5.69745E-03 1.52533E-01 4.18868E-01 2.54403E-03 5.94050E-04 0.00000E+00 1.21294E-01
0.00000E+00 6.36077E-04 2.40846E-03 4.86510E-03 5.26891E-03 1.42290E-01 3.95634E-01 2.40846E-03 6.36077E-04 0.00000E+00 1.06745E-01
0.00000E+00 6.58519E-04 2.30441E-03 4.58979E-03 4.95665E-03 1.34799E-01 3.78419E-01 2.30441E-03 6.58519E-04 0.00000E+00 9.65928E-02
1.61959E-05 6.61126E-04 2.27276E-03 4.51164E-03 4.86872E-03 1.32721E-01 3.73589E-01 2.27276E-03 6.61126E-04 1.61959E-05 9.38502E-02
9.19578E-05 6.75076E-04 2.13096E-03 4.15820E-03 4.47133E-03 1.23146E-01 3.51168E-01 2.13096E-03 6.75076E-04 9.19578E-05 8.14145E-02
1.51997E-04 6.78957E-04 1.99354E-03 3.82813E-03 4.10264E-03 1.14172E-01 3.29802E-01 1.99354E-03 6.78957E-04 1.51997E-04 7.05459E-02
1.97400E-04 6.73258E-04 1.85942E-03 3.51841E-03 3.75887E-03 1.05750E-01 3.09426E-01 1.85942E-03 6.73258E-04 1.97400E-04 6.11008E-02
2.30621E-04 6.59997E-04 1.72950E-03 3.22849E-03 3.43897E-03 9.78547E-02 2.90012E-01 1.72950E-03 6.59997E-04 2.30621E-04 5.29146E-02
2.53688E-04 6.40863E-04 1.60458E-03 2.95807E-03 3.14221E-03 9.04655E-02 2.71547E-01 1.60458E-03 6.40863E-04 2.53688E-04 4.58490E-02
2.68528E-04 6.17395E-04 1.48520E-03 2.70638E-03 2.86737E-03 8.35551E-02 2.54002E-01 1.48520E-03 6.17395E-04 2.68528E-04 3.97557E-02
2.76769E-04 5.90850E-04 1.37165E-03 2.47251E-03 2.61314E-03 7.70949E-02 2.37342E-01 1.37165E-03 5.90850E-04 2.76769E-04 3.44992E-02
2.79702E-04 5.62221E-04 1.26416E-03 2.25569E-03 2.37842E-03 7.10624E-02 2.21541E-01 1.26416E-03 5.62221E-04 2.79702E-04 2.99685E-02
2.78414E-04 5.32322E-04 1.16284E-03 2.05510E-03 2.16212E-03 6.54357E-02 2.06574E-01 1.16284E-03 5.32322E-04 2.78414E-04 2.60652E-02
2.73819E-04 5.01811E-04 1.06771E-03 1.86992E-03 1.96316E-03 6.01937E-02 1.92415E-01 1.06771E-03 5.01811E-04 2.73819E-04 2.27024E-02
2.66677E-04 4.71220E-04 9.78688E-04 1.69930E-03 1.78046E-03 5.53158E-02 1.79038E-01 9.78688E-04 4.71220E-04 2.66677E-04 1.98044E-02
2.57624E-04 4.40966E-04 8.95657E-04 1.54239E-03 1.61297E-03 5.07823E-02 1.66416E-01 8.95657E-04 4.40966E-04 2.57624E-04 1.73050E-02
2.47181E-04 4.11377E-04 8.18437E-04 1.39835E-03 1.45968E-03 4.65740E-02 1.54522E-01 8.18437E-04 4.11377E-04 2.47181E-04 1.51470E-02
2.35779E-04 3.82698E-04 7.46814E-04 1.26636E-03 1.31960E-03 4.26722E-02 1.43330E-01 7.46814E-04 3.82698E-04 2.35779E-04 1.32812E-02
2.23767E-04 3.55114E-04 6.80546E-04 1.14559E-03 1.19178E-03 3.90591E-02 1.32811E-01 6.80546E-04 3.55114E-04 2.23767E-04 1.16655E-02
2.11428E-04 3.28776E-04 6.19458E-04 1.03545E-03 1.07549E-03 3.57217E-02 1.22949E-01 6.19458E-04 3.28776E-04 2.11428E-04 1.02669E-02
1.98996E-04 3.03758E-04 5.63214E-04 9.35046E-04 9.69735E-04 3.26401E-02 1.13709E-01 5.63214E-04 3.03758E-04 1.98996E-04 9.05149E-03
0.00000E+00 0.00000E+00 2.41202E-03 5.78685E-03 6.27325E-03 1.93557E-01 5.22445E-01 2.41202E-03 0.00000E+00 0.00000E+00 1.98424E-01
0.00000E+00 1.37645E-04 2.30768E-03 5.35089E-03 5.77454E-03 1.79392E-01 4.91370E-01 2.30768E-03 1.37645E-04 0.00000E+00 1.73572E-01
0.00000E+00 2.51224E-04 2.20804E-03 4.95817E-03 5.32835E-03 1.66465E-01 4.62465E-01 2.20804E-03 2.51224E-04 0.00000E+00 1.51608E-01
0.00000E+00 3.36722E-04 2.10354E-03 4.59174E-03 4.91578E-03 1.54544E-01 4.35330E-01 2.10354E-03 3.36722E-04 0.00000E+00 1.32313E-01
0.00000E+00 3.99843E-04 1.99672E-03 4.25000E-03 4.53406E-03 1.43520E-01 4.09800E-01 1.99672E-03 3.99843E-04 0.00000E+00 1.15397E-01
0.00000E+00 4.44231E-04 1.88931E-03 3.93215E-03 4.18165E-03 1.33336E-01 3.85793E-01 1.88931E-03 4.44231E-04 0.00000E+00 1.00680E-01
0.00000E+00 4.73958E-04 1.78269E-03 3.63607E-03 3.85548E-03 1.23892E-01 3.63154E-01 1.78269E-03 4.73958E-04 0.00000E+00 8.78590E-02
0.00000E+00 4.89342E-04 1.70127E-03 3.41986E-03 3.61844E-03 1.17013E-01 3.46439E-01 1.70127E-03 4.89342E-04 0.00000E+00 7.90033E-02
1.20419E-05 4.90882E-04 1.67667E-03 3.35878E-03 3.55187E-03 1.15112E-01 3.41765E-01 1.67667E-03 4.90882E-04 1.20419E-05 7.66345E-02
6.82103E-05 4.99364E-04 1.56649E-03 3.08293E-03 3.25140E-03 1.06370E-01 3.20109E-01 1.56649E-03 4.99364E-04 6.82103E-05 6.59542E-02
1.12348E-04 5.00369E-04 1.46027E-03 2.82665E-03 2.97359E-03 9.82165E-02 2.99565E-01 1.46027E-03 5.00369E-04 1.12348E-04 5.67262E-02
1.45397E-04 4.94340E-04 1.35719E-03 2.58742E-03 2.71548E-03 9.06031E-02 2.80059E-01 1.35719E-03 4.94340E-04 1.45397E-04 4.87897E-02
1.69281E-04 4.82834E-04 1.25787E-03 2.36464E-03 2.47617E-03 8.34997E-02 2.61557E-01 1.25787E-03 4.82834E-04 1.69281E-04 4.19784E-02
1.85582E-04 4.67149E-04 1.16287E-03 2.15791E-03 2.25499E-03 7.68843E-02 2.44037E-01 1.16287E-03 4.67149E-04 1.85582E-04 3.61543E-02
1.95788E-04 4.48445E-04 1.07255E-03 1.96647E-03 2.05092E-03 7.07274E-02 2.27462E-01 1.07255E-03 4.48445E-04 1.95788E-04 3.11751E-02
2.01143E-04 4.27665E-04 9.87064E-04 1.78945E-03 1.86285E-03 6.49987E-02 2.11791E-01 9.87064E-04 4.27665E-04 2.01143E-04 2.69141E-02
2.02631E-04 4.05543E-04 9.06529E-04 1.62613E-03 1.68986E-03 5.96743E-02 1.96990E-01 9.06529E-04 4.05543E-04 2.02631E-04 2.32687E-02
2.01073E-04 3.82676E-04 8.30972E-04 1.47576E-03 1.53105E-03 5.47311E-02 1.83031E-01 8.30972E-04 3.82676E-04 2.01073E-04 2.01498E-02
1.97154E-04 3.59541E-04 7.60348E-04 1.33759E-03 1.38551E-03 5.01471E-02 1.69880E-01 7.60348E-04 3.59541E-04 1.97154E-04 1.74798E-02
1.91440E-04 3.36515E-04 6.94561E-04 1.21087E-03 1.25238E-03 4.59010E-02 1.57508E-01 6.94561E-04 3.36515E-04 1.91440E-04 1.51921E-02
1.84399E-04 3.13892E-04 6.33468E-04 1.09487E-03 1.13078E-03 4.19727E-02 1.45883E-01 6.33468E-04 3.13892E-04 1.84399E-04 1.32295E-02
1.76415E-04 2.91897E-04 5.76895E-04 9.88862E-04 1.01991E-03 3.83427E-02 1.34974E-01 5.76895E-04 2.91897E-04 1.76415E-04 1.15431E-02
1.67799E-04 2.70695E-04 5.24642E-04 8.92148E-04 9.18964E-04 3.49922E-02 1.24751E-01 5.24642E-04 2.70695E-04 1.67799E-04 1.00913E-02
1.58804E-04 2.50405E-04 4.76495E-04 8.04054E-04 8.27194E-04 3.19034E-02 1.15183E-01 4.76495E-04 2.50405E-04 1.58804E-04 8.83890E-03
1.49632E-04 2.31126E-04 4.32293E-04 7.24061E-04 7.44020E-04 2.90633E-02 1.06250E-01 4.32293E-04 2.31126E-04 1.49632E-04 7.75859E-03
1.40447E-04 2.12894E-04 3.91758E-04 6.51449E-04 6.68652E-04 2.64525E-02 9.79141E-02 3.91758E-04 2.12894E-04 1.40447E-04 6.82273E-03
0.00000E+00 0.00000E+00 1.79776E-03 4.36317E-03 4.62565E-03 1.70929E-01 4.86694E-01 1.79776E-03 0.00000E+00 0.00000E+00 1.71192E-01
0.00000E+00 1.02511E-04 1.71353E-03 4.01634E-03 4.24378E-03 1.57721E-01 4.56012E-01 1.71353E-03 1.02511E-04 0.00000E+00 1.48036E-01
0.00000E+00 1.86545E-04 1.63370E-03 3.70557E-03 3.90330E-03 1.45730E-01 4.27608E-01 1.63370E-03 1.86545E-04 0.00000E+00 1.27931E-01
0.00000E+00 2.49260E-04 1.55097E-03 3.41741E-03 3.58964E-03 1.34730E-01 4.01070E-01 1.55097E-03 2.49260E-04 0.00000E+00 1.10539E-01
0.00000E+00 2.95062E-04 1.46718E-03 3.15023E-03 3.30047E-03 1.24609E-01 3.76212E-01 1.46718E-03 2.95062E-04 0.00000E+00 9.55046E-02
0.00000E+00 3.26779E-04 1.38360E-03 2.90316E-03 3.03449E-03 1.15305E-01 3.52946E-01 1.38360E-03 3.26779E-04 0.00000E+00 8.26025E-02
0.00000E+00 3.47542E-04 1.30121E-03 2.67423E-03 2.78918E-03 1.06720E-01 3.31101E-01 1.30121E-03 3.47542E-04 0.00000E+00 7.14994E-02
0.00000E+00 3.57949E-04 1.23861E-03 2.50775E-03 2.61141E-03 1.00491E-01 3.15030E-01 1.23861E-03 3.57949E-04 0.00000E+00 6.39035E-02
8.84227E-06 3.58811E-04 1.21980E-03 2.46094E-03 2.56163E-03 9.87758E-02 3.10550E-01 1.21980E-03 3.58811E-04 8.84227E-06 6.18905E-02
4.99793E-05 3.63783E-04 1.13568E-03 2.24981E-03 2.33723E-03 9.09033E-02 2.89833E-01 1.13568E-03 3.63783E-04 4.99793E-05 5.28621E-02
8.20554E-05 3.63292E-04 1.05500E-03 2.05463E-03 2.13050E-03 8.35964E-02 2.70265E-01 1.05500E-03 3.63292E-04 8.20554E-05 4.51455E-02
1.05855E-04 3.57713E-04 9.77132E-04 1.87335E-03 1.93915E-03 7.68063E-02 2.51767E-01 9.77132E-04 3.57713E-04 1.05855E-04 3.85740E-02
1.22855E-04 3.48226E-04 9.02491E-04 1.70537E-03 1.76239E-03 7.05009E-02 2.34297E-01 9.02491E-04 3.48226E-04 1.22855E-04 3.29863E-02
1.34269E-04 3.35806E-04 8.31468E-04 1.55026E-03 1.59965E-03 6.46567E-02 2.17826E-01 8.31468E-04 3.35806E-04 1.34269E-04 2.82505E-02
1.41223E-04 3.21314E-04 7.64266E-04 1.40731E-03 1.45006E-03 5.92431E-02 2.02311E-01 7.64266E-04 3.21314E-04 1.41223E-04 2.42344E-02
1.44656E-04 3.05444E-04 7.00963E-04 1.27575E-03 1.31272E-03 5.42292E-02 1.87703E-01 7.00963E-04 3.05444E-04 1.44656E-04 2.08232E-02
1.45302E-04 2.88730E-04 6.41600E-04 1.15493E-03 1.18687E-03 4.95905E-02 1.73965E-01 6.41600E-04 2.88730E-04 1.45302E-04 1.79249E-02
1.43775E-04 2.71601E-04 5.86154E-04 1.04419E-03 1.07177E-03 4.53034E-02 1.61061E-01 5.86154E-04 2.71601E-04 1.43775E-04 1.54608E-02
1.40578E-04 2.54399E-04 5.34556E-04 9.42893E-04 9.66678E-04 4.13458E-02 1.48956E-01 5.34556E-04 2.54399E-04 1.40578E-04 1.33635E-02
1.36129E-04 2.37387E-04 4.86695E-04 8.50404E-04 8.70901E-04 3.76964E-02 1.37615E-01 4.86695E-04 2.37387E-04 1.36129E-04 1.15759E-02
1.30767E-04 2.20768E-04 4.42434E-04 7.66106E-04 7.83753E-04 3.43352E-02 1.27002E-01 4.42434E-04 2.20768E-04 1.30767E-04 1.00495E-02
1.24771E-04 2.04694E-04 4.01615E-04 6.89403E-04 7.04582E-04 3.12429E-02 1.17084E-01 4.01615E-04 2.04694E-04 1.24771E-04 8.74337E-03
1.18364E-04 1.89275E-04 3.64063E-04 6.19721E-04 6.32766E-04 2.84014E-02 1.07828E-01 3.64063E-04 1.89275E-04 1.18364E-04 7.62318E-03
1.11726E-04 1.74584E-04 3.29598E-04 5.56514E-04 5.67715E-04 2.57934E-02 9.92002E-02 3.29598E-04 1.74584E-04 1.11726E-04 6.66004E-03
1.04999E-04 1.60685E-04 2.98079E-04 4.99361E-04 5.08974E-04 2.34060E-02 9.11783E-02 2.98079E-04 1.60685E-04 1.04999E-04 5.83174E-03
9.83005E-05 1.47594E-04 2.69284E-04 4.47694E-04 4.55938E-04 2.12209E-02 8.37238E-02 2.69284E-04 1.47594E-04 9.83005E-05 5.11609E-03
0.00000E+00 0.00000E+00 1.31439E-03 3.21856E-03 3.35340E-03 1.48888E-01 4.49668E-01 1.31439E-03 0.00000E+00 0.00000E+00 1.45204E-01
0.00000E+00 7.44158E-05 1.24755E-03 2.94913E-03 3.06537E-03 1.36773E-01 4.19693E-01 1.24755E-03 7.44158E-05 0.00000E+00 1.24150E-01
0.00000E+00 1.35108E-04 1.18480E-03 2.70905E-03 2.80960E-03 1.25832E-01 3.92076E-01 1.18480E-03 1.35108E-04 0.00000E+00 1.06170E-01
0.00000E+00 1.80081E-04 1.12064E-03 2.48789E-03 2.57504E-03 1.15844E-01 3.66391E-01 1.12064E-03 1.80081E-04 0.00000E+00 9.08393E-02
0.00000E+00 2.12618E-04 1.05632E-03 2.28405E-03 2.35970E-03 1.06701E-01 3.42441E-01 1.05632E-03 2.12618E-04 0.00000E+00 7.77645E-02
0.00000E+00 2.34838E-04 9.92723E-04 2.09664E-03 2.16245E-03 9.83385E-02 3.20126E-01 9.92723E-04 2.34838E-04 0.00000E+00 6.66891E-02
0.00000E+00 2.49073E-04 9.30478E-04 1.92391E-03 1.98125E-03 9.06589E-02 2.99266E-01 9.30478E-04 2.49073E-04 0.00000E+00 5.72698E-02
0.00000E+00 2.55985E-04 8.83429E-04 1.79883E-03 1.85035E-03 8.51081E-02 2.83973E-01 8.83429E-04 2.55985E-04 0.00000E+00 5.08845E-02
6.37206E-06 2.56432E-04 8.69384E-04 1.76381E-03 1.81380E-03 8.35847E-02 2.79724E-01 8.69384E-04 2.56432E-04 6.37206E-06 4.92074E-02
3.59482E-05 2.59210E-04 8.06611E-04 1.60611E-03 1.64930E-03 7.66078E-02 2.60110E-01 8.06611E-04 2.59210E-04 3.59482E-05 4.17225E-02
5.88470E-05 2.58084E-04 7.46731E-04 1.46105E-03 1.49834E-03 7.01633E-02 2.41665E-01 7.46731E-04 2.58084E-04 5.88470E-05 3.53917E-02
7.56942E-05 2.53357E-04 6.89244E-04 1.32697E-03 1.35916E-03 6.42030E-02 2.24305E-01 6.89244E-04 2.53357E-04 7.56942E-05 3.00510E-02
8.75983E-05 2.45897E-04 6.34426E-04 1.20334E-03 1.23109E-03 5.86942E-02 2.07980E-01 6.34426E-04 2.45897E-04 8.75983E-05 2.55500E-02
9.54653E-05 2.36418E-04 5.82527E-04 1.08972E-03 1.11365E-03 5.36125E-02 1.92656E-01 5.82527E-04 2.36418E-04 9.54653E-05 2.17669E-02
1.00131E-04 2.25547E-04 5.33654E-04 9.85508E-04 1.00611E-03 4.89271E-02 1.78283E-01 5.33654E-04 2.25547E-04 1.00131E-04 1.85834E-02
1.02285E-04 2.13779E-04 4.87829E-04 8.90034E-04 9.07766E-04 4.46077E-02 1.64808E-01 4.87829E-04 2.13779E-04 1.02285E-04 1.58981E-02
1.02468E-04 2.01497E-04 4.45048E-04 8.02747E-04 8.17993E-04 4.06295E-02 1.52190E-01 4.45048E-04 2.01497E-04 1.02468E-04 1.36312E-02
1.01124E-04 1.89002E-04 4.05262E-04 7.23101E-04 7.36198E-04 3.69697E-02 1.40387E-01 4.05262E-04 1.89002E-04 1.01124E-04 1.17150E-02
9.86198E-05 1.76531E-04 3.68393E-04 6.50563E-04 6.61803E-04 3.36062E-02 1.29362E-01 3.68393E-04 1.76531E-04 9.86198E-05 1.00926E-02
9.52545E-05 1.64267E-04 3.34336E-04 5.84617E-04 5.94255E-04 3.05186E-02 1.19075E-01 3.34336E-04 1.64267E-04 9.52545E-05 8.71615E-03
9.12718E-05 1.52346E-04 3.02967E-04 5.24766E-04 5.33023E-04 2.76875E-02 1.09490E-01 3.02967E-04 1.52346E-04 9.12718E-05 7.54572E-03
8.68686E-05 1.40869E-04 2.74150E-04 4.70535E-04 4.77602E-04 2.50945E-02 1.00569E-01 2.74150E-04 1.40869E-04 8.68686E-05 6.54789E-03
8.22028E-05 1.29905E-04 2.47741E-04 4.21472E-04 4.27515E-04 2.27222E-02 9.22781E-02 2.47741E-04 1.29905E-04 8.22028E-05 5.69486E-03
7.74004E-05 1.19502E-04 2.23594E-04 3.77149E-04 3.82312E-04 2.05545E-02 8.45819E-02 2.23594E-04 1.19502E-04 7.74004E-05 4.96350E-03
7.25613E-05 1.09696E-04 2.01594E-04 3.37235E-04 3.41644E-04 1.85789E-02 7.74564E-02 2.01594E-04 1.09696E-04 7.25613E-05 4.33614E-03
6.77647E-05 1.00494E-04 1.81567E-04 3.01296E-04 3.05058E-04 1.67786E-02 7.08623E-02 1.81567E-04 1.00494E-04 6.77647E-05 3.79532E-03
0.00000E+00 0.00000E+00 9.44162E-04 2.32731E-03 2.39350E-03 1.27983E-01 4.12157E-01 9.44162E-04 0.00000E+00 0.00000E+00 1.21095E-01
0.00000E+00 5.26691E-05 8.91941E-04 2.12246E-03 2.17923E-03 1.17048E-01 3.83178E-01 8.91941E-04 5.26691E-05 0.00000E+00 1.02405E-01
0.00000E+00 9.54903E-05 8.43480E-04 1.94103E-03 1.98989E-03 1.07223E-01 3.56603E-01 8.43480E-04 9.54903E-05 0.00000E+00 8.66885E-02
0.00000E+00 1.27057E-04 7.94672E-04 1.77502E-03 1.81716E-03 9.82995E-02 3.32000E-01 7.94672E-04 1.27057E-04 0.00000E+00 7.34681E-02
0.00000E+00 1.49726E-04 7.46296E-04 1.62295E-03 1.65935E-03 9.01690E-02 3.09161E-01 7.46296E-04 1.49726E-04 0.00000E+00 6.23362E-02
0.00000E+00 1.65029E-04 6.98903E-04 1.48395E-03 1.51547E-03 8.27698E-02 2.87977E-01 6.98903E-04 1.65029E-04 0.00000E+00 5.30223E-02
0.00000E+00 1.74650E-04 6.52870E-04 1.35653E-03 1.38386E-03 7.60066E-02 2.68260E-01 6.52870E-04 1.74650E-04 0.00000E+00 4.51895E-02
0.00000E+00 1.79185E-04 6.18265E-04 1.26465E-03 1.28912E-03 7.11367E-02 2.53856E-01 6.18265E-04 1.79185E-04 0.00000E+00 3.99258E-02
4.51458E-06 1.79398E-04 6.07995E-04 1.23903E-03 1.26275E-03 6.98047E-02 2.49866E-01 6.07995E-04 1.79398E-04 4.51458E-06 3.85548E-02
2.54276E-05 1.80889E-04 5.62156E-04 1.12386E-03 1.14425E-03 6.37165E-02 2.31483E-01 5.62156E-04 1.80889E-04 2.54276E-05 3.24648E-02
4.15185E-05 1.79649E-04 5.18665E-04 1.01842E-03 1.03595E-03 5.81194E-02 2.14272E-01 5.18665E-04 1.79649E-04 4.15185E-05 2.73646E-02
5.32683E-05 1.75905E-04 4.77136E-04 9.21455E-04 9.36505E-04 5.29669E-02 1.98144E-01 4.77136E-04 1.75905E-04 5.32683E-05 2.31002E-02
6.14893E-05 1.70283E-04 4.37736E-04 8.32456E-04 8.45370E-04 4.82269E-02 1.83043E-01 4.37736E-04 1.70283E-04 6.14893E-05 1.95362E-02
6.68435E-05 1.63294E-04 4.00615E-04 7.51055E-04 7.62131E-04 4.38748E-02 1.68930E-01 4.00615E-04 1.63294E-04 6.68435E-05 1.65639E-02
6.99369E-05 1.55383E-04 3.65822E-04 6.76730E-04 6.86224E-04 3.98805E-02 1.55750E-01 3.65822E-04 1.55383E-04 6.99369E-05 1.40804E-02
7.12680E-05 1.46897E-04 3.33342E-04 6.08941E-04 6.17071E-04 3.62148E-02 1.43445E-01 3.33342E-04 1.46897E-04 7.12680E-05 1.19988E-02
7.12242E-05 1.38104E-04 3.03149E-04 5.47235E-04 5.54191E-04 3.28539E-02 1.31972E-01 3.03149E-04 1.38104E-04 7.12242E-05 1.02517E-02
7.01237E-05 1.29213E-04 2.75187E-04 4.91173E-04 4.97119E-04 2.97758E-02 1.21286E-01 2.75187E-04 1.29213E-04 7.01237E-05 8.78251E-03
6.82269E-05 1.20384E-04 2.49379E-04 4.40330E-04 4.45407E-04 2.69595E-02 1.11346E-01 2.49379E-04 1.20384E-04 6.82269E-05 7.54425E-03
6.57454E-05 1.11742E-04 2.25632E-04 3.94299E-04 3.98632E-04 2.43857E-02 1.02110E-01 2.25632E-04 1.11742E-04 6.57454E-05 6.49798E-03
6.28508E-05 1.03377E-04 2.03843E-04 3.52694E-04 3.56387E-04 2.20361E-02 9.35405E-02 2.03843E-04 1.03377E-04 6.28508E-05 5.61142E-03
5.96806E-05 9.53538E-05 1.83901E-04 3.15148E-04 3.18293E-04 1.98935E-02 8.55987E-02 1.83901E-04 9.53538E-05 5.96806E-05 4.85792E-03
5.63448E-05 8.77175E-05 1.65692E-04 2.81314E-04 2.83990E-04 1.79419E-02 7.82480E-02 1.65692E-04 8.77175E-05 5.63448E-05 4.21549E-03
5.29304E-05 8.04960E-05 1.49101E-04 2.50870E-04 2.53145E-04 1.61663E-02 7.14533E-02 1.49101E-04 8.04960E-05 5.29304E-05 3.66597E-03
4.95060E-05 7.37118E-05 1.34039E-04 2.23561E-04 2.25494E-04 1.45552E-02 6.51891E-02 1.34039E-04 7.37118E-05 4.95060E-05 3.19558E-03
4.61257E-05 6.73649E-05 1.20374E-04 1.99067E-04 2.00708E-04 1.30935E-02 5.94163E-02 1.20374E-04 6.73649E-05 4.61257E-05 2.79085E-03
0.00000E+00 0.00000E+00 6.65393E-04 1.64807E-03 1.67889E-03 1.08495E-01 3.74601E-01 6.65393E-04 0.00000E+00 0.00000E+00 9.91732E-02
0.00000E+00 3.62334E-05 6.25267E-04 1.49567E-03 1.52196E-03 9.87881E-02 3.46878E-01 6.25267E-04 3.62334E-05 0.00000E+00 8.29783E-02
0.00000E+00 6.56732E-05 5.88533E-04 1.36156E-03 1.38408E-03 9.01092E-02 3.21575E-01 5.88533E-04 6.56732E-05 0.00000E+00 6.95563E-02
0.00000E+00 8.73180E-05 5.52147E-04 1.23973E-03 1.25905E-03 8.22648E-02 2.98254E-01 5.52147E-04 8.73180E-05 0.00000E+00 5.84101E-02
0.00000E+00 1.02788E-04 5.16530E-04 1.12884E-03 1.14544E-03 7.51517E-02 2.76701E-01 5.16530E-04 1.02788E-04 0.00000E+00 4.91377E-02
0.00000E+00 1.13144E-04 4.81988E-04 1.02810E-03 1.04241E-03 6.87095E-02 2.56800E-01 4.81988E-04 1.13144E-04 0.00000E+00 4.14702E-02
0.00000E+00 1.19559E-04 4.48708E-04 9.36255E-04 9.48603E-04 6.28483E-02 2.38358E-01 4.48708E-04 1.19559E-04 0.00000E+00 3.50903E-02
0.00000E+00 1.22509E-04 4.23832E-04 8.70306E-04 8.81319E-04 5.86435E-02 2.24931E-01 4.23832E-04 1.22509E-04 0.00000E+00 3.08384E-02
3.14054E-06 1.22600E-04 4.16492E-04 8.51994E-04 8.62659E-04 5.74972E-02 2.21223E-01 4.16492E-04 1.22600E-04 3.14054E-06 2.97398E-02
1.76650E-05 1.23385E-04 3.83782E-04 7.69815E-04 7.78936E-04 5.22683E-02 2.04174E-01 3.83782E-04 1.23385E-04 1.76650E-05 2.48807E-02
2.87815E-05 1.22297E-04 3.52919E-04 6.94950E-04 7.02749E-04 4.74835E-02 1.88281E-01 3.52919E-04 1.22297E-04 2.87815E-05 2.08492E-02
3.68466E-05 1.19503E-04 3.23605E-04 6.26426E-04 6.33089E-04 4.30990E-02 1.73454E-01 3.23605E-04 1.19503E-04 3.68466E-05 1.75066E-02
4.24408E-05 1.15439E-04 2.95933E-04 5.63828E-04 5.69516E-04 3.90839E-02 1.59630E-01 2.95933E-04 1.15439E-04 4.24408E-05 1.47345E-02
4.60364E-05 1.10464E-04 2.69985E-04 5.06838E-04 5.11692E-04 3.54144E-02 1.46768E-01 2.69985E-04 1.10464E-04 4.60364E-05 1.24393E-02
4.80636E-05 1.04885E-04 2.45774E-04 4.55036E-04 4.59175E-04 3.20619E-02 1.34807E-01 2.45774E-04 1.04885E-04 4.80636E-05 1.05337E-02
4.88741E-05 9.89420E-05 2.23269E-04 4.07995E-04 4.11521E-04 2.89989E-02 1.23690E-01 2.23269E-04 9.89420E-05 4.88741E-05 8.94581E-03
4.87407E-05 9.28176E-05 2.02434E-04 3.65357E-04 3.68358E-04 2.62031E-02 1.13367E-01 2.02434E-04 9.28176E-05 4.87407E-05 7.61975E-03
4.78865E-05 8.66533E-05 1.83215E-04 3.26780E-04 3.29333E-04 2.36538E-02 1.03794E-01 1.83215E-04 8.66533E-05 4.78865E-05 6.50963E-03
4.64933E-05 8.05577E-05 1.65544E-04 2.91938E-04 2.94107E-04 2.13317E-02 9.49258E-02 1.65544E-04 8.05577E-05 4.64933E-05 5.57766E-03
4.47080E-05 7.46126E-05 1.49345E-04 2.60522E-04 2.62363E-04 1.92188E-02 8.67220E-02 1.49345E-04 7.46126E-05 4.47080E-05 4.79285E-03
4.26493E-05 6.88774E-05 1.34535E-04 2.32240E-04 2.33800E-04 1.72983E-02 7.91418E-02 1.34535E-04 6.88774E-05 4.26493E-05 4.12977E-03
4.04120E-05 6.33941E-05 1.21027E-04 2.06816E-04 2.08138E-04 1.55547E-02 7.21467E-02 1.21027E-04 6.33941E-05 4.04120E-05 3.56760E-03
3.80714E-05 5.81906E-05 1.08736E-04 1.83994E-04 1.85113E-04 1.39734E-02 6.56996E-02 1.08736E-04 5.81906E-05 3.80714E-05 3.08932E-03
3.56867E-05 5.32833E-05 9.75740E-05 1.63536E-04 1.64482E-04 1.25409E-02 5.97652E-02 9.75740E-05 5.32833E-05 3.56867E-05 2.68097E-03
3.33047E-05 4.86859E-05 8.74738E-05 1.45255E-04 1.46055E-04 1.12468E-02 5.43177E-02 8.74738E-05 4.86859E-05 3.33047E-05 2.33202E-03
3.09616E-05 4.43959E-05 7.83402E-05 1.28919E-04 1.29594E-04 1.00778E-02 4.93186E-02 7.83402E-05 4.43959E-05 3.09616E-05 2.03223E-03
0.00000E+00 0.00000E+00 4.59337E-04 1.14158E-03 1.15511E-03 9.06449E-02 3.37422E-01 4.59337E-04 0.00000E+00 0.00000E+00 7.96559E-02
0.00000E+00 2.41324E-05 4.29047E-04 1.03068E-03 1.04216E-03 8.21720E-02 3.11186E-01 4.29047E-04 2.41324E-05 0.00000E+00 6.59659E-02
0.00000E+00 4.37944E-05 4.01746E-04 9.33783E-04 9.43562E-04 7.46337E-02 2.87352E-01 4.01746E-04 4.37944E-05 0.00000E+00 5.47745E-02
0.00000E+00 5.82607E-05 3.75200E-04 8.46434E-04 8.54781E-04 6.78528E-02 2.65484E-01 3.75200E-04 5.82607E-05 0.00000E+00 4.55937E-02
0.00000E+00 6.85873E-05 3.49569E-04 7.67471E-04 7.74608E-04 6.17327E-02 2.45362E-01 3.49569E-04 6.85873E-05 0.00000E+00 3.80439E-02
0.00000E+00 7.54716E-05 3.24984E-04 6.96193E-04 7.02311E-04 5.62162E-02 2.26867E-01 3.24984E-04 7.54716E-05 0.00000E+00 3.18705E-02
0.00000E+00 7.96990E-05 3.01503E-04 6.31580E-04 6.36833E-04 5.12198E-02 2.09802E-01 3.01503E-04 7.96990E-05 0.00000E+00 2.67854E-02
0.00000E+00 8.16127E-05 2.84056E-04 5.85386E-04 5.90053E-04 4.76487E-02 1.97421E-01 2.84056E-04 8.16127E-05 0.00000E+00 2.34230E-02
2.14213E-06 8.16493E-05 2.78938E-04 5.72612E-04 5.77126E-04 4.66783E-02 1.94013E-01 2.78938E-04 8.16493E-05 2.14213E-06 2.25608E-02
1.20372E-05 8.20762E-05 2.56170E-04 5.15390E-04 5.19230E-04 4.22603E-02 1.78370E-01 2.56170E-04 8.20762E-05 1.20372E-05 1.87625E-02
1.95788E-05 8.12484E-05 2.34810E-04 4.63519E-04 4.66785E-04 3.82362E-02 1.63854E-01 2.34810E-04 8.12484E-05 1.95788E-05 1.56389E-02
2.50216E-05 7.92792E-05 2.14631E-04 4.16270E-04 4.19045E-04 3.45654E-02 1.50369E-01 2.14631E-04 7.92792E-05 2.50216E-05 1.30690E-02
2.87696E-05 7.64665E-05 1.95675E-04 3.73308E-04 3.75664E-04 3.12191E-02 1.37852E-01 1.95675E-04 7.64665E-05 2.87696E-05 1.09528E-02
3.11514E-05 7.30542E-05 1.77982E-04 3.34374E-04 3.36373E-04 2.81747E-02 1.26257E-01 1.77982E-04 7.30542E-05 3.11514E-05 9.21212E-03
3.24647E-05 6.92504E-05 1.61546E-04 2.99140E-04 3.00836E-04 2.54058E-02 1.15523E-01 1.61546E-04 6.92504E-05 3.24647E-05 7.77526E-03
3.29527E-05 6.52165E-05 1.46330E-04 2.67281E-04 2.68718E-04 2.28871E-02 1.05587E-01 1.46330E-04 6.52165E-05 3.29527E-05 6.58385E-03
3.28032E-05 6.10746E-05 1.32298E-04 2.38524E-04 2.39740E-04 2.05984E-02 9.64021E-02 1.32298E-04 6.10746E-05 3.28032E-05 5.59326E-03
3.21694E-05 5.69190E-05 1.19403E-04 2.12613E-04 2.13642E-04 1.85205E-02 8.79203E-02 1.19403E-04 5.69190E-05 3.21694E-05 4.76708E-03
3.11756E-05 5.28216E-05 1.07589E-04 1.89304E-04 1.90173E-04 1.66360E-02 8.00975E-02 1.07589E-04 5.28216E-05 3.11756E-05 4.07571E-03
2.99222E-05 4.88357E-05 9.67960E-05 1.68369E-04 1.69103E-04 1.49288E-02 7.28913E-02 9.67960E-05 4.88357E-05 2.99222E-05 3.49506E-03
2.84898E-05 4.50001E-05 8.69619E-05 1.49595E-04 1.50213E-04 1.33838E-02 6.62615E-02 8.69619E-05 4.50001E-05 2.84898E-05 3.00558E-03
2.69427E-05 4.13414E-05 7.80221E-05 1.32782E-04 1.33303E-04 1.19872E-02 6.01696E-02 7.80221E-05 4.13414E-05 2.69427E-05 2.59138E-03
2.53318E-05 3.78770E-05 6.99126E-05 1.17746E-04 1.18185E-04 1.07260E-02 5.45790E-02 6.99126E-05 3.78770E-05 2.53318E-05 2.23956E-03
2.36967E-05 3.46169E-05 6.25710E-05 1.04317E-04 1.04686E-04 9.58838E-03 4.94550E-02 6.25710E-05 3.46169E-05 2.36967E-05 1.93961E-03
2.20691E-05 3.15690E-05 5.59481E-05 9.23614E-05 9.26713E-05 8.56519E-03 4.47718E-02 5.59481E-05 3.15690E-05 2.20691E-05 1.68362E-03
2.04728E-05 2.87308E-05 4.99766E-05 8.17148E-05 8.19751E-05 7.64479E-03 4.04926E-02 4.99766E-05 2.87308E-05 2.04728E-05 1.46398E-03
0.00000E+00 0.00000E+00 3.10107E-04 7.72464E-04 7.78072E-04 7.45828E-02 3.01025E-01 3.10107E-04 0.00000E+00 0.00000E+00 6.26576E-02
0.00000E+00 1.54843E-05 2.87677E-04 6.93601E-04 6.98332E-04 6.73152E-02 2.76472E-01 2.87677E-04 1.54843E-05 0.00000E+00 5.13771E-02
0.00000E+00 2.81960E-05 2.67814E-04 6.25236E-04 6.29244E-04 6.08804E-02 2.54270E-01 2.67814E-04 2.81960E-05 0.00000E+00 4.22755E-02
0.00000E+00 3.75987E-05 2.48888E-04 5.64120E-04 5.67523E-04 5.51192E-02 2.33992E-01 2.48888E-04 3.75987E-05 0.00000E+00 3.48958E-02
0.00000E+00 4.43339E-05 2.30890E-04 5.09276E-04 5.12170E-04 4.99433E-02 2.15417E-01 2.30890E-04 4.43339E-05 0.00000E+00 2.88936E-02
0.00000E+00 4.88319E-05 2.13835E-04 4.60105E-04 4.62573E-04 4.52997E-02 1.98421E-01 2.13835E-04 4.88319E-05 0.00000E+00 2.40378E-02
0.00000E+00 5.15933E-05 1.97696E-04 4.15796E-04 4.17904E-04 4.11127E-02 1.82807E-01 1.97696E-04 5.15933E-05 0.00000E+00 2.00762E-02
0.00000E+00 5.28402E-05 1.85782E-04 3.84262E-04 3.86127E-04 3.81309E-02 1.71519E-01 1.85782E-04 5.28402E-05 0.00000E+00 1.74760E-02
1.43098E-06 5.28586E-05 1.82307E-04 3.75578E-04 3.77380E-04 3.73233E-02 1.68422E-01 1.82307E-04 5.28586E-05 1.43098E-06 1.68140E-02
8.03635E-06 5.31249E-05 1.66881E-04 3.36752E-04 3.38277E-04 3.36532E-02 1.54231E-01 1.66881E-04 5.31249E-05 8.03635E-06 1.39085E-02
1.30561E-05 5.25687E-05 1.52494E-04 3.01735E-04 3.03025E-04 3.03255E-02 1.41122E-01 1.52494E-04 5.25687E-05 1.30561E-05 1.15385E-02
1.66649E-05 5.12635E-05 1.38973E-04 2.69993E-04 2.71083E-04 2.73036E-02 1.28998E-01 1.38973E-04 5.12635E-05 1.66649E-05 9.60251E-03
1.91363E-05 4.94064E-05 1.26334E-04 2.41264E-04 2.42185E-04 2.45610E-02 1.17793E-01 1.26334E-04 4.94064E-05 1.91363E-05 8.01853E-03
2.06925E-05 4.71589E-05 1.14590E-04 2.15348E-04 2.16125E-04 2.20772E-02 1.07461E-01 1.14590E-04 4.71589E-05 2.06925E-05 6.72301E-03
2.15348E-05 4.46584E-05 1.03725E-04 1.91996E-04 1.92652E-04 1.98281E-02 9.79372E-02 1.03725E-04 4.46584E-05 2.15348E-05 5.65891E-03
2.18270E-05 4.20112E-05 9.37052E-05 1.70970E-04 1.71522E-04 1.77913E-02 8.91612E-02 9.37052E-05 4.20112E-05 2.18270E-05 4.78029E-03
2.16957E-05 3.92974E-05 8.44988E-05 1.52068E-04 1.52533E-04 1.59484E-02 8.10833E-02 8.44988E-05 3.92974E-05 2.16957E-05 4.05235E-03
2.12439E-05 3.65787E-05 7.60672E-05 1.35104E-04 1.35495E-04 1.42826E-02 7.36565E-02 7.60672E-05 3.65787E-05 2.12439E-05 3.44703E-03
2.05550E-05 3.39019E-05 6.83682E-05 1.19903E-04 1.20232E-04 1.27784E-02 6.68366E-02 6.83682E-05 3.39019E-05 2.05550E-05 2.94170E-03
1.96963E-05 3.13017E-05 6.13571E-05 1.06302E-04 1.06578E-04 1.14216E-02 6.05817E-02 6.13571E-05 3.13017E-05 1.96963E-05 2.51813E-03
1.87216E-05 2.88029E-05 5.49879E-05 9.41497E-05 9.43808E-05 1.01990E-02 5.48521E-02 5.49879E-05 2.88029E-05 1.87216E-05 2.16163E-03
1.76737E-05 2.64226E-05 4.92150E-05 8.33066E-05 8.35002E-05 9.09848E-03 4.96104E-02 4.92150E-05 2.64226E-05 1.76737E-05 1.86037E-03
1.65865E-05 2.41718E-05 4.39932E-05 7.36441E-05 7.38060E-05 8.10897E-03 4.48209E-02 4.39932E-05 2.41718E-05 1.65865E-05 1.60476E-03
1.54864E-05 2.20565E-05 3.92787E-05 6.50442E-05 6.51796E-05 7.22024E-03 4.04502E-02 3.92787E-05 2.20565E-05 1.54864E-05 1.38706E-03
1.43943E-05 2.00817E-05 3.50374E-05 5.74143E-05 5.75274E-05 6.42436E-03 3.64732E-02 3.50374E-05 2.00817E-05 1.43943E-05 1.20147E-03
1.33259E-05 1.82453E-05 3.12234E-05 5.06430E-05 5.07375E-05 5.71149E-03 3.28551E-02 3.12234E-05 1.82453E-05 1.33259E-05 1.04239E-03
0.00000E+00 0.00000E+00 2.04328E-04 5.09727E-04 5.11912E-04 6.03890E-02 2.65780E-01 2.04328E-04 0.00000E+00 0.00000E+00 4.81883E-02
0.00000E+00 9.50468E-06 1.88064E-04 4.54987E-04 4.56820E-04 5.42666E-02 2.43068E-01 1.88064E-04 9.50468E-06 0.00000E+00 3.91393E-02
0.00000E+00 1.74225E-05 1.73940E-04 4.07944E-04 4.09488E-04 4.88716E-02 2.22629E-01 1.73940E-04 1.74225E-05 0.00000E+00 3.19291E-02
0.00000E+00 2.33486E-05 1.60780E-04 3.66275E-04 3.67579E-04 4.40635E-02 2.04045E-01 1.60780E-04 2.33486E-05 0.00000E+00 2.61480E-02
0.00000E+00 2.76351E-05 1.48474E-04 3.29180E-04 3.30283E-04 3.97634E-02 1.87098E-01 1.48474E-04 2.76351E-05 0.00000E+00 2.14953E-02
0.00000E+00 3.05247E-05 1.36967E-04 2.96163E-04 2.97099E-04 3.59233E-02 1.71663E-01 1.36967E-04 3.05247E-05 0.00000E+00 1.77691E-02
0.00000E+00 3.23177E-05 1.26189E-04 2.66599E-04 2.67394E-04 3.24762E-02 1.57546E-01 1.26189E-04 3.23177E-05 0.00000E+00 1.47564E-02
0.00000E+00 3.31394E-05 1.18287E-04 2.45659E-04 2.46359E-04 3.00299E-02 1.47377E-01 1.18287E-04 3.31394E-05 0.00000E+00 1.27928E-02
9.34746E-07 3.31563E-05 1.15996E-04 2.39916E-04 2.40592E-04 2.93695E-02 1.44595E-01 1.15996E-04 3.31563E-05 9.34746E-07 1.22962E-02
5.24880E-06 3.33595E-05 1.05848E-04 2.14295E-04 2.14864E-04 2.63738E-02 1.31876E-01 1.05848E-04 3.33595E-05 5.24880E-06 1.01240E-02
8.52256E-06 3.30356E-05 9.64404E-05 1.91308E-04 1.91786E-04 2.36698E-02 1.20179E-01 9.64404E-05 3.30356E-05 8.52256E-06 8.36537E-03
1.08710E-05 3.22294E-05 8.76471E-05 1.70572E-04 1.70974E-04 2.12252E-02 1.09410E-01 8.76471E-05 3.22294E-05 1.08710E-05 6.93779E-03
1.24733E-05 3.10670E-05 7.94651E-05 1.51893E-04 1.52231E-04 1.90164E-02 9.95026E-02 7.94651E-05 3.10670E-05 1.24733E-05 5.77633E-03
1.34757E-05 2.96525E-05 7.18956E-05 1.35118E-04 1.35402E-04 1.70248E-02 9.04072E-02 7.18956E-05 2.96525E-05 1.34757E-05 4.83099E-03
1.40106E-05 2.80740E-05 6.49197E-05 1.20069E-04 1.20307E-04 1.52294E-02 8.20618E-02 6.49197E-05 2.80740E-05 1.40106E-05 4.05766E-03
1.41857E-05 2.64002E-05 5.85094E-05 1.06573E-04 1.06772E-04 1.36105E-02 7.44057E-02 5.85094E-05 2.64002E-05 1.41857E-05 3.42122E-03
1.40842E-05 2.46826E-05 5.26388E-05 9.44895E-05 9.46562E-05 1.21521E-02 6.73900E-02 5.26388E-05 2.46826E-05 1.40842E-05 2.89534E-03
1.37740E-05 2.29610E-05 4.72790E-05 8.36862E-05 8.38256E-05 1.08396E-02 6.09684E-02 4.72790E-05 2.29610E-05 1.37740E-05 2.45896E-03
1.33097E-05 2.12654E-05 4.23992E-05 7.40415E-05 7.41580E-05 9.65943E-03 5.50978E-02 4.23992E-05 2.12654E-05 1.33097E-05 2.09525E-03
1.27357E-05 1.96182E-05 3.79678E-05 6.54433E-05 6.55405E-05 8.59947E-03 4.97374E-02 3.79678E-05 1.96182E-05 1.27357E-05 1.79077E-03
1.20872E-05 1.80354E-05 3.39527E-05 5.77880E-05 5.78691E-05 7.64844E-03 4.48490E-02 3.39527E-05 1.80354E-05 1.20872E-05 1.53475E-03
1.13925E-05 1.65281E-05 3.03228E-05 5.09811E-05 5.10486E-05 6.79607E-03 4.03967E-02 3.03228E-05 1.65281E-05 1.13925E-05 1.31857E-03
1.06735E-05 1.51031E-05 2.70474E-05 4.49357E-05 4.49918E-05 6.03292E-03 3.63466E-02 2.70474E-05 1.51031E-05 1.06735E-05 1.13528E-03
9.94774E-06 1.37647E-05 2.40973E-05 3.95728E-05 3.96195E-05 5.35041E-03 3.26672E-02 2.40973E-05 1.37647E-05 9.94774E-06 9.79290E-04
9.22876E-06 1.25158E-05 2.14495E-05 3.48305E-05 3.48693E-05 4.74184E-03 2.93342E-02 2.14495E-05 1.25158E-05 9.22876E-06 8.46411E-04
8.52682E-06 1.13553E-05 1.90738E-05 3.06353E-05 3.06674E-05 4.19905E-03 2.63155E-02 1.90738E-05 1.13553E-05 8.52682E-06 7.32627E-04
0.00000E+00 0.00000E+00 1.31093E-04 3.27335E-04 3.28132E-04 4.80797E-02 2.32036E-01 1.31093E-04 0.00000E+00 0.00000E+00 3.61679E-02
0.00000E+00 5.52499E-06 1.19570E-04 2.90305E-04 2.90970E-04 4.30173E-02 2.11284E-01 1.19570E-04 5.52499E-06 0.00000E+00 2.91122E-02
0.00000E+00 1.02469E-05 1.09775E-04 2.58788E-04 2.59345E-04 3.85772E-02 1.92698E-01 1.09775E-04 1.02469E-05 0.00000E+00 2.35576E-02
0.00000E+00 1.38561E-05 1.00869E-04 2.31155E-04 2.31622E-04 3.46382E-02 1.75878E-01 1.00869E-04 1.38561E-05 0.00000E+00 1.91513E-02
0.00000E+00 1.65148E-05 9.26952E-05 2.06769E-04 2.07162E-04 3.11311E-02 1.60609E-01 9.26952E-05 1.65148E-05 0.00000E+00 1.56404E-02
0.00000E+00 1.83414E-05 8.51654E-05 1.85235E-04 1.85567E-04 2.80134E-02 1.46767E-01 8.51654E-05 1.83414E-05 0.00000E+00 1.28553E-02
0.00000E+00 1.95019E-05 7.81910E-05 1.66084E-04 1.66365E-04 2.52269E-02 1.34164E-01 7.81910E-05 1.95019E-05 0.00000E+00 1.06225E-02
1.73472E-18 2.00521E-05 7.31156E-05 1.52587E-04 1.52834E-04 2.32564E-02 1.25118E-01 7.31156E-05 2.00521E-05 1.73472E-18 9.17655E-03
5.96091E-07 2.00725E-05 7.16518E-05 1.48902E-04 1.49139E-04 2.27261E-02 1.22652E-01 7.16518E-05 2.00725E-05 5.96091E-07 8.81302E-03
3.34844E-06 2.02523E-05 6.51899E-05 1.32497E-04 1.32695E-04 2.03251E-02 1.11397E-01 6.51899E-05 2.02523E-05 3.34844E-06 7.22810E-03
5.43761E-06 2.01021E-05 5.92375E-05 1.17857E-04 1.18024E-04 1.81676E-02 1.01094E-01 5.92375E-05 2.01021E-05 5.43761E-06 5.95341E-03
6.93561E-06 1.96466E-05 5.37030E-05 1.04718E-04 1.04857E-04 1.62255E-02 9.16514E-02 5.37030E-05 1.96466E-05 6.93561E-06 4.92426E-03
7.95610E-06 1.89642E-05 4.85767E-05 9.29373E-05 9.30532E-05 1.44785E-02 8.30046E-02 4.85767E-05 1.89642E-05 7.95610E-06 4.09083E-03
8.59222E-06 1.81195E-05 4.38532E-05 8.24052E-05 8.25020E-05 1.29102E-02 7.51031E-02 4.38532E-05 1.81195E-05 8.59222E-06 3.41510E-03
8.92855E-06 1.71680E-05 3.95155E-05 7.29964E-05 7.30771E-05 1.15026E-02 6.78865E-02 3.95155E-05 1.71680E-05 8.92855E-06 2.86398E-03
9.03411E-06 1.61528E-05 3.55422E-05 6.45926E-05 6.46599E-05 1.02389E-02 6.12960E-02 3.55422E-05 1.61528E-05 9.03411E-06 2.41148E-03
8.96232E-06 1.51065E-05 3.19139E-05 5.70970E-05 5.71529E-05 9.10529E-03 5.52842E-02 3.19139E-05 1.51065E-05 8.96232E-06 2.03821E-03
8.75669E-06 1.40545E-05 2.86101E-05 5.04202E-05 5.04667E-05 8.08944E-03 4.98065E-02 2.86101E-05 1.40545E-05 8.75669E-06 1.72884E-03
8.45252E-06 1.30158E-05 2.56095E-05 4.44807E-05 4.45193E-05 7.17999E-03 4.48215E-02 2.56095E-05 1.30158E-05 8.45252E-06 1.47121E-03
8.07827E-06 1.20049E-05 2.28908E-05 3.92037E-05 3.92358E-05 6.36664E-03 4.02905E-02 2.28908E-05 1.20049E-05 8.07827E-06 1.25565E-03
7.65674E-06 1.10320E-05 2.04330E-05 3.45211E-05 3.45477E-05 5.63999E-03 3.61772E-02 2.04330E-05 1.10320E-05 7.65674E-06 1.07447E-03
7.20607E-06 1.01044E-05 1.82154E-05 3.03708E-05 3.03928E-05 4.99148E-03 3.24479E-02 1.82154E-05 1.01044E-05 7.20607E-06 9.21527E-04
6.74059E-06 9.22691E-06 1.62183E-05 2.66963E-05 2.67145E-05 4.41332E-03 2.90710E-02 1.62183E-05 9.22691E-06 6.74059E-06 7.91908E-04
6.27146E-06 8.40215E-06 1.44230E-05 2.34468E-05 2.34618E-05 3.89845E-03 2.60170E-02 1.44230E-05 8.40215E-06 6.27146E-06 6.81652E-04
5.80749E-06 7.63234E-06 1.28147E-05 2.05819E-05 2.05943E-05 3.44132E-03 2.32634E-02 1.28147E-05 7.63234E-06 5.80749E-06 5.87798E-04
5.35529E-06 6.91692E-06 1.13742E-05 1.80549E-05 1.80652E-05 3.03534E-03 2.07809E-02 1.13742E-05 6.91692E-06 5.35529E-06 5.07508E-04
0.00000E+00 0.00000E+00 8.16680E-05 2.04035E-04 2.04305E-04 3.76071E-02 2.00095E-01 8.16680E-05 0.00000E+00 0.00000E+00 2.64336E-02
0.00000E+00 2.99196E-06 7.37099E-05 1.79675E-04 1.79899E-04 3.35015E-02 1.81382E-01 7.37099E-05 2.99196E-06 0.00000E+00 2.10975E-02
0.00000E+00 5.66411E-06 6.71012E-05 1.59163E-04 1.59350E-04 2.99172E-02 1.64704E-01 6.71012E-05 5.66411E-06 0.00000E+00 1.69451E-02
0.00000E+00 7.77910E-06 6.12514E-05 1.41382E-04 1.41538E-04 2.67516E-02 1.49681E-01 6.12514E-05 7.77910E-06 0.00000E+00 1.36845E-02
0.00000E+00 9.38393E-06 5.59930E-05 1.25841E-04 1.25972E-04 2.39455E-02 1.36108E-01 5.59930E-05 9.38393E-06 0.00000E+00 1.11109E-02
0.00000E+00 1.05209E-05 5.12293E-05 1.12237E-04 1.12347E-04 2.14623E-02 1.23862E-01 5.12293E-05 1.05209E-05 0.00000E+00 9.08742E-03
0.00000E+00 1.12709E-05 4.68716E-05 1.00227E-04 1.00319E-04 1.92524E-02 1.12762E-01 4.68716E-05 1.12709E-05 0.00000E+00 7.47766E-03
0.00000E+00 1.16451E-05 4.37265E-05 9.18083E-05 9.18888E-05 1.76951E-02 1.04825E-01 4.37265E-05 1.16451E-05 0.00000E+00 6.44116E-03
3.70366E-07 1.16687E-05 4.28247E-05 8.95197E-05 8.95972E-05 1.72773E-02 1.02669E-01 4.28247E-05 1.16687E-05 3.70366E-07 6.18201E-03
2.08246E-06 1.18348E-05 3.88569E-05 7.93578E-05 7.94223E-05 1.53892E-02 9.28458E-02 3.88569E-05 1.18348E-05 2.08246E-06 5.05524E-03
3.38481E-06 1.17988E-05 3.52264E-05 7.03409E-05 7.03946E-05 1.37000E-02 8.38966E-02 3.52264E-05 1.17988E-05 3.38481E-06 4.15413E-03
4.32005E-06 1.15730E-05 3.18685E-05 6.22893E-05 6.23339E-05 1.21861E-02 7.57332E-02 3.18685E-05 1.15730E-05 4.32005E-06 3.42975E-03
4.95760E-06 1.12041E-05 2.87717E-05 5.51046E-05 5.51416E-05 1.08302E-02 6.82926E-02 2.87717E-05 1.12041E-05 4.95760E-06 2.84518E-03
5.35478E-06 1.07310E-05 2.59288E-05 4.87100E-05 4.87408E-05 9.61832E-03 6.15256E-02 2.59288E-05 1.07310E-05 5.35478E-06 2.37248E-03
5.56400E-06 1.01877E-05 2.33262E-05 4.30212E-05 4.30467E-05 8.53536E-03 5.53742E-02 2.33262E-05 1.01877E-05 5.56400E-06 1.98770E-03
5.62825E-06 9.60065E-06 2.09485E-05 3.79598E-05 3.79809E-05 7.56722E-03 4.97827E-02 2.09485E-05 9.60065E-06 5.62825E-06 1.67214E-03
5.58092E-06 8.99023E-06 1.87824E-05 3.34618E-05 3.34792E-05 6.70251E-03 4.47059E-02 1.87824E-05 8.99023E-06 5.58092E-06 1.41202E-03
5.44929E-06 8.37227E-06 1.68139E-05 2.94691E-05 2.94835E-05 5.93092E-03 4.01018E-02 1.68139E-05 8.37227E-06 5.44929E-06 1.19650E-03
5.25559E-06 7.75895E-06 1.50294E-05 2.59291E-05 2.59410E-05 5.24308E-03 3.59313E-02 1.50294E-05 7.75895E-06 5.25559E-06 1.01703E-03
5.01777E-06 7.15947E-06 1.34152E-05 2.27940E-05 2.28038E-05 4.63054E-03 3.21583E-02 1.34152E-05 7.15947E-06 5.01777E-06 8.66849E-04
4.75027E-06 6.58061E-06 1.19582E-05 2.00204E-05 2.00285E-05 4.08562E-03 2.87492E-02 1.19582E-05 6.58061E-06 4.75027E-06 7.40610E-04
4.46460E-06 6.02717E-06 1.06454E-05 1.75694E-05 1.75760E-05 3.60137E-03 2.56727E-02 1.06454E-05 6.02717E-06 4.46460E-06 6.34048E-04
4.16984E-06 5.50240E-06 9.46477E-06 1.54056E-05 1.54110E-05 3.17147E-03 2.29000E-02 9.46477E-06 5.50240E-06 4.16984E-06 5.43751E-04
3.87310E-06 5.00831E-06 8.40477E-06 1.34972E-05 1.35017E-05 2.79025E-03 2.04042E-02 8.40477E-06 5.00831E-06 3.87310E-06 4.66976E-04
3.58001E-06 4.54651E-06 7.45638E-06 1.18193E-05 1.18230E-05 2.45324E-03 1.81645E-02 7.45638E-06 4.54651E-06 3.58001E-06 4.01671E-04
3.29474E-06 4.11691E-06 6.60806E-06 1.03433E-05 1.03463E-05 2.15520E-03 1.61549E-02 6.60806E-06 4.11691E-06 3.29474E-06 3.45863E-04
0.00000E+00 0.00000E+00 4.91882E-05 1.22928E-04 1.23013E-04 2.88570E-02 1.70165E-01 4.91882E-05 0.00000E+00 0.00000E+00 1.87499E-02
0.00000E+00 1.46306E-06 4.38515E-05 1.07399E-04 1.07469E-04 2.55952E-02 1.53533E-01 4.38515E-05 1.46306E-06 0.00000E+00 1.48488E-02
0.00000E+00 2.87690E-06 3.95298E-05 9.44802E-05 9.45382E-05 2.27606E-02 1.38783E-01 3.95298E-05 2.87690E-06 0.00000E+00 1.18468E-02
0.00000E+00 4.06149E-06 3.58153E-05 8.34218E-05 8.34699E-05 2.02682E-02 1.25563E-01 3.58153E-05 4.06149E-06 0.00000E+00 9.51197E-03
0.00000E+00 5.00189E-06 3.25536E-05 7.38610E-05 7.39011E-05 1.80686E-02 1.13674E-01 3.25536E-05 5.00189E-06 0.00000E+00 7.68527E-03
0.00000E+00 5.69829E-06 2.96545E-05 6.55720E-05 6.56054E-05 1.61307E-02 1.03001E-01 2.96545E-05 5.69829E-06 0.00000E+00 6.26065E-03
0.00000E+00 6.18170E-06 2.70398E-05 5.83130E-05 5.83410E-05 1.44135E-02 9.33730E-02 2.70398E-05 6.18170E-06 0.00000E+00 5.13503E-03
1.73472E-18 6.43862E-06 2.51701E-05 5.32551E-05 5.32794E-05 1.32076E-02 8.65144E-02 2.51701E-05 6.43862E-06 1.73472E-18 4.41387E-03
2.23468E-07 6.46295E-06 2.46371E-05 5.18864E-05 5.19098E-05 1.28850E-02 8.46570E-02 2.46371E-05 6.46295E-06 2.23468E-07 4.23443E-03
1.25853E-06 6.61232E-06 2.23016E-05 4.58259E-05 4.58452E-05 1.14301E-02 7.62150E-02 2.23016E-05 6.61232E-06 1.25853E-06 3.45597E-03
2.04923E-06 6.64088E-06 2.01799E-05 4.04804E-05 4.04964E-05 1.01342E-02 6.85612E-02 2.01799E-05 6.64088E-06 2.04923E-06 2.83617E-03
2.61908E-06 6.55351E-06 1.82277E-05 3.57324E-05 3.57456E-05 8.97779E-03 6.16132E-02 1.82277E-05 6.55351E-06 2.61908E-06 2.33945E-03
3.00870E-06 6.37678E-06 1.64346E-05 3.15159E-05 3.15268E-05 7.94651E-03 5.53110E-02 1.64346E-05 6.37678E-06 3.00870E-06 1.93946E-03
3.25203E-06 6.13337E-06 1.47938E-05 2.77798E-05 2.77888E-05 7.02885E-03 4.96074E-02 1.47938E-05 6.13337E-06 3.25203E-06 1.61647E-03
3.38042E-06 5.84340E-06 1.32954E-05 2.44695E-05 2.44770E-05 6.21234E-03 4.44478E-02 1.32954E-05 5.84340E-06 3.38042E-06 1.35371E-03
3.41984E-06 5.52296E-06 1.19291E-05 2.15352E-05 2.15413E-05 5.48553E-03 3.97804E-02 1.19291E-05 5.52296E-06 3.41984E-06 1.13823E-03
3.39055E-06 5.18443E-06 1.06863E-05 1.89365E-05 1.89415E-05 4.83913E-03 3.55630E-02 1.06863E-05 5.18443E-06 3.39055E-06 9.60549E-04
3.30923E-06 4.83765E-06 9.55830E-06 1.66372E-05 1.66413E-05 4.26480E-03 3.17567E-02 9.55830E-06 4.83765E-06 3.30923E-06 8.13246E-04
3.18953E-06 4.49032E-06 8.53675E-06 1.46047E-05 1.46081E-05 3.75499E-03 2.83255E-02 8.53675E-06 4.49032E-06 3.18953E-06 6.90498E-04
3.04252E-06 4.14835E-06 7.61348E-06 1.28098E-05 1.28125E-05 3.30292E-03 2.52363E-02 7.61348E-06 4.14835E-06 3.04252E-06 5.87722E-04
2.87715E-06 3.81618E-06 6.78063E-06 1.12262E-05 1.12284E-05 2.90246E-03 2.24585E-02 6.78063E-06 3.81618E-06 2.87715E-06 5.01290E-04
2.70058E-06 3.49707E-06 6.03073E-06 9.83028E-06 9.83213E-06 2.54810E-03 1.99639E-02 6.03073E-06 3.49707E-06 2.70058E-06 4.28316E-04
2.51848E-06 3.19331E-06 5.35669E-06 8.60099E-06 8.60250E-06 2.23486E-03 1.77264E-02 5.35669E-06 3.19331E-06 2.51848E-06 3.66487E-04
2.33528E-06 2.90640E-06 4.75185E-06 7.51940E-06 7.52064E-06 1.95826E-03 1.57222E-02 4.75185E-06 2.90640E-06 2.33528E-06 3.13944E-04
2.15452E-06 2.63755E-06 4.21100E-06 6.57067E-06 6.57168E-06 1.71479E-03 1.39325E-02 4.21100E-06 2.63755E-06 2.15452E-06 2.69291E-04
1.97879E-06 2.38696E-06 3.72750E-06 5.73790E-06 5.73872E-06 1.50039E-03 1.23345E-02 3.72750E-06 2.38696E-06 1.97879E-06 2.31181E-04
0.00000E+00 0.00000E+00 2.86679E-05 7.16575E-05 7.16822E-05 2.17558E-02 1.42717E-01 2.86679E-05 0.00000E+00 0.00000E+00 1.29100E-02
0.00000E+00 6.09278E-07 2.51918E-05 6.20554E-05 6.20756E-05 1.92137E-02 1.28149E-01 2.51918E-05 6.09278E-07 0.00000E+00 1.01544E-02
0.00000E+00 1.29739E-06 2.24509E-05 5.41729E-05 5.41896E-05 1.70145E-02 1.15296E-01 2.24509E-05 1.29739E-06 0.00000E+00 8.05587E-03
0.00000E+00 1.93052E-06 2.01692E-05 4.75203E-05 4.75340E-05 1.50892E-02 1.03832E-01 2.01692E-05 1.93052E-06 0.00000E+00 6.43815E-03
0.00000E+00 2.46729E-06 1.82178E-05 4.18378E-05 4.18491E-05 1.33974E-02 9.35740E-02 1.82178E-05 2.46729E-06 0.00000E+00 5.18243E-03
0.00000E+00 2.88878E-06 1.65207E-05 3.69638E-05 3.69732E-05 1.19134E-02 8.44107E-02 1.65207E-05 2.88878E-06 0.00000E+00 4.20996E-03
0.00000E+00 3.19982E-06 1.50149E-05 3.27335E-05 3.27413E-05 1.06039E-02 7.61846E-02 1.50149E-05 3.19982E-06 0.00000E+00 3.44595E-03
8.67362E-18 3.37666E-06 1.39493E-05 2.98049E-05 2.98117E-05 9.68752E-03 7.03477E-02 1.39493E-05 3.37666E-06 8.67362E-18 2.95840E-03
1.31207E-07 3.39917E-06 1.36473E-05 2.90163E-05 2.90228E-05 9.44316E-03 6.87725E-02 1.36473E-05 3.39917E-06 1.31207E-07 2.83754E-03
7.40654E-07 3.52643E-06 1.23309E-05 2.55348E-05 2.55402E-05 8.34284E-03 6.16282E-02 1.23309E-05 3.52643E-06 7.40654E-07 2.31417E-03
1.20925E-06 3.58279E-06 1.11441E-05 2.24837E-05 2.24881E-05 7.36699E-03 5.51833E-02 1.11441E-05 3.58279E-06 1.20925E-06 1.89866E-03
1.54890E-06 3.56925E-06 1.00576E-05 1.97883E-05 1.97920E-05 6.49996E-03 4.93617E-02 1.00576E-05 3.56925E-06 1.54890E-06 1.56615E-03
1.78234E-06 3.50030E-06 9.06330E-06 1.74063E-05 1.74093E-05 5.73004E-03 4.41074E-02 9.06330E-06 3.50030E-06 1.78234E-06 1.29856E-03
1.92889E-06 3.38871E-06 8.15566E-06 1.53048E-05 1.53073E-05 5.04791E-03 3.93760E-02 8.15566E-06 3.38871E-06 1.92889E-06 1.08245E-03
2.00673E-06 3.24614E-06 7.32812E-06 1.34501E-05 1.34521E-05 4.44357E-03 3.51173E-02 7.32812E-06 3.24614E-06 2.00673E-06 9.06495E-04
2.03107E-06 3.08215E-06 6.57425E-06 1.18115E-05 1.18132E-05 3.90789E-03 3.12839E-02 6.57425E-06 3.08215E-06 2.03107E-06 7.62045E-04
2.01391E-06 2.90425E-06 5.88880E-06 1.03649E-05 1.03663E-05 3.43350E-03 2.78372E-02 5.88880E-06 2.90425E-06 2.01391E-06 6.42774E-04
1.96521E-06 2.71849E-06 5.26676E-06 9.08860E-06 9.08969E-06 3.01378E-03 2.47418E-02 5.26676E-06 2.71849E-06 1.96521E-06 5.43759E-04
1.89317E-06 2.52972E-06 4.70332E-06 7.96328E-06 7.96417E-06 2.64279E-03 2.19654E-02 4.70332E-06 2.52972E-06 1.89317E-06 4.61147E-04
1.80449E-06 2.34175E-06 4.19394E-06 6.97185E-06 6.97257E-06 2.31521E-03 1.94781E-02 4.19394E-06 2.34175E-06 1.80449E-06 3.91909E-04
1.70461E-06 2.15752E-06 3.73426E-06 6.09905E-06 6.09964E-06 2.02626E-03 1.72526E-02 3.73426E-06 2.15752E-06 1.70461E-06 3.33645E-04
1.59792E-06 1.97925E-06 3.32017E-06 5.33130E-06 5.33178E-06 1.77165E-03 1.52639E-02 3.32017E-06 1.97925E-06 1.59792E-06 2.84441E-04
1.48788E-06 1.80856E-06 2.94780E-06 4.65648E-06 4.65687E-06 1.54754E-03 1.34892E-02 2.94780E-06 1.80856E-06 1.48788E-06 2.42763E-04
1.37723E-06 1.64657E-06 2.61354E-06 4.06383E-06 4.06414E-06 1.35048E-03 1.19073E-02 2.61354E-06 1.64657E-06 1.37723E-06 2.07369E-04
1.26813E-06 1.49420E-06 2.31454E-06 3.54491E-06 3.54516E-06 1.17777E-03 1.05020E-02 2.31454E-06 1.49420E-06 1.26813E-06 1.77326E-04
1.16220E-06 1.35176E-06 2.04718E-06 3.09019E-06 3.09040E-06 1.02633E-03 9.25345E-03 2.04718E-06 1.35176E-06 1.16220E-06 1.51728E-04
0.00000E+00 0.00000E+00 1.59781E-05 3.99420E-05 3.99484E-05 1.60400E-02 1.17559E-01 1.59781E-05 0.00000E+00 0.00000E+00 8.55427E-03
0.00000E+00 1.70347E-07 1.38001E-05 3.42420E-05 3.42473E-05 1.41044E-02 1.05026E-01 1.38001E-05 1.70347E-07 0.00000E+00 6.69032E-03
0.00000E+00 4.62040E-07 1.21310E-05 2.96322E-05 2.96365E-05 1.24374E-02 9.40273E-02 1.21310E-05 4.62040E-07 0.00000E+00 5.28479E-03
0.00000E+00 7.79034E-07 1.07896E-05 2.58036E-05 2.58071E-05 1.09845E-02 8.42682E-02 1.07896E-05 7.79034E-07 0.00000E+00 4.20978E-03
0.00000E+00 1.07466E-06 9.67665E-06 2.25782E-05 2.25811E-05 9.71310E-03 7.55801E-02 9.67665E-06 1.07466E-06 0.00000E+00 3.38096E-03
0.00000E+00 1.32459E-06 8.73343E-06 1.98455E-05 1.98479E-05 8.60283E-03 6.78598E-02 8.73343E-06 1.32459E-06 0.00000E+00 2.74274E-03
0.00000E+00 1.52201E-06 7.91270E-06 1.74977E-05 1.74997E-05 7.62728E-03 6.09640E-02 7.91270E-06 1.52201E-06 0.00000E+00 2.24344E-03
4.33681E-18 1.64193E-06 7.33920E-06 1.58842E-05 1.58859E-05 6.94688E-03 5.60911E-02 7.33920E-06 1.64193E-06 4.33681E-18 1.92564E-03
7.41853E-08 1.66085E-06 7.17766E-06 1.54520E-05 1.54537E-05 6.76600E-03 5.47809E-02 7.17766E-06 1.66085E-06 7.41853E-08 1.84708E-03
4.20100E-07 1.76235E-06 6.47797E-06 1.35507E-05 1.35521E-05 5.95301E-03 4.88512E-02 6.47797E-06 1.76235E-06 4.20100E-07 1.50722E-03
6.88484E-07 1.82332E-06 5.85262E-06 1.18960E-05 1.18971E-05 5.23512E-03 4.35300E-02 5.85262E-06 1.82332E-06 6.88484E-07 1.23768E-03
8.84558E-07 1.84301E-06 5.28304E-06 1.04426E-05 1.04435E-05 4.60002E-03 3.87483E-02 5.28304E-06 1.84301E-06 8.84558E-07 1.02188E-03
1.02032E-06 1.82888E-06 4.76328E-06 9.16450E-06 9.16523E-06 4.03848E-03 3.44549E-02 4.76328E-06 1.82888E-06 1.02032E-06 8.48018E-04
1.10621E-06 1.78780E-06 4.28951E-06 8.04176E-06 8.04236E-06 3.54314E-03 3.06091E-02 4.28951E-06 1.78780E-06 1.10621E-06 7.07335E-04
1.15231E-06 1.72632E-06 3.85766E-06 7.05440E-06 7.05489E-06 3.10618E-03 2.71656E-02 3.85766E-06 1.72632E-06 1.15231E-06 5.92547E-04
1.16721E-06 1.65001E-06 3.46403E-06 6.18486E-06 6.18526E-06 2.72052E-03 2.40820E-02 3.46403E-06 1.65001E-06 1.16721E-06 4.98092E-04
1.15776E-06 1.56331E-06 3.10573E-06 5.41920E-06 5.41952E-06 2.38045E-03 2.13238E-02 3.10573E-06 1.56331E-06 1.15776E-06 4.19926E-04
1.12971E-06 1.46992E-06 2.78008E-06 4.74520E-06 4.74546E-06 2.08085E-03 1.88597E-02 2.78008E-06 1.46992E-06 1.12971E-06 3.54905E-04
1.08783E-06 1.37284E-06 2.48460E-06 4.15214E-06 4.15235E-06 1.81717E-03 1.66608E-02 2.48460E-06 1.37284E-06 1.08783E-06 3.00568E-04
1.03608E-06 1.27452E-06 2.21697E-06 3.63054E-06 3.63071E-06 1.58534E-03 1.47012E-02 2.21697E-06 1.27452E-06 1.03608E-06 2.54975E-04
9.77679E-07 1.17688E-06 1.97498E-06 3.17206E-06 3.17220E-06 1.38172E-03 1.29571E-02 1.97498E-06 1.17688E-06 9.77679E-07 2.16584E-04
9.15223E-07 1.08142E-06 1.75660E-06 2.76932E-06 2.76943E-06 1.20308E-03 1.14066E-02 1.75660E-06 1.08142E-06 9.15223E-07 1.84163E-04
8.50795E-07 9.89251E-07 1.55987E-06 2.41576E-06 2.41585E-06 1.04651E-03 1.00302E-02 1.55987E-06 9.89251E-07 8.50795E-07 1.56716E-04
7.86031E-07 9.01216E-07 1.38299E-06 2.10562E-06 2.10569E-06 9.09430E-04 8.80975E-03 1.38299E-06 9.01216E-07 7.86031E-07 1.33433E-04
7.22230E-07 8.17975E-07 1.22454E-06 1.83436E-06 1.83442E-06 7.89820E-04 7.73131E-03 1.22454E-06 8.17975E-07 7.22230E-07 1.13703E-04
6.60358E-07 7.39851E-07 1.08269E-06 1.59692E-06 1.59696E-06 6.85390E-04 6.77817E-03 1.08269E-06 7.39851E-07 6.60358E-07 9.69279E-05
0.00000E+00 0.00000E+00 8.48511E-06 2.12121E-05 2.12135E-05 1.15735E-02 9.50034E-02 8.48511E-06 0.00000E+00 0.00000E+00 5.44201E-03
0.00000E+00 0.00000E+00 7.17599E-06 1.79724E-05 1.79735E-05 1.01326E-02 8.44252E-02 7.17599E-06 0.00000E+00 0.00000E+00 4.23916E-03
0.00000E+00 7.32785E-08 6.20245E-06 1.53957E-05 1.53967E-05 8.89719E-03 7.51936E-02 6.20245E-06 7.32785E-08 0.00000E+00 3.34010E-03
0.00000E+00 2.19854E-07 5.44987E-06 1.32945E-05 1.32953E-05 7.82500E-03 6.70466E-02 5.44987E-06 2.19854E-07 0.00000E+00 2.65691E-03
0.00000E+00 3.76782E-07 4.84716E-06 1.15524E-05 1.15530E-05 6.89085E-03 5.98322E-02 4.84716E-06 3.76782E-07 0.00000E+00 2.13288E-03
0.00000E+00 5.21706E-07 4.35212E-06 1.00975E-05 1.00980E-05 6.07863E-03 5.34565E-02 4.35212E-06 5.21706E-07 0.00000E+00 1.73087E-03
0.00000E+00 6.44527E-07 3.93171E-06 8.86227E-06 8.86268E-06 5.36796E-03 4.77917E-02 3.93171E-06 6.44527E-07 0.00000E+00 1.41705E-03
0.00000E+00 7.23736E-07 3.64254E-06 8.02055E-06 8.02091E-06 4.87400E-03 4.38058E-02 3.64254E-06 7.23736E-07 0.00000E+00 1.21749E-03
4.03069E-08 7.38337E-07 3.56163E-06 7.79640E-06 7.79674E-06 4.74309E-03 4.27380E-02 3.56163E-06 7.38337E-07 4.03069E-08 1.16821E-03
2.29194E-07 8.13941E-07 3.21417E-06 6.81437E-06 6.81465E-06 4.15573E-03 3.79171E-02 3.21417E-06 8.13941E-07 2.29194E-07 9.55105E-04
3.77483E-07 8.66976E-07 2.90679E-06 5.96640E-06 5.96662E-06 3.63934E-03 3.36145E-02 2.90679E-06 8.66976E-07 3.77483E-07 7.85859E-04
4.86925E-07 8.96147E-07 2.62820E-06 5.22619E-06 5.22637E-06 3.18448E-03 2.97690E-02 2.62820E-06 8.96147E-07 4.86925E-07 6.50000E-04
5.63415E-07 9.05065E-07 2.37449E-06 4.57855E-06 4.57869E-06 2.78404E-03 2.63348E-02 2.37449E-06 9.05065E-07 5.63415E-07 5.40185E-04
6.12287E-07 8.97245E-07 2.14318E-06 4.01201E-06 4.01213E-06 2.43235E-03 2.32756E-02 2.14318E-06 8.97245E-07 6.12287E-07 4.51009E-04
6.38874E-07 8.76267E-07 1.93195E-06 3.51543E-06 3.51553E-06 2.12347E-03 2.05513E-02 1.93195E-06 8.76267E-07 6.38874E-07 3.77986E-04
6.47827E-07 8.45286E-07 1.73888E-06 3.07924E-06 3.07931E-06 1.85203E-03 1.81250E-02 1.73888E-06 8.45286E-07 6.47827E-07 3.17696E-04
6.42920E-07 8.06899E-07 1.56252E-06 2.69592E-06 2.69599E-06 1.61370E-03 1.59664E-02 1.56252E-06 8.06899E-07 6.42920E-07 2.67658E-04
6.27365E-07 7.63314E-07 1.40161E-06 2.35902E-06 2.35907E-06 1.40465E-03 1.40484E-02 1.40161E-06 7.63314E-07 6.27365E-07 2.25934E-04
6.03865E-07 7.16385E-07 1.25501E-06 2.06292E-06 2.06296E-06 1.22146E-03 1.23462E-02 1.25501E-06 7.16385E-07 6.03865E-07 1.91005E-04
5.74672E-07 6.67637E-07 1.12168E-06 1.80272E-06 1.80275E-06 1.06110E-03 1.08375E-02 1.12168E-06 6.67637E-07 5.74672E-07 1.61667E-04
5.41638E-07 6.18310E-07 1.00065E-06 1.57415E-06 1.57418E-06 9.20872E-04 9.50192E-03 1.00065E-06 6.18310E-07 5.41638E-07 1.36956E-04
5.06269E-07 5.69387E-07 8.91019E-07 1.37346E-06 1.37348E-06 7.98378E-04 8.32120E-03 8.91019E-07 5.69387E-07 5.06269E-07 1.16096E-04
4.69771E-07 5.21634E-07 7.91916E-07 1.19733E-06 1.19735E-06 6.91491E-04 7.27870E-03 7.91916E-07 5.21634E-07 4.69771E-07 9.84545E-05
4.33097E-07 4.75631E-07 7.02529E-07 1.04287E-06 1.04288E-06 5.98324E-04 6.35946E-03 7.02529E-07 4.75631E-07 4.33097E-07 8.35148E-05
3.97005E-07 4.31842E-07 6.22229E-07 9.07803E-07 9.07814E-07 5.17392E-04 5.55169E-03 6.22229E-07 4.31842E-07 3.97005E-07 7.08837E-05
3.62055E-07 3.90540E-07 5.50167E-07 7.89603E-07 7.89611E-07 4.47046E-04 4.84171E-03 5.50167E-07 3.90540E-07 3.62055E-07 6.01738E-05
0.00000E+00 0.00000E+00 4.26285E-06 1.06570E-05 1.06573E-05 8.16152E-03 7.51056E-02 4.26285E-06 0.00000E+00 0.00000E+00 3.30392E-03
0.00000E+00 0.00000E+00 3.51280E-06 8.90506E-06 8.90526E-06 7.11389E-03 6.63694E-02 3.51280E-06 0.00000E+00 0.00000E+00 2.56950E-03
0.00000E+00 0.00000E+00 2.97218E-06 7.53733E-06 7.53749E-06 6.21963E-03 5.87898E-02 2.97218E-06 0.00000E+00 0.00000E+00 2.02451E-03
0.00000E+00 0.00000E+00 2.57177E-06 6.44505E-06 6.44518E-06 5.44691E-03 5.21384E-02 2.57177E-06 0.00000E+00 0.00000E+00 1.61214E-03
0.00000E+00 6.94645E-08 2.26420E-06 5.55626E-06 5.55636E-06 4.77655E-03 4.62814E-02 2.26420E-06 6.94645E-08 0.00000E+00 1.29669E-03
0.00000E+00 1.51114E-07 2.02130E-06 4.82654E-06 4.82662E-06 4.19626E-03 4.11350E-02 2.02130E-06 1.51114E-07 0.00000E+00 1.05491E-03
0.00000E+00 2.25227E-07 1.82145E-06 4.21575E-06 4.21582E-06 3.69067E-03 3.65876E-02 1.82145E-06 2.25227E-07 0.00000E+00 8.66032E-04
0.00000E+00 2.75556E-07 1.68685E-06 3.80375E-06 3.80381E-06 3.34047E-03 3.34022E-02 1.68685E-06 2.75556E-07 0.00000E+00 7.45741E-04
2.09275E-08 2.85940E-07 1.64948E-06 3.69476E-06 3.69482E-06 3.24794E-03 3.25524E-02 1.64948E-06 2.85940E-07 2.09275E-08 7.16019E-04
1.19624E-07 3.38402E-07 1.49092E-06 3.21968E-06 3.21972E-06 2.83356E-03 2.87243E-02 1.49092E-06 3.38402E-07 1.19624E-07 5.87368E-04
1.98267E-07 3.78658E-07 1.35246E-06 2.81315E-06 2.81318E-06 2.47085E-03 2.53274E-02 1.35246E-06 3.78658E-07 1.98267E-07 4.84756E-04
2.57036E-07 4.05493E-07 1.22757E-06 2.46068E-06 2.46071E-06 2.15276E-03 2.23086E-02 1.22757E-06 4.05493E-07 2.57036E-07 4.01951E-04
2.98576E-07 4.20506E-07 1.11387E-06 2.15391E-06 2.15393E-06 1.87395E-03 1.96281E-02 1.11387E-06 4.20506E-07 2.98576E-07 3.34654E-04
3.25425E-07 4.25407E-07 1.00989E-06 1.88660E-06 1.88662E-06 1.63019E-03 1.72540E-02 1.00989E-06 4.25407E-07 3.25425E-07 2.79711E-04
3.40258E-07 4.22087E-07 9.14431E-07 1.65294E-06 1.65295E-06 1.41704E-03 1.51520E-02 9.14431E-07 4.22087E-07 3.40258E-07 2.34502E-04
3.45483E-07 4.12293E-07 8.26596E-07 1.44804E-06 1.44805E-06 1.23055E-03 1.32905E-02 8.26596E-07 4.12293E-07 3.45483E-07 1.97022E-04
3.43094E-07 3.97503E-07 7.45769E-07 1.26816E-06 1.26817E-06 1.06753E-03 1.16439E-02 7.45769E-07 3.97503E-07 3.43094E-07 1.65811E-04
3.34821E-07 3.79010E-07 6.71453E-07 1.11011E-06 1.11012E-06 9.25177E-04 1.01892E-02 6.71453E-07 3.79010E-07 3.34821E-07 1.39724E-04
3.22137E-07 3.57925E-07 6.03227E-07 9.71177E-07 9.71184E-07 8.00988E-04 8.90548E-03 6.03227E-07 3.57925E-07 3.22137E-07 1.17851E-04
3.06286E-07 3.35180E-07 5.40720E-07 8.49027E-07 8.49032E-07 6.92760E-04 7.77421E-03 5.40720E-07 3.35180E-07 3.06286E-07 9.94685E-05
2.88295E-07 3.11549E-07 4.83587E-07 7.41640E-07 7.41644E-07 5.98544E-04 6.77855E-03 4.83587E-07 3.11549E-07 2.88295E-07 8.39891E-05
2.69009E-07 2.87658E-07 4.31500E-07 6.47259E-07 6.47262E-07 5.16614E-04 5.90338E-03 4.31500E-07 2.87658E-07 2.69009E-07 7.09355E-05
2.49103E-07 2.64005E-07 3.84142E-07 5.64347E-07 5.64349E-07 4.45446E-04 5.13512E-03 3.84142E-07 2.64005E-07 2.49103E-07 5.99157E-05
2.29114E-07 2.40973E-07 3.41207E-07 4.91557E-07 4.91559E-07 3.83696E-04 4.46162E-03 3.41207E-07 2.40973E-07 2.29114E-07 5.06060E-05
2.09467E-07 2.18872E-07 3.02460E-07 4.27841E-07 4.27843E-07 3.30303E-04 3.87326E-03 3.02460E-07 2.18872E-07 2.09467E-07 4.27587E-05
1.90475E-07 1.97902E-07 2.67553E-07 3.72030E-07 3.72031E-07 2.84106E-04 3.35914E-03 2.67553E-07 1.97902E-07 1.90475E-07 3.61279E-05
0.00000E+00 0.00000E+00 2.00734E-06 5.01833E-06 5.01836E-06 5.61639E-03 5.78771E-02 2.00734E-06 0.00000E+00 0.00000E+00 1.89995E-03
0.00000E+00 0.00000E+00 1.60090E-06 4.12405E-06 4.12408E-06 4.87330E-03 5.08406E-02 1.60090E-06 0.00000E+00 0.00000E+00 1.48049E-03
0.00000E+00 0.00000E+00 1.31709E-06 3.44002E-06 3.44004E-06 4.24185E-03 4.47732E-02 1.31709E-06 0.00000E+00 0.00000E+00 1.17060E-03
0.00000E+00 0.00000E+00 1.11655E-06 2.90673E-06 2.90674E-06 3.69860E-03 3.94807E-02 1.11655E-06 0.00000E+00 0.00000E+00 9.36289E-04
0.00000E+00 0.00000E+00 9.70009E-07 2.48233E-06 2.48235E-06 3.22938E-03 3.48478E-02 9.70009E-07 0.00000E+00 0.00000E+00 7.56828E-04
0.00000E+00 6.00786E-09 8.60046E-07 2.14109E-06 2.14111E-06 2.82502E-03 3.08016E-02 8.60046E-07 6.00786E-09 0.00000E+00 6.18818E-04
0.00000E+00 4.88269E-08 7.73490E-07 1.86048E-06 1.86049E-06 2.47424E-03 2.72473E-02 7.73490E-07 4.88269E-08 0.00000E+00 5.10487E-04
8.67362E-19 7.91951E-08 7.16954E-07 1.67359E-06 1.67360E-06 2.23212E-03 2.47694E-02 7.16954E-07 7.91951E-08 8.67362E-19 4.41160E-04
1.02959E-08 8.60018E-08 7.01420E-07 1.62454E-06 1.62455E-06 2.16836E-03 2.41111E-02 7.01420E-07 8.60018E-08 1.02959E-08 4.23974E-04
5.92457E-08 1.19786E-07 6.36724E-07 1.41213E-06 1.41213E-06 1.88330E-03 2.11533E-02 6.36724E-07 1.19786E-07 5.92457E-08 3.49433E-04
9.89761E-08 1.47213E-07 5.81272E-07 1.23236E-06 1.23236E-06 1.63492E-03 1.85445E-02 5.81272E-07 1.47213E-07 9.89761E-08 2.89510E-04
1.29115E-07 1.67360E-07 5.31497E-07 1.07770E-06 1.07770E-06 1.41808E-03 1.62401E-02 5.31497E-07 1.67360E-07 1.29115E-07 2.40757E-04
1.50700E-07 1.80857E-07 4.86047E-07 9.43828E-07 9.43832E-07 1.22887E-03 1.42063E-02 4.86047E-07 1.80857E-07 1.50700E-07 2.00831E-04
1.64835E-07 1.88484E-07 4.44127E-07 8.27590E-07 8.27592E-07 1.06421E-03 1.24160E-02 4.44127E-07 1.88484E-07 1.64835E-07 1.68008E-04
1.72777E-07 1.91199E-07 4.05183E-07 7.26157E-07 7.26159E-07 9.20889E-04 1.08405E-02 4.05183E-07 1.91199E-07 1.72777E-07 1.40844E-04
1.75707E-07 1.89939E-07 3.68860E-07 6.37241E-07 6.37243E-07 7.96066E-04 9.45366E-03 3.68860E-07 1.89939E-07 1.75707E-07 1.18224E-04
1.74630E-07 1.85518E-07 3.34958E-07 5.59118E-07 5.59120E-07 6.87456E-04 8.23433E-03 3.34958E-07 1.85518E-07 1.74630E-07 9.93258E-05
1.70435E-07 1.78669E-07 3.03348E-07 4.90366E-07 4.90367E-07 5.93047E-04 7.16359E-03 3.03348E-07 1.78669E-07 1.70435E-07 8.34973E-05
1.63896E-07 1.70033E-07 2.73937E-07 4.29793E-07 4.29794E-07 5.11067E-04 6.22450E-03 2.73937E-07 1.70033E-07 1.63896E-07 7.02146E-05
1.55668E-07 1.60161E-07 2.46655E-07 3.76395E-07 3.76396E-07 4.39957E-04 5.40194E-03 2.46655E-07 1.60161E-07 1.55668E-07 5.90530E-05
1.46302E-07 1.49514E-07 2.21434E-07 3.29314E-07 3.29315E-07 3.78343E-04 4.68240E-03 2.21434E-07 1.49514E-07 1.46302E-07 4.96646E-05
1.36249E-07 1.38472E-07 1.98208E-07 2.87810E-07 2.87811E-07 3.25017E-04 4.05380E-03 1.98208E-07 1.38472E-07 1.36249E-07 4.17630E-05
1.25873E-07 1.27341E-07 1.76901E-07 2.51240E-07 2.51240E-07 2.78916E-04 3.50537E-03 1.76901E-07 1.27341E-07 1.25873E-07 3.51103E-05
1.15464E-07 1.16361E-07 1.57433E-07 2.19041E-07 2.19041E-07 2.39105E-04 3.02753E-03 1.57433E-07 1.16361E-07 1.15464E-07 2.95086E-05
1.05249E-07 1.05724E-07 1.39746E-07 1.90778E-07 1.90778E-07 2.04850E-04 2.61271E-03 1.39746E-07 1.05724E-07 1.05249E-07 2.48052E-05
9.53976E-08 9.55639E-08 1.23722E-07 1.65959E-07 1.65959E-07 1.75356E-04 2.25246E-03 1.23722E-07 9.55639E-08 9.53976E-08 2.08478E-05
0.00000E+00 0.00000E+00 8.74920E-07 2.18730E-06 2.18730E-06 3.76345E-03 4.32725E-02 8.74920E-07 0.00000E+00 0.00000E+00 1.02471E-03
0.00000E+00 0.00000E+00 6.68678E-07 1.76086E-06 1.76086E-06 3.25003E-03 3.77691E-02 6.68678E-07 0.00000E+00 0.00000E+00 8.04383E-04
0.00000E+00 0.00000E+00 5.29060E-07 1.44181E-06 1.44181E-06 2.81578E-03 3.30548E-02 5.29060E-07 0.00000E+00 0.00000E+00 6.41518E-04
0.00000E+00 0.00000E+00 4.35310E-07 1.19986E-06 1.19986E-06 2.44388E-03 2.89687E-02 4.35310E-07 0.00000E+00 0.00000E+00 5.17698E-04
0.00000E+00 0.00000E+00 3.70848E-07 1.01246E-06 1.01246E-06 2.12411E-03 2.54145E-02 3.70848E-07 0.00000E+00 0.00000E+00 4.22133E-04
0.00000E+00 0.00000E+00 3.25754E-07 8.65727E-07 8.65728E-07 1.84983E-03 2.23304E-02 3.25754E-07 0.00000E+00 0.00000E+00 3.47909E-04
0.00000E+00 0.00000E+00 2.92596E-07 7.47837E-07 7.47838E-07 1.61296E-03 1.96382E-02 2.92596E-07 0.00000E+00 0.00000E+00 2.89019E-04
0.00000E+00 6.27123E-09 2.72024E-07 6.70653E-07 6.70654E-07 1.45007E-03 1.77708E-02 2.72024E-07 6.27123E-09 0.00000E+00 2.50982E-04
4.73517E-09 1.03703E-08 2.66467E-07 6.50612E-07 6.50613E-07 1.40731E-03 1.72769E-02 2.66467E-07 1.03703E-08 4.73517E-09 2.41492E-04
2.74852E-08 3.04493E-08 2.44097E-07 5.64568E-07 5.64569E-07 1.21654E-03 1.50638E-02 2.44097E-07 3.04493E-08 2.74852E-08 2.00183E-04
4.63861E-08 4.73843E-08 2.25554E-07 4.92807E-07 4.92808E-07 1.05110E-03 1.31246E-02 2.25554E-07 4.73843E-08 4.63861E-08 1.66579E-04
6.09885E-08 6.05641E-08 2.09005E-07 4.31665E-07 4.31666E-07 9.07351E-04 1.14227E-02 2.09005E-07 6.05641E-08 6.09885E-08 1.38934E-04
7.16114E-08 7.01885E-08 1.93739E-07 3.79063E-07 3.79064E-07 7.82523E-04 9.93018E-03 1.93739E-07 7.01885E-08 7.16114E-08 1.16075E-04
7.86727E-08 7.65831E-08 1.79358E-07 3.33520E-07 3.33521E-07 6.74413E-04 8.62502E-03 1.79358E-07 7.65831E-08 7.86727E-08 9.71338E-05
8.27152E-08 8.02097E-08 1.65638E-07 2.93781E-07 2.93781E-07 5.80772E-04 7.48392E-03 1.65638E-07 8.02097E-08 8.27152E-08 8.13639E-05
8.42805E-08 8.15466E-08 1.52477E-07 2.58872E-07 2.58872E-07 4.99611E-04 6.48593E-03 1.52477E-07 8.15466E-08 8.42805E-08 6.81761E-05
8.38459E-08 8.10231E-08 1.39848E-07 2.28085E-07 2.28086E-07 4.29335E-04 5.61415E-03 1.39848E-07 8.10231E-08 8.38459E-08 5.71294E-05
8.18451E-08 7.90351E-08 1.27764E-07 2.00857E-07 2.00857E-07 3.68548E-04 4.85356E-03 1.27764E-07 7.90351E-08 8.18451E-08 4.78666E-05
7.86613E-08 7.59361E-08 1.16254E-07 1.76732E-07 1.76732E-07 3.16024E-04 4.19081E-03 1.16254E-07 7.59361E-08 7.86613E-08 4.00947E-05
7.46247E-08 7.20333E-08 1.05353E-07 1.55333E-07 1.55333E-07 2.70690E-04 3.61409E-03 1.05353E-07 7.20333E-08 7.46247E-08 3.35724E-05
7.00140E-08 6.75877E-08 9.50916E-08 1.36347E-07 1.36347E-07 2.31608E-04 3.11288E-03 9.50916E-08 6.75877E-08 7.00140E-08 2.80987E-05
6.50595E-08 6.28161E-08 8.54924E-08 1.19507E-07 1.19507E-07 1.97953E-04 2.67788E-03 8.54924E-08 6.28161E-08 6.50595E-08 2.35061E-05
5.99475E-08 5.78946E-08 7.65687E-08 1.04580E-07 1.04580E-07 1.69005E-04 2.30085E-03 7.65687E-08 5.78946E-08 5.99475E-08 1.96540E-05
5.48249E-08 5.29630E-08 6.83233E-08 9.13637E-08 9.13637E-08 1.44136E-04 1.97451E-03 6.83233E-08 5.29630E-08 5.48249E-08 1.64245E-05
4.98085E-08 4.81322E-08 6.07606E-08 7.97032E-08 7.97032E-08 1.22849E-04 1.69311E-03 6.07606E-08 4.81322E-08 4.98085E-08 1.37261E-05
4.49827E-08 4.34834E-08 5.38568E-08 6.94169E-08 6.94169E-08 1.04616E-04 1.45035E-03 5.38568E-08 4.34834E-08 4.49827E-08 1.14675E-05
0.00000E+00 0.00000E+00 3.47341E-07 8.68353E-07 8.68353E-07 2.44839E-03 3.12034E-02 3.47341E-07 0.00000E+00 0.00000E+00 5.11814E-04
0.00000E+00 0.00000E+00 2.50559E-07 6.80845E-07 6.80846E-07 2.10359E-03 2.70469E-02 2.50559E-07 0.00000E+00 0.00000E+00 4.08211E-04
0.00000E+00 0.00000E+00 1.86829E-07 5.43736E-07 5.43736E-07 1.81340E-03 2.35116E-02 1.86829E-07 0.00000E+00 0.00000E+00 3.30801E-04
0.00000E+00 0.00000E+00 1.46271E-07 4.43011E-07 4.43011E-07 1.56608E-03 2.04684E-02 1.46271E-07 0.00000E+00 0.00000E+00 2.70936E-04
0.00000E+00 0.00000E+00 1.20388E-07 3.67580E-07 3.67580E-07 1.35445E-03 1.78393E-02 1.20388E-07 0.00000E+00 0.00000E+00 2.23858E-04
0.00000E+00 0.00000E+00 1.04046E-07 3.10577E-07 3.10577E-07 1.17383E-03 1.55739E-02 1.04046E-07 0.00000E+00 0.00000E+00 1.86544E-04
0.00000E+00 0.00000E+00 9.33879E-08 2.66267E-07 2.66268E-07 1.01860E-03 1.36095E-02 9.33879E-08 0.00000E+00 0.00000E+00 1.56366E-04
4.33681E-19 0.00000E+00 8.74538E-08 2.37982E-07 2.37982E-07 9.12277E-04 1.22545E-02 8.74538E-08 0.00000E+00 4.33681E-19 1.36580E-04
1.99357E-09 0.00000E+00 8.59148E-08 2.30755E-07 2.30755E-07 8.84465E-04 1.18979E-02 8.59148E-08 0.00000E+00 1.99357E-09 1.31593E-04
1.17129E-08 2.82045E-10 8.02218E-08 2.00131E-07 2.00131E-07 7.60639E-04 1.03044E-02 8.02218E-08 2.82045E-10 1.17129E-08 1.09772E-04
2.00425E-08 9.76503E-09 7.59197E-08 1.75152E-07 1.75152E-07 6.53813E-04 8.91791E-03 7.59197E-08 9.76503E-09 2.00425E-08 9.17331E-05
2.66310E-08 1.74396E-08 7.21308E-08 1.54167E-07 1.54168E-07 5.61463E-04 7.70944E-03 7.21308E-08 1.74396E-08 2.66310E-08 7.66910E-05
3.15183E-08 2.33378E-08 6.85043E-08 1.36254E-07 1.36254E-07 4.81684E-04 6.65710E-03 6.85043E-08 2.33378E-08 3.15183E-08 6.41191E-05
3.48272E-08 2.75775E-08 6.48562E-08 1.20774E-07 1.20774E-07 4.12954E-04 5.74333E-03 6.48562E-08 2.75775E-08 3.48272E-08 5.36174E-05
3.67649E-08 3.03652E-08 6.11091E-08 1.07225E-07 1.07225E-07 3.53737E-04 4.95002E-03 6.11091E-08 3.03652E-08 3.67649E-08 4.48263E-05
3.75584E-08 3.19301E-08 5.72543E-08 9.52406E-08 9.52406E-08 3.02682E-04 4.26103E-03 5.72543E-08 3.19301E-08 3.75584E-08 3.74511E-05
3.74175E-08 3.24849E-08 5.33194E-08 8.45710E-08 8.45711E-08 2.58708E-04 3.66336E-03 5.33194E-08 3.24849E-08 3.74175E-08 3.12654E-05
3.65392E-08 3.22304E-08 4.93499E-08 7.50291E-08 7.50292E-08 2.20876E-04 3.14556E-03 4.93499E-08 3.22304E-08 3.65392E-08 2.60801E-05
3.51016E-08 3.13492E-08 4.53985E-08 6.64724E-08 6.64725E-08 1.88362E-04 2.69754E-03 4.53985E-08 3.13492E-08 3.51016E-08 2.17366E-05
3.32602E-08 3.00020E-08 4.15171E-08 5.87898E-08 5.87899E-08 1.60453E-04 2.31041E-03 4.15171E-08 3.00020E-08 3.32602E-08 1.81015E-05
3.11475E-08 2.83263E-08 3.77525E-08 5.18917E-08 5.18917E-08 1.36524E-04 1.97634E-03 3.77525E-08 2.83263E-08 3.11475E-08 1.50622E-05
2.88738E-08 2.64373E-08 3.41437E-08 4.57032E-08 4.57032E-08 1.16032E-04 1.68845E-03 3.41437E-08 2.64373E-08 2.88738E-08 1.25233E-05
2.65280E-08 2.44290E-08 3.07215E-08 4.01601E-08 4.01601E-08 9.85045E-05 1.44070E-03 3.07215E-08 2.44290E-08 2.65280E-08 1.04046E-05
2.41805E-08 2.23766E-08 2.75081E-08 3.52052E-08 3.52052E-08 8.35313E-05 1.22779E-03 2.75081E-08 2.23766E-08 2.41805E-08 8.63809E-06
2.18867E-08 2.03395E-08 2.45219E-08 3.07956E-08 3.07957E-08 7.07890E-05 1.04552E-03 2.45219E-08 2.03395E-08 2.18867E-08 7.17095E-06
1.96866E-08 1.83621E-08 2.17679E-08 2.68766E-08 2.68767E-08 5.99368E-05 8.89401E-04 2.17679E-08 1.83621E-08 1.96866E-08 5.95058E-06
0.00000E+00 0.00000E+00 1.22369E-07 3.05922E-07 3.05922E-07 1.53609E-03 2.14958E-02 1.22369E-07 0.00000E+00 0.00000E+00 2.31995E-04
0.00000E+00 0.00000E+00 8.11830E-08 2.31456E-07 2.31456E-07 1.31228E-03 1.84912E-02 8.11830E-08 0.00000E+00 0.00000E+00 1.90666E-04
0.00000E+00 0.00000E+00 5.45814E-08 1.78164E-07 1.78164E-07 1.12494E-03 1.59553E-02 5.45814E-08 0.00000E+00 0.00000E+00 1.58693E-04
0.00000E+00 0.00000E+00 3.85138E-08 1.40392E-07 1.40392E-07 9.66123E-04 1.37888E-02 3.85138E-08 0.00000E+00 0.00000E+00 1.32922E-04
0.00000E+00 0.00000E+00 2.91465E-08 1.13297E-07 1.13297E-07 8.30952E-04 1.19310E-02 2.91465E-08 0.00000E+00 0.00000E+00 1.11845E-04
0.00000E+00 0.00000E+00 2.41090E-08 9.38352E-08 9.38352E-08 7.16225E-04 1.03425E-02 2.41090E-08 0.00000E+00 0.00000E+00 9.45107E-05
0.00000E+00 0.00000E+00 2.15907E-08 7.94764E-08 7.94765E-08 6.18156E-04 8.97510E-03 2.15907E-08 0.00000E+00 0.00000E+00 8.00499E-05
0.00000E+00 0.00000E+00 2.06244E-08 7.06987E-08 7.06987E-08 5.51279E-04 8.03751E-03 2.06244E-08 0.00000E+00 0.00000E+00 7.03576E-05
7.37360E-10 0.00000E+00 2.04236E-08 6.85220E-08 6.85220E-08 5.33856E-04 7.79207E-03 2.04236E-08 0.00000E+00 7.37360E-10 6.78793E-05
4.41701E-09 0.00000E+00 2.00447E-08 5.95127E-08 5.95128E-08 4.56460E-04 6.69883E-03 2.00447E-08 0.00000E+00 4.41701E-09 5.69643E-05
7.72035E-09 0.00000E+00 2.00953E-08 5.24679E-08 5.24680E-08 3.90073E-04 5.75487E-03 2.00953E-08 0.00000E+00 7.72035E-09 4.77635E-05
1.04224E-08 2.50389E-09 2.01861E-08 4.67093E-08 4.67094E-08 3.33012E-04 4.93836E-03 2.01861E-08 2.50389E-09 1.04224E-08 3.99765E-05
1.24817E-08 5.68404E-09 2.01546E-08 4.18604E-08 4.18605E-08 2.84004E-04 4.23275E-03 2.01546E-08 5.68404E-09 1.24817E-08 3.33988E-05
1.39116E-08 8.08517E-09 1.99199E-08 3.76720E-08 3.76720E-08 2.42033E-04 3.62478E-03 1.99199E-08 8.08517E-09 1.39116E-08 2.78659E-05
1.47755E-08 9.78965E-09 1.94603E-08 3.39662E-08 3.39662E-08 2.06087E-04 3.10102E-03 1.94603E-08 9.78965E-09 1.47755E-08 2.32167E-05
1.51564E-08 1.08977E-08 1.87896E-08 3.06274E-08 3.06275E-08 1.75278E-04 2.64959E-03 1.87896E-08 1.08977E-08 1.51564E-08 1.93113E-05
1.51369E-08 1.15058E-08 1.79375E-08 2.75851E-08 2.75852E-08 1.48902E-04 2.26099E-03 1.79375E-08 1.15058E-08 1.51369E-08 1.60381E-05
1.47982E-08 1.17078E-08 1.69424E-08 2.47943E-08 2.47943E-08 1.26347E-04 1.92690E-03 1.69424E-08 1.17078E-08 1.47982E-08 1.33005E-05
1.42160E-08 1.15903E-08 1.58448E-08 2.22264E-08 2.22264E-08 1.07080E-04 1.64006E-03 1.58448E-08 1.15903E-08 1.42160E-08 1.10156E-05
1.34575E-08 1.12306E-08 1.46835E-08 1.98629E-08 1.98629E-08 9.06444E-05 1.39411E-03 1.46835E-08 1.12306E-08 1.34575E-08 9.11205E-06
1.25806E-08 1.06950E-08 1.34936E-08 1.76914E-08 1.76914E-08 7.66400E-05 1.18351E-03 1.34936E-08 1.06950E-08 1.25806E-08 7.52904E-06
1.16336E-08 1.00398E-08 1.23048E-08 1.57023E-08 1.57023E-08 6.47224E-05 1.00344E-03 1.23048E-08 1.00398E-08 1.16336E-08 6.21467E-06
1.06559E-08 9.31084E-09 1.11414E-08 1.38873E-08 1.38873E-08 5.45934E-05 8.49677E-04 1.11414E-08 9.31084E-09 1.06559E-08 5.12492E-06
9.67824E-09 8.54497E-09 1.00224E-08 1.22385E-08 1.22385E-08 4.59957E-05 7.18566E-04 1.00224E-08 8.54497E-09 9.67824E-09 4.22261E-06
8.72494E-09 7.77113E-09 8.96278E-09 1.07502E-08 1.07502E-08 3.87268E-05 6.07221E-04 8.96278E-09 7.77113E-09 8.72494E-09 3.47866E-06
7.81326E-09 7.01155E-09 7.97169E-09 9.41189E-09 9.41190E-09 3.25763E-05 5.12602E-04 7.97169E-09 7.01155E-09 7.81326E-09 2.86443E-06
0.00000E+00 0.00000E+00 3.72780E-08 9.31950E-08 9.31950E-08 9.24688E-04 1.40173E-02 3.72780E-08 0.00000E+00 0.00000E+00 9.35346E-05
0.00000E+00 0.00000E+00 2.16406E-08 6.69505E-08 6.69505E-08 7.84772E-04 1.19568E-02 2.16406E-08 0.00000E+00 0.00000E+00 8.11029E-05
0.00000E+00 0.00000E+00 1.15502E-08 4.84363E-08 4.84363E-08 6.68394E-04 1.02325E-02 1.15502E-08 0.00000E+00 0.00000E+00 7.03814E-05
0.00000E+00 0.00000E+00 5.69736E-09 3.57988E-08 3.57988E-08 5.70351E-04 8.77157E-03 5.69736E-09 0.00000E+00 0.00000E+00 6.08240E-05
0.00000E+00 0.00000E+00 2.61063E-09 2.72240E-08 2.72240E-08 4.87421E-04 7.52907E-03 2.61063E-09 0.00000E+00 0.00000E+00 5.23632E-05
0.00000E+00 0.00000E+00 1.33493E-09 2.15273E-08 2.15273E-08 4.17487E-04 6.47557E-03 1.33493E-09 0.00000E+00 0.00000E+00 4.49508E-05
0.00000E+00 0.00000E+00 1.10669E-09 1.77049E-08 1.77049E-08 3.58078E-04 5.57612E-03 1.10669E-09 0.00000E+00 0.00000E+00 3.84771E-05
3.25261E-19 0.00000E+00 1.32709E-09 1.55730E-08 1.55730E-08 3.17773E-04 4.96346E-03 1.32709E-09 0.00000E+00 3.25261E-19 3.40099E-05
2.22175E-10 0.00000E+00 1.42787E-09 1.50831E-08 1.50831E-08 3.07320E-04 4.80402E-03 1.42787E-09 0.00000E+00 2.22175E-10 3.28476E-05
1.38379E-09 0.00000E+00 2.08286E-09 1.31683E-08 1.31683E-08 2.61013E-04 4.09630E-03 2.08286E-09 0.00000E+00 1.38379E-09 2.76910E-05
2.51748E-09 0.00000E+00 2.85002E-09 1.18447E-08 1.18447E-08 2.21558E-04 3.49039E-03 2.85002E-09 0.00000E+00 2.51748E-09 2.32526E-05
3.49792E-09 0.00000E+00 3.56939E-09 1.08583E-08 1.08583E-08 1.87869E-04 2.97067E-03 3.56939E-09 0.00000E+00 3.49792E-09 1.94437E-05
4.27766E-09 2.36032E-10 4.16863E-09 1.00675E-08 1.00675E-08 1.59129E-04 2.52532E-03 4.16863E-09 2.36032E-10 4.27766E-09 1.61987E-05
4.84067E-09 1.43243E-09 4.61267E-09 9.38302E-09 9.38302E-09 1.34685E-04 2.14487E-03 4.61267E-09 1.43243E-09 4.84067E-09 1.34575E-05
5.19757E-09 2.32679E-09 4.89601E-09 8.74984E-09 8.74984E-09 1.13892E-04 1.81990E-03 4.89601E-09 2.32679E-09 5.19757E-09 1.11519E-05
5.37241E-09 2.95787E-09 5.03034E-09 8.13905E-09 8.13905E-09 9.61934E-05 1.54217E-03 5.03034E-09 2.95787E-09 5.37241E-09 9.21815E-06
5.39287E-09 3.36504E-09 5.03423E-09 7.53801E-09 7.53801E-09 8.11456E-05 1.30511E-03 5.03423E-09 3.36504E-09 5.39287E-09 7.60284E-06
5.28839E-09 3.58784E-09 4.93010E-09 6.94348E-09 6.94348E-09 6.83670E-05 1.10303E-03 4.93010E-09 3.58784E-09 5.28839E-09 6.25833E-06
5.08753E-09 3.66354E-09 4.74116E-09 6.35758E-09 6.35759E-09 5.75289E-05 9.31001E-04 4.74116E-09 3.66354E-09 5.08753E-09 5.14269E-06
4.81636E-09 3.62571E-09 4.48946E-09 5.78508E-09 5.78508E-09 4.83484E-05 7.84758E-04 4.48946E-09 3.62571E-09 4.81636E-09 4.21948E-06
4.49771E-09 3.50361E-09 4.19479E-09 5.23155E-09 5.23156E-09 4.05821E-05 6.60609E-04 4.19479E-09 3.50361E-09 4.49771E-09 3.45732E-06
4.15077E-09 3.32198E-09 3.87414E-09 4.70239E-09 4.70239E-09 3.40208E-05 5.55366E-04 3.87414E-09 3.32198E-09 4.15077E-09 2.82943E-06
3.79119E-09 3.10120E-09 3.54156E-09 4.20211E-09 4.20211E-09 2.84850E-05 4.66276E-04 3.54156E-09 3.10120E-09 3.79119E-09 2.31307E-06
3.43125E-09 2.85764E-09 3.20824E-09 3.73415E-09 3.73415E-09 2.38205E-05 3.90969E-04 3.20824E-09 2.85764E-09 3.43125E-09 1.88912E-06
3.08058E-09 2.60410E-09 2.88302E-09 3.30140E-09 3.30140E-09 1.99067E-05 3.27578E-04 2.88302E-09 2.60410E-09 3.08058E-09 1.54263E-06
2.74597E-09 2.35062E-09 2.57221E-09 2.90460E-09 2.90460E-09 1.66197E-05 2.74179E-04 2.57221E-09 2.35062E-09 2.74597E-09 1.25905E-06
0.00000E+00 0.00000E+00 9.30631E-09 2.32658E-08 2.32658E-08 5.25219E-04 8.49295E-03 9.30631E-09 0.00000E+00 0.00000E+00 3.22079E-05
0.00000E+00 0.00000E+00 4.17836E-09 1.53419E-08 1.53419E-08 4.42245E-04 7.17560E-03 4.17836E-09 0.00000E+00 0.00000E+00 3.07229E-05
0.00000E+00 0.00000E+00 7.48680E-10 9.71886E-09 9.71886E-09 3.73755E-04 6.08379E-03 7.48680E-10 0.00000E+00 0.00000E+00 2.83714E-05
0.00000E+00 0.00000E+00 0.00000E+00 6.00358E-09 6.00359E-09 3.16485E-04 5.16737E-03 0.00000E+00 0.00000E+00 0.00000E+00 2.55263E-05
0.00000E+00 0.00000E+00 0.00000E+00 3.65467E-09 3.65468E-09 2.68405E-04 4.39518E-03 0.00000E+00 0.00000E+00 0.00000E+00 2.25517E-05
0.00000E+00 0.00000E+00 0.00000E+00 2.28438E-09 2.28438E-09 2.28171E-04 3.74668E-03 0.00000E+00 0.00000E+00 0.00000E+00 1.96635E-05
0.00000E+00 0.00000E+00 0.00000E+00 1.54183E-09 1.54183E-09 1.94248E-04 3.19807E-03 0.00000E+00 0.00000E+00 0.00000E+00 1.69815E-05
1.62630E-19 0.00000E+00 0.00000E+00 1.23425E-09 1.23426E-09 1.71374E-04 2.82716E-03 0.00000E+00 0.00000E+00 1.62630E-19 1.50670E-05
4.20045E-11 0.00000E+00 0.00000E+00 1.18731E-09 1.18731E-09 1.65475E-04 2.73128E-03 0.00000E+00 0.00000E+00 4.20045E-11 1.45598E-05
2.97217E-10 0.00000E+00 0.00000E+00 1.06889E-09 1.06889E-09 1.39423E-04 2.30734E-03 0.00000E+00 0.00000E+00 2.97217E-10 1.22949E-05
6.04598E-10 0.00000E+00 0.00000E+00 1.10051E-09 1.10051E-09 1.17403E-04 1.94785E-03 0.00000E+00 0.00000E+00 6.04598E-10 1.03089E-05
9.02470E-10 0.00000E+00 0.00000E+00 1.19639E-09 1.19639E-09 9.87508E-05 1.64242E-03 0.00000E+00 0.00000E+00 9.02470E-10 8.58722E-06
1.15845E-09 0.00000E+00 4.11268E-11 1.30695E-09 1.30695E-09 8.29654E-05 1.38318E-03 4.11268E-11 0.00000E+00 1.15845E-09 7.11412E-06
1.35599E-09 0.00000E+00 3.94773E-10 1.40252E-09 1.40252E-09 6.96492E-05 1.16386E-03 3.94773E-10 0.00000E+00 1.35599E-09 5.86972E-06
1.49124E-09 1.32837E-10 6.66965E-10 1.46816E-09 1.46816E-09 5.84150E-05 9.78320E-04 6.66965E-10 1.32837E-10 1.49124E-09 4.82627E-06
1.56790E-09 4.39530E-10 8.63349E-10 1.49908E-09 1.49908E-09 4.89304E-05 8.21260E-04 8.63349E-10 4.39530E-10 1.56790E-09 3.95558E-06
1.59292E-09 6.56940E-10 9.92550E-10 1.49597E-09 1.49597E-09 4.09328E-05 6.88482E-04 9.92550E-10 6.56940E-10 1.59292E-09 3.23309E-06
1.57500E-09 7.99705E-10 1.06491E-09 1.46271E-09 1.46271E-09 3.41975E-05 5.76382E-04 1.06491E-09 7.99705E-10 1.57500E-09 2.63637E-06
1.52326E-09 8.81986E-10 1.09110E-09 1.40477E-09 1.40477E-09 2.85328E-05 4.81872E-04 1.09110E-09 8.81986E-10 1.52326E-09 2.14545E-06
1.44642E-09 9.16757E-10 1.08128E-09 1.32806E-09 1.32806E-09 2.37750E-05 4.02306E-04 1.08128E-09 9.16757E-10 1.44642E-09 1.74291E-06
1.35229E-09 9.15430E-10 1.04457E-09 1.23828E-09 1.23828E-09 1.97844E-05 3.35417E-04 1.04457E-09 9.15430E-10 1.35229E-09 1.41377E-06
1.24754E-09 8.87730E-10 9.88857E-10 1.14055E-09 1.14055E-09 1.64419E-05 2.79267E-04 9.88857E-10 8.87730E-10 1.24754E-09 1.14528E-06
1.13763E-09 8.41704E-10 9.20704E-10 1.03920E-09 1.03920E-09 1.36462E-05 2.32200E-04 9.20704E-10 8.41704E-10 1.13763E-09 9.26706E-07
1.02690E-09 7.83848E-10 8.45408E-10 9.37747E-10 9.37747E-10 1.13112E-05 1.92806E-04 8.45408E-10 7.83848E-10 1.02690E-09 7.49081E-07
9.18698E-10 7.19222E-10 7.67120E-10 8.38965E-10 8.38965E-10 9.36936E-06 1.59978E-04 7.67120E-10 7.19222E-10 9.18698E-10 6.05430E-07
8.15425E-10 6.51886E-10 6.89070E-10 7.44847E-10 7.44848E-10 7.75303E-06 1.32599E-04 6.89070E-10 6.51886E-10 8.15425E-10 4.89080E-07
0.00000E+00 0.00000E+00 1.75475E-09 4.38686E-09 4.38686E-09 2.74570E-04 4.65670E-03 1.75475E-09 0.00000E+00 0.00000E+00 8.92663E-06
0.00000E+00 0.00000E+00 3.58697E-10 2.42429E-09 2.42429E-09 2.28955E-04 3.89095E-03 3.58697E-10 0.00000E+00 0.00000E+00 1.01187E-05
0.00000E+00 0.00000E+00 0.00000E+00 9.52537E-10 9.52538E-10 1.91658E-04 3.26333E-03 0.00000E+00 0.00000E+00 0.00000E+00 1.01859E-05
0.00000E+00 0.00000E+00 0.00000E+00 0.00000E+00 0.00000E+00 1.60759E-04 2.74222E-03 0.00000E+00 0.00000E+00 0.00000E+00 9.59793E-06
0.00000E+00 0.00000E+00 0.00000E+00 0.00000E+00 0.00000E+00 1.35058E-04 2.30783E-03 0.00000E+00 0.00000E+00 0.00000E+00 8.69421E-06
0.00000E+00 0.00000E+00 0.00000E+00 0.00000E+00 0.00000E+00 1.13757E-04 1.94704E-03 0.00000E+00 0.00000E+00 0.00000E+00 7.67358E-06
0.00000E+00 0.00000E+00 0.00000E+00 0.00000E+00 0.00000E+00 9.59620E-05 1.64503E-03 0.00000E+00 0.00000E+00 0.00000E+00 6.65787E-06
0.00000E+00 0.00000E+00 0.00000E+00 0.00000E+00 0.00000E+00 8.40542E-05 1.44263E-03 0.00000E+00 0.00000E+00 0.00000E+00 5.90946E-06
0.00000E+00 0.00000E+00 0.00000E+00 0.00000E+00 0.00000E+00 8.10039E-05 1.39071E-03 0.00000E+00 0.00000E+00 0.00000E+00 5.70847E-06
4.99031E-12 0.00000E+00 0.00000E+00 0.00000E+00 0.00000E+00 6.75867E-05 1.16217E-03 0.00000E+00 0.00000E+00 4.99031E-12 4.80745E-06
5.74378E-11 0.00000E+00 0.00000E+00 0.00000E+00 0.00000E+00 5.63569E-05 9.70525E-04 0.00000E+00 0.00000E+00 5.74378E-11 4.00834E-06
1.27279E-10 0.00000E+00 0.00000E+00 0.00000E+00 0.00000E+00 4.69370E-05 8.09484E-04 0.00000E+00 0.00000E+00 1.27279E-10 3.31343E-06
1.97599E-10 0.00000E+00 0.00000E+00 0.00000E+00 0.00000E+00 3.90435E-05 6.74306E-04 0.00000E+00 0.00000E+00 1.97599E-10 2.72010E-06
2.58430E-10 0.00000E+00 0.00000E+00 0.00000E+00 0.00000E+00 3.24516E-05 5.61225E-04 0.00000E+00 0.00000E+00 2.58430E-10 2.22177E-06
3.05127E-10 0.00000E+00 0.00000E+00 0.00000E+00 0.00000E+00 2.69459E-05 4.66626E-04 0.00000E+00 0.00000E+00 3.05127E-10 1.80727E-06
3.36618E-10 0.00000E+00 0.00000E+00 4.58984E-11 4.58985E-11 2.23441E-05 3.87434E-04 0.00000E+00 0.00000E+00 3.36618E-10 1.46467E-06
3.53673E-10 0.00000E+00 4.11779E-11 1.08129E-10 1.08129E-10 1.85027E-05 3.21229E-04 4.11779E-11 0.00000E+00 3.53673E-10 1.18336E-06
3.58124E-10 6.60880E-11 1.00212E-10 1.51398E-10 1.51398E-10 1.53005E-05 2.65958E-04 1.00212E-10 6.60880E-11 3.58124E-10 9.53622E-07
3.52269E-10 1.13813E-10 1.39790E-10 1.78755E-10 1.78755E-10 1.26348E-05 2.19882E-04 1.39790E-10 1.13813E-10 3.52269E-10 7.66823E-07
3.38488E-10 1.44068E-10 1.63752E-10 1.93277E-10 1.93277E-10 1.04189E-05 1.81528E-04 1.63752E-10 1.44068E-10 3.38488E-10 6.15488E-07
3.19014E-10 1.60731E-10 1.75571E-10 1.97831E-10 1.97831E-10 8.57958E-06 1.49650E-04 1.75571E-10 1.60731E-10 3.19014E-10 4.93253E-07
2.95806E-10 1.67132E-10 1.78259E-10 1.94948E-10 1.94948E-10 7.05513E-06 1.23194E-04 1.78259E-10 1.67132E-10 2.95806E-10 3.94767E-07
2.70501E-10 1.66049E-10 1.74341E-10 1.86778E-10 1.86778E-10 5.79349E-06 1.01271E-04 1.74341E-10 1.66049E-10 2.70501E-10 3.15583E-07
2.44407E-10 1.59740E-10 1.65876E-10 1.75082E-10 1.75082E-10 4.75091E-06 8.31329E-05 1.65876E-10 1.59740E-10 2.44407E-10 2.52029E-07
2.18541E-10 1.49955E-10 1.54470E-10 1.61242E-10 1.61242E-10 3.89331E-06 6.81946E-05 1.54470E-10 1.49955E-10 2.18541E-10 2.01275E-07
1.93644E-10 1.38147E-10 1.41441E-10 1.46383E-10 1.46383E-10 3.18714E-06 5.58797E-05 1.41441E-10 1.38147E-10 1.93644E-10 1.60674E-07
0.00000E+00 0.00000E+00 2.13629E-10 5.34071E-10 5.34071E-10 1.26368E-04 2.21012E-03 2.13629E-10 0.00000E+00 0.00000E+00 1.79339E-06
0.00000E+00 0.00000E+00 0.00000E+00 1.57039E-10 1.57040E-10 1.04077E-04 1.82214E-03 0.00000E+00 0.00000E+00 0.00000E+00 2.80073E-06
0.00000E+00 0.00000E+00 0.00000E+00 0.00000E+00 0.00000E+00 8.60712E-05 1.50837E-03 0.00000E+00 0.00000E+00 0.00000E+00 3.13404E-06
0.00000E+00 0.00000E+00 0.00000E+00 0.00000E+00 0.00000E+00 7.13308E-05 1.25121E-03 0.00000E+00 0.00000E+00 0.00000E+00 3.08546E-06
0.00000E+00 0.00000E+00 0.00000E+00 0.00000E+00 0.00000E+00 5.92146E-05 1.03960E-03 0.00000E+00 0.00000E+00 0.00000E+00 2.84557E-06
0.00000E+00 0.00000E+00 0.00000E+00 0.00000E+00 0.00000E+00 4.92944E-05 8.66159E-04 0.00000E+00 0.00000E+00 0.00000E+00 2.52314E-06
0.00000E+00 0.00000E+00 0.00000E+00 0.00000E+00 0.00000E+00 4.11044E-05 7.22825E-04 0.00000E+00 0.00000E+00 0.00000E+00 2.18398E-06
0.00000E+00 0.00000E+00 0.00000E+00 0.00000E+00 0.00000E+00 3.56766E-05 6.27759E-04 0.00000E+00 0.00000E+00 0.00000E+00 1.92935E-06
0.00000E+00 0.00000E+00 0.00000E+00 0.00000E+00 0.00000E+00 3.42983E-05 6.03602E-04 0.00000E+00 0.00000E+00 0.00000E+00 1.86074E-06
0.00000E+00 0.00000E+00 0.00000E+00 0.00000E+00 0.00000E+00 2.82653E-05 4.97823E-04 0.00000E+00 0.00000E+00 0.00000E+00 1.55350E-06
0.00000E+00 0.00000E+00 0.00000E+00 0.00000E+00 0.00000E+00 2.32788E-05 4.10310E-04 0.00000E+00 0.00000E+00 0.00000E+00 1.28122E-06
0.00000E+00 0.00000E+00 0.00000E+00 0.00000E+00 0.00000E+00 1.91474E-05 3.37741E-04 0.00000E+00 0.00000E+00 0.00000E+00 1.04604E-06
2.02911E-13 0.00000E+00 0.00000E+00 0.00000E+00 0.00000E+00 1.57286E-05 2.77636E-04 0.00000E+00 0.00000E+00 2.02911E-13 8.47303E-07
1.65682E-11 0.00000E+00 0.00000E+00 0.00000E+00 0.00000E+00 1.29098E-05 2.28036E-04 0.00000E+00 0.00000E+00 1.65682E-11 6.82518E-07
3.09167E-11 0.00000E+00 0.00000E+00 0.00000E+00 0.00000E+00 1.05852E-05 1.87101E-04 0.00000E+00 0.00000E+00 3.09167E-11 5.47367E-07
4.22232E-11 0.00000E+00 0.00000E+00 0.00000E+00 0.00000E+00 8.66674E-06 1.53290E-04 0.00000E+00 0.00000E+00 4.22232E-11 4.37283E-07
5.02248E-11 0.00000E+00 0.00000E+00 0.00000E+00 0.00000E+00 7.08559E-06 1.25403E-04 0.00000E+00 0.00000E+00 5.02248E-11 3.48247E-07
5.51062E-11 0.00000E+00 0.00000E+00 0.00000E+00 0.00000E+00 5.78435E-06 1.02436E-04 0.00000E+00 0.00000E+00 5.51062E-11 2.76636E-07
5.72852E-11 0.00000E+00 0.00000E+00 0.00000E+00 0.00000E+00 4.71506E-06 8.35491E-05 0.00000E+00 0.00000E+00 5.72852E-11 2.19298E-07
5.72728E-11 2.18879E-12 2.57954E-12 3.16566E-12 3.16567E-12 3.83773E-06 6.80423E-05 2.57954E-12 2.18879E-12 5.72728E-11 1.73552E-07
5.55869E-11 1.14339E-11 1.15869E-11 1.18163E-11 1.18163E-11 3.11900E-06 5.53304E-05 1.15869E-11 1.14339E-11 5.55869E-11 1.37161E-07
5.27031E-11 1.73636E-11 1.73615E-11 1.73583E-11 1.73583E-11 2.53114E-06 4.49262E-05 1.73615E-11 1.73636E-11 5.27031E-11 1.08279E-07
4.90308E-11 2.07860E-11 2.06879E-11 2.05406E-11 2.05406E-11 2.05106E-06 3.64242E-05 2.06879E-11 2.07860E-11 4.90308E-11 8.54017E-08
4.49053E-11 2.23625E-11 2.22096E-11 2.19803E-11 2.19803E-11 1.65962E-06 2.94878E-05 2.22096E-11 2.23625E-11 4.49053E-11 6.73082E-08
4.05894E-11 2.26060E-11 2.24271E-11 2.21588E-11 2.21588E-11 1.34202E-06 2.38563E-05 2.24271E-11 2.26060E-11 4.05894E-11 5.30695E-08
3.62863E-11 2.19538E-11 2.17676E-11 2.14884E-11 2.14884E-11 1.08401E-06 1.92790E-05 2.17676E-11 2.19538E-11 3.62863E-11 4.18396E-08
0.00000E+00 0.00000E+00 1.09832E-11 2.74579E-11 2.74579E-11 4.70691E-05 8.35974E-04 1.09832E-11 0.00000E+00 0.00000E+00 2.09979E-07
0.00000E+00 0.00000E+00 0.00000E+00 0.00000E+00 0.00000E+00 3.81315E-05 6.77515E-04 0.00000E+00 0.00000E+00 0.00000E+00 6.10803E-07
0.00000E+00 0.00000E+00 0.00000E+00 0.00000E+00 0.00000E+00 3.10288E-05 5.51526E-04 0.00000E+00 0.00000E+00 0.00000E+00 7.57815E-07
0.00000E+00 0.00000E+00 0.00000E+00 0.00000E+00 0.00000E+00 2.53059E-05 4.49967E-04 0.00000E+00 0.00000E+00 0.00000E+00 7.67590E-07
0.00000E+00 0.00000E+00 0.00000E+00 0.00000E+00 0.00000E+00 2.06759E-05 3.67768E-04 0.00000E+00 0.00000E+00 0.00000E+00 7.10724E-07
0.00000E+00 0.00000E+00 0.00000E+00 0.00000E+00 0.00000E+00 1.69466E-05 3.01531E-04 0.00000E+00 0.00000E+00 0.00000E+00 6.25992E-07
0.00000E+00 0.00000E+00 0.00000E+00 0.00000E+00 0.00000E+00 1.39158E-05 2.47678E-04 0.00000E+00 0.00000E+00 0.00000E+00 5.35648E-07
0.00000E+00 0.00000E+00 0.00000E+00 0.00000E+00 0.00000E+00 1.19330E-05 2.12436E-04 0.00000E+00 0.00000E+00 0.00000E+00 4.68104E-07
0.00000E+00 0.00000E+00 0.00000E+00 0.00000E+00 0.00000E+00 1.14353E-05 2.03588E-04 0.00000E+00 0.00000E+00 0.00000E+00 4.50111E-07
0.00000E+00 0.00000E+00 0.00000E+00 0.00000E+00 0.00000E+00 9.27094E-06 1.65104E-04 0.00000E+00 0.00000E+00 0.00000E+00 3.70156E-07
0.00000E+00 0.00000E+00 0.00000E+00 0.00000E+00 0.00000E+00 7.51171E-06 1.33811E-04 0.00000E+00 0.00000E+00 0.00000E+00 3.00423E-07
0.00000E+00 0.00000E+00 0.00000E+00 0.00000E+00 0.00000E+00 6.07804E-06 1.08301E-04 0.00000E+00 0.00000E+00 0.00000E+00 2.41275E-07
0.00000E+00 0.00000E+00 0.00000E+00 0.00000E+00 0.00000E+00 4.91124E-06 8.75325E-05 0.00000E+00 0.00000E+00 0.00000E+00 1.92254E-07
0.00000E+00 0.00000E+00 0.00000E+00 0.00000E+00 0.00000E+00 3.96536E-06 7.06908E-05 0.00000E+00 0.00000E+00 0.00000E+00 1.52418E-07
2.53560E-12 0.00000E+00 0.00000E+00 0.00000E+00 0.00000E+00 3.19840E-06 5.70307E-05 0.00000E+00 0.00000E+00 2.53560E-12 1.20387E-07
5.59872E-12 0.00000E+00 0.00000E+00 0.00000E+00 0.00000E+00 2.57595E-06 4.59411E-05 0.00000E+00 0.00000E+00 5.59872E-12 9.47922E-08
7.94866E-12 0.00000E+00 0.00000E+00 0.00000E+00 0.00000E+00 2.07152E-06 3.69519E-05 0.00000E+00 0.00000E+00 7.94866E-12 7.44722E-08
9.59358E-12 0.00000E+00 0.00000E+00 0.00000E+00 0.00000E+00 1.66336E-06 2.96764E-05 0.00000E+00 0.00000E+00 9.59358E-12 5.84181E-08
1.06063E-11 0.00000E+00 0.00000E+00 0.00000E+00 0.00000E+00 1.33362E-06 2.37973E-05 0.00000E+00 0.00000E+00 1.06063E-11 4.57804E-08
1.10884E-11 7.33152E-13 5.34436E-13 2.36362E-13 2.36363E-13 1.06767E-06 1.90543E-05 5.34436E-13 7.33152E-13 1.10884E-11 3.58589E-08
1.11487E-11 2.95703E-12 2.79290E-12 2.54671E-12 2.54671E-12 8.53501E-07 1.52341E-05 2.79290E-12 2.95703E-12 1.11487E-11 2.80847E-08
1.08899E-11 4.41106E-12 4.27706E-12 4.07606E-12 4.07606E-12 6.81318E-07 1.21622E-05 4.27706E-12 4.41106E-12 1.08899E-11 2.20011E-08
1.04027E-11 5.27870E-12 5.17050E-12 5.00819E-12 5.00819E-12 5.43110E-07 9.69601E-06 5.17050E-12 5.27870E-12 1.04027E-11 1.72442E-08
9.76323E-12 5.71002E-12 5.62357E-12 5.49391E-12 5.49391E-12 4.32351E-07 7.71927E-06 5.62357E-12 5.71002E-12 9.76323E-12 1.35262E-08
9.03188E-12 5.82138E-12 5.75299E-12 5.65041E-12 5.65041E-12 3.44045E-07 6.14300E-06 5.75299E-12 5.82138E-12 9.03188E-12 1.06314E-08
8.25818E-12 5.71276E-12 5.65921E-12 5.57889E-12 5.57889E-12 2.73535E-07 4.88423E-06 5.65921E-12 5.71276E-12 8.25818E-12 8.36918E-09
0.00000E+00 0.00000E+00 0.00000E+00 0.00000E+00 0.00000E+00 1.15327E-05 2.05423E-04 0.00000E+00 0.00000E+00 0.00000E+00 7.02866E-09
0.00000E+00 0.00000E+00 0.00000E+00 0.00000E+00 0.00000E+00 9.12643E-06 1.62568E-04 0.00000E+00 0.00000E+00 0.00000E+00 8.66327E-08
0.00000E+00 0.00000E+00 0.00000E+00 0.00000E+00 0.00000E+00 7.25828E-06 1.29293E-04 0.00000E+00 0.00000E+00 0.00000E+00 1.14693E-07
0.00000E+00 0.00000E+00 0.00000E+00 0.00000E+00 0.00000E+00 5.78705E-06 1.03084E-04 0.00000E+00 0.00000E+00 0.00000E+00 1.16817E-07
0.00000E+00 0.00000E+00 0.00000E+00 0.00000E+00 0.00000E+00 4.62369E-06 8.23586E-05 0.00000E+00 0.00000E+00 0.00000E+00 1.07273E-07
0.00000E+00 0.00000E+00 0.00000E+00 0.00000E+00 0.00000E+00 3.70840E-06 6.60514E-05 0.00000E+00 0.00000E+00 0.00000E+00 9.34197E-08
0.00000E+00 0.00000E+00 0.00000E+00 0.00000E+00 0.00000E+00 2.98117E-06 5.30941E-05 0.00000E+00 0.00000E+00 0.00000E+00 7.90974E-08
1.01644E-20 0.00000E+00 0.00000E+00 0.00000E+00 0.00000E+00 2.51419E-06 4.47736E-05 0.00000E+00 0.00000E+00 1.01644E-20 6.86461E-08
0.00000E+00 0.00000E+00 0.00000E+00 0.00000E+00 0.00000E+00 2.39893E-06 4.27198E-05 0.00000E+00 0.00000E+00 0.00000E+00 6.59255E-08
2.39881E-13 0.00000E+00 0.00000E+00 0.00000E+00 0.00000E+00 1.90222E-06 3.38698E-05 0.00000E+00 0.00000E+00 2.39881E-13 5.39573E-08
1.04877E-12 0.00000E+00 0.00000E+00 0.00000E+00 0.00000E+00 1.50806E-06 2.68470E-05 0.00000E+00 0.00000E+00 1.04877E-12 4.37473E-08
2.06351E-12 0.00000E+00 0.00000E+00 0.00000E+00 0.00000E+00 1.19429E-06 2.12569E-05 0.00000E+00 0.00000E+00 2.06351E-12 3.52388E-08
3.07030E-12 0.00000E+00 0.00000E+00 0.00000E+00 0.00000E+00 9.44881E-07 1.68138E-05 0.00000E+00 0.00000E+00 3.07030E-12 2.82864E-08
3.94395E-12 0.00000E+00 0.00000E+00 0.00000E+00 0.00000E+00 7.47451E-07 1.32970E-05 0.00000E+00 0.00000E+00 3.94395E-12 2.26931E-08
4.62714E-12 9.02776E-13 9.29415E-13 9.69372E-13 9.69373E-13 5.91076E-07 1.05120E-05 9.29415E-13 9.02776E-13 4.62714E-12 1.82183E-08
5.10727E-12 2.01094E-12 2.04203E-12 2.08866E-12 2.08866E-12 4.67046E-07 8.30344E-06 2.04203E-12 2.01094E-12 5.10727E-12 1.46433E-08
5.39403E-12 2.80592E-12 2.83929E-12 2.88936E-12 2.88936E-12 3.68795E-07 6.55427E-06 2.83929E-12 2.80592E-12 5.39403E-12 1.17916E-08
5.50992E-12 3.33596E-12 3.36997E-12 3.42097E-12 3.42097E-12 2.91060E-07 5.17068E-06 3.36997E-12 3.33596E-12 5.50992E-12 9.51691E-09
5.48309E-12 3.64905E-12 3.68245E-12 3.73254E-12 3.73254E-12 2.29627E-07 4.07755E-06 3.68245E-12 3.64905E-12 5.48309E-12 7.70048E-09
5.34278E-12 3.78973E-12 3.82164E-12 3.86952E-12 3.86952E-12 1.81129E-07 3.21488E-06 3.82164E-12 3.78973E-12 5.34278E-12 6.24725E-09
5.11673E-12 3.79752E-12 3.82738E-12 3.87217E-12 3.87217E-12 1.42880E-07 2.53475E-06 3.82738E-12 3.79752E-12 5.11673E-12 5.08173E-09
4.82967E-12 3.70634E-12 3.73378E-12 3.77495E-12 3.77495E-12 1.12738E-07 1.99898E-06 3.73378E-12 3.70634E-12 4.82967E-12 4.14436E-09
4.50274E-12 3.54445E-12 3.56931E-12 3.60660E-12 3.60660E-12 8.90002E-08 1.57723E-06 3.56931E-12 3.54445E-12 4.50274E-12 3.38818E-09
4.15343E-12 3.33488E-12 3.35712E-12 3.39048E-12 3.39048E-12 7.03141E-08 1.24539E-06 3.35712E-12 3.33488E-12 4.15343E-12 2.77631E-09
3.79574E-12 3.09574E-12 3.11542E-12 3.14493E-12 3.14493E-12 5.56633E-08 9.85346E-07 3.11542E-12 3.09574E-12 3.79574E-12 2.28128E-09
3.44081E-12 2.84194E-12 2.85918E-12 2.88505E-12 2.88505E-12 4.41380E-08 7.80888E-07 2.85918E-12 2.84194E-12 3.44081E-12 1.87844E-09
0.00000E+00 0.00000E+00 2.72204E-13 6.80511E-13 6.80511E-13 0.00000E+00 0.00000E+00 2.72204E-13 0.00000E+00 0.00000E+00 2.37985E-09
0.00000E+00 0.00000E+00 0.00000E+00 2.43052E-13 2.43052E-13 0.00000E+00 0.00000E+00 0.00000E+00 0.00000E+00 0.00000E+00 1.36988E-09
0.00000E+00 0.00000E+00 0.00000E+00 0.00000E+00 0.00000E+00 0.00000E+00 0.00000E+00 0.00000E+00 0.00000E+00 0.00000E+00 1.03631E-09
0.00000E+00 0.00000E+00 0.00000E+00 0.00000E+00 0.00000E+00 0.00000E+00 0.00000E+00 0.00000E+00 0.00000E+00 0.00000E+00 9.45121E-10
0.00000E+00 0.00000E+00 0.00000E+00 0.00000E+00 0.00000E+00 0.00000E+00 0.00000E+00 0.00000E+00 0.00000E+00 0.00000E+00 9.14566E-10
0.00000E+00 0.00000E+00 0.00000E+00 0.00000E+00 0.00000E+00 0.00000E+00 0.00000E+00 0.00000E+00 0.00000E+00 0.00000E+00 8.75405E-10
0.00000E+00 0.00000E+00 0.00000E+00 0.00000E+00 0.00000E+00 0.00000E+00 0.00000E+00 0.00000E+00 0.00000E+00 0.00000E+00 8.12145E-10
0.00000E+00 0.00000E+00 0.00000E+00 0.00000E+00 0.00000E+00 0.00000E+00 0.00000E+00 0.00000E+00 0.00000E+00 0.00000E+00 7.49756E-10
0.00000E+00 0.00000E+00 0.00000E+00 0.00000E+00 0.00000E+00 0.00000E+00 0.00000E+00 0.00000E+00 0.00000E+00 0.00000E+00 7.29018E-10
0.00000E+00 0.00000E+00 0.00000E+00 0.00000E+00 0.00000E+00 0.00000E+00 0.00000E+00 0.00000E+00 0.00000E+00 0.00000E+00 6.28423E-10
0.00000E+00 0.00000E+00 0.00000E+00 0.00000E+00 0.00000E+00 0.00000E+00 0.00000E+00 0.00000E+00 0.00000E+00 0.00000E+00 5.24975E-10
0.00000E+00 0.00000E+00 0.00000E+00 0.00000E+00 0.00000E+00 0.00000E+00 0.00000E+00 0.00000E+00 0.00000E+00 0.00000E+00 4.25915E-10
0.00000E+00 0.00000E+00 0.00000E+00 0.00000E+00 0.00000E+00 0.00000E+00 0.00000E+00 0.00000E+00 0.00000E+00 0.00000E+00 3.35727E-10
0.00000E+00 0.00000E+00 0.00000E+00 0.00000E+00 0.00000E+00 0.00000E+00 0.00000E+00 0.00000E+00 0.00000E+00 0.00000E+00 2.57161E-10
0.00000E+00 0.00000E+00 0.00000E+00 0.00000E+00 0.00000E+00 0.00000E+00 0.00000E+00 0.00000E+00 0.00000E+00 0.00000E+00 1.91046E-10
0.00000E+00 0.00000E+00 0.00000E+00 0.00000E+00 0.00000E+00 0.00000E+00 0.00000E+00 0.00000E+00 0.00000E+00 0.00000E+00 1.36905E-10
0.00000E+00 0.00000E+00 0.00000E+00 0.00000E+00 0.00000E+00 0.00000E+00 0.00000E+00 0.00000E+00 0.00000E+00 0.00000E+00 9.36963E-11
0.00000E+00 0.00000E+00 0.00000E+00 0.00000E+00 0.00000E+00 0.00000E+00 0.00000E+00 0.00000E+00 0.00000E+00 0.00000E+00 6.00420E-11
0.00000E+00 0.00000E+00 0.00000E+00 0.00000E+00 0.00000E+00 0.00000E+00 0.00000E+00 0.00000E+00 0.00000E+00 0.00000E+00 3.44588E-11
0.00000E+00 0.00000E+00 0.00000E+00 0.00000E+00 0.00000E+00 0.00000E+00 0.00000E+00 0.00000E+00 0.00000E+00 0.00000E+00 1.55104E-11
0.00000E+00 0.00000E+00 0.00000E+00 0.00000E+00 0.00000E+00 6.70381E-11 1.82647E-09 0.00000E+00 0.00000E+00 0.00000E+00 1.88980E-12
0.00000E+00 0.00000E+00 0.00000E+00 0.00000E+00 0.00000E+00 1.56388E-10 3.36755E-09 0.00000E+00 0.00000E+00 0.00000E+00 0.00000E+00
0.00000E+00 0.00000E+00 0.00000E+00 0.00000E+00 0.00000E+00 1.96249E-10 4.02151E-09 0.00000E+00 0.00000E+00 0.00000E+00 0.00000E+00
0.00000E+00 0.00000E+00 0.00000E+00 0.00000E+00 0.00000E+00 2.04253E-10 4.10643E-09 0.00000E+00 0.00000E+00 0.00000E+00 0.00000E+00
0.00000E+00 0.00000E+00 0.00000E+00 0.00000E+00 0.00000E+00 1.92700E-10 3.84422E-09 0.00000E+00 0.00000E+00 0.00000E+00 0.00000E+00
0.00000E+00 0.00000E+00 0.00000E+00 0.00000E+00 0.00000E+00 1.70613E-10 3.39738E-09 0.00000E+00 0.00000E+00 0.00000E+00 0.00000E+00
0.00000E+00 0.00000E+00 0.00000E+00 0.00000E+00 0.00000E+00 0.00000E+00 0.00000E+00 0.00000E+00 0.00000E+00 0.00000E+00 0.00000E+00
0.00000E+00 0.00000E+00 0.00000E+00 0.00000E+00 0.00000E+00 0.00000E+00 0.00000E+00 0.00000E+00 0.00000E+00 0.00000E+00 0.00000E+00
0.00000E+00 0.00000E+00 0.00000E+00 0.00000E+00 0.00000E+00 0.00000E+00 0.00000E+00 0.00000E+00 0.00000E+00 0.00000E+00 0.00000E+00
0.00000E+00 0.00000E+00 0.00000E+00 0.00000E+00 0.00000E+00 0.00000E+00 0.00000E+00 0.00000E+00 0.00000E+00 0.00000E+00 0.00000E+00
0.00000E+00 0.00000E+00 0.00000E+00 0.00000E+00 0.00000E+00 0.00000E+00 0.00000E+00 0.00000E+00 0.00000E+00 0.00000E+00 0.00000E+00
0.00000E+00 0.00000E+00 0.00000E+00 0.00000E+00 0.00000E+00 0.00000E+00 0.00000E+00 0.00000E+00 0.00000E+00 0.00000E+00 0.00000E+00
0.00000E+00 0.00000E+00 0.00000E+00 0.00000E+00 0.00000E+00 0.00000E+00 0.00000E+00 0.00000E+00 0.00000E+00 0.00000E+00 0.00000E+00
0.00000E+00 0.00000E+00 0.00000E+00 0.00000E+00 0.00000E+00 0.00000E+00 0.00000E+00 0.00000E+00 0.00000E+00 0.00000E+00 0.00000E+00
0.00000E+00 0.00000E+00 0.00000E+00 0.00000E+00 0.00000E+00 0.00000E+00 0.00000E+00 0.00000E+00 0.00000E+00 0.00000E+00 0.00000E+00
0.00000E+00 0.00000E+00 0.00000E+00 0.00000E+00 0.00000E+00 0.00000E+00 0.00000E+00 0.00000E+00 0.00000E+00 0.00000E+00 0.00000E+00
0.00000E+00 0.00000E+00 0.00000E+00 0.00000E+00 0.00000E+00 0.00000E+00 0.00000E+00 0.00000E+00 0.00000E+00 0.00000E+00 0.00000E+00
0.00000E+00 0.00000E+00 0.00000E+00 0.00000E+00 0.00000E+00 0.00000E+00 0.00000E+00 0.00000E+00 0.00000E+00 0.00000E+00 0.00000E+00
0.00000E+00 0.00000E+00 0.00000E+00 0.00000E+00 0.00000E+00 0.00000E+00 0.00000E+00 0.00000E+00 0.00000E+00 0.00000E+00 0.00000E+00
0.00000E+00 0.00000E+00 0.00000E+00 0.00000E+00 0.00000E+00 0.00000E+00 0.00000E+00 0.00000E+00 0.00000E+00 0.00000E+00 0.00000E+00
0.00000E+00 0.00000E+00 0.00000E+00 0.00000E+00 0.00000E+00 0.00000E+00 0.00000E+00 0.00000E+00 0.00000E+00 0.00000E+00 0.00000E+00
0.00000E+00 0.00000E+00 0.00000E+00 0.00000E+00 0.00000E+00 0.00000E+00 0.00000E+00 0.00000E+00 0.00000E+00 0.00000E+00 0.00000E+00
0.00000E+00 0.00000E+00 0.00000E+00 0.00000E+00 0.00000E+00 0.00000E+00 0.00000E+00 0.00000E+00 0.00000E+00 0.00000E+00 0.00000E+00
0.00000E+00 0.00000E+00 0.00000E+00 0.00000E+00 0.00000E+00 0.00000E+00 0.00000E+00 0.00000E+00 0.00000E+00 0.00000E+00 0.00000E+00
0.00000E+00 0.00000E+00 0.00000E+00 0.00000E+00 0.00000E+00 0.00000E+00 0.00000E+00 0.00000E+00 0.00000E+00 0.00000E+00 0.00000E+00
0.00000E+00 0.00000E+00 0.00000E+00 0.00000E+00 0.00000E+00 0.00000E+00 0.00000E+00 0.00000E+00 0.00000E+00 0.00000E+00 0.00000E+00
0.00000E+00 0.00000E+00 0.00000E+00 0.00000E+00 0.00000E+00 0.00000E+00 0.00000E+00 0.00000E+00 0.00000E+00 0.00000E+00 0.00000E+00
0.00000E+00 0.00000E+00 0.00000E+00 0.00000E+00 0.00000E+00 0.00000E+00 0.00000E+00 0.00000E+00 0.00000E+00 0.00000E+00 0.00000E+00
0.00000E+00 0.00000E+00 0.00000E+00 0.00000E+00 0.00000E+00 0.00000E+00 0.00000E+00 0.00000E+00 0.00000E+00 0.00000E+00 0.00000E+00
0.00000E+00 0.00000E+00 0.00000E+00 0.00000E+00 0.00000E+00 0.00000E+00 0.00000E+00 0.00000E+00 0.00000E+00 0.00000E+00 0.00000E+00
0.00000E+00 0.00000E+00 0.00000E+00 0.00000E+00 0.00000E+00 0.00000E+00 0.00000E+00 0.00000E+00 0.00000E+00 0.00000E+00 0.00000E+00
0.00000E+00 0.00000E+00 0.00000E+00 0.00000E+00 0.00000E+00 0.00000E+00 0.00000E+00 0.00000E+00 0.00000E+00 0.00000E+00 0.00000E+00
---
