PdfType: error
Format: lhagrid1
---
1.00000E-06 1.28121E-06 1.64152E-06 2.10317E-06 2.69463E-06 3.45242E-06 4.42329E-06 5.66715E-06 7.26076E-06 9.30241E-06 1.19180E-05 1.52689E-05 1.95617E-05 2.50609E-05 3.21053E-05 4.11287E-05 5.26863E-05 6.74889E-05 8.64459E-05 1.10720E-04 1.41800E-04 1.81585E-04 2.32503E-04 2.97652E-04 3.80981E-04 4.87518E-04 6.26039E-04 8.00452E-04 1.02297E-03 1.30657E-03 1.66759E-03 2.12729E-03 2.71054E-03 3.44865E-03 4.37927E-03 5.54908E-03 7.01192E-03 8.83064E-03 1.10763E-02 1.38266E-02 1.71641E-02 2.11717E-02 2.59364E-02 3.15062E-02 3.79623E-02 4.53425E-02 5.36750E-02 6.29705E-02 7.32221E-02 8.44039E-02 9.64793E-02 1.09332E-01 1.23067E-01 1.37507E-01 1.52639E-01 1.68416E-01 1.84794E-01 2.01731E-01 2.19016E-01 2.36948E-01 2.55242E-01 2.73927E-01 2.92954E-01 3.12340E-01 3.32036E-01 3.52019E-01 3.72282E-01 3.92772E-01 4.13533E-01 4.34326E-01 4.55495E-01 4.76836E-01 4.98342E-01 5.20006E-01 5.41818E-01 5.63773E-01 5.85861E-01 6.08077E-01 6.30459E-01 6.52800E-01 6.75387E-01 6.98063E-01 7.20830E-01 7.43683E-01 7.66623E-01 7.89636E-01 8.12791E-01 8.35940E-01 8.59175E-01 8.82485E-01 9.05866E-01 9.29311E-01 9.52817E-01 9.76387E-01 1.00000E+00
1.30000E+00 1.50159E+00 1.75516E+00 2.07810E+00 2.49495E+00 3.04086E+00 3.76715E+00 4.50000E+00 4.75000E+00 6.23113E+00 8.37423E+00 1.15549E+01 1.64076E+01 2.40380E+01 3.64361E+01 5.73145E+01 9.38707E+01 1.60654E+02 2.88438E+02 5.45587E+02 1.09231E+03 2.32646E+03 5.30043E+03 1.29956E+04 3.45140E+04 1.00000E+05
-5 -4 -3 -2 -1 1 2 3 4 5 21
0.00000E+00 0.00000E+00 4.63990E-01 1.15998E+00 1.15998E+00 1.15998E+00 1.16266E+00 4.63990E-01 0.00000E+00 0.00000E+00 1.01625E-02
0.00000E+00 3.96975E-02 4.97943E-01 1.18531E+00 1.18531E+00 1.18532E+00 1.18811E+00 4.97943E-01 3.96975E-02 0.00000E+00 1.45476E+00
0.00000E+00 1.14951E-01 5.67701E-01 1.24682E+00 1.24683E+00 1.24684E+00 1.24975E+00 5.67701E-01 1.14951E-01 0.00000E+00 3.85807E+00
0.00000E+00 2.29703E-01 6.77150E-01 1.34831E+00 1.34832E+00 1.34834E+00 1.35137E+00 6.77150E-01 2.29703E-01 0.00000E+00 7.48058E+00
0.00000E+00 3.90277E-01 8.32587E-01 1.49604E+00 1.49605E+00 1.49608E+00 1.49923E+00 8.32587E-01 3.90277E-01 0.00000E+00 1.25853E+01
0.00000E+00 6.06308E-01 1.04363E+00 1.69960E+00 1.69962E+00 1.69966E+00 1.70293E+00 1.04363E+00 6.06308E-01 0.00000E+00 1.95430E+01
0.00000E+00 8.85317E-01 1.31778E+00 1.96647E+00 1.96648E+00 1.96654E+00 1.96993E+00 1.31778E+00 8.85317E-01 0.00000E+00 2.86465E+01
2.88658E-15 1.14552E+00 1.57431E+00 2.21746E+00 2.21748E+00 2.21755E+00 2.22103E+00 1.57431E+00 1.14552E+00 2.88658E-15 3.72129E+01
8.18847E-02 1.22568E+00 1.65340E+00 2.29497E+00 2.29499E+00 2.29506E+00 2.29857E+00 1.65340E+00 1.22568E+00 8.18847E-02 4.00524E+01
5.47851E-01 1.68345E+00 2.10619E+00 2.74028E+00 2.74030E+00 2.74039E+00 2.74403E+00 2.10619E+00 1.68345E+00 5.47851E-01 5.47131E+01
1.12802E+00 2.25546E+00 2.67329E+00 3.30001E+00 3.30003E+00 3.30014E+00 3.30392E+00 2.67329E+00 2.25546E+00 1.12802E+00 7.27754E+01
1.82919E+00 2.94851E+00 3.36149E+00 3.98092E+00 3.98094E+00 3.98108E+00 3.98500E+00 3.36149E+00 2.94851E+00 1.82919E+00 9.47767E+01
2.66728E+00 3.77851E+00 4.18668E+00 4.79891E+00 4.79894E+00 4.79910E+00 4.80316E+00 4.18668E+00 3.77851E+00 2.66728E+00 1.21186E+02
3.66238E+00 4.76552E+00 5.16896E+00 5.77406E+00 5.77409E+00 5.77428E+00 5.77849E+00 5.16896E+00 4.76552E+00 3.66238E+00 1.52555E+02
4.83304E+00 5.92811E+00 6.32685E+00 6.92490E+00 6.92494E+00 6.92516E+00 6.92952E+00 6.32685E+00 5.92811E+00 4.83304E+00 1.89349E+02
6.19743E+00 7.28443E+00 7.67852E+00 8.26960E+00 8.26964E+00 8.26989E+00 8.27441E+00 7.67852E+00 7.28443E+00 6.19743E+00 2.31979E+02
7.77621E+00 8.85515E+00 9.24463E+00 9.82880E+00 9.82884E+00 9.82913E+00 9.83381E+00 9.24463E+00 8.85515E+00 7.77621E+00 2.80892E+02
9.59088E+00 1.06618E+01 1.10467E+01 1.16240E+01 1.16240E+01 1.16244E+01 1.16292E+01 1.10467E+01 1.06618E+01 9.59088E+00 3.36516E+02
1.16636E+01 1.27264E+01 1.31068E+01 1.36774E+01 1.36774E+01 1.36778E+01 1.36828E+01 1.31068E+01 1.27264E+01 1.16636E+01 3.99250E+02
1.40171E+01 1.50718E+01 1.54477E+01 1.60116E+01 1.60116E+01 1.60120E+01 1.60172E+01 1.54477E+01 1.50718E+01 1.40171E+01 4.69459E+02
1.66742E+01 1.77208E+01 1.80923E+01 1.86495E+01 1.86496E+01 1.86500E+01 1.86554E+01 1.80923E+01 1.77208E+01 1.66742E+01 5.47469E+02
1.96581E+01 2.06966E+01 2.10637E+01 2.16143E+01 2.16143E+01 2.16149E+01 2.16204E+01 2.10637E+01 2.06966E+01 1.96581E+01 6.33560E+02
2.29916E+01 2.40220E+01 2.43848E+01 2.49288E+01 2.49289E+01 2.49295E+01 2.49352E+01 2.43848E+01 2.40220E+01 2.29916E+01 7.27963E+02
2.66972E+01 2.77195E+01 2.80780E+01 2.86156E+01 2.86156E+01 2.86163E+01 2.86222E+01 2.80780E+01 2.77195E+01 2.66972E+01 8.30853E+02
3.08045E+01 3.18186E+01 3.21728E+01 3.27040E+01 3.27040E+01 3.27048E+01 3.27109E+01 3.21728E+01 3.18186E+01 3.08045E+01 9.42503E+02
3.53307E+01 3.63367E+01 3.66867E+01 3.72115E+01 3.72116E+01 3.72124E+01 3.72187E+01 3.66867E+01 3.63367E+01 3.53307E+01 1.06288E+03
0.00000E+00 0.00000E+00 4.59862E-01 1.14965E+00 1.14965E+00 1.14966E+00 1.15242E+00 4.59862E-01 0.00000E+00 0.00000E+00 1.08680E-02
0.00000E+00 3.98897E-02 4.94050E-01 1.17529E+00 1.17529E+00 1.17530E+00 1.17819E+00 4.94050E-01 3.98897E-02 0.00000E+00 1.45701E+00
0.00000E+00 1.15128E-01 5.63835E-01 1.23689E+00 1.23689E+00 1.23692E+00 1.23992E+00 5.63835E-01 1.15128E-01 0.00000E+00 3.85602E+00
0.00000E+00 2.29546E-01 6.72989E-01 1.33814E+00 1.33815E+00 1.33818E+00 1.34131E+00 6.72989E-01 2.29546E-01 0.00000E+00 7.46463E+00
0.00000E+00 3.89359E-01 8.27704E-01 1.48521E+00 1.48522E+00 1.48526E+00 1.48851E+00 8.27704E-01 3.89359E-01 0.00000E+00 1.25415E+01
0.00000E+00 6.04058E-01 1.03746E+00 1.68753E+00 1.68755E+00 1.68760E+00 1.69097E+00 1.03746E+00 6.04058E-01 0.00000E+00 1.94516E+01
0.00000E+00 8.81032E-01 1.30961E+00 1.95245E+00 1.95247E+00 1.95254E+00 1.95603E+00 1.30961E+00 8.81032E-01 0.00000E+00 2.84822E+01
2.22045E-15 1.13914E+00 1.56406E+00 2.20142E+00 2.20144E+00 2.20152E+00 2.20511E+00 1.56406E+00 1.13914E+00 2.22045E-15 3.69731E+01
8.11904E-02 1.21860E+00 1.64247E+00 2.27825E+00 2.27827E+00 2.27836E+00 2.28198E+00 1.64247E+00 1.21860E+00 8.11904E-02 3.97857E+01
5.43020E-01 1.67222E+00 2.09115E+00 2.71951E+00 2.71953E+00 2.71964E+00 2.72339E+00 2.09115E+00 1.67222E+00 5.43020E-01 5.43009E+01
1.11759E+00 2.23863E+00 2.65269E+00 3.27373E+00 3.27376E+00 3.27388E+00 3.27778E+00 2.65269E+00 2.23863E+00 1.11759E+00 7.21689E+01
1.81151E+00 2.92442E+00 3.33366E+00 3.94747E+00 3.94750E+00 3.94765E+00 3.95169E+00 3.33366E+00 2.92442E+00 1.81151E+00 9.39173E+01
2.64040E+00 3.74520E+00 4.14968E+00 4.75635E+00 4.75638E+00 4.75656E+00 4.76074E+00 4.14968E+00 3.74520E+00 2.64040E+00 1.20005E+02
3.62398E+00 4.72069E+00 5.12045E+00 5.72005E+00 5.72008E+00 5.72030E+00 5.72463E+00 5.12045E+00 4.72069E+00 3.62398E+00 1.50973E+02
4.78043E+00 5.86906E+00 6.26416E+00 6.85677E+00 6.85681E+00 6.85705E+00 6.86155E+00 6.26416E+00 5.86906E+00 4.78043E+00 1.87274E+02
6.12757E+00 7.20811E+00 7.59861E+00 8.18429E+00 8.18433E+00 8.18461E+00 8.18927E+00 7.59861E+00 7.20811E+00 6.12757E+00 2.29310E+02
7.68562E+00 8.75809E+00 9.14402E+00 9.72285E+00 9.72289E+00 9.72321E+00 9.72803E+00 9.14402E+00 8.75809E+00 7.68562E+00 2.77518E+02
9.47564E+00 1.05400E+01 1.09214E+01 1.14935E+01 1.14935E+01 1.14939E+01 1.14989E+01 1.09214E+01 1.05400E+01 9.47564E+00 3.32312E+02
1.15193E+01 1.25756E+01 1.29526E+01 1.35179E+01 1.35179E+01 1.35183E+01 1.35235E+01 1.29526E+01 1.25756E+01 1.15193E+01 3.94081E+02
1.38388E+01 1.48870E+01 1.52595E+01 1.58182E+01 1.58182E+01 1.58187E+01 1.58240E+01 1.52595E+01 1.48870E+01 1.38388E+01 4.63180E+02
1.64565E+01 1.74967E+01 1.78648E+01 1.84168E+01 1.84169E+01 1.84174E+01 1.84229E+01 1.78648E+01 1.74967E+01 1.64565E+01 5.39923E+02
1.93950E+01 2.04270E+01 2.07908E+01 2.13363E+01 2.13363E+01 2.13369E+01 2.13426E+01 2.07908E+01 2.04270E+01 1.93950E+01 6.24583E+02
2.26766E+01 2.37005E+01 2.40600E+01 2.45990E+01 2.45991E+01 2.45997E+01 2.46056E+01 2.40600E+01 2.37005E+01 2.26766E+01 7.17380E+02
2.63233E+01 2.73391E+01 2.76942E+01 2.82268E+01 2.82269E+01 2.82276E+01 2.82337E+01 2.76942E+01 2.73391E+01 2.63233E+01 8.18480E+02
3.03637E+01 3.13713E+01 3.17222E+01 3.22485E+01 3.22485E+01 3.22493E+01 3.22556E+01 3.17222E+01 3.13713E+01 3.03637E+01 9.28147E+02
3.48148E+01 3.58142E+01 3.61610E+01 3.66809E+01 3.66810E+01 3.66819E+01 3.66884E+01 3.61610E+01 3.58142E+01 3.48148E+01 1.04634E+03
0.00000E+00 0.00000E+00 4.54673E-01 1.13668E+00 1.13668E+00 1.13669E+00 1.13956E+00 4.54673E-01 0.00000E+00 0.00000E+00 1.17640E-02
0.00000E+00 4.01322E-02 4.89158E-01 1.16269E+00 1.16270E+00 1.16271E+00 1.16571E+00 4.89158E-01 4.01322E-02 0.00000E+00 1.45987E+00
0.00000E+00 1.15352E-01 5.58976E-01 1.22441E+00 1.22441E+00 1.22444E+00 1.22756E+00 5.58976E-01 1.15352E-01 0.00000E+00 3.85346E+00
0.00000E+00 2.29346E-01 6.67757E-01 1.32536E+00 1.32537E+00 1.32541E+00 1.32866E+00 6.67757E-01 2.29346E-01 0.00000E+00 7.44455E+00
0.00000E+00 3.88201E-01 8.21563E-01 1.47159E+00 1.47160E+00 1.47165E+00 1.47503E+00 8.21563E-01 3.88201E-01 0.00000E+00 1.24864E+01
0.00000E+00 6.01224E-01 1.02969E+00 1.67236E+00 1.67237E+00 1.67244E+00 1.67594E+00 1.02969E+00 6.01224E-01 0.00000E+00 1.93365E+01
0.00000E+00 8.75636E-01 1.29932E+00 1.93483E+00 1.93485E+00 1.93493E+00 1.93856E+00 1.29932E+00 8.75636E-01 0.00000E+00 2.82754E+01
2.66454E-15 1.13110E+00 1.55117E+00 2.18125E+00 2.18126E+00 2.18136E+00 2.18509E+00 1.55117E+00 1.13110E+00 2.66454E-15 3.66712E+01
8.03169E-02 1.20969E+00 1.62871E+00 2.25723E+00 2.25725E+00 2.25735E+00 2.26111E+00 1.62871E+00 1.20969E+00 8.03169E-02 3.94500E+01
5.36941E-01 1.65810E+00 2.07223E+00 2.69339E+00 2.69342E+00 2.69354E+00 2.69744E+00 2.07223E+00 1.65810E+00 5.36941E-01 5.37821E+01
1.10448E+00 2.21746E+00 2.62676E+00 3.24068E+00 3.24071E+00 3.24086E+00 3.24490E+00 2.62676E+00 2.21746E+00 1.10448E+00 7.14060E+01
1.78928E+00 2.89412E+00 3.29865E+00 3.90541E+00 3.90544E+00 3.90562E+00 3.90981E+00 3.29865E+00 2.89412E+00 1.78928E+00 9.28366E+01
2.60660E+00 3.70332E+00 4.10314E+00 4.70282E+00 4.70285E+00 4.70306E+00 4.70740E+00 4.10314E+00 3.70332E+00 2.60660E+00 1.18521E+02
3.57569E+00 4.66431E+00 5.05946E+00 5.65215E+00 5.65218E+00 5.65242E+00 5.65692E+00 5.05946E+00 4.66431E+00 3.57569E+00 1.48984E+02
4.71430E+00 5.79482E+00 6.18536E+00 6.77112E+00 6.77116E+00 6.77144E+00 6.77610E+00 6.18536E+00 5.79482E+00 4.71430E+00 1.84667E+02
6.03976E+00 7.11218E+00 7.49816E+00 8.07707E+00 8.07710E+00 8.07743E+00 8.08225E+00 7.49816E+00 7.11218E+00 6.03976E+00 2.25957E+02
7.57178E+00 8.63611E+00 9.01756E+00 9.58969E+00 9.58973E+00 9.59010E+00 9.59509E+00 9.01756E+00 8.63611E+00 7.57178E+00 2.73278E+02
9.33083E+00 1.03871E+01 1.07641E+01 1.13295E+01 1.13295E+01 1.13299E+01 1.13351E+01 1.07641E+01 1.03871E+01 9.33083E+00 3.27030E+02
1.13380E+01 1.23862E+01 1.27587E+01 1.33175E+01 1.33175E+01 1.33180E+01 1.33233E+01 1.27587E+01 1.23862E+01 1.13380E+01 3.87588E+02
1.36149E+01 1.46549E+01 1.50231E+01 1.55752E+01 1.55753E+01 1.55758E+01 1.55813E+01 1.50231E+01 1.46549E+01 1.36149E+01 4.55293E+02
1.61832E+01 1.72151E+01 1.75789E+01 1.81245E+01 1.81246E+01 1.81252E+01 1.81309E+01 1.75789E+01 1.72151E+01 1.61832E+01 5.30448E+02
1.90647E+01 2.00885E+01 2.04480E+01 2.09871E+01 2.09872E+01 2.09879E+01 2.09938E+01 2.04480E+01 2.00885E+01 1.90647E+01 6.13311E+02
2.22812E+01 2.32968E+01 2.36521E+01 2.41848E+01 2.41849E+01 2.41856E+01 2.41917E+01 2.36521E+01 2.32968E+01 2.22812E+01 7.04092E+02
2.58538E+01 2.68613E+01 2.72123E+01 2.77387E+01 2.77387E+01 2.77396E+01 2.77459E+01 2.72123E+01 2.68613E+01 2.58538E+01 8.02948E+02
2.98103E+01 3.08097E+01 3.11565E+01 3.16766E+01 3.16766E+01 3.16775E+01 3.16840E+01 3.11565E+01 3.08097E+01 2.98103E+01 9.10127E+02
3.41671E+01 3.51583E+01 3.55009E+01 3.60148E+01 3.60149E+01 3.60159E+01 3.60226E+01 3.55009E+01 3.51583E+01 3.41671E+01 1.02558E+03
0.00000E+00 0.00000E+00 4.48188E-01 1.12047E+00 1.12047E+00 1.12049E+00 1.12350E+00 4.48188E-01 0.00000E+00 0.00000E+00 1.28992E-02
0.00000E+00 4.04366E-02 4.83046E-01 1.14696E+00 1.14696E+00 1.14698E+00 1.15012E+00 4.83046E-01 4.04366E-02 0.00000E+00 1.46350E+00
0.00000E+00 1.15632E-01 5.52905E-01 1.20881E+00 1.20881E+00 1.20885E+00 1.21212E+00 5.52905E-01 1.15632E-01 0.00000E+00 3.85030E+00
0.00000E+00 2.29095E-01 6.61218E-01 1.30939E+00 1.30940E+00 1.30945E+00 1.31285E+00 6.61218E-01 2.29095E-01 0.00000E+00 7.41942E+00
0.00000E+00 3.86749E-01 8.13883E-01 1.45457E+00 1.45458E+00 1.45465E+00 1.45818E+00 8.13883E-01 3.86749E-01 0.00000E+00 1.24174E+01
0.00000E+00 5.97670E-01 1.01996E+00 1.65338E+00 1.65340E+00 1.65348E+00 1.65714E+00 1.01996E+00 5.97670E-01 0.00000E+00 1.91924E+01
0.00000E+00 8.68873E-01 1.28645E+00 1.91280E+00 1.91281E+00 1.91291E+00 1.91671E+00 1.28645E+00 8.68873E-01 0.00000E+00 2.80164E+01
2.66454E-15 1.12104E+00 1.53504E+00 2.15601E+00 2.15603E+00 2.15615E+00 2.16005E+00 1.53504E+00 1.12104E+00 2.66454E-15 3.62933E+01
7.92238E-02 1.19852E+00 1.61150E+00 2.23093E+00 2.23095E+00 2.23108E+00 2.23501E+00 1.61150E+00 1.19852E+00 7.92238E-02 3.90297E+01
5.29337E-01 1.64041E+00 2.04854E+00 2.66072E+00 2.66074E+00 2.66089E+00 2.66497E+00 2.04854E+00 1.64041E+00 5.29337E-01 5.31329E+01
1.08807E+00 2.19096E+00 2.59433E+00 3.19934E+00 3.19937E+00 3.19955E+00 3.20378E+00 2.59433E+00 2.19096E+00 1.08807E+00 7.04515E+01
1.76147E+00 2.85620E+00 3.25486E+00 3.85281E+00 3.85284E+00 3.85304E+00 3.85743E+00 3.25486E+00 2.85620E+00 1.76147E+00 9.14849E+01
2.56434E+00 3.65093E+00 4.04493E+00 4.63588E+00 4.63592E+00 4.63616E+00 4.64070E+00 4.04493E+00 3.65093E+00 2.56434E+00 1.16664E+02
3.51533E+00 4.59380E+00 4.98320E+00 5.56724E+00 5.56728E+00 5.56756E+00 5.57226E+00 4.98320E+00 4.59380E+00 3.51533E+00 1.46498E+02
4.63165E+00 5.70200E+00 6.08684E+00 6.66405E+00 6.66409E+00 6.66441E+00 6.66928E+00 6.08684E+00 5.70200E+00 4.63165E+00 1.81408E+02
5.93003E+00 6.99227E+00 7.37260E+00 7.94305E+00 7.94309E+00 7.94346E+00 7.94850E+00 7.37260E+00 6.99227E+00 5.93003E+00 2.21767E+02
7.42954E+00 8.48367E+00 8.85954E+00 9.42328E+00 9.42332E+00 9.42375E+00 9.42896E+00 8.85954E+00 8.48367E+00 7.42954E+00 2.67981E+02
9.14994E+00 1.01960E+01 1.05674E+01 1.11245E+01 1.11246E+01 1.11250E+01 1.11304E+01 1.05674E+01 1.01960E+01 9.14994E+00 3.20433E+02
1.11116E+01 1.21495E+01 1.25166E+01 1.30671E+01 1.30672E+01 1.30677E+01 1.30733E+01 1.25166E+01 1.21495E+01 1.11116E+01 3.79480E+02
1.33352E+01 1.43650E+01 1.47278E+01 1.52718E+01 1.52718E+01 1.52724E+01 1.52782E+01 1.47278E+01 1.43650E+01 1.33352E+01 4.45447E+02
1.58418E+01 1.68635E+01 1.72219E+01 1.77595E+01 1.77596E+01 1.77602E+01 1.77662E+01 1.72219E+01 1.68635E+01 1.58418E+01 5.18620E+02
1.86523E+01 1.96658E+01 2.00200E+01 2.05512E+01 2.05513E+01 2.05520E+01 2.05582E+01 2.00200E+01 1.96658E+01 1.86523E+01 5.99242E+02
2.17875E+01 2.27929E+01 2.31429E+01 2.36677E+01 2.36678E+01 2.36686E+01 2.36750E+01 2.31429E+01 2.27929E+01 2.17875E+01 6.87510E+02
2.52678E+01 2.62650E+01 2.66108E+01 2.71294E+01 2.71294E+01 2.71303E+01 2.71369E+01 2.66108E+01 2.62650E+01 2.52678E+01 7.83567E+02
2.91197E+01 3.01088E+01 3.04504E+01 3.09628E+01 3.09629E+01 3.09639E+01 3.09707E+01 3.04504E+01 3.01088E+01 2.91197E+01 8.87645E+02
3.33589E+01 3.43398E+01 3.46773E+01 3.51836E+01 3.51837E+01 3.51847E+01 3.51918E+01 3.46773E+01 3.43398E+01 3.33589E+01 9.99693E+02
0.00000E+00 0.00000E+00 4.40144E-01 1.10036E+00 1.10036E+00 1.10038E+00 1.10357E+00 4.40144E-01 0.00000E+00 0.00000E+00 1.43329E-02
0.00000E+00 4.08165E-02 4.75467E-01 1.12744E+00 1.12744E+00 1.12747E+00 1.13080E+00 4.75467E-01 4.08165E-02 0.00000E+00 1.46811E+00
0.00000E+00 1.15981E-01 5.45376E-01 1.18946E+00 1.18947E+00 1.18951E+00 1.19297E+00 5.45376E-01 1.15981E-01 0.00000E+00 3.84644E+00
0.00000E+00 2.28781E-01 6.53104E-01 1.28958E+00 1.28959E+00 1.28965E+00 1.29324E+00 6.53104E-01 2.28781E-01 0.00000E+00 7.38817E+00
0.00000E+00 3.84936E-01 8.04347E-01 1.43345E+00 1.43346E+00 1.43354E+00 1.43727E+00 8.04347E-01 3.84936E-01 0.00000E+00 1.23314E+01
0.00000E+00 5.93242E-01 1.00788E+00 1.62983E+00 1.62984E+00 1.62994E+00 1.63382E+00 1.00788E+00 5.93242E-01 0.00000E+00 1.90130E+01
0.00000E+00 8.60454E-01 1.27045E+00 1.88543E+00 1.88545E+00 1.88557E+00 1.88958E+00 1.27045E+00 8.60454E-01 0.00000E+00 2.76942E+01
2.44249E-15 1.10851E+00 1.51498E+00 2.12467E+00 2.12469E+00 2.12484E+00 2.12895E+00 1.51498E+00 1.10851E+00 2.44249E-15 3.58233E+01
7.78654E-02 1.18463E+00 1.59010E+00 2.19827E+00 2.19829E+00 2.19844E+00 2.20259E+00 1.59010E+00 1.18463E+00 7.78654E-02 3.85071E+01
5.19889E-01 1.61841E+00 2.01911E+00 2.62014E+00 2.62016E+00 2.62034E+00 2.62465E+00 2.01911E+00 1.61841E+00 5.19889E-01 5.23260E+01
1.06770E+00 2.15802E+00 2.55403E+00 3.14800E+00 3.14803E+00 3.14824E+00 3.15270E+00 2.55403E+00 2.15802E+00 1.06770E+00 6.92657E+01
1.72695E+00 2.80909E+00 3.20047E+00 3.78748E+00 3.78751E+00 3.78776E+00 3.79238E+00 3.20047E+00 2.80909E+00 1.72695E+00 8.98062E+01
2.51187E+00 3.58586E+00 3.97264E+00 4.55278E+00 4.55281E+00 4.55310E+00 4.55789E+00 3.97264E+00 3.58586E+00 2.51187E+00 1.14360E+02
3.44043E+00 4.50627E+00 4.88852E+00 5.46185E+00 5.46189E+00 5.46222E+00 5.46718E+00 4.88852E+00 4.50627E+00 3.44043E+00 1.43412E+02
4.52910E+00 5.58680E+00 5.96457E+00 6.53117E+00 6.53121E+00 6.53159E+00 6.53672E+00 5.96457E+00 5.58680E+00 4.52910E+00 1.77365E+02
5.79393E+00 6.84350E+00 7.21683E+00 7.77677E+00 7.77681E+00 7.77725E+00 7.78256E+00 7.21683E+00 6.84350E+00 5.79393E+00 2.16571E+02
7.25315E+00 8.29459E+00 8.66353E+00 9.21688E+00 9.21692E+00 9.21741E+00 9.22291E+00 8.66353E+00 8.29459E+00 7.25315E+00 2.61414E+02
8.92568E+00 9.95899E+00 1.03236E+01 1.08704E+01 1.08704E+01 1.08710E+01 1.08767E+01 1.03236E+01 9.95899E+00 8.92568E+00 3.12256E+02
1.08309E+01 1.18561E+01 1.22164E+01 1.27568E+01 1.27568E+01 1.27574E+01 1.27633E+01 1.22164E+01 1.18561E+01 1.08309E+01 3.69433E+02
1.29887E+01 1.40057E+01 1.43617E+01 1.48957E+01 1.48957E+01 1.48964E+01 1.49025E+01 1.43617E+01 1.40057E+01 1.29887E+01 4.33249E+02
1.54189E+01 1.64278E+01 1.67796E+01 1.73072E+01 1.73072E+01 1.73080E+01 1.73143E+01 1.67796E+01 1.64278E+01 1.54189E+01 5.03970E+02
1.81414E+01 1.91422E+01 1.94898E+01 2.00111E+01 2.00112E+01 2.00120E+01 2.00185E+01 1.94898E+01 1.91422E+01 1.81414E+01 5.81821E+02
2.11761E+01 2.21686E+01 2.25121E+01 2.30272E+01 2.30273E+01 2.30282E+01 2.30349E+01 2.25121E+01 2.21686E+01 2.11761E+01 6.66980E+02
2.45421E+01 2.55265E+01 2.58658E+01 2.63748E+01 2.63748E+01 2.63759E+01 2.63828E+01 2.58658E+01 2.55265E+01 2.45421E+01 7.59576E+02
2.82647E+01 2.92409E+01 2.95762E+01 3.00790E+01 3.00791E+01 3.00802E+01 3.00873E+01 2.95762E+01 2.92409E+01 2.82647E+01 8.59822E+02
3.23584E+01 3.33264E+01 3.36577E+01 3.41545E+01 3.41546E+01 3.41558E+01 3.41632E+01 3.36577E+01 3.33264E+01 3.23584E+01 9.67656E+02
0.00000E+00 0.00000E+00 4.30264E-01 1.07566E+00 1.07566E+00 1.07569E+00 1.07909E+00 4.30264E-01 0.00000E+00 0.00000E+00 1.61365E-02
0.00000E+00 4.12869E-02 4.66161E-01 1.10347E+00 1.10347E+00 1.10351E+00 1.10706E+00 4.66161E-01 4.12869E-02 0.00000E+00 1.47391E+00
0.00000E+00 1.16411E-01 5.36129E-01 1.16570E+00 1.16570E+00 1.16576E+00 1.16945E+00 5.36129E-01 1.16411E-01 0.00000E+00 3.84180E+00
0.00000E+00 2.28390E-01 6.43132E-01 1.26523E+00 1.26524E+00 1.26532E+00 1.26916E+00 6.43132E-01 2.28390E-01 0.00000E+00 7.34966E+00
0.00000E+00 3.82693E-01 7.92616E-01 1.40748E+00 1.40750E+00 1.40760E+00 1.41158E+00 7.92616E-01 3.82693E-01 0.00000E+00 1.22253E+01
0.00000E+00 5.87770E-01 9.93016E-01 1.60086E+00 1.60088E+00 1.60100E+00 1.60513E+00 9.93016E-01 5.87770E-01 0.00000E+00 1.87917E+01
0.00000E+00 8.50061E-01 1.25075E+00 1.85176E+00 1.85178E+00 1.85193E+00 1.85621E+00 1.25075E+00 8.50061E-01 0.00000E+00 2.72969E+01
1.33227E-15 1.09305E+00 1.49029E+00 2.08611E+00 2.08613E+00 2.08631E+00 2.09070E+00 1.49029E+00 1.09305E+00 1.33227E-15 3.52439E+01
7.61928E-02 1.16750E+00 1.56374E+00 2.15808E+00 2.15810E+00 2.15829E+00 2.16271E+00 1.56374E+00 1.16750E+00 7.61928E-02 3.78631E+01
5.08259E-01 1.59130E+00 1.98287E+00 2.57020E+00 2.57022E+00 2.57044E+00 2.57503E+00 1.98287E+00 1.59130E+00 5.08259E-01 5.13322E+01
1.04263E+00 2.11744E+00 2.50441E+00 3.08483E+00 3.08485E+00 3.08511E+00 3.08986E+00 2.50441E+00 2.11744E+00 1.04263E+00 6.78059E+01
1.68449E+00 2.75110E+00 3.13352E+00 3.70711E+00 3.70714E+00 3.70744E+00 3.71236E+00 3.13352E+00 2.75110E+00 1.68449E+00 8.77409E+01
2.44737E+00 3.50579E+00 3.88372E+00 4.45056E+00 4.45060E+00 4.45094E+00 4.45604E+00 3.88372E+00 3.50579E+00 2.44737E+00 1.11526E+02
3.34836E+00 4.39861E+00 4.77210E+00 5.33227E+00 5.33231E+00 5.33271E+00 5.33798E+00 4.77210E+00 4.39861E+00 3.34836E+00 1.39620E+02
4.40309E+00 5.44519E+00 5.81428E+00 6.36785E+00 6.36789E+00 6.36834E+00 6.37380E+00 5.81428E+00 5.44519E+00 4.40309E+00 1.72398E+02
5.62674E+00 6.66068E+00 7.02542E+00 7.57246E+00 7.57251E+00 7.57302E+00 7.57867E+00 7.02542E+00 6.66068E+00 5.62674E+00 2.10189E+02
7.03655E+00 8.06233E+00 8.42277E+00 8.96335E+00 8.96340E+00 8.96398E+00 8.96982E+00 8.42277E+00 8.06233E+00 7.03655E+00 2.53352E+02
8.65037E+00 9.66799E+00 1.00242E+01 1.05584E+01 1.05584E+01 1.05590E+01 1.05651E+01 1.00242E+01 9.66799E+00 8.65037E+00 3.02221E+02
1.04865E+01 1.14960E+01 1.18479E+01 1.23758E+01 1.23758E+01 1.23765E+01 1.23828E+01 1.18479E+01 1.14960E+01 1.04865E+01 3.57108E+02
1.25635E+01 1.35648E+01 1.39126E+01 1.44342E+01 1.44342E+01 1.44350E+01 1.44415E+01 1.39126E+01 1.35648E+01 1.25635E+01 4.18289E+02
1.49001E+01 1.58932E+01 1.62369E+01 1.67522E+01 1.67523E+01 1.67532E+01 1.67599E+01 1.62369E+01 1.58932E+01 1.49001E+01 4.86009E+02
1.75150E+01 1.84999E+01 1.88395E+01 1.93487E+01 1.93487E+01 1.93497E+01 1.93566E+01 1.88395E+01 1.84999E+01 1.75150E+01 5.60468E+02
2.04265E+01 2.14033E+01 2.17388E+01 2.22419E+01 2.22420E+01 2.22430E+01 2.22501E+01 2.17388E+01 2.14033E+01 2.04265E+01 6.41824E+02
2.36527E+01 2.46212E+01 2.49527E+01 2.54498E+01 2.54498E+01 2.54510E+01 2.54584E+01 2.49527E+01 2.46212E+01 2.36527E+01 7.30188E+02
2.72170E+01 2.81773E+01 2.85048E+01 2.89959E+01 2.89960E+01 2.89973E+01 2.90048E+01 2.85048E+01 2.81773E+01 2.72170E+01 8.25746E+02
3.11328E+01 3.20849E+01 3.24085E+01 3.28937E+01 3.28938E+01 3.28952E+01 3.29030E+01 3.24085E+01 3.20849E+01 3.11328E+01 9.28429E+02
0.00000E+00 0.00000E+00 4.18282E-01 1.04571E+00 1.04571E+00 1.04574E+00 1.04941E+00 4.18282E-01 0.00000E+00 0.00000E+00 1.83937E-02
0.00000E+00 4.18635E-02 4.54882E-01 1.07441E+00 1.07441E+00 1.07446E+00 1.07829E+00 4.54882E-01 4.18635E-02 0.00000E+00 1.48121E+00
0.00000E+00 1.16937E-01 5.24920E-01 1.13689E+00 1.13689E+00 1.13697E+00 1.14095E+00 5.24920E-01 1.16937E-01 0.00000E+00 3.83632E+00
0.00000E+00 2.27907E-01 6.31032E-01 1.23571E+00 1.23572E+00 1.23581E+00 1.23995E+00 6.31032E-01 2.27907E-01 0.00000E+00 7.30276E+00
0.00000E+00 3.79945E-01 7.78364E-01 1.37597E+00 1.37599E+00 1.37611E+00 1.38040E+00 7.78364E-01 3.79945E-01 0.00000E+00 1.20959E+01
0.00000E+00 5.81080E-01 9.74933E-01 1.56569E+00 1.56570E+00 1.56586E+00 1.57031E+00 9.74933E-01 5.81080E-01 0.00000E+00 1.85217E+01
0.00000E+00 8.37373E-01 1.22678E+00 1.81086E+00 1.81088E+00 1.81107E+00 1.81567E+00 1.22678E+00 8.37373E-01 0.00000E+00 2.68126E+01
1.55431E-15 1.07420E+00 1.46023E+00 2.03925E+00 2.03927E+00 2.03949E+00 2.04421E+00 1.46023E+00 1.07420E+00 1.55431E-15 3.45382E+01
7.41581E-02 1.14660E+00 1.53167E+00 2.10924E+00 2.10926E+00 2.10948E+00 2.11425E+00 1.53167E+00 1.14660E+00 7.41581E-02 3.70787E+01
4.94117E-01 1.55827E+00 1.93877E+00 2.50950E+00 2.50952E+00 2.50979E+00 2.51472E+00 1.93877E+00 1.55827E+00 4.94117E-01 5.01227E+01
1.01216E+00 2.06806E+00 2.44407E+00 3.00804E+00 3.00807E+00 3.00839E+00 3.01350E+00 2.44407E+00 2.06806E+00 1.01216E+00 6.60309E+01
1.63291E+00 2.68057E+00 3.05214E+00 3.60945E+00 3.60949E+00 3.60985E+00 3.61514E+00 3.05214E+00 2.68057E+00 1.63291E+00 8.52314E+01
2.36904E+00 3.40849E+00 3.77568E+00 4.32641E+00 4.32644E+00 4.32686E+00 4.33234E+00 3.77568E+00 3.40849E+00 2.36904E+00 1.08085E+02
3.23662E+00 4.26787E+00 4.63072E+00 5.17494E+00 5.17498E+00 5.17546E+00 5.18113E+00 4.63072E+00 4.26787E+00 3.23662E+00 1.35018E+02
4.25024E+00 5.27329E+00 5.63186E+00 6.16964E+00 6.16969E+00 6.17023E+00 6.17609E+00 5.63186E+00 5.27329E+00 4.25024E+00 1.66374E+02
5.42403E+00 6.43889E+00 6.79322E+00 7.32463E+00 7.32468E+00 7.32529E+00 7.33136E+00 6.79322E+00 6.43889E+00 5.42403E+00 2.02454E+02
6.77404E+00 7.78071E+00 8.13084E+00 8.65596E+00 8.65601E+00 8.65669E+00 8.66296E+00 8.13084E+00 7.78071E+00 6.77404E+00 2.43585E+02
8.31684E+00 9.31532E+00 9.66130E+00 1.01802E+01 1.01802E+01 1.01810E+01 1.01875E+01 9.66130E+00 9.31532E+00 8.31684E+00 2.90070E+02
1.00694E+01 1.10597E+01 1.14015E+01 1.19142E+01 1.19143E+01 1.19151E+01 1.19218E+01 1.14015E+01 1.10597E+01 1.00694E+01 3.42189E+02
1.20488E+01 1.30309E+01 1.33687E+01 1.38753E+01 1.38753E+01 1.38763E+01 1.38832E+01 1.33687E+01 1.30309E+01 1.20488E+01 4.00190E+02
1.42724E+01 1.52463E+01 1.55800E+01 1.60805E+01 1.60806E+01 1.60817E+01 1.60888E+01 1.55800E+01 1.52463E+01 1.42724E+01 4.64287E+02
1.67572E+01 1.77229E+01 1.80526E+01 1.85472E+01 1.85472E+01 1.85484E+01 1.85558E+01 1.80526E+01 1.77229E+01 1.67572E+01 5.34654E+02
1.95201E+01 2.04776E+01 2.08034E+01 2.12920E+01 2.12921E+01 2.12933E+01 2.13009E+01 2.08034E+01 2.04776E+01 1.95201E+01 6.11425E+02
2.25775E+01 2.35267E+01 2.38486E+01 2.43313E+01 2.43314E+01 2.43328E+01 2.43406E+01 2.38486E+01 2.35267E+01 2.25775E+01 6.94686E+02
2.59508E+01 2.68918E+01 2.72098E+01 2.76868E+01 2.76868E+01 2.76883E+01 2.76964E+01 2.72098E+01 2.68918E+01 2.59508E+01 7.84596E+02
2.96521E+01 3.05849E+01 3.08991E+01 3.13702E+01 3.13703E+01 3.13720E+01 3.13803E+01 3.08991E+01 3.05849E+01 2.96521E+01 8.81075E+02
0.00000E+00 0.00000E+00 4.04004E-01 1.01001E+00 1.01001E+00 1.01005E+00 1.01406E+00 4.04004E-01 0.00000E+00 0.00000E+00 2.12004E-02
0.00000E+00 4.25605E-02 4.41451E-01 1.03978E+00 1.03979E+00 1.03986E+00 1.04402E+00 4.41451E-01 4.25605E-02 0.00000E+00 1.49031E+00
0.00000E+00 1.17567E-01 5.11568E-01 1.10256E+00 1.10256E+00 1.10266E+00 1.10700E+00 5.11568E-01 1.17567E-01 0.00000E+00 3.83003E+00
0.00000E+00 2.27317E-01 6.16598E-01 1.20050E+00 1.20051E+00 1.20064E+00 1.20514E+00 6.16598E-01 2.27317E-01 0.00000E+00 7.24652E+00
0.00000E+00 3.76623E-01 7.61334E-01 1.33838E+00 1.33839E+00 1.33855E+00 1.34322E+00 7.61334E-01 3.76623E-01 0.00000E+00 1.19403E+01
0.00000E+00 5.73017E-01 9.53294E-01 1.52368E+00 1.52370E+00 1.52390E+00 1.52873E+00 9.53294E-01 5.73017E-01 0.00000E+00 1.81973E+01
0.00000E+00 8.22112E-01 1.19807E+00 1.76198E+00 1.76200E+00 1.76224E+00 1.76724E+00 1.19807E+00 8.22112E-01 0.00000E+00 2.62313E+01
1.11022E-15 1.05155E+00 1.42423E+00 1.98322E+00 1.98325E+00 1.98352E+00 1.98865E+00 1.42423E+00 1.05155E+00 1.11022E-15 3.36917E+01
7.17224E-02 1.12151E+00 1.49326E+00 2.05084E+00 2.05086E+00 2.05114E+00 2.05632E+00 1.49326E+00 1.12151E+00 7.17224E-02 3.61381E+01
4.77198E-01 1.51865E+00 1.88598E+00 2.43691E+00 2.43694E+00 2.43727E+00 2.44263E+00 1.88598E+00 1.51865E+00 4.77198E-01 4.86741E+01
9.75734E-01 2.00890E+00 2.37186E+00 2.91625E+00 2.91628E+00 2.91666E+00 2.92221E+00 2.37186E+00 2.00890E+00 9.75734E-01 6.39072E+01
1.57128E+00 2.59617E+00 2.95482E+00 3.49274E+00 3.49278E+00 3.49322E+00 3.49897E+00 2.95482E+00 2.59617E+00 1.57128E+00 8.22320E+01
2.27553E+00 3.29217E+00 3.64656E+00 4.17810E+00 4.17814E+00 4.17864E+00 4.18459E+00 3.64656E+00 3.29217E+00 2.27553E+00 1.03977E+02
3.10331E+00 4.11170E+00 4.46189E+00 4.98711E+00 4.98716E+00 4.98774E+00 4.99389E+00 4.46189E+00 4.11170E+00 3.10331E+00 1.29527E+02
4.06799E+00 5.06815E+00 5.41419E+00 5.93317E+00 5.93321E+00 5.93387E+00 5.94022E+00 5.41419E+00 5.06815E+00 4.06799E+00 1.59193E+02
5.18248E+00 6.17441E+00 6.51634E+00 7.02914E+00 7.02919E+00 7.02992E+00 7.03650E+00 6.51634E+00 6.17441E+00 5.18248E+00 1.93241E+02
6.46142E+00 7.44512E+00 7.78298E+00 8.28967E+00 8.28973E+00 8.29055E+00 8.29734E+00 7.78298E+00 7.44512E+00 6.46142E+00 2.31960E+02
7.91988E+00 8.89535E+00 9.22917E+00 9.72982E+00 9.72988E+00 9.73079E+00 9.73781E+00 9.22917E+00 8.89535E+00 7.91988E+00 2.75617E+02
9.57320E+00 1.05404E+01 1.08703E+01 1.13649E+01 1.13650E+01 1.13660E+01 1.13733E+01 1.08703E+01 1.05404E+01 9.57320E+00 3.24456E+02
1.14369E+01 1.23959E+01 1.27218E+01 1.32105E+01 1.32106E+01 1.32117E+01 1.32192E+01 1.27218E+01 1.23959E+01 1.14369E+01 3.78689E+02
1.35264E+01 1.44772E+01 1.47992E+01 1.52820E+01 1.52821E+01 1.52833E+01 1.52911E+01 1.47992E+01 1.44772E+01 1.35264E+01 4.38496E+02
1.58571E+01 1.67996E+01 1.71178E+01 1.75948E+01 1.75949E+01 1.75963E+01 1.76042E+01 1.71178E+01 1.67996E+01 1.58571E+01 5.04021E+02
1.84440E+01 1.93783E+01 1.96926E+01 2.01639E+01 2.01640E+01 2.01655E+01 2.01737E+01 1.96926E+01 1.93783E+01 1.84440E+01 5.75369E+02
2.13016E+01 2.22276E+01 2.25382E+01 2.30038E+01 2.30039E+01 2.30055E+01 2.30140E+01 2.25382E+01 2.22276E+01 2.13016E+01 6.52599E+02
2.44490E+01 2.53668E+01 2.56736E+01 2.61336E+01 2.61337E+01 2.61354E+01 2.61442E+01 2.56736E+01 2.53668E+01 2.44490E+01 7.35837E+02
2.78966E+01 2.88061E+01 2.91092E+01 2.95636E+01 2.95637E+01 2.95656E+01 2.95746E+01 2.91092E+01 2.88061E+01 2.78966E+01 8.24989E+02
0.00000E+00 0.00000E+00 3.87382E-01 9.68456E-01 9.68456E-01 9.68515E-01 9.72917E-01 3.87382E-01 0.00000E+00 0.00000E+00 2.46622E-02
0.00000E+00 4.33877E-02 4.25833E-01 9.99496E-01 9.99499E-01 9.99589E-01 1.00417E+00 4.25833E-01 4.33877E-02 0.00000E+00 1.50157E+00
0.00000E+00 1.18308E-01 4.96032E-01 1.06261E+00 1.06261E+00 1.06274E+00 1.06750E+00 4.96032E-01 1.18308E-01 0.00000E+00 3.82309E+00
0.00000E+00 2.26603E-01 5.99771E-01 1.15951E+00 1.15952E+00 1.15968E+00 1.16462E+00 5.99771E-01 2.26603E-01 0.00000E+00 7.18043E+00
0.00000E+00 3.72676E-01 7.41433E-01 1.29455E+00 1.29456E+00 1.29476E+00 1.29989E+00 7.41433E-01 3.72676E-01 0.00000E+00 1.17569E+01
0.00000E+00 5.63481E-01 9.27958E-01 1.47465E+00 1.47466E+00 1.47491E+00 1.48022E+00 9.27958E-01 5.63481E-01 0.00000E+00 1.78153E+01
0.00000E+00 8.04113E-01 1.16442E+00 1.70486E+00 1.70488E+00 1.70517E+00 1.71066E+00 1.16442E+00 8.04113E-01 0.00000E+00 2.55478E+01
0.00000E+00 1.02488E+00 1.38203E+00 1.91772E+00 1.91774E+00 1.91808E+00 1.92371E+00 1.38203E+00 1.02488E+00 0.00000E+00 3.26975E+01
6.88694E-02 1.09198E+00 1.44823E+00 1.98255E+00 1.98258E+00 1.98293E+00 1.98860E+00 1.44823E+00 1.09198E+00 6.88694E-02 3.50338E+01
4.57395E-01 1.47213E+00 1.82410E+00 2.35202E+00 2.35205E+00 2.35246E+00 2.35834E+00 1.82410E+00 1.47213E+00 4.57395E-01 4.69761E+01
9.33141E-01 1.93953E+00 2.28730E+00 2.80891E+00 2.80894E+00 2.80941E+00 2.81550E+00 2.28730E+00 1.93953E+00 9.33141E-01 6.14215E+01
1.49929E+00 2.49736E+00 2.84098E+00 3.35634E+00 3.35638E+00 3.35693E+00 3.36322E+00 2.84098E+00 2.49736E+00 1.49929E+00 7.87264E+01
2.16640E+00 3.15617E+00 3.49569E+00 4.00489E+00 4.00494E+00 4.00556E+00 4.01207E+00 3.49569E+00 3.15617E+00 2.16640E+00 9.91810E+01
2.94787E+00 3.92935E+00 4.26482E+00 4.76794E+00 4.76799E+00 4.76869E+00 4.77542E+00 4.26482E+00 3.92935E+00 2.94787E+00 1.23126E+02
3.85570E+00 4.82889E+00 5.16035E+00 5.65746E+00 5.65751E+00 5.65831E+00 5.66526E+00 5.16035E+00 4.82889E+00 3.85570E+00 1.50831E+02
4.90137E+00 5.86628E+00 6.19378E+00 6.68494E+00 6.68500E+00 6.68588E+00 6.69307E+00 6.19378E+00 5.86628E+00 4.90137E+00 1.82524E+02
6.09790E+00 7.05454E+00 7.37812E+00 7.86340E+00 7.86346E+00 7.86445E+00 7.87187E+00 7.37812E+00 7.05454E+00 6.09790E+00 2.18452E+02
7.45865E+00 8.40701E+00 8.72672E+00 9.20617E+00 9.20623E+00 9.20733E+00 9.21500E+00 8.72672E+00 8.40701E+00 7.45865E+00 2.58839E+02
8.99714E+00 9.93723E+00 1.02531E+01 1.07268E+01 1.07269E+01 1.07281E+01 1.07360E+01 1.02531E+01 9.93723E+00 8.99714E+00 3.03888E+02
1.07270E+01 1.16588E+01 1.19709E+01 1.24388E+01 1.24389E+01 1.24403E+01 1.24484E+01 1.19709E+01 1.16588E+01 1.07270E+01 3.53773E+02
1.26616E+01 1.35852E+01 1.38935E+01 1.43558E+01 1.43559E+01 1.43574E+01 1.43658E+01 1.38935E+01 1.35852E+01 1.26616E+01 4.08634E+02
1.48144E+01 1.57297E+01 1.60343E+01 1.64911E+01 1.64911E+01 1.64928E+01 1.65015E+01 1.60343E+01 1.57297E+01 1.48144E+01 4.68580E+02
1.71983E+01 1.81053E+01 1.84062E+01 1.88574E+01 1.88575E+01 1.88593E+01 1.88683E+01 1.84062E+01 1.81053E+01 1.71983E+01 5.33683E+02
1.98256E+01 2.07242E+01 2.10215E+01 2.14673E+01 2.14674E+01 2.14693E+01 2.14786E+01 2.10215E+01 2.07242E+01 1.98256E+01 6.03975E+02
2.27127E+01 2.36031E+01 2.38968E+01 2.43371E+01 2.43372E+01 2.43393E+01 2.43489E+01 2.38968E+01 2.36031E+01 2.27127E+01 6.79542E+02
2.58682E+01 2.67503E+01 2.70404E+01 2.74754E+01 2.74755E+01 2.74778E+01 2.74876E+01 2.70404E+01 2.67503E+01 2.58682E+01 7.60279E+02
0.00000E+00 0.00000E+00 3.68651E-01 9.21629E-01 9.21629E-01 9.21706E-01 9.26584E-01 3.68651E-01 0.00000E+00 0.00000E+00 2.88887E-02
0.00000E+00 4.43449E-02 4.08259E-01 9.54123E-01 9.54128E-01 9.54243E-01 9.59320E-01 4.08259E-01 4.43449E-02 0.00000E+00 1.51534E+00
0.00000E+00 1.19152E-01 4.78536E-01 1.01760E+00 1.01761E+00 1.01777E+00 1.02304E+00 4.78536E-01 1.19152E-01 0.00000E+00 3.81586E+00
0.00000E+00 2.25753E-01 5.80767E-01 1.11327E+00 1.11328E+00 1.11348E+00 1.11896E+00 5.80767E-01 2.25753E-01 0.00000E+00 7.10486E+00
0.00000E+00 3.68092E-01 7.18875E-01 1.24502E+00 1.24504E+00 1.24529E+00 1.25096E+00 7.18875E-01 3.68092E-01 0.00000E+00 1.15465E+01
0.00000E+00 5.52480E-01 8.99160E-01 1.41915E+00 1.41917E+00 1.41948E+00 1.42534E+00 8.99160E-01 5.52480E-01 0.00000E+00 1.73774E+01
0.00000E+00 7.83438E-01 1.12612E+00 1.64011E+00 1.64014E+00 1.64050E+00 1.64657E+00 1.12612E+00 7.83438E-01 0.00000E+00 2.47659E+01
2.22045E-16 9.94319E-01 1.33398E+00 1.84342E+00 1.84345E+00 1.84386E+00 1.85009E+00 1.33398E+00 9.94319E-01 2.22045E-16 3.15623E+01
6.56249E-02 1.05816E+00 1.39695E+00 1.90509E+00 1.90512E+00 1.90555E+00 1.91182E+00 1.39695E+00 1.05816E+00 6.56249E-02 3.37736E+01
4.34902E-01 1.41901E+00 1.75370E+00 2.25570E+00 2.25573E+00 2.25624E+00 2.26273E+00 1.75370E+00 1.41901E+00 4.34902E-01 4.50429E+01
8.84829E-01 1.86053E+00 2.19120E+00 2.68715E+00 2.68718E+00 2.68777E+00 2.69448E+00 2.19120E+00 1.86053E+00 8.84829E-01 5.85980E+01
1.41775E+00 2.38507E+00 2.71177E+00 3.20174E+00 3.20178E+00 3.20245E+00 3.20940E+00 2.71177E+00 2.38507E+00 1.41775E+00 7.47526E+01
2.04297E+00 3.00193E+00 3.32470E+00 3.80878E+00 3.80882E+00 3.80958E+00 3.81676E+00 3.32470E+00 3.00193E+00 2.04297E+00 9.37554E+01
2.77231E+00 3.72293E+00 4.04182E+00 4.52007E+00 4.52012E+00 4.52098E+00 4.52840E+00 4.04182E+00 3.72293E+00 2.77231E+00 1.15898E+02
3.61624E+00 4.55852E+00 4.87358E+00 5.34607E+00 5.34613E+00 5.34709E+00 5.35475E+00 4.87358E+00 4.55852E+00 3.61624E+00 1.41405E+02
4.58468E+00 5.51863E+00 5.82990E+00 6.29670E+00 6.29676E+00 6.29784E+00 6.30575E+00 5.82990E+00 5.51863E+00 4.58468E+00 1.70462E+02
5.68890E+00 6.61451E+00 6.92203E+00 7.38321E+00 7.38328E+00 7.38447E+00 7.39265E+00 6.92203E+00 6.61451E+00 5.68890E+00 2.03270E+02
6.94033E+00 7.85762E+00 8.16144E+00 8.61705E+00 8.61712E+00 8.61844E+00 8.62688E+00 8.16144E+00 7.85762E+00 6.94033E+00 2.40009E+02
8.35053E+00 9.25949E+00 9.55965E+00 1.00098E+01 1.00098E+01 1.00113E+01 1.00200E+01 9.55965E+00 9.25949E+00 8.35053E+00 2.80836E+02
9.93100E+00 1.08316E+01 1.11282E+01 1.15728E+01 1.15729E+01 1.15745E+01 1.15835E+01 1.11282E+01 1.08316E+01 9.93100E+00 3.25881E+02
1.16931E+01 1.25854E+01 1.28783E+01 1.33176E+01 1.33177E+01 1.33195E+01 1.33287E+01 1.28783E+01 1.25854E+01 1.16931E+01 3.75246E+02
1.36478E+01 1.45318E+01 1.48212E+01 1.52551E+01 1.52552E+01 1.52572E+01 1.52667E+01 1.48212E+01 1.45318E+01 1.36478E+01 4.29000E+02
1.58059E+01 1.66815E+01 1.69674E+01 1.73961E+01 1.73962E+01 1.73983E+01 1.74081E+01 1.69674E+01 1.66815E+01 1.58059E+01 4.87181E+02
1.81773E+01 1.90446E+01 1.93270E+01 1.97505E+01 1.97506E+01 1.97529E+01 1.97630E+01 1.93270E+01 1.90446E+01 1.81773E+01 5.49789E+02
2.07756E+01 2.16346E+01 2.19136E+01 2.23319E+01 2.23320E+01 2.23345E+01 2.23449E+01 2.19136E+01 2.16346E+01 2.07756E+01 6.16872E+02
2.36072E+01 2.44579E+01 2.47335E+01 2.51467E+01 2.51468E+01 2.51495E+01 2.51603E+01 2.47335E+01 2.44579E+01 2.36072E+01 6.88309E+02
0.00000E+00 0.00000E+00 3.48480E-01 8.71201E-01 8.71201E-01 8.71301E-01 8.76734E-01 3.48480E-01 0.00000E+00 0.00000E+00 3.39861E-02
0.00000E+00 4.54144E-02 3.89374E-01 9.05306E-01 9.05311E-01 9.05459E-01 9.11110E-01 3.89374E-01 4.54144E-02 0.00000E+00 1.53190E+00
0.00000E+00 1.20071E-01 4.59709E-01 9.69152E-01 9.69160E-01 9.69362E-01 9.75229E-01 4.59709E-01 1.20071E-01 0.00000E+00 3.80891E+00
0.00000E+00 2.24753E-01 5.60223E-01 1.06341E+00 1.06342E+00 1.06368E+00 1.06976E+00 5.60223E-01 2.24753E-01 0.00000E+00 7.02152E+00
0.00000E+00 3.62922E-01 6.94358E-01 1.19148E+00 1.19150E+00 1.19182E+00 1.19812E+00 6.94358E-01 3.62922E-01 0.00000E+00 1.13134E+01
0.00000E+00 5.40205E-01 8.67730E-01 1.35898E+00 1.35900E+00 1.35939E+00 1.36591E+00 8.67730E-01 5.40205E-01 0.00000E+00 1.68934E+01
0.00000E+00 7.60519E-01 1.08424E+00 1.56977E+00 1.56980E+00 1.57026E+00 1.57700E+00 1.08424E+00 7.60519E-01 0.00000E+00 2.39049E+01
0.00000E+00 9.60570E-01 1.28140E+00 1.76261E+00 1.76264E+00 1.76315E+00 1.77006E+00 1.28140E+00 9.60570E-01 0.00000E+00 3.03153E+01
6.20830E-02 1.02086E+00 1.34087E+00 1.82083E+00 1.82086E+00 1.82139E+00 1.82835E+00 1.34087E+00 1.02086E+00 6.20830E-02 3.23906E+01
4.10390E-01 1.36066E+00 1.67677E+00 2.15088E+00 2.15092E+00 2.15154E+00 2.15874E+00 1.67677E+00 1.36066E+00 4.10390E-01 4.29289E+01
8.32296E-01 1.77409E+00 2.08637E+00 2.55472E+00 2.55476E+00 2.55548E+00 2.56293E+00 2.08637E+00 1.77409E+00 8.32296E-01 5.55208E+01
1.32928E+00 2.26263E+00 2.57112E+00 3.03379E+00 3.03383E+00 3.03466E+00 3.04235E+00 2.57112E+00 2.26263E+00 1.32928E+00 7.04354E+01
1.90933E+00 2.83425E+00 3.13901E+00 3.59607E+00 3.59612E+00 3.59705E+00 3.60500E+00 3.13901E+00 2.83425E+00 1.90933E+00 8.78783E+01
2.58263E+00 3.49914E+00 3.80021E+00 4.25173E+00 4.25179E+00 4.25284E+00 4.26105E+00 3.80021E+00 3.49914E+00 2.58263E+00 1.08090E+02
3.35805E+00 4.26615E+00 4.56358E+00 5.00963E+00 5.00969E+00 5.01086E+00 5.01935E+00 4.56358E+00 4.26615E+00 3.35805E+00 1.31249E+02
4.24390E+00 5.14360E+00 5.43744E+00 5.87808E+00 5.87814E+00 5.87945E+00 5.88821E+00 5.43744E+00 5.14360E+00 4.24390E+00 1.57498E+02
5.24959E+00 6.14091E+00 6.43119E+00 6.86648E+00 6.86655E+00 6.86801E+00 6.87704E+00 6.43119E+00 6.14091E+00 5.24959E+00 1.86991E+02
6.38464E+00 7.26757E+00 7.55433E+00 7.98434E+00 7.98442E+00 7.98603E+00 7.99535E+00 7.55433E+00 7.26757E+00 6.38464E+00 2.19862E+02
7.65852E+00 8.53308E+00 8.81636E+00 9.24115E+00 9.24123E+00 9.24300E+00 9.25262E+00 8.81636E+00 8.53308E+00 7.65852E+00 2.56222E+02
9.08059E+00 9.94678E+00 1.02266E+01 1.06462E+01 1.06463E+01 1.06483E+01 1.06582E+01 1.02266E+01 9.94678E+00 9.08059E+00 2.96158E+02
1.06600E+01 1.15178E+01 1.17942E+01 1.22087E+01 1.22088E+01 1.22110E+01 1.22212E+01 1.17942E+01 1.15178E+01 1.06600E+01 3.39731E+02
1.24054E+01 1.32549E+01 1.35280E+01 1.39374E+01 1.39375E+01 1.39398E+01 1.39504E+01 1.35280E+01 1.32549E+01 1.24054E+01 3.86973E+02
1.43253E+01 1.51664E+01 1.54362E+01 1.58406E+01 1.58407E+01 1.58432E+01 1.58541E+01 1.54362E+01 1.51664E+01 1.43253E+01 4.37887E+02
1.64273E+01 1.72600E+01 1.75265E+01 1.79260E+01 1.79261E+01 1.79289E+01 1.79400E+01 1.75265E+01 1.72600E+01 1.64273E+01 4.92446E+02
1.87220E+01 1.95463E+01 1.98096E+01 2.02042E+01 2.02043E+01 2.02073E+01 2.02188E+01 1.98096E+01 1.95463E+01 1.87220E+01 5.50655E+02
2.12137E+01 2.20298E+01 2.22898E+01 2.26796E+01 2.26797E+01 2.26829E+01 2.26947E+01 2.22898E+01 2.20298E+01 2.12137E+01 6.12383E+02
0.00000E+00 0.00000E+00 3.28114E-01 8.20286E-01 8.20286E-01 8.20416E-01 8.26478E-01 3.28114E-01 0.00000E+00 0.00000E+00 4.00475E-02
0.00000E+00 4.65514E-02 3.70367E-01 8.56083E-01 8.56088E-01 8.56279E-01 8.62581E-01 3.70367E-01 4.65514E-02 0.00000E+00 1.55133E+00
0.00000E+00 1.21003E-01 4.40712E-01 9.20259E-01 9.20268E-01 9.20525E-01 9.27065E-01 4.40712E-01 1.21003E-01 0.00000E+00 3.80302E+00
0.00000E+00 2.23589E-01 5.39339E-01 1.01294E+00 1.01295E+00 1.01328E+00 1.02006E+00 5.39339E-01 2.23589E-01 0.00000E+00 6.93380E+00
0.00000E+00 3.57299E-01 6.69220E-01 1.13707E+00 1.13709E+00 1.13749E+00 1.14451E+00 6.69220E-01 3.57299E-01 0.00000E+00 1.10670E+01
0.00000E+00 5.27087E-01 8.35295E-01 1.29757E+00 1.29759E+00 1.29807E+00 1.30533E+00 8.35295E-01 5.27087E-01 0.00000E+00 1.63841E+01
0.00000E+00 7.36283E-01 1.04088E+00 1.49773E+00 1.49776E+00 1.49833E+00 1.50583E+00 1.04088E+00 7.36283E-01 0.00000E+00 2.30039E+01
0.00000E+00 9.25096E-01 1.22696E+00 1.67970E+00 1.67973E+00 1.68037E+00 1.68806E+00 1.22696E+00 9.25096E-01 0.00000E+00 2.90160E+01
5.84289E-02 9.81711E-01 1.28279E+00 1.73435E+00 1.73438E+00 1.73505E+00 1.74279E+00 1.28279E+00 9.81711E-01 5.84289E-02 3.09515E+01
3.85173E-01 1.29986E+00 1.59725E+00 2.04326E+00 2.04330E+00 2.04407E+00 2.05208E+00 1.59725E+00 1.29986E+00 3.85173E-01 4.07417E+01
7.78438E-01 1.68457E+00 1.97833E+00 2.41888E+00 2.41893E+00 2.41981E+00 2.42808E+00 1.97833E+00 1.68457E+00 7.78438E-01 5.23542E+01
1.23889E+00 2.13650E+00 2.42667E+00 2.86184E+00 2.86189E+00 2.86290E+00 2.87145E+00 2.42667E+00 2.13650E+00 1.23889E+00 6.60154E+01
1.77326E+00 2.66236E+00 2.94900E+00 3.37886E+00 3.37892E+00 3.38006E+00 3.38889E+00 2.94900E+00 2.66236E+00 1.77326E+00 8.18899E+01
2.39016E+00 3.27077E+00 3.55392E+00 3.97854E+00 3.97860E+00 3.97988E+00 3.98899E+00 3.55392E+00 3.27077E+00 2.39016E+00 1.00170E+02
3.09691E+00 3.96905E+00 4.24876E+00 4.66820E+00 4.66827E+00 4.66970E+00 4.67910E+00 4.24876E+00 3.96905E+00 3.09691E+00 1.20991E+02
3.90032E+00 4.76400E+00 5.04031E+00 5.45464E+00 5.45471E+00 5.45630E+00 5.46601E+00 5.04031E+00 4.76400E+00 3.90032E+00 1.44456E+02
4.80807E+00 5.66330E+00 5.93624E+00 6.34552E+00 6.34560E+00 6.34736E+00 6.35737E+00 5.93624E+00 5.66330E+00 4.80807E+00 1.70675E+02
5.82780E+00 6.67459E+00 6.94422E+00 7.34851E+00 7.34859E+00 7.35053E+00 7.36086E+00 6.94422E+00 6.67459E+00 5.82780E+00 1.99739E+02
6.96709E+00 7.80546E+00 8.07180E+00 8.47115E+00 8.47125E+00 8.47338E+00 8.48402E+00 8.07180E+00 7.80546E+00 6.96709E+00 2.31721E+02
8.23328E+00 9.06323E+00 9.32633E+00 9.72080E+00 9.72090E+00 9.72324E+00 9.73420E+00 9.32633E+00 9.06323E+00 8.23328E+00 2.66667E+02
9.63343E+00 1.04550E+01 1.07149E+01 1.11045E+01 1.11046E+01 1.11072E+01 1.11185E+01 1.07149E+01 1.04550E+01 9.63343E+00 3.04602E+02
1.11742E+01 1.19873E+01 1.22441E+01 1.26290E+01 1.26291E+01 1.26318E+01 1.26435E+01 1.22441E+01 1.19873E+01 1.11742E+01 3.45525E+02
1.28618E+01 1.36665E+01 1.39201E+01 1.43003E+01 1.43004E+01 1.43034E+01 1.43154E+01 1.39201E+01 1.36665E+01 1.28618E+01 3.89411E+02
1.47017E+01 1.54981E+01 1.57486E+01 1.61241E+01 1.61243E+01 1.61275E+01 1.61399E+01 1.57486E+01 1.54981E+01 1.47017E+01 4.36207E+02
1.67019E+01 1.74900E+01 1.77374E+01 1.81083E+01 1.81084E+01 1.81120E+01 1.81247E+01 1.77374E+01 1.74900E+01 1.67019E+01 4.85885E+02
1.88649E+01 1.96446E+01 1.98890E+01 2.02554E+01 2.02556E+01 2.02593E+01 2.02724E+01 1.98890E+01 1.96446E+01 1.88649E+01 5.38307E+02
0.00000E+00 0.00000E+00 3.09322E-01 7.73305E-01 7.73305E-01 7.73474E-01 7.80231E-01 3.09322E-01 0.00000E+00 0.00000E+00 4.71526E-02
0.00000E+00 4.76760E-02 3.52913E-01 8.10759E-01 8.10764E-01 8.11008E-01 8.18029E-01 3.52913E-01 4.76760E-02 0.00000E+00 1.57326E+00
0.00000E+00 1.21836E-01 4.23173E-01 8.75158E-01 8.75168E-01 8.75494E-01 8.82776E-01 4.23173E-01 1.21836E-01 0.00000E+00 3.79870E+00
0.00000E+00 2.22223E-01 5.19801E-01 9.66141E-01 9.66156E-01 9.66569E-01 9.74112E-01 5.19801E-01 2.22223E-01 0.00000E+00 6.84618E+00
0.00000E+00 3.51415E-01 6.45360E-01 1.08624E+00 1.08626E+00 1.08677E+00 1.09457E+00 6.45360E-01 3.51415E-01 0.00000E+00 1.08210E+01
0.00000E+00 5.13769E-01 8.04195E-01 1.23979E+00 1.23981E+00 1.24042E+00 1.24848E+00 8.04195E-01 5.13769E-01 0.00000E+00 1.58800E+01
0.00000E+00 7.12118E-01 9.99123E-01 1.42957E+00 1.42961E+00 1.43032E+00 1.43865E+00 9.99123E-01 7.12118E-01 0.00000E+00 2.21211E+01
0.00000E+00 8.90086E-01 1.17450E+00 1.60106E+00 1.60109E+00 1.60189E+00 1.61043E+00 1.17450E+00 8.90086E-01 0.00000E+00 2.77521E+01
5.49348E-02 9.43184E-01 1.22686E+00 1.65230E+00 1.65234E+00 1.65316E+00 1.66175E+00 1.22686E+00 9.43184E-01 5.49348E-02 2.95551E+01
3.61173E-01 1.24073E+00 1.52091E+00 1.94110E+00 1.94114E+00 1.94209E+00 1.95098E+00 1.52091E+00 1.24073E+00 3.61173E-01 3.86397E+01
7.27476E-01 1.59838E+00 1.87513E+00 2.29015E+00 2.29020E+00 2.29129E+00 2.30047E+00 1.87513E+00 1.59838E+00 7.27476E-01 4.93385E+01
1.15386E+00 2.01616E+00 2.28951E+00 2.69945E+00 2.69950E+00 2.70074E+00 2.71022E+00 2.28951E+00 2.01616E+00 1.15386E+00 6.18420E+01
1.64601E+00 2.49972E+00 2.76973E+00 3.17465E+00 3.17471E+00 3.17610E+00 3.18588E+00 2.76973E+00 2.49972E+00 1.64601E+00 7.62812E+01
2.21118E+00 3.05632E+00 3.32305E+00 3.72301E+00 3.72308E+00 3.72464E+00 3.73473E+00 3.32305E+00 3.05632E+00 2.21118E+00 9.28088E+01
2.85546E+00 3.69207E+00 3.95553E+00 4.35061E+00 4.35068E+00 4.35242E+00 4.36283E+00 3.95553E+00 3.69207E+00 2.85546E+00 1.11526E+02
3.58439E+00 4.41248E+00 4.67274E+00 5.06299E+00 5.06307E+00 5.06500E+00 5.07573E+00 4.67274E+00 4.41248E+00 3.58439E+00 1.32504E+02
4.40423E+00 5.22382E+00 5.48091E+00 5.86639E+00 5.86648E+00 5.86861E+00 5.87968E+00 5.48091E+00 5.22382E+00 4.40423E+00 1.55821E+02
5.32116E+00 6.13227E+00 6.38623E+00 6.76700E+00 6.76710E+00 6.76944E+00 6.78084E+00 6.38623E+00 6.13227E+00 5.32116E+00 1.81536E+02
6.34119E+00 7.14383E+00 7.39470E+00 7.77081E+00 7.77092E+00 7.77348E+00 7.78524E+00 7.39470E+00 7.14383E+00 6.34119E+00 2.09689E+02
7.47006E+00 8.26426E+00 8.51207E+00 8.88359E+00 8.88371E+00 8.88651E+00 8.89861E+00 8.51207E+00 8.26426E+00 7.47006E+00 2.40300E+02
8.71323E+00 9.49900E+00 9.74379E+00 1.01108E+01 1.01109E+01 1.01139E+01 1.01264E+01 9.74379E+00 9.49900E+00 8.71323E+00 2.73368E+02
1.00757E+01 1.08531E+01 1.10949E+01 1.14574E+01 1.14575E+01 1.14608E+01 1.14737E+01 1.10949E+01 1.08531E+01 1.00757E+01 3.08870E+02
1.15621E+01 1.23311E+01 1.25699E+01 1.29280E+01 1.29281E+01 1.29317E+01 1.29449E+01 1.25699E+01 1.23311E+01 1.15621E+01 3.46762E+02
1.31763E+01 1.39369E+01 1.41728E+01 1.45265E+01 1.45266E+01 1.45305E+01 1.45441E+01 1.41728E+01 1.39369E+01 1.31763E+01 3.86977E+02
1.49241E+01 1.56763E+01 1.59094E+01 1.62587E+01 1.62589E+01 1.62631E+01 1.62770E+01 1.59094E+01 1.56763E+01 1.49241E+01 4.29465E+02
1.68068E+01 1.75507E+01 1.77809E+01 1.81260E+01 1.81261E+01 1.81306E+01 1.81450E+01 1.77809E+01 1.75507E+01 1.68068E+01 4.74090E+02
0.00000E+00 0.00000E+00 2.90745E-01 7.26863E-01 7.26863E-01 7.27083E-01 7.34623E-01 2.90745E-01 0.00000E+00 0.00000E+00 5.55625E-02
0.00000E+00 4.87452E-02 3.35636E-01 7.65960E-01 7.65966E-01 7.66279E-01 7.74108E-01 3.35636E-01 4.87452E-02 0.00000E+00 1.59582E+00
0.00000E+00 1.22449E-01 4.05661E-01 8.30457E-01 8.30468E-01 8.30882E-01 8.38997E-01 4.05661E-01 1.22449E-01 0.00000E+00 3.79109E+00
0.00000E+00 2.20392E-01 5.00061E-01 9.19533E-01 9.19550E-01 9.20070E-01 9.28471E-01 5.00061E-01 2.20392E-01 0.00000E+00 6.74896E+00
0.00000E+00 3.44774E-01 6.21020E-01 1.03535E+00 1.03537E+00 1.03600E+00 1.04469E+00 6.21020E-01 3.44774E-01 0.00000E+00 1.05576E+01
0.00000E+00 4.99392E-01 7.72324E-01 1.18167E+00 1.18170E+00 1.18245E+00 1.19143E+00 7.72324E-01 4.99392E-01 0.00000E+00 1.53508E+01
0.00000E+00 6.86623E-01 9.56336E-01 1.36084E+00 1.36087E+00 1.36176E+00 1.37102E+00 9.56336E-01 6.86623E-01 0.00000E+00 2.12069E+01
0.00000E+00 8.53579E-01 1.12085E+00 1.52169E+00 1.52173E+00 1.52272E+00 1.53220E+00 1.12085E+00 8.53579E-01 0.00000E+00 2.64540E+01
5.14089E-02 9.03132E-01 1.16971E+00 1.56950E+00 1.56954E+00 1.57056E+00 1.58011E+00 1.16971E+00 9.03132E-01 5.14089E-02 2.81242E+01
3.37050E-01 1.17999E+00 1.44328E+00 1.83813E+00 1.83818E+00 1.83935E+00 1.84922E+00 1.44328E+00 1.17999E+00 3.37050E-01 3.65059E+01
6.76495E-01 1.51071E+00 1.77077E+00 2.16076E+00 2.16082E+00 2.16216E+00 2.17234E+00 1.77077E+00 1.51071E+00 6.76495E-01 4.63020E+01
1.06920E+00 1.89473E+00 2.15161E+00 2.53682E+00 2.53688E+00 2.53839E+00 2.54890E+00 2.15161E+00 1.89473E+00 1.06920E+00 5.76699E+01
1.51985E+00 2.33674E+00 2.59048E+00 2.97097E+00 2.97104E+00 2.97274E+00 2.98358E+00 2.59048E+00 2.33674E+00 1.51985E+00 7.07104E+01
2.03452E+00 2.84279E+00 3.09344E+00 3.46927E+00 3.46935E+00 3.47125E+00 3.48243E+00 3.09344E+00 2.84279E+00 2.03452E+00 8.55405E+01
2.61812E+00 3.41781E+00 3.66541E+00 4.03665E+00 4.03673E+00 4.03884E+00 4.05037E+00 3.66541E+00 3.41781E+00 2.61812E+00 1.02231E+02
3.27508E+00 4.06622E+00 4.31080E+00 4.67751E+00 4.67761E+00 4.67994E+00 4.69182E+00 4.31080E+00 4.06622E+00 3.27508E+00 1.20827E+02
4.01038E+00 4.79299E+00 5.03460E+00 5.39684E+00 5.39694E+00 5.39951E+00 5.41175E+00 5.03460E+00 4.79299E+00 4.01038E+00 1.41377E+02
4.82885E+00 5.60296E+00 5.84163E+00 6.19945E+00 6.19956E+00 6.20238E+00 6.21499E+00 5.84163E+00 5.60296E+00 4.82885E+00 1.63912E+02
5.73513E+00 6.50077E+00 6.73654E+00 7.09000E+00 7.09012E+00 7.09320E+00 7.10618E+00 6.73654E+00 6.50077E+00 5.73513E+00 1.88446E+02
6.73357E+00 7.49076E+00 7.72367E+00 8.07281E+00 8.07294E+00 8.07630E+00 8.08967E+00 7.72367E+00 7.49076E+00 6.73357E+00 2.14977E+02
7.82818E+00 8.57696E+00 8.80703E+00 9.15192E+00 9.15206E+00 9.15571E+00 9.16947E+00 8.80703E+00 8.57696E+00 7.82818E+00 2.43483E+02
9.02256E+00 9.76295E+00 9.99023E+00 1.03309E+01 1.03311E+01 1.03350E+01 1.03492E+01 9.99023E+00 9.76295E+00 9.02256E+00 2.73923E+02
1.03199E+01 1.10519E+01 1.12764E+01 1.16129E+01 1.16131E+01 1.16173E+01 1.16319E+01 1.12764E+01 1.10519E+01 1.03199E+01 3.06239E+02
1.17226E+01 1.24463E+01 1.26681E+01 1.30005E+01 1.30007E+01 1.30053E+01 1.30203E+01 1.26681E+01 1.24463E+01 1.17226E+01 3.40354E+02
1.32349E+01 1.39503E+01 1.41694E+01 1.44977E+01 1.44979E+01 1.45029E+01 1.45183E+01 1.41694E+01 1.39503E+01 1.32349E+01 3.76204E+02
1.48568E+01 1.55639E+01 1.57804E+01 1.61047E+01 1.61049E+01 1.61102E+01 1.61261E+01 1.57804E+01 1.55639E+01 1.48568E+01 4.13654E+02
0.00000E+00 0.00000E+00 2.73704E-01 6.84260E-01 6.84260E-01 6.84545E-01 6.92945E-01 2.73704E-01 0.00000E+00 0.00000E+00 6.53970E-02
0.00000E+00 4.96123E-02 3.19701E-01 7.24823E-01 7.24829E-01 7.25230E-01 7.33946E-01 3.19701E-01 4.96123E-02 0.00000E+00 1.61663E+00
0.00000E+00 1.22611E-01 3.89251E-01 7.89188E-01 7.89200E-01 7.89724E-01 7.98752E-01 3.89251E-01 1.22611E-01 0.00000E+00 3.77717E+00
0.00000E+00 2.17892E-01 4.81213E-01 8.76157E-01 8.76176E-01 8.76830E-01 8.86170E-01 4.81213E-01 2.17892E-01 0.00000E+00 6.64174E+00
0.00000E+00 3.37354E-01 5.97467E-01 9.87587E-01 9.87612E-01 9.88405E-01 9.98056E-01 5.97467E-01 3.37354E-01 0.00000E+00 1.02841E+01
0.00000E+00 4.84320E-01 7.41328E-01 1.12678E+00 1.12681E+00 1.12775E+00 1.13771E+00 7.41328E-01 4.84320E-01 0.00000E+00 1.48182E+01
0.00000E+00 6.60800E-01 9.14791E-01 1.29571E+00 1.29574E+00 1.29684E+00 1.30711E+00 9.14791E-01 6.60800E-01 0.00000E+00 2.03069E+01
0.00000E+00 8.17256E-01 1.06896E+00 1.44644E+00 1.44649E+00 1.44771E+00 1.45823E+00 1.06896E+00 8.17256E-01 0.00000E+00 2.51922E+01
4.80771E-02 8.63466E-01 1.11452E+00 1.49102E+00 1.49106E+00 1.49232E+00 1.50291E+00 1.11452E+00 8.63466E-01 4.80771E-02 2.67386E+01
3.14389E-01 1.12094E+00 1.36892E+00 1.74079E+00 1.74084E+00 1.74228E+00 1.75322E+00 1.36892E+00 1.12094E+00 3.14389E-01 3.44693E+01
6.28947E-01 1.42674E+00 1.67169E+00 2.03900E+00 2.03907E+00 2.04070E+00 2.05198E+00 1.67169E+00 1.42674E+00 6.28947E-01 4.34399E+01
9.90788E-01 1.77986E+00 2.02183E+00 2.38467E+00 2.38474E+00 2.38658E+00 2.39822E+00 2.02183E+00 1.77986E+00 9.90788E-01 5.37809E+01
1.40381E+00 2.18422E+00 2.42326E+00 2.78167E+00 2.78175E+00 2.78381E+00 2.79581E+00 2.42326E+00 2.18422E+00 1.40381E+00 6.55694E+01
1.87309E+00 2.64487E+00 2.88101E+00 3.23506E+00 3.23515E+00 3.23745E+00 3.24981E+00 2.88101E+00 2.64487E+00 1.87309E+00 7.88945E+01
2.40262E+00 3.16582E+00 3.39910E+00 3.74885E+00 3.74895E+00 3.75150E+00 3.76424E+00 3.39910E+00 3.16582E+00 2.40262E+00 9.38041E+01
2.99595E+00 3.75060E+00 3.98106E+00 4.32657E+00 4.32668E+00 4.32949E+00 4.34261E+00 3.98106E+00 3.75060E+00 2.99595E+00 1.10323E+02
3.65703E+00 4.40318E+00 4.63085E+00 4.97217E+00 4.97229E+00 4.97538E+00 4.98889E+00 4.63085E+00 4.40318E+00 3.65703E+00 1.28478E+02
4.38967E+00 5.12735E+00 5.35227E+00 5.68945E+00 5.68958E+00 5.69296E+00 5.70686E+00 5.35227E+00 5.12735E+00 4.38967E+00 1.48282E+02
5.19743E+00 5.92668E+00 6.14889E+00 6.48198E+00 6.48212E+00 6.48580E+00 6.50012E+00 6.14889E+00 5.92668E+00 5.19743E+00 1.69730E+02
6.08360E+00 6.80445E+00 7.02398E+00 7.35303E+00 7.35318E+00 7.35719E+00 7.37191E+00 7.02398E+00 6.80445E+00 6.08360E+00 1.92803E+02
7.05111E+00 7.76360E+00 7.98048E+00 8.30554E+00 8.30570E+00 8.31005E+00 8.32520E+00 7.98048E+00 7.76360E+00 7.05111E+00 2.17468E+02
8.10251E+00 8.80668E+00 9.02093E+00 9.34205E+00 9.34222E+00 9.34693E+00 9.36251E+00 9.02093E+00 8.80668E+00 8.10251E+00 2.43674E+02
9.23989E+00 9.93577E+00 1.01474E+01 1.04647E+01 1.04648E+01 1.04699E+01 1.04859E+01 1.01474E+01 9.93577E+00 9.23989E+00 2.71354E+02
1.04648E+01 1.11525E+01 1.13616E+01 1.16750E+01 1.16752E+01 1.16806E+01 1.16971E+01 1.13616E+01 1.11525E+01 1.04648E+01 3.00429E+02
1.17801E+01 1.24595E+01 1.26661E+01 1.29756E+01 1.29759E+01 1.29817E+01 1.29987E+01 1.26661E+01 1.24595E+01 1.17801E+01 3.30825E+02
1.31851E+01 1.38564E+01 1.40605E+01 1.43663E+01 1.43665E+01 1.43728E+01 1.43902E+01 1.40605E+01 1.38564E+01 1.31851E+01 3.62417E+02
0.00000E+00 0.00000E+00 2.59270E-01 6.48174E-01 6.48174E-01 6.48544E-01 6.57874E-01 2.59270E-01 0.00000E+00 0.00000E+00 7.68193E-02
0.00000E+00 5.01029E-02 3.05991E-01 6.89808E-01 6.89815E-01 6.90327E-01 7.00000E-01 3.05991E-01 5.01029E-02 0.00000E+00 1.63247E+00
0.00000E+00 1.22045E-01 3.74705E-01 7.53668E-01 7.53682E-01 7.54345E-01 7.64356E-01 3.74705E-01 1.22045E-01 0.00000E+00 3.75245E+00
0.00000E+00 2.14460E-01 4.64013E-01 8.38302E-01 8.38323E-01 8.39145E-01 8.49494E-01 4.64013E-01 2.14460E-01 0.00000E+00 6.52199E+00
0.00000E+00 3.29041E-01 5.75591E-01 9.45362E-01 9.45390E-01 9.46379E-01 9.57066E-01 5.75591E-01 3.29041E-01 0.00000E+00 1.00043E+01
0.00000E+00 4.68766E-01 7.12409E-01 1.07780E+00 1.07784E+00 1.07901E+00 1.09003E+00 7.12409E-01 4.68766E-01 0.00000E+00 1.42985E+01
0.00000E+00 6.35394E-01 8.76213E-01 1.23736E+00 1.23740E+00 1.23875E+00 1.25012E+00 8.76213E-01 6.35394E-01 0.00000E+00 1.94566E+01
0.00000E+00 7.82424E-01 1.02110E+00 1.37903E+00 1.37908E+00 1.38058E+00 1.39221E+00 1.02110E+00 7.82424E-01 0.00000E+00 2.40228E+01
4.51226E-02 8.25678E-01 1.06375E+00 1.42075E+00 1.42080E+00 1.42235E+00 1.43405E+00 1.06375E+00 8.25678E-01 4.51226E-02 2.54617E+01
2.94466E-01 1.06619E+00 1.30137E+00 1.65404E+00 1.65410E+00 1.65586E+00 1.66794E+00 1.30137E+00 1.06619E+00 2.94466E-01 3.26328E+01
5.87582E-01 1.35055E+00 1.58290E+00 1.93129E+00 1.93136E+00 1.93336E+00 1.94581E+00 1.58290E+00 1.35055E+00 5.87582E-01 4.09073E+01
9.23278E-01 1.67756E+00 1.90711E+00 2.25130E+00 2.25138E+00 2.25362E+00 2.26646E+00 1.90711E+00 1.67756E+00 9.23278E-01 5.03973E+01
1.30491E+00 2.05055E+00 2.27735E+00 2.61739E+00 2.61748E+00 2.61999E+00 2.63321E+00 2.27735E+00 2.05055E+00 1.30491E+00 6.11645E+01
1.73684E+00 2.47391E+00 2.69799E+00 3.03394E+00 3.03404E+00 3.03682E+00 3.05044E+00 2.69799E+00 2.47391E+00 1.73684E+00 7.32803E+01
2.22248E+00 2.95102E+00 3.17242E+00 3.50433E+00 3.50444E+00 3.50752E+00 3.52154E+00 3.17242E+00 2.95102E+00 2.22248E+00 8.67789E+01
2.76477E+00 3.48484E+00 3.70359E+00 4.03151E+00 4.03163E+00 4.03501E+00 4.04945E+00 3.70359E+00 3.48484E+00 2.76477E+00 1.01674E+02
3.36702E+00 4.07866E+00 4.29480E+00 4.61878E+00 4.61891E+00 4.62262E+00 4.63747E+00 4.29480E+00 4.07866E+00 3.36702E+00 1.17982E+02
4.03237E+00 4.73563E+00 4.94919E+00 5.26928E+00 5.26942E+00 5.27347E+00 5.28875E+00 4.94919E+00 4.73563E+00 4.03237E+00 1.35703E+02
4.76373E+00 5.45866E+00 5.66966E+00 5.98591E+00 5.98607E+00 5.99047E+00 6.00619E+00 5.66966E+00 5.45866E+00 4.76373E+00 1.54827E+02
5.56372E+00 6.25038E+00 6.45886E+00 6.77130E+00 6.77147E+00 6.77625E+00 6.79241E+00 6.45886E+00 6.25038E+00 5.56372E+00 1.75328E+02
6.43468E+00 7.11310E+00 7.31908E+00 7.62777E+00 7.62796E+00 7.63313E+00 7.64974E+00 7.31908E+00 7.11310E+00 6.43468E+00 1.97168E+02
7.37853E+00 8.04876E+00 8.25227E+00 8.55725E+00 8.55745E+00 8.56304E+00 8.58011E+00 8.25227E+00 8.04876E+00 7.37853E+00 2.20295E+02
8.39682E+00 9.05891E+00 9.25999E+00 9.56130E+00 9.56152E+00 9.56753E+00 9.58507E+00 9.25999E+00 9.05891E+00 8.39682E+00 2.44643E+02
9.49065E+00 1.01446E+01 1.03433E+01 1.06410E+01 1.06412E+01 1.06477E+01 1.06657E+01 1.03433E+01 1.01446E+01 9.49065E+00 2.70136E+02
1.06620E+01 1.13080E+01 1.15043E+01 1.17984E+01 1.17986E+01 1.18055E+01 1.18240E+01 1.15043E+01 1.13080E+01 1.06620E+01 2.96703E+02
1.19102E+01 1.25482E+01 1.27421E+01 1.30327E+01 1.30329E+01 1.30404E+01 1.30594E+01 1.27421E+01 1.25482E+01 1.19102E+01 3.24228E+02
0.00000E+00 0.00000E+00 2.44186E-01 6.10464E-01 6.10464E-01 6.10943E-01 6.21324E-01 2.44186E-01 0.00000E+00 0.00000E+00 9.03493E-02
0.00000E+00 5.01693E-02 2.91190E-01 6.52705E-01 6.52713E-01 6.53367E-01 6.64120E-01 2.91190E-01 5.01693E-02 0.00000E+00 1.63999E+00
0.00000E+00 1.20597E-01 3.58597E-01 7.15565E-01 7.15581E-01 7.16419E-01 7.27540E-01 3.58597E-01 1.20597E-01 0.00000E+00 3.70826E+00
0.00000E+00 2.09685E-01 4.44776E-01 7.97364E-01 7.97388E-01 7.98419E-01 8.09908E-01 4.44776E-01 2.09685E-01 0.00000E+00 6.37076E+00
0.00000E+00 3.18911E-01 5.51190E-01 8.99544E-01 8.99577E-01 9.00809E-01 9.12665E-01 5.51190E-01 3.18911E-01 0.00000E+00 9.67998E+00
0.00000E+00 4.50890E-01 6.80446E-01 1.02470E+00 1.02474E+00 1.02618E+00 1.03841E+00 6.80446E-01 4.50890E-01 0.00000E+00 1.37199E+01
0.00000E+00 6.07109E-01 8.34017E-01 1.17429E+00 1.17434E+00 1.17600E+00 1.18859E+00 8.34017E-01 6.07109E-01 0.00000E+00 1.85309E+01
0.00000E+00 7.44230E-01 9.69134E-01 1.30638E+00 1.30644E+00 1.30828E+00 1.32116E+00 9.69134E-01 7.44230E-01 0.00000E+00 2.27634E+01
4.20159E-02 7.84387E-01 1.00872E+00 1.34510E+00 1.34516E+00 1.34706E+00 1.36002E+00 1.00872E+00 7.84387E-01 4.20159E-02 2.40902E+01
2.73537E-01 1.00713E+00 1.22876E+00 1.56107E+00 1.56114E+00 1.56330E+00 1.57666E+00 1.22876E+00 1.00713E+00 2.73537E-01 3.06782E+01
5.44161E-01 1.26906E+00 1.48803E+00 1.81634E+00 1.81642E+00 1.81886E+00 1.83262E+00 1.48803E+00 1.26906E+00 5.44161E-01 3.82278E+01
8.52423E-01 1.56871E+00 1.78506E+00 2.10942E+00 2.10951E+00 2.11224E+00 2.12642E+00 1.78506E+00 1.56871E+00 8.52423E-01 4.68311E+01
1.20107E+00 1.90881E+00 2.12257E+00 2.44304E+00 2.44315E+00 2.44618E+00 2.46078E+00 2.12257E+00 1.90881E+00 1.20107E+00 5.65323E+01
1.59369E+00 2.29296E+00 2.50417E+00 2.82080E+00 2.82091E+00 2.82428E+00 2.83930E+00 2.50417E+00 2.29296E+00 1.59369E+00 6.73832E+01
2.03300E+00 2.72386E+00 2.93255E+00 3.24539E+00 3.24552E+00 3.24922E+00 3.26469E+00 2.93255E+00 2.72386E+00 2.03300E+00 7.94023E+01
2.52129E+00 3.20378E+00 3.41000E+00 3.71908E+00 3.71923E+00 3.72329E+00 3.73920E+00 3.41000E+00 3.20378E+00 2.52129E+00 9.25906E+01
3.06109E+00 3.73529E+00 3.93905E+00 4.24444E+00 4.24460E+00 4.24904E+00 4.26540E+00 3.93905E+00 3.73529E+00 3.06109E+00 1.06949E+02
3.65480E+00 4.32076E+00 4.52210E+00 4.82383E+00 4.82400E+00 4.82884E+00 4.84566E+00 4.52210E+00 4.32076E+00 3.65480E+00 1.22468E+02
4.30454E+00 4.96233E+00 5.16126E+00 5.45939E+00 5.45957E+00 5.46483E+00 5.48211E+00 5.16126E+00 4.96233E+00 4.30454E+00 1.39125E+02
5.01219E+00 5.66185E+00 5.85842E+00 6.15297E+00 6.15317E+00 6.15887E+00 6.17662E+00 5.85842E+00 5.66185E+00 5.01219E+00 1.56886E+02
5.77930E+00 6.42090E+00 6.61513E+00 6.90615E+00 6.90636E+00 6.91252E+00 6.93076E+00 6.61513E+00 6.42090E+00 5.77930E+00 1.75707E+02
6.60710E+00 7.24068E+00 7.43260E+00 7.72013E+00 7.72036E+00 7.72699E+00 7.74572E+00 7.43260E+00 7.24068E+00 6.60710E+00 1.95531E+02
7.49643E+00 8.12206E+00 8.31169E+00 8.59577E+00 8.59602E+00 8.60315E+00 8.62238E+00 8.31169E+00 8.12206E+00 7.49643E+00 2.16292E+02
8.44774E+00 9.06547E+00 9.25283E+00 9.53350E+00 9.53377E+00 9.54142E+00 9.56117E+00 9.25283E+00 9.06547E+00 8.44774E+00 2.37913E+02
9.46218E+00 1.00721E+01 1.02572E+01 1.05345E+01 1.05348E+01 1.05430E+01 1.05632E+01 1.02572E+01 1.00721E+01 9.46218E+00 2.60323E+02
1.05386E+01 1.11407E+01 1.13237E+01 1.15976E+01 1.15979E+01 1.16067E+01 1.16275E+01 1.13237E+01 1.11407E+01 1.05386E+01 2.83417E+02
0.00000E+00 0.00000E+00 2.30560E-01 5.76400E-01 5.76400E-01 5.77022E-01 5.88550E-01 2.30560E-01 0.00000E+00 0.00000E+00 1.06141E-01
0.00000E+00 4.97163E-02 2.77302E-01 6.18662E-01 6.18671E-01 6.19506E-01 6.31438E-01 2.77302E-01 4.97163E-02 0.00000E+00 1.63870E+00
0.00000E+00 1.18187E-01 3.42933E-01 6.80015E-01 6.80033E-01 6.81091E-01 6.93423E-01 3.42933E-01 1.18187E-01 0.00000E+00 3.64655E+00
0.00000E+00 2.03665E-01 4.25675E-01 7.58634E-01 7.58663E-01 7.59952E-01 7.72683E-01 4.25675E-01 2.03665E-01 0.00000E+00 6.19736E+00
0.00000E+00 3.07458E-01 5.26822E-01 8.55796E-01 8.55835E-01 8.57367E-01 8.70494E-01 5.26822E-01 3.07458E-01 0.00000E+00 9.33491E+00
0.00000E+00 4.31879E-01 6.48680E-01 9.73793E-01 9.73842E-01 9.75627E-01 9.89152E-01 6.48680E-01 4.31879E-01 0.00000E+00 1.31306E+01
0.00000E+00 5.78190E-01 7.92501E-01 1.11386E+00 1.11392E+00 1.11597E+00 1.12989E+00 7.92501E-01 5.78190E-01 0.00000E+00 1.76157E+01
0.00000E+00 7.06021E-01 9.18445E-01 1.23696E+00 1.23703E+00 1.23929E+00 1.25352E+00 9.18445E-01 7.06021E-01 0.00000E+00 2.15392E+01
3.91169E-02 7.43306E-01 9.55190E-01 1.27289E+00 1.27296E+00 1.27529E+00 1.28961E+00 9.55190E-01 7.43306E-01 3.91169E-02 2.27631E+01
2.54120E-01 9.49664E-01 1.15900E+00 1.47287E+00 1.47295E+00 1.47559E+00 1.49034E+00 1.15900E+00 9.49664E-01 2.54120E-01 2.88205E+01
5.04151E-01 1.19115E+00 1.39799E+00 1.70808E+00 1.70817E+00 1.71114E+00 1.72633E+00 1.39799E+00 1.19115E+00 5.04151E-01 3.57180E+01
7.87555E-01 1.46610E+00 1.67047E+00 1.97683E+00 1.97694E+00 1.98025E+00 1.99589E+00 1.67047E+00 1.46610E+00 7.87555E-01 4.35314E+01
1.10657E+00 1.77674E+00 1.97867E+00 2.28137E+00 2.28149E+00 2.28516E+00 2.30125E+00 1.97867E+00 1.77674E+00 1.10657E+00 5.22920E+01
1.46417E+00 2.12603E+00 2.32556E+00 2.62464E+00 2.62477E+00 2.62883E+00 2.64538E+00 2.32556E+00 2.12603E+00 1.46417E+00 6.20357E+01
1.86248E+00 2.51612E+00 2.71328E+00 3.00878E+00 3.00893E+00 3.01339E+00 3.03040E+00 2.71328E+00 2.51612E+00 1.86248E+00 7.27697E+01
2.30326E+00 2.94875E+00 3.14356E+00 3.43553E+00 3.43569E+00 3.44057E+00 3.45806E+00 3.14356E+00 2.94875E+00 2.30326E+00 8.44855E+01
2.78847E+00 3.42587E+00 3.61837E+00 3.90684E+00 3.90702E+00 3.91235E+00 3.93032E+00 3.61837E+00 3.42587E+00 2.78847E+00 9.71748E+01
3.31987E+00 3.94925E+00 4.13946E+00 4.42449E+00 4.42469E+00 4.43047E+00 4.44893E+00 4.13946E+00 3.94925E+00 3.31987E+00 1.10819E+02
3.89901E+00 4.52043E+00 4.70839E+00 4.99000E+00 4.99022E+00 4.99649E+00 5.01545E+00 4.70839E+00 4.52043E+00 3.89901E+00 1.25389E+02
4.52717E+00 5.14069E+00 5.32641E+00 5.60466E+00 5.60489E+00 5.61167E+00 5.63114E+00 5.32641E+00 5.14069E+00 4.52717E+00 1.40847E+02
5.20534E+00 5.81103E+00 5.99454E+00 6.26946E+00 6.26971E+00 6.27701E+00 6.29700E+00 5.99454E+00 5.81103E+00 5.20534E+00 1.57145E+02
5.93419E+00 6.53211E+00 6.71344E+00 6.98507E+00 6.98534E+00 6.99319E+00 7.01371E+00 6.71344E+00 6.53211E+00 5.93419E+00 1.74226E+02
6.71409E+00 7.30430E+00 7.48348E+00 7.75185E+00 7.75213E+00 7.76056E+00 7.78161E+00 7.48348E+00 7.30430E+00 6.71409E+00 1.92024E+02
7.54501E+00 8.12757E+00 8.30462E+00 8.56977E+00 8.57008E+00 8.57911E+00 8.60070E+00 8.30462E+00 8.12757E+00 7.54501E+00 2.10469E+02
8.42749E+00 9.00247E+00 9.17741E+00 9.43938E+00 9.43970E+00 9.44936E+00 9.47150E+00 9.17741E+00 9.00247E+00 8.42749E+00 2.29488E+02
9.36020E+00 9.92766E+00 1.01005E+01 1.03593E+01 1.03597E+01 1.03700E+01 1.03927E+01 1.01005E+01 9.92766E+00 9.36020E+00 2.48987E+02
0.00000E+00 0.00000E+00 2.17480E-01 5.43699E-01 5.43699E-01 5.44506E-01 5.57300E-01 2.17480E-01 0.00000E+00 0.00000E+00 1.24659E-01
0.00000E+00 4.88115E-02 2.63488E-01 5.85481E-01 5.85493E-01 5.86557E-01 5.99791E-01 2.63488E-01 4.88115E-02 0.00000E+00 1.63000E+00
0.00000E+00 1.14953E-01 3.26953E-01 6.44911E-01 6.44934E-01 6.46267E-01 6.59934E-01 3.26953E-01 1.14953E-01 0.00000E+00 3.56960E+00
0.00000E+00 1.96568E-01 4.05989E-01 7.20058E-01 7.20093E-01 7.21705E-01 7.35803E-01 4.05989E-01 1.96568E-01 0.00000E+00 6.00363E+00
0.00000E+00 2.94802E-01 5.01730E-01 8.12038E-01 8.12085E-01 8.13988E-01 8.28515E-01 5.01730E-01 2.94802E-01 0.00000E+00 8.96780E+00
0.00000E+00 4.11680E-01 6.16193E-01 9.22857E-01 9.22917E-01 9.25123E-01 9.40079E-01 6.16193E-01 4.11680E-01 0.00000E+00 1.25218E+01
0.00000E+00 5.48255E-01 7.50419E-01 1.05354E+00 1.05361E+00 1.05614E+00 1.07152E+00 7.50419E-01 5.48255E-01 0.00000E+00 1.66884E+01
0.00000E+00 6.67032E-01 8.67418E-01 1.16786E+00 1.16794E+00 1.17071E+00 1.18643E+00 8.67418E-01 6.67032E-01 0.00000E+00 2.03123E+01
3.62892E-02 7.01538E-01 9.01414E-01 1.20109E+00 1.20117E+00 1.20402E+00 1.21983E+00 9.01414E-01 7.01538E-01 3.62892E-02 2.14371E+01
2.35243E-01 8.92077E-01 1.08955E+00 1.38561E+00 1.38571E+00 1.38892E+00 1.40520E+00 1.08955E+00 8.92077E-01 2.35243E-01 2.69845E+01
4.65409E-01 1.11394E+00 1.30906E+00 1.60155E+00 1.60166E+00 1.60526E+00 1.62202E+00 1.30906E+00 1.11394E+00 4.65409E-01 3.32591E+01
7.24972E-01 1.36529E+00 1.55808E+00 1.84706E+00 1.84719E+00 1.85120E+00 1.86843E+00 1.55808E+00 1.36529E+00 7.24972E-01 4.03220E+01
1.01571E+00 1.64791E+00 1.83840E+00 2.12392E+00 2.12407E+00 2.12851E+00 2.14622E+00 1.83840E+00 1.64791E+00 1.01571E+00 4.81923E+01
1.34002E+00 1.96418E+00 2.15241E+00 2.43451E+00 2.43467E+00 2.43956E+00 2.45777E+00 2.15241E+00 1.96418E+00 1.34002E+00 5.68928E+01
1.69954E+00 2.31573E+00 2.50173E+00 2.78046E+00 2.78064E+00 2.78599E+00 2.80470E+00 2.50173E+00 2.31573E+00 1.69954E+00 6.64205E+01
2.09553E+00 2.70384E+00 2.88763E+00 3.16303E+00 3.16322E+00 3.16907E+00 3.18829E+00 2.88763E+00 2.70384E+00 2.09553E+00 7.67596E+01
2.52944E+00 3.12993E+00 3.31154E+00 3.58364E+00 3.58386E+00 3.59022E+00 3.60995E+00 3.31154E+00 3.12993E+00 2.52944E+00 8.78937E+01
3.00249E+00 3.59524E+00 3.77470E+00 4.04355E+00 4.04378E+00 4.05069E+00 4.07094E+00 3.77470E+00 3.59524E+00 3.00249E+00 9.97978E+01
3.51572E+00 4.10080E+00 4.27813E+00 4.54377E+00 4.54402E+00 4.55148E+00 4.57227E+00 4.27813E+00 4.10080E+00 3.51572E+00 1.12439E+02
4.06991E+00 4.64738E+00 4.82260E+00 5.08507E+00 5.08534E+00 5.09339E+00 5.11472E+00 4.82260E+00 4.64738E+00 4.06991E+00 1.25775E+02
4.66556E+00 5.23549E+00 5.40864E+00 5.66796E+00 5.66825E+00 5.67692E+00 5.69880E+00 5.40864E+00 5.23549E+00 4.66556E+00 1.39757E+02
5.30291E+00 5.86537E+00 6.03646E+00 6.29269E+00 6.29300E+00 6.30229E+00 6.32473E+00 6.03646E+00 5.86537E+00 5.30291E+00 1.54329E+02
5.98191E+00 6.53696E+00 6.70602E+00 6.95918E+00 6.95951E+00 6.96947E+00 6.99247E+00 6.70602E+00 6.53696E+00 5.98191E+00 1.69429E+02
6.70218E+00 7.24987E+00 7.41693E+00 7.66705E+00 7.66740E+00 7.67805E+00 7.70164E+00 7.41693E+00 7.24987E+00 6.70218E+00 1.84988E+02
7.46374E+00 8.00415E+00 8.16922E+00 8.41635E+00 8.41672E+00 8.42809E+00 8.45226E+00 8.16922E+00 8.00415E+00 7.46374E+00 2.00940E+02
8.26512E+00 8.79831E+00 8.96142E+00 9.20558E+00 9.20598E+00 9.21809E+00 9.24286E+00 8.96142E+00 8.79831E+00 8.26512E+00 2.17202E+02
0.00000E+00 0.00000E+00 2.05067E-01 5.12668E-01 5.12668E-01 5.13713E-01 5.27900E-01 2.05067E-01 0.00000E+00 0.00000E+00 1.46337E-01
0.00000E+00 4.74616E-02 2.49885E-01 5.53495E-01 5.53509E-01 5.54867E-01 5.69529E-01 2.49885E-01 4.74616E-02 0.00000E+00 1.61448E+00
0.00000E+00 1.10961E-01 3.10861E-01 6.10661E-01 6.10689E-01 6.12370E-01 6.27500E-01 3.10861E-01 1.10961E-01 0.00000E+00 3.47964E+00
0.00000E+00 1.88565E-01 3.86033E-01 6.82162E-01 6.82204E-01 6.84221E-01 6.99816E-01 3.86033E-01 1.88565E-01 0.00000E+00 5.79465E+00
0.00000E+00 2.81257E-01 4.76374E-01 7.68953E-01 7.69011E-01 7.71374E-01 7.87432E-01 4.76374E-01 2.81257E-01 0.00000E+00 8.58776E+00
0.00000E+00 3.90790E-01 5.83630E-01 8.72771E-01 8.72843E-01 8.75568E-01 8.92087E-01 5.83630E-01 3.90790E-01 0.00000E+00 1.19079E+01
0.00000E+00 5.18014E-01 7.08640E-01 9.94438E-01 9.94525E-01 9.97625E-01 1.01461E+00 7.08640E-01 5.18014E-01 0.00000E+00 1.57702E+01
0.00000E+00 6.28164E-01 8.17114E-01 1.10038E+00 1.10048E+00 1.10388E+00 1.12122E+00 8.17114E-01 6.28164E-01 0.00000E+00 1.91099E+01
3.35884E-02 6.60036E-01 8.48507E-01 1.13105E+00 1.13115E+00 1.13464E+00 1.15208E+00 8.48507E-01 6.60036E-01 3.35884E-02 2.01412E+01
2.17272E-01 8.35628E-01 1.02184E+00 1.30096E+00 1.30108E+00 1.30501E+00 1.32295E+00 1.02184E+00 8.35628E-01 2.17272E-01 2.52093E+01
4.28665E-01 1.03904E+00 1.22303E+00 1.49879E+00 1.49893E+00 1.50331E+00 1.52176E+00 1.22303E+00 1.03904E+00 4.28665E-01 3.09020E+01
6.65831E-01 1.26832E+00 1.45012E+00 1.72257E+00 1.72272E+00 1.72759E+00 1.74654E+00 1.45012E+00 1.26832E+00 6.65831E-01 3.72673E+01
9.30144E-01 1.52484E+00 1.70447E+00 1.97366E+00 1.97383E+00 1.97919E+00 1.99867E+00 1.70447E+00 1.52484E+00 9.30144E-01 4.43145E+01
1.22348E+00 1.81046E+00 1.98797E+00 2.25394E+00 2.25412E+00 2.26001E+00 2.28001E+00 1.98797E+00 1.81046E+00 1.22348E+00 5.20548E+01
1.54705E+00 2.12640E+00 2.30180E+00 2.56459E+00 2.56480E+00 2.57123E+00 2.59177E+00 2.30180E+00 2.12640E+00 1.54705E+00 6.04775E+01
1.90172E+00 2.47351E+00 2.64683E+00 2.90648E+00 2.90671E+00 2.91372E+00 2.93480E+00 2.64683E+00 2.47351E+00 1.90172E+00 6.95611E+01
2.28847E+00 2.85278E+00 3.02405E+00 3.28060E+00 3.28085E+00 3.28846E+00 3.31009E+00 3.02405E+00 2.85278E+00 2.28847E+00 7.92834E+01
2.70811E+00 3.26501E+00 3.43425E+00 3.68774E+00 3.68801E+00 3.69624E+00 3.71843E+00 3.43425E+00 3.26501E+00 2.70811E+00 8.96151E+01
3.16125E+00 3.71080E+00 3.87804E+00 4.12850E+00 4.12879E+00 4.13767E+00 4.16043E+00 3.87804E+00 3.71080E+00 3.16125E+00 1.00520E+02
3.64824E+00 4.19052E+00 4.35578E+00 4.60325E+00 4.60356E+00 4.61312E+00 4.63645E+00 4.35578E+00 4.19052E+00 3.64824E+00 1.11956E+02
4.16923E+00 4.70430E+00 4.86761E+00 5.11212E+00 5.11246E+00 5.12272E+00 5.14663E+00 4.86761E+00 4.70430E+00 4.16923E+00 1.23874E+02
4.72411E+00 5.25204E+00 5.41341E+00 5.65501E+00 5.65536E+00 5.66636E+00 5.69086E+00 5.41341E+00 5.25204E+00 4.72411E+00 1.36220E+02
5.31252E+00 5.83336E+00 5.99282E+00 6.23153E+00 6.23191E+00 6.24367E+00 6.26878E+00 5.99282E+00 5.83336E+00 5.31252E+00 1.48935E+02
5.93381E+00 6.44763E+00 6.60520E+00 6.84106E+00 6.84146E+00 6.85401E+00 6.87973E+00 6.60520E+00 6.44763E+00 5.93381E+00 1.61958E+02
6.58764E+00 7.09450E+00 7.25021E+00 7.48325E+00 7.48368E+00 7.49704E+00 7.52338E+00 7.25021E+00 7.09450E+00 6.58764E+00 1.75227E+02
7.27247E+00 7.77243E+00 7.92630E+00 8.15655E+00 8.15701E+00 8.17122E+00 8.19819E+00 7.92630E+00 7.77243E+00 7.27247E+00 1.88668E+02
0.00000E+00 0.00000E+00 1.93442E-01 4.83606E-01 4.83606E-01 4.84960E-01 5.00667E-01 1.93442E-01 0.00000E+00 0.00000E+00 1.71638E-01
0.00000E+00 4.58366E-02 2.36788E-01 5.23186E-01 5.23203E-01 5.24933E-01 5.41152E-01 2.36788E-01 4.58366E-02 0.00000E+00 1.59679E+00
0.00000E+00 1.06568E-01 2.95141E-01 5.77943E-01 5.77978E-01 5.80097E-01 5.96819E-01 2.95141E-01 1.06568E-01 0.00000E+00 3.38575E+00
0.00000E+00 1.80200E-01 3.66481E-01 6.45819E-01 6.45870E-01 6.48391E-01 6.65613E-01 3.66481E-01 1.80200E-01 0.00000E+00 5.58417E+00
0.00000E+00 2.67551E-01 4.51617E-01 7.27605E-01 7.27674E-01 7.30610E-01 7.48328E-01 4.51617E-01 2.67551E-01 0.00000E+00 8.21338E+00
0.00000E+00 3.70118E-01 5.52038E-01 8.24782E-01 8.24868E-01 8.28233E-01 8.46446E-01 5.52038E-01 3.70118E-01 0.00000E+00 1.13125E+01
0.00000E+00 4.88559E-01 6.68394E-01 9.37984E-01 9.38087E-01 9.41897E-01 9.60605E-01 6.68394E-01 4.88559E-01 0.00000E+00 1.48899E+01
0.00000E+00 5.90654E-01 7.68909E-01 1.03611E+00 1.03623E+00 1.04039E+00 1.05948E+00 7.68909E-01 5.90654E-01 0.00000E+00 1.79650E+01
3.10616E-02 6.20080E-01 7.97883E-01 1.06440E+00 1.06452E+00 1.06879E+00 1.08799E+00 7.97883E-01 6.20080E-01 3.10616E-02 1.89098E+01
2.00503E-01 7.81809E-01 9.57482E-01 1.22078E+00 1.22092E+00 1.22570E+00 1.24544E+00 9.57482E-01 7.81809E-01 2.00503E-01 2.35355E+01
3.94497E-01 9.68195E-01 1.14177E+00 1.40190E+00 1.40206E+00 1.40739E+00 1.42766E+00 1.14177E+00 9.68195E-01 3.94497E-01 2.86943E+01
6.11014E-01 1.17720E+00 1.34871E+00 1.60572E+00 1.60590E+00 1.61178E+00 1.63260E+00 1.34871E+00 1.17720E+00 6.11014E-01 3.44233E+01
8.51082E-01 1.40984E+00 1.57931E+00 1.83325E+00 1.83344E+00 1.83991E+00 1.86128E+00 1.57931E+00 1.40984E+00 8.51082E-01 4.07239E+01
1.11615E+00 1.66756E+00 1.83503E+00 2.08592E+00 2.08614E+00 2.09323E+00 2.11515E+00 1.83503E+00 1.66756E+00 1.11615E+00 4.75983E+01
1.40707E+00 1.95120E+00 2.11669E+00 2.36459E+00 2.36482E+00 2.37255E+00 2.39505E+00 2.11669E+00 1.95120E+00 1.40707E+00 5.50303E+01
1.72436E+00 2.26129E+00 2.42483E+00 2.66977E+00 2.67003E+00 2.67842E+00 2.70149E+00 2.42483E+00 2.26129E+00 1.72436E+00 6.29947E+01
2.06867E+00 2.59847E+00 2.76008E+00 3.00210E+00 3.00238E+00 3.01147E+00 3.03512E+00 2.76008E+00 2.59847E+00 2.06867E+00 7.14656E+01
2.44046E+00 2.96319E+00 3.12289E+00 3.36203E+00 3.36233E+00 3.37214E+00 3.39639E+00 3.12289E+00 2.96319E+00 2.44046E+00 8.04116E+01
2.83998E+00 3.35572E+00 3.51354E+00 3.74982E+00 3.75015E+00 3.76071E+00 3.78556E+00 3.51354E+00 3.35572E+00 2.83998E+00 8.97958E+01
3.26731E+00 3.77612E+00 3.93208E+00 4.16555E+00 4.16590E+00 4.17724E+00 4.20270E+00 3.93208E+00 3.77612E+00 3.26731E+00 9.95759E+01
3.72232E+00 4.22425E+00 4.37837E+00 4.60906E+00 4.60944E+00 4.62159E+00 4.64766E+00 4.37837E+00 4.22425E+00 3.72232E+00 1.09706E+02
4.20463E+00 4.69975E+00 4.85205E+00 5.08000E+00 5.08040E+00 5.09339E+00 5.12009E+00 4.85205E+00 4.69975E+00 4.20463E+00 1.20135E+02
4.71368E+00 5.20205E+00 5.35256E+00 5.57779E+00 5.57821E+00 5.59207E+00 5.61941E+00 5.35256E+00 5.20205E+00 4.71368E+00 1.30809E+02
5.24866E+00 5.73034E+00 5.87907E+00 6.10162E+00 6.10208E+00 6.11684E+00 6.14482E+00 5.87907E+00 5.73034E+00 5.24866E+00 1.41674E+02
5.80899E+00 6.28404E+00 6.43102E+00 6.65091E+00 6.65140E+00 6.66709E+00 6.69573E+00 6.43102E+00 6.28404E+00 5.80899E+00 1.52672E+02
6.39311E+00 6.86158E+00 7.00683E+00 7.22411E+00 7.22462E+00 7.24128E+00 7.27059E+00 7.00683E+00 6.86158E+00 6.39311E+00 1.63741E+02
0.00000E+00 0.00000E+00 1.82437E-01 4.56091E-01 4.56091E-01 4.57843E-01 4.75209E-01 1.82437E-01 0.00000E+00 0.00000E+00 2.01175E-01
0.00000E+00 4.41586E-02 2.24239E-01 4.94328E-01 4.94348E-01 4.96553E-01 5.14469E-01 2.24239E-01 4.41586E-02 0.00000E+00 1.58269E+00
0.00000E+00 1.02161E-01 2.79993E-01 5.46678E-01 5.46718E-01 5.49390E-01 5.67846E-01 2.79993E-01 1.02161E-01 0.00000E+00 3.29697E+00
0.00000E+00 1.71949E-01 3.47617E-01 6.11023E-01 6.11083E-01 6.14235E-01 6.33226E-01 3.47617E-01 1.71949E-01 0.00000E+00 5.38259E+00
0.00000E+00 2.54181E-01 4.27756E-01 6.87995E-01 6.88074E-01 6.91721E-01 7.11242E-01 4.27756E-01 2.54181E-01 0.00000E+00 7.85431E+00
0.00000E+00 3.50105E-01 5.21654E-01 7.78826E-01 7.78925E-01 7.83082E-01 8.03132E-01 5.21654E-01 3.50105E-01 0.00000E+00 1.07422E+01
0.00000E+00 4.60205E-01 6.29787E-01 8.83980E-01 8.84098E-01 8.88782E-01 9.09358E-01 6.29787E-01 4.60205E-01 0.00000E+00 1.40486E+01
0.00000E+00 5.54671E-01 7.22763E-01 9.74700E-01 9.74833E-01 9.79935E-01 1.00092E+00 7.22763E-01 5.54671E-01 0.00000E+00 1.68730E+01
2.86719E-02 5.81785E-01 7.49451E-01 1.00074E+00 1.00088E+00 1.00611E+00 1.02721E+00 7.49451E-01 5.81785E-01 2.86719E-02 1.77360E+01
1.84669E-01 7.30437E-01 8.96094E-01 1.14435E+00 1.14450E+00 1.15034E+00 1.17201E+00 8.96094E-01 7.30437E-01 1.84669E-01 2.19447E+01
3.62295E-01 9.00818E-01 1.06450E+00 1.30977E+00 1.30994E+00 1.31641E+00 1.33865E+00 1.06450E+00 9.00818E-01 3.62295E-01 2.66030E+01
5.59462E-01 1.09083E+00 1.25257E+00 1.49489E+00 1.49509E+00 1.50221E+00 1.52503E+00 1.25257E+00 1.09083E+00 5.59462E-01 3.17385E+01
7.76902E-01 1.30119E+00 1.46101E+00 1.70043E+00 1.70065E+00 1.70846E+00 1.73187E+00 1.46101E+00 1.30119E+00 7.76902E-01 3.73463E+01
1.01569E+00 1.53298E+00 1.69091E+00 1.92747E+00 1.92772E+00 1.93624E+00 1.96024E+00 1.69091E+00 1.53298E+00 1.01569E+00 4.34218E+01
1.27637E+00 1.78673E+00 1.94280E+00 2.17654E+00 2.17681E+00 2.18608E+00 2.21068E+00 1.94280E+00 1.78673E+00 1.27637E+00 4.99446E+01
1.55922E+00 2.06272E+00 2.21695E+00 2.44791E+00 2.44820E+00 2.45824E+00 2.48345E+00 2.21695E+00 2.06272E+00 1.55922E+00 5.68874E+01
1.86457E+00 2.36127E+00 2.51369E+00 2.74190E+00 2.74221E+00 2.75306E+00 2.77888E+00 2.51369E+00 2.36127E+00 1.86457E+00 6.42225E+01
2.19260E+00 2.68257E+00 2.83320E+00 3.05869E+00 3.05903E+00 3.07071E+00 3.09716E+00 2.83320E+00 2.68257E+00 2.19260E+00 7.19176E+01
2.54332E+00 3.02663E+00 3.17549E+00 3.39830E+00 3.39867E+00 3.41121E+00 3.43830E+00 3.17549E+00 3.02663E+00 2.54332E+00 7.99362E+01
2.91657E+00 3.39327E+00 3.54038E+00 3.76055E+00 3.76094E+00 3.77438E+00 3.80211E+00 3.54038E+00 3.39327E+00 2.91657E+00 8.82381E+01
3.31200E+00 3.78215E+00 3.92754E+00 4.14509E+00 4.14551E+00 4.15988E+00 4.18826E+00 3.92754E+00 3.78215E+00 3.31200E+00 9.67798E+01
3.72907E+00 4.19274E+00 4.33642E+00 4.55139E+00 4.55184E+00 4.56717E+00 4.59621E+00 4.33642E+00 4.19274E+00 3.72907E+00 1.05515E+02
4.16708E+00 4.62431E+00 4.76631E+00 4.97873E+00 4.97921E+00 4.99553E+00 5.02524E+00 4.76631E+00 4.62431E+00 4.16708E+00 1.14397E+02
4.62511E+00 5.07596E+00 5.21630E+00 5.42620E+00 5.42671E+00 5.44406E+00 5.47445E+00 5.21630E+00 5.07596E+00 4.62511E+00 1.23375E+02
5.10242E+00 5.54695E+00 5.68564E+00 5.89306E+00 5.89360E+00 5.91201E+00 5.94309E+00 5.68564E+00 5.54695E+00 5.10242E+00 1.32400E+02
5.59750E+00 6.03576E+00 6.17283E+00 6.37779E+00 6.37837E+00 6.39787E+00 6.42965E+00 6.17283E+00 6.03576E+00 5.59750E+00 1.41418E+02
0.00000E+00 0.00000E+00 1.71895E-01 4.29738E-01 4.29738E-01 4.32003E-01 4.51181E-01 1.71895E-01 0.00000E+00 0.00000E+00 2.35682E-01
0.00000E+00 4.25464E-02 2.12216E-01 4.66685E-01 4.66708E-01 4.69518E-01 4.89283E-01 2.12216E-01 4.25464E-02 0.00000E+00 1.57552E+00
0.00000E+00 9.79291E-02 2.65477E-01 5.16727E-01 5.16772E-01 5.20141E-01 5.40483E-01 2.65477E-01 9.79291E-02 0.00000E+00 3.21783E+00
0.00000E+00 1.64027E-01 3.29532E-01 5.77686E-01 5.77753E-01 5.81695E-01 6.02607E-01 3.29532E-01 1.64027E-01 0.00000E+00 5.19446E+00
0.00000E+00 2.41342E-01 4.04876E-01 6.50039E-01 6.50128E-01 6.54658E-01 6.76134E-01 4.04876E-01 2.41342E-01 0.00000E+00 7.51408E+00
0.00000E+00 3.30897E-01 4.92522E-01 7.34793E-01 7.34902E-01 7.40038E-01 7.62075E-01 4.92522E-01 3.30897E-01 0.00000E+00 1.01984E+01
0.00000E+00 4.33017E-01 5.92790E-01 8.32252E-01 8.32383E-01 8.38141E-01 8.60738E-01 5.92790E-01 4.33017E-01 0.00000E+00 1.32448E+01
1.11022E-16 5.20199E-01 6.78571E-01 9.15908E-01 9.16054E-01 9.22306E-01 9.45334E-01 6.78571E-01 5.20199E-01 1.11022E-16 1.58296E+01
2.63962E-02 5.45111E-01 7.03082E-01 9.39811E-01 9.39963E-01 9.46361E-01 9.69515E-01 7.03082E-01 5.45111E-01 2.63962E-02 1.66147E+01
1.69612E-01 6.81328E-01 8.37411E-01 1.07128E+00 1.07145E+00 1.07856E+00 1.10232E+00 8.37411E-01 6.81328E-01 1.69612E-01 2.04272E+01
3.31734E-01 8.36548E-01 9.90776E-01 1.22183E+00 1.22203E+00 1.22988E+00 1.25424E+00 9.90776E-01 8.36548E-01 3.31734E-01 2.46125E+01
5.10646E-01 1.00864E+00 1.16104E+00 1.38933E+00 1.38955E+00 1.39817E+00 1.42314E+00 1.16104E+00 1.00864E+00 5.10646E-01 2.91903E+01
7.06825E-01 1.19807E+00 1.34868E+00 1.57424E+00 1.57448E+00 1.58390E+00 1.60949E+00 1.34868E+00 1.19807E+00 7.06825E-01 3.41511E+01
9.21036E-01 1.40561E+00 1.55444E+00 1.77732E+00 1.77759E+00 1.78784E+00 1.81406E+00 1.55444E+00 1.40561E+00 9.21036E-01 3.94845E+01
1.15357E+00 1.63154E+00 1.77863E+00 1.99885E+00 1.99915E+00 2.01026E+00 2.03711E+00 1.77863E+00 1.63154E+00 1.15357E+00 4.51680E+01
1.40448E+00 1.87592E+00 2.02128E+00 2.23889E+00 2.23921E+00 2.25122E+00 2.27871E+00 2.02128E+00 1.87592E+00 1.40448E+00 5.11733E+01
1.67387E+00 2.13883E+00 2.28250E+00 2.49753E+00 2.49788E+00 2.51082E+00 2.53896E+00 2.28250E+00 2.13883E+00 1.67387E+00 5.74720E+01
1.96171E+00 2.42026E+00 2.56224E+00 2.77473E+00 2.77511E+00 2.78901E+00 2.81781E+00 2.56224E+00 2.42026E+00 1.96171E+00 6.40322E+01
2.26781E+00 2.72000E+00 2.86033E+00 3.07031E+00 3.07071E+00 3.08560E+00 3.11507E+00 2.86033E+00 2.72000E+00 2.26781E+00 7.08190E+01
2.59182E+00 3.03771E+00 3.17641E+00 3.38391E+00 3.38435E+00 3.40026E+00 3.43040E+00 3.17641E+00 3.03771E+00 2.59182E+00 7.77949E+01
2.93326E+00 3.37290E+00 3.50998E+00 3.71504E+00 3.71551E+00 3.73248E+00 3.76331E+00 3.50998E+00 3.37290E+00 2.93326E+00 8.49201E+01
3.29147E+00 3.72492E+00 3.86041E+00 4.06305E+00 4.06355E+00 4.08162E+00 4.11315E+00 3.86041E+00 3.72492E+00 3.29147E+00 9.21536E+01
3.66565E+00 4.09297E+00 4.22689E+00 4.42714E+00 4.42767E+00 4.44687E+00 4.47910E+00 4.22689E+00 4.09297E+00 3.66565E+00 9.94533E+01
4.05486E+00 4.47610E+00 4.60846E+00 4.80635E+00 4.80692E+00 4.82729E+00 4.86024E+00 4.60846E+00 4.47610E+00 4.05486E+00 1.06776E+02
4.45825E+00 4.87345E+00 5.00428E+00 5.19984E+00 5.20045E+00 5.22201E+00 5.25569E+00 5.00428E+00 4.87345E+00 4.45825E+00 1.14079E+02
4.87439E+00 5.28362E+00 5.41293E+00 5.60619E+00 5.60684E+00 5.62964E+00 5.66405E+00 5.41293E+00 5.28362E+00 4.87439E+00 1.21319E+02
0.00000E+00 0.00000E+00 1.61765E-01 4.04414E-01 4.04414E-01 4.07338E-01 4.28481E-01 1.61765E-01 0.00000E+00 0.00000E+00 2.75859E-01
0.00000E+00 4.11014E-02 2.00786E-01 4.40274E-01 4.40298E-01 4.43876E-01 4.65642E-01 2.00786E-01 4.11014E-02 0.00000E+00 1.57812E+00
0.00000E+00 9.40327E-02 2.51734E-01 4.88209E-01 4.88257E-01 4.92503E-01 5.14879E-01 2.51734E-01 9.40327E-02 0.00000E+00 3.15214E+00
0.00000E+00 1.56619E-01 3.12413E-01 5.45990E-01 5.46062E-01 5.50989E-01 5.73968E-01 3.12413E-01 1.56619E-01 0.00000E+00 5.02385E+00
0.00000E+00 2.29230E-01 3.83183E-01 6.13963E-01 6.14058E-01 6.19683E-01 6.43259E-01 3.83183E-01 2.29230E-01 0.00000E+00 7.19675E+00
0.00000E+00 3.12688E-01 4.64860E-01 6.92936E-01 6.93054E-01 6.99394E-01 7.23562E-01 4.64860E-01 3.12688E-01 0.00000E+00 9.68539E+00
0.00000E+00 4.07189E-01 5.57632E-01 7.83084E-01 7.83225E-01 7.90299E-01 8.15056E-01 5.57632E-01 4.07189E-01 0.00000E+00 1.24829E+01
1.11022E-16 4.87437E-01 6.36573E-01 8.60039E-01 8.60198E-01 8.67852E-01 8.93063E-01 6.36573E-01 4.87437E-01 1.11022E-16 1.48395E+01
2.42351E-02 5.10258E-01 6.59021E-01 8.81920E-01 8.82083E-01 8.89910E-01 9.15254E-01 6.59021E-01 5.10258E-01 2.42351E-02 1.55506E+01
1.55342E-01 6.34699E-01 7.81701E-01 1.00193E+00 1.00212E+00 1.01078E+00 1.03675E+00 7.81701E-01 6.34699E-01 1.55342E-01 1.89887E+01
3.02847E-01 7.75630E-01 9.20903E-01 1.13850E+00 1.13872E+00 1.14824E+00 1.17486E+00 9.20903E-01 7.75630E-01 3.02847E-01 2.27301E+01
4.64639E-01 9.30924E-01 1.07450E+00 1.28951E+00 1.28975E+00 1.30018E+00 1.32743E+00 1.07450E+00 9.30924E-01 4.64639E-01 2.67883E+01
6.40985E-01 1.10084E+00 1.24274E+00 1.45521E+00 1.45548E+00 1.46683E+00 1.49474E+00 1.24274E+00 1.10084E+00 6.40985E-01 3.11501E+01
8.32390E-01 1.28589E+00 1.42614E+00 1.63611E+00 1.63640E+00 1.64871E+00 1.67728E+00 1.42614E+00 1.28589E+00 8.32390E-01 3.58018E+01
1.03894E+00 1.48615E+00 1.62477E+00 1.83227E+00 1.83260E+00 1.84591E+00 1.87513E+00 1.62477E+00 1.48615E+00 1.03894E+00 4.07191E+01
1.26054E+00 1.70152E+00 1.83854E+00 2.04360E+00 2.04395E+00 2.05829E+00 2.08819E+00 1.83854E+00 1.70152E+00 1.26054E+00 4.58743E+01
1.49711E+00 1.93192E+00 2.06735E+00 2.27001E+00 2.27039E+00 2.28580E+00 2.31638E+00 2.06735E+00 1.93192E+00 1.49711E+00 5.12391E+01
1.74844E+00 2.17713E+00 2.31100E+00 2.51129E+00 2.51171E+00 2.52821E+00 2.55949E+00 2.31100E+00 2.17713E+00 1.74844E+00 5.67832E+01
2.01421E+00 2.43684E+00 2.56917E+00 2.76712E+00 2.76757E+00 2.78521E+00 2.81719E+00 2.56917E+00 2.43684E+00 2.01421E+00 6.24739E+01
2.29396E+00 2.71058E+00 2.84139E+00 3.03702E+00 3.03751E+00 3.05633E+00 3.08901E+00 2.84139E+00 2.71058E+00 2.29396E+00 6.82770E+01
2.58709E+00 2.99777E+00 3.12707E+00 3.32042E+00 3.32095E+00 3.34097E+00 3.37438E+00 3.12707E+00 2.99777E+00 2.58709E+00 7.41570E+01
2.89291E+00 3.29768E+00 3.42551E+00 3.61660E+00 3.61716E+00 3.63843E+00 3.67256E+00 3.42551E+00 3.29768E+00 2.89291E+00 8.00779E+01
3.21058E+00 3.60949E+00 3.73585E+00 3.92472E+00 3.92533E+00 3.94787E+00 3.98275E+00 3.73585E+00 3.60949E+00 3.21058E+00 8.60034E+01
3.53914E+00 3.93226E+00 4.05717E+00 4.24384E+00 4.24448E+00 4.26835E+00 4.30398E+00 4.05717E+00 3.93226E+00 3.53914E+00 9.18974E+01
3.87772E+00 4.26508E+00 4.38856E+00 4.57306E+00 4.57375E+00 4.59896E+00 4.63536E+00 4.38856E+00 4.26508E+00 3.87772E+00 9.77226E+01
4.22500E+00 4.60666E+00 4.72873E+00 4.91108E+00 4.91181E+00 4.93842E+00 4.97559E+00 4.72873E+00 4.60666E+00 4.22500E+00 1.03444E+02
0.00000E+00 0.00000E+00 1.53238E-01 3.83096E-01 3.83096E-01 3.86868E-01 4.10049E-01 1.53238E-01 0.00000E+00 0.00000E+00 3.21799E-01
0.00000E+00 3.99666E-02 1.91268E-01 4.18178E-01 4.18203E-01 4.22755E-01 4.46589E-01 1.91268E-01 3.99666E-02 0.00000E+00 1.59428E+00
0.00000E+00 9.08660E-02 2.40321E-01 4.64422E-01 4.64471E-01 4.69816E-01 4.94289E-01 2.40321E-01 9.08660E-02 0.00000E+00 3.11040E+00
0.00000E+00 1.50489E-01 2.98169E-01 5.19568E-01 5.19642E-01 5.25794E-01 5.50896E-01 2.98169E-01 1.50489E-01 0.00000E+00 4.89194E+00
0.00000E+00 2.19118E-01 3.65085E-01 5.83877E-01 5.83975E-01 5.90949E-01 6.16674E-01 3.65085E-01 2.19118E-01 0.00000E+00 6.93892E+00
0.00000E+00 2.97431E-01 4.41740E-01 6.58011E-01 6.58134E-01 6.65949E-01 6.92291E-01 4.41740E-01 2.97431E-01 0.00000E+00 9.26097E+00
0.00000E+00 3.85544E-01 5.28245E-01 7.42069E-01 7.42217E-01 7.50892E-01 7.77848E-01 5.28245E-01 3.85544E-01 0.00000E+00 1.18491E+01
0.00000E+00 4.60016E-01 6.01501E-01 8.13475E-01 8.13642E-01 8.22994E-01 8.50423E-01 6.01501E-01 4.60016E-01 0.00000E+00 1.40155E+01
2.24452E-02 4.81108E-01 6.22244E-01 8.33689E-01 8.33862E-01 8.43416E-01 8.70983E-01 6.22244E-01 4.81108E-01 2.24452E-02 1.46656E+01
1.43570E-01 5.95848E-01 7.35346E-01 9.44299E-01 9.44500E-01 9.55025E-01 9.83249E-01 7.35346E-01 5.95848E-01 1.43570E-01 1.77968E+01
2.79148E-01 7.25127E-01 8.63016E-01 1.06952E+00 1.06975E+00 1.08128E+00 1.11017E+00 8.63016E-01 7.25127E-01 2.79148E-01 2.11795E+01
4.27116E-01 8.66869E-01 1.00317E+00 1.20727E+00 1.20753E+00 1.22010E+00 1.24965E+00 1.00317E+00 8.66869E-01 4.27116E-01 2.48240E+01
5.87624E-01 1.02122E+00 1.15596E+00 1.35769E+00 1.35798E+00 1.37162E+00 1.40185E+00 1.15596E+00 1.02122E+00 5.87624E-01 2.87161E+01
7.61021E-01 1.18852E+00 1.32173E+00 1.52111E+00 1.52144E+00 1.53618E+00 1.56710E+00 1.32173E+00 1.18852E+00 7.61021E-01 3.28408E+01
9.47296E-01 1.36877E+00 1.50046E+00 1.69754E+00 1.69789E+00 1.71379E+00 1.74539E+00 1.50046E+00 1.36877E+00 9.47296E-01 3.71750E+01
1.14627E+00 1.56177E+00 1.69197E+00 1.88677E+00 1.88716E+00 1.90423E+00 1.93654E+00 1.69197E+00 1.56177E+00 1.14627E+00 4.16926E+01
1.35779E+00 1.76737E+00 1.89610E+00 2.08865E+00 2.08908E+00 2.10737E+00 2.14039E+00 1.89610E+00 1.76737E+00 1.35779E+00 4.63677E+01
1.58159E+00 1.98531E+00 2.11258E+00 2.30292E+00 2.30338E+00 2.32293E+00 2.35666E+00 2.11258E+00 1.98531E+00 1.58159E+00 5.11724E+01
1.81730E+00 2.21521E+00 2.34104E+00 2.52919E+00 2.52970E+00 2.55053E+00 2.58500E+00 2.34104E+00 2.21521E+00 1.81730E+00 5.60775E+01
2.06444E+00 2.45659E+00 2.58100E+00 2.76699E+00 2.76753E+00 2.78970E+00 2.82491E+00 2.58100E+00 2.45659E+00 2.06444E+00 6.10528E+01
2.32243E+00 2.70886E+00 2.83187E+00 3.01572E+00 3.01631E+00 3.03984E+00 3.07580E+00 2.83187E+00 2.70886E+00 2.32243E+00 6.60674E+01
2.59056E+00 2.97133E+00 3.09295E+00 3.27470E+00 3.27533E+00 3.30027E+00 3.33699E+00 3.09295E+00 2.97133E+00 2.59056E+00 7.10903E+01
2.86807E+00 3.24323E+00 3.36348E+00 3.54314E+00 3.54382E+00 3.57019E+00 3.60769E+00 3.36348E+00 3.24323E+00 2.86807E+00 7.60906E+01
3.15408E+00 3.52366E+00 3.64257E+00 3.82017E+00 3.82089E+00 3.84874E+00 3.88703E+00 3.64257E+00 3.52366E+00 3.15408E+00 8.10381E+01
3.44774E+00 3.81181E+00 3.92938E+00 4.10494E+00 4.10571E+00 4.13508E+00 4.17416E+00 3.92938E+00 3.81181E+00 3.44774E+00 8.59013E+01
3.74792E+00 4.10652E+00 4.22276E+00 4.39631E+00 4.39714E+00 4.42805E+00 4.46794E+00 4.22276E+00 4.10652E+00 3.74792E+00 9.06521E+01
0.00000E+00 0.00000E+00 1.44707E-01 3.61769E-01 3.61769E-01 3.66627E-01 3.92017E-01 1.44707E-01 0.00000E+00 0.00000E+00 3.75323E-01
0.00000E+00 3.87345E-02 1.81643E-01 3.95960E-01 3.95986E-01 4.01772E-01 4.27842E-01 1.81643E-01 3.87345E-02 0.00000E+00 1.61479E+00
0.00000E+00 8.74516E-02 2.28645E-01 4.40347E-01 4.40400E-01 4.47123E-01 4.73858E-01 2.28645E-01 8.74516E-02 0.00000E+00 3.06812E+00
0.00000E+00 1.43934E-01 2.83478E-01 4.92664E-01 4.92744E-01 5.00419E-01 5.27808E-01 2.83478E-01 1.43934E-01 0.00000E+00 4.75365E+00
0.00000E+00 2.08388E-01 3.46340E-01 5.53099E-01 5.53207E-01 5.61848E-01 5.89885E-01 3.46340E-01 2.08388E-01 0.00000E+00 6.66848E+00
0.00000E+00 2.81360E-01 4.17773E-01 6.22184E-01 6.22320E-01 6.31946E-01 6.60625E-01 4.17773E-01 2.81360E-01 0.00000E+00 8.81784E+00
0.00000E+00 3.62896E-01 4.97813E-01 6.99946E-01 7.00110E-01 7.10741E-01 7.40057E-01 4.97813E-01 3.62896E-01 0.00000E+00 1.11910E+01
0.00000E+00 4.31452E-01 5.65239E-01 7.65648E-01 7.65834E-01 7.77256E-01 8.07064E-01 5.65239E-01 4.31452E-01 0.00000E+00 1.31635E+01
2.06213E-02 4.50778E-01 5.84242E-01 7.84157E-01 7.84350E-01 7.96006E-01 8.25957E-01 5.84242E-01 4.50778E-01 2.06213E-02 1.37516E+01
1.31597E-01 5.55643E-01 6.87583E-01 8.85177E-01 8.85403E-01 8.98187E-01 9.28821E-01 6.87583E-01 5.55643E-01 1.31597E-01 1.65722E+01
2.55090E-01 6.73109E-01 8.03553E-01 9.98866E-01 9.99124E-01 1.01307E+00 1.04439E+00 8.03553E-01 6.73109E-01 2.55090E-01 1.95940E+01
3.89098E-01 8.01159E-01 9.30131E-01 1.12320E+00 1.12349E+00 1.13864E+00 1.17066E+00 9.30131E-01 8.01159E-01 3.89098E-01 2.28241E+01
5.33651E-01 9.39820E-01 1.06734E+00 1.25819E+00 1.25852E+00 1.27491E+00 1.30763E+00 1.06734E+00 9.39820E-01 5.33651E-01 2.62474E+01
6.88945E-01 1.08928E+00 1.21537E+00 1.40405E+00 1.40441E+00 1.42207E+00 1.45550E+00 1.21537E+00 1.08928E+00 6.88945E-01 2.98480E+01
8.54868E-01 1.24944E+00 1.37412E+00 1.56064E+00 1.56104E+00 1.58001E+00 1.61417E+00 1.37412E+00 1.24944E+00 8.54868E-01 3.36036E+01
1.03117E+00 1.42002E+00 1.54331E+00 1.72770E+00 1.72815E+00 1.74847E+00 1.78336E+00 1.54331E+00 1.42002E+00 1.03117E+00 3.74898E+01
1.21760E+00 1.60079E+00 1.72271E+00 1.90501E+00 1.90550E+00 1.92721E+00 1.96283E+00 1.72271E+00 1.60079E+00 1.21760E+00 4.14828E+01
1.41385E+00 1.79143E+00 1.91199E+00 2.09222E+00 2.09275E+00 2.11588E+00 2.15226E+00 1.91199E+00 1.79143E+00 1.41385E+00 4.55572E+01
1.61948E+00 1.99150E+00 2.11072E+00 2.28891E+00 2.28949E+00 2.31409E+00 2.35123E+00 2.11072E+00 1.99150E+00 1.61948E+00 4.96872E+01
1.83400E+00 2.20051E+00 2.31841E+00 2.49457E+00 2.49520E+00 2.52130E+00 2.55922E+00 2.31841E+00 2.20051E+00 1.83400E+00 5.38461E+01
2.05681E+00 2.41786E+00 2.53444E+00 2.70861E+00 2.70929E+00 2.73693E+00 2.77563E+00 2.53444E+00 2.41786E+00 2.05681E+00 5.80076E+01
2.28724E+00 2.64287E+00 2.75816E+00 2.93035E+00 2.93108E+00 2.96031E+00 2.99981E+00 2.75816E+00 2.64287E+00 2.28724E+00 6.21452E+01
2.52454E+00 2.87480E+00 2.98881E+00 3.15905E+00 3.15983E+00 3.19068E+00 3.23099E+00 2.98881E+00 2.87480E+00 2.52454E+00 6.62332E+01
2.76791E+00 3.11283E+00 3.22558E+00 3.39389E+00 3.39473E+00 3.42723E+00 3.46836E+00 3.22558E+00 3.11283E+00 2.76791E+00 7.02469E+01
3.01654E+00 3.35618E+00 3.46768E+00 3.63408E+00 3.63498E+00 3.66917E+00 3.71114E+00 3.46768E+00 3.35618E+00 3.01654E+00 7.41603E+01
3.26942E+00 3.60383E+00 3.71410E+00 3.87860E+00 3.87956E+00 3.91548E+00 3.95830E+00 3.71410E+00 3.60383E+00 3.26942E+00 7.79514E+01
0.00000E+00 0.00000E+00 1.36833E-01 3.42082E-01 3.42082E-01 3.48353E-01 3.76081E-01 1.36833E-01 0.00000E+00 0.00000E+00 4.37722E-01
0.00000E+00 3.74308E-02 1.72589E-01 3.75277E-01 3.75307E-01 3.82676E-01 4.11106E-01 1.72589E-01 3.74308E-02 0.00000E+00 1.64137E+00
0.00000E+00 8.39264E-02 2.17488E-01 4.17735E-01 4.17796E-01 4.26270E-01 4.55386E-01 2.17488E-01 8.39264E-02 0.00000E+00 3.02999E+00
0.00000E+00 1.37290E-01 2.69316E-01 4.67214E-01 4.67306E-01 4.76900E-01 5.06691E-01 2.69316E-01 1.37290E-01 0.00000E+00 4.61944E+00
0.00000E+00 1.97676E-01 3.28219E-01 5.23850E-01 5.23974E-01 5.34702E-01 5.65162E-01 3.28219E-01 1.97676E-01 0.00000E+00 6.40490E+00
0.00000E+00 2.65523E-01 3.94630E-01 5.88068E-01 5.88225E-01 6.00105E-01 6.31228E-01 3.94630E-01 2.65523E-01 0.00000E+00 8.38831E+00
0.00000E+00 3.40818E-01 4.68533E-01 6.59841E-01 6.60031E-01 6.73083E-01 7.04865E-01 4.68533E-01 3.40818E-01 0.00000E+00 1.05580E+01
0.00000E+00 4.03808E-01 5.30469E-01 7.20166E-01 7.20382E-01 7.34354E-01 7.66644E-01 5.30469E-01 4.03808E-01 0.00000E+00 1.23488E+01
1.89154E-02 4.21483E-01 5.47842E-01 7.37078E-01 7.37302E-01 7.51546E-01 7.83985E-01 5.47842E-01 4.21483E-01 1.89154E-02 1.28795E+01
1.20432E-01 5.17150E-01 6.42089E-01 8.29153E-01 8.29415E-01 8.44967E-01 8.78114E-01 6.42089E-01 5.17150E-01 1.20432E-01 1.54132E+01
2.32748E-01 6.23696E-01 7.47239E-01 9.32168E-01 9.32470E-01 9.49367E-01 9.83228E-01 7.47239E-01 6.23696E-01 2.32748E-01 1.81052E+01
3.53928E-01 7.39175E-01 8.61343E-01 1.04417E+00 1.04451E+00 1.06279E+00 1.09738E+00 8.61343E-01 7.39175E-01 3.53928E-01 2.09601E+01
4.83910E-01 8.63518E-01 9.84331E-01 1.16509E+00 1.16547E+00 1.18517E+00 1.22049E+00 9.84331E-01 8.63518E-01 4.83910E-01 2.39628E+01
6.22765E-01 9.96796E-01 1.11627E+00 1.29498E+00 1.29541E+00 1.31658E+00 1.35263E+00 1.11627E+00 9.96796E-01 6.22765E-01 2.70968E+01
7.70304E-01 1.13881E+00 1.25697E+00 1.43367E+00 1.43414E+00 1.45681E+00 1.49361E+00 1.25697E+00 1.13881E+00 7.70304E-01 3.03413E+01
9.26219E-01 1.28926E+00 1.40612E+00 1.58083E+00 1.58135E+00 1.60555E+00 1.64312E+00 1.40612E+00 1.28926E+00 9.26219E-01 3.36740E+01
1.09021E+00 1.44784E+00 1.56342E+00 1.73615E+00 1.73673E+00 1.76251E+00 1.80085E+00 1.56342E+00 1.44784E+00 1.09021E+00 3.70729E+01
1.26192E+00 1.61418E+00 1.72848E+00 1.89928E+00 1.89990E+00 1.92731E+00 1.96643E+00 1.72848E+00 1.61418E+00 1.26192E+00 4.05155E+01
1.44088E+00 1.78783E+00 1.90088E+00 2.06975E+00 2.07043E+00 2.09949E+00 2.13942E+00 1.90088E+00 1.78783E+00 1.44088E+00 4.39790E+01
1.62659E+00 1.96826E+00 2.08007E+00 2.24705E+00 2.24778E+00 2.27854E+00 2.31928E+00 2.08007E+00 1.96826E+00 1.62659E+00 4.74404E+01
1.81846E+00 2.15491E+00 2.26549E+00 2.43059E+00 2.43138E+00 2.46387E+00 2.50544E+00 2.26549E+00 2.15491E+00 1.81846E+00 5.08773E+01
2.01585E+00 2.34711E+00 2.45648E+00 2.61973E+00 2.62058E+00 2.65484E+00 2.69724E+00 2.45648E+00 2.34711E+00 2.01585E+00 5.42675E+01
2.21805E+00 2.54418E+00 2.65235E+00 2.81375E+00 2.81467E+00 2.85074E+00 2.89400E+00 2.65235E+00 2.54418E+00 2.21805E+00 5.75899E+01
2.42432E+00 2.74535E+00 2.85234E+00 3.01193E+00 3.01290E+00 3.05082E+00 3.09495E+00 2.85234E+00 2.74535E+00 2.42432E+00 6.08244E+01
2.63392E+00 2.94990E+00 3.05571E+00 3.21350E+00 3.21454E+00 3.25434E+00 3.29935E+00 3.05571E+00 2.94990E+00 2.63392E+00 6.39499E+01
2.84597E+00 3.15693E+00 3.26158E+00 3.41759E+00 3.41870E+00 3.46041E+00 3.50632E+00 3.26158E+00 3.15693E+00 2.84597E+00 6.69496E+01
0.00000E+00 0.00000E+00 1.29393E-01 3.23482E-01 3.23482E-01 3.31528E-01 3.61670E-01 1.29393E-01 0.00000E+00 0.00000E+00 5.08435E-01
0.00000E+00 3.59121E-02 1.63743E-01 3.55436E-01 3.55472E-01 3.64808E-01 3.95670E-01 1.63743E-01 3.59121E-02 0.00000E+00 1.66976E+00
0.00000E+00 8.00724E-02 2.06414E-01 3.95822E-01 3.95894E-01 4.06527E-01 4.38093E-01 2.06414E-01 8.00724E-02 0.00000E+00 2.99019E+00
0.00000E+00 1.30317E-01 2.55225E-01 4.42435E-01 4.42545E-01 4.54486E-01 4.86747E-01 2.55225E-01 1.30317E-01 0.00000E+00 4.48324E+00
0.00000E+00 1.86741E-01 3.10266E-01 4.95353E-01 4.95501E-01 5.08765E-01 5.41713E-01 3.10266E-01 1.86741E-01 0.00000E+00 6.14238E+00
0.00000E+00 2.49678E-01 3.71864E-01 5.54897E-01 5.55083E-01 5.69688E-01 6.03320E-01 3.71864E-01 2.49678E-01 0.00000E+00 7.96658E+00
0.00000E+00 3.19060E-01 4.39945E-01 6.20985E-01 6.21210E-01 6.37175E-01 6.71486E-01 4.39945E-01 3.19060E-01 0.00000E+00 9.94343E+00
0.00000E+00 3.76804E-01 4.96705E-01 6.76236E-01 6.76492E-01 6.93521E-01 7.28359E-01 4.96705E-01 3.76804E-01 0.00000E+00 1.15633E+01
1.73062E-02 3.92930E-01 5.12549E-01 6.91648E-01 6.91914E-01 7.09258E-01 7.44249E-01 5.12549E-01 3.92930E-01 1.73062E-02 1.20402E+01
1.09924E-01 4.79983E-01 5.98276E-01 7.75341E-01 7.75651E-01 7.94504E-01 8.30228E-01 5.98276E-01 4.79983E-01 1.09924E-01 1.43064E+01
2.11774E-01 5.76343E-01 6.93333E-01 8.68398E-01 8.68754E-01 8.89154E-01 9.25619E-01 6.93333E-01 5.76343E-01 2.11774E-01 1.66928E+01
3.20992E-01 6.80136E-01 7.95841E-01 9.68936E-01 9.69340E-01 9.91327E-01 1.02854E+00 7.95841E-01 6.80136E-01 3.20992E-01 1.92019E+01
4.37433E-01 7.91212E-01 9.05651E-01 1.07680E+00 1.07726E+00 1.10087E+00 1.13885E+00 9.05651E-01 7.91212E-01 4.37433E-01 2.18186E+01
5.61063E-01 9.09533E-01 1.02272E+00 1.19196E+00 1.19246E+00 1.21774E+00 1.25649E+00 1.02272E+00 9.09533E-01 5.61063E-01 2.45265E+01
6.91629E-01 1.03484E+00 1.14680E+00 1.31415E+00 1.31470E+00 1.34169E+00 1.38122E+00 1.14680E+00 1.03484E+00 6.91629E-01 2.73061E+01
8.28783E-01 1.16679E+00 1.27753E+00 1.44301E+00 1.44362E+00 1.47236E+00 1.51269E+00 1.27753E+00 1.16679E+00 8.28783E-01 3.01373E+01
9.72185E-01 1.30503E+00 1.41457E+00 1.57820E+00 1.57887E+00 1.60940E+00 1.65053E+00 1.41457E+00 1.30503E+00 9.72185E-01 3.30003E+01
1.12143E+00 1.44917E+00 1.55752E+00 1.71933E+00 1.72006E+00 1.75240E+00 1.79437E+00 1.55752E+00 1.44917E+00 1.12143E+00 3.58753E+01
1.27607E+00 1.59874E+00 1.70591E+00 1.86592E+00 1.86671E+00 1.90092E+00 1.94372E+00 1.70591E+00 1.59874E+00 1.27607E+00 3.87426E+01
1.43558E+00 1.75322E+00 1.85924E+00 2.01746E+00 2.01831E+00 2.05442E+00 2.09808E+00 1.85924E+00 1.75322E+00 1.43558E+00 4.15826E+01
1.59940E+00 1.91206E+00 2.01692E+00 2.17338E+00 2.17430E+00 2.21235E+00 2.25688E+00 2.01692E+00 1.91206E+00 1.59940E+00 4.43767E+01
1.76693E+00 2.07464E+00 2.17837E+00 2.33308E+00 2.33406E+00 2.37409E+00 2.41950E+00 2.17837E+00 2.07464E+00 1.76693E+00 4.71067E+01
1.93751E+00 2.24032E+00 2.34293E+00 2.49590E+00 2.49696E+00 2.53900E+00 2.58531E+00 2.34293E+00 2.24032E+00 1.93751E+00 4.97558E+01
2.11048E+00 2.40842E+00 2.50992E+00 2.66118E+00 2.66231E+00 2.70639E+00 2.75362E+00 2.50992E+00 2.40842E+00 2.11048E+00 5.23082E+01
2.28515E+00 2.57827E+00 2.67866E+00 2.82822E+00 2.82943E+00 2.87558E+00 2.92375E+00 2.67866E+00 2.57827E+00 2.28515E+00 5.47472E+01
2.46076E+00 2.74909E+00 2.84839E+00 2.99627E+00 2.99756E+00 3.04581E+00 3.09494E+00 2.84839E+00 2.74909E+00 2.46076E+00 5.70606E+01
0.00000E+00 0.00000E+00 1.22415E-01 3.06037E-01 3.06037E-01 3.16335E-01 3.48963E-01 1.22415E-01 0.00000E+00 0.00000E+00 5.89219E-01
0.00000E+00 3.43601E-02 1.55317E-01 3.36695E-01 3.36738E-01 3.48549E-01 3.81912E-01 1.55317E-01 3.43601E-02 0.00000E+00 1.70614E+00
0.00000E+00 7.62310E-02 1.95798E-01 3.75036E-01 3.75123E-01 3.88450E-01 4.22533E-01 1.95798E-01 7.62310E-02 0.00000E+00 2.95852E+00
0.00000E+00 1.23477E-01 2.41707E-01 4.18887E-01 4.19017E-01 4.33870E-01 4.68665E-01 2.41707E-01 1.23477E-01 0.00000E+00 4.35754E+00
0.00000E+00 1.76133E-01 2.93072E-01 4.68263E-01 4.68438E-01 4.84829E-01 5.20331E-01 2.93072E-01 1.76133E-01 0.00000E+00 5.89511E+00
0.00000E+00 2.34428E-01 3.50117E-01 5.23386E-01 5.23605E-01 5.41551E-01 5.77756E-01 3.50117E-01 2.34428E-01 0.00000E+00 7.56761E+00
0.00000E+00 2.98242E-01 4.12718E-01 5.84119E-01 5.84384E-01 6.03903E-01 6.40810E-01 4.12718E-01 2.98242E-01 0.00000E+00 9.36209E+00
1.11022E-16 3.51063E-01 4.64621E-01 6.34608E-01 6.34909E-01 6.55657E-01 6.93107E-01 4.64621E-01 3.51063E-01 1.11022E-16 1.08213E+01
1.57964E-02 3.65740E-01 4.79035E-01 6.48618E-01 6.48930E-01 6.70039E-01 7.07648E-01 4.79035E-01 3.65740E-01 1.57964E-02 1.12477E+01
1.00082E-01 4.44744E-01 5.56801E-01 7.24479E-01 7.24842E-01 7.47686E-01 7.86055E-01 5.56801E-01 4.44744E-01 1.00082E-01 1.32643E+01
1.92173E-01 5.31623E-01 6.42463E-01 8.08266E-01 8.08683E-01 8.33300E-01 8.72438E-01 6.42463E-01 5.31623E-01 1.92173E-01 1.53672E+01
2.90287E-01 6.24582E-01 7.34222E-01 8.98179E-01 8.98651E-01 9.25080E-01 9.65000E-01 7.34222E-01 6.24582E-01 2.90287E-01 1.75576E+01
3.94215E-01 7.23409E-01 8.31866E-01 9.94002E-01 9.94531E-01 1.02281E+00 1.06353E+00 8.31866E-01 7.23409E-01 3.94215E-01 1.98208E+01
5.03843E-01 8.27984E-01 9.35275E-01 1.09561E+00 1.09620E+00 1.12638E+00 1.16790E+00 9.35275E-01 8.27984E-01 5.03843E-01 2.21410E+01
6.18874E-01 9.38010E-01 1.04415E+00 1.20271E+00 1.20336E+00 1.23547E+00 1.27781E+00 1.04415E+00 9.38010E-01 6.18874E-01 2.45005E+01
7.38939E-01 1.05312E+00 1.15812E+00 1.31493E+00 1.31564E+00 1.34972E+00 1.39290E+00 1.15812E+00 1.05312E+00 7.38939E-01 2.68814E+01
8.63678E-01 1.17294E+00 1.27681E+00 1.43189E+00 1.43267E+00 1.46876E+00 1.51279E+00 1.27681E+00 1.17294E+00 8.63678E-01 2.92666E+01
9.92681E-01 1.29706E+00 1.39983E+00 1.55319E+00 1.55404E+00 1.59217E+00 1.63707E+00 1.39983E+00 1.29706E+00 9.92681E-01 3.16389E+01
1.12549E+00 1.42504E+00 1.52670E+00 1.67837E+00 1.67929E+00 1.71950E+00 1.76529E+00 1.52670E+00 1.42504E+00 1.12549E+00 3.39817E+01
1.26162E+00 1.55637E+00 1.65695E+00 1.80694E+00 1.80793E+00 1.85026E+00 1.89695E+00 1.65695E+00 1.55637E+00 1.26162E+00 3.62791E+01
1.40054E+00 1.69053E+00 1.79003E+00 1.93835E+00 1.93942E+00 1.98390E+00 2.03152E+00 1.79003E+00 1.69053E+00 1.40054E+00 3.85157E+01
1.54170E+00 1.82695E+00 1.92539E+00 2.07207E+00 2.07321E+00 2.11988E+00 2.16843E+00 1.92539E+00 1.82695E+00 1.54170E+00 4.06775E+01
1.68450E+00 1.96507E+00 2.06245E+00 2.20750E+00 2.20872E+00 2.25760E+00 2.30711E+00 2.06245E+00 1.96507E+00 1.68450E+00 4.27513E+01
1.82836E+00 2.10427E+00 2.20061E+00 2.34404E+00 2.34535E+00 2.39647E+00 2.44696E+00 2.20061E+00 2.10427E+00 1.82836E+00 4.47253E+01
1.97267E+00 2.24396E+00 2.33926E+00 2.48108E+00 2.48248E+00 2.53588E+00 2.58736E+00 2.33926E+00 2.24396E+00 1.97267E+00 4.65867E+01
2.11677E+00 2.38348E+00 2.47775E+00 2.61799E+00 2.61947E+00 2.67517E+00 2.72767E+00 2.47775E+00 2.38348E+00 2.11677E+00 4.83274E+01
0.00000E+00 0.00000E+00 1.15859E-01 2.89648E-01 2.89648E-01 3.02791E-01 3.37943E-01 1.15859E-01 0.00000E+00 0.00000E+00 6.81053E-01
0.00000E+00 3.28803E-02 1.47384E-01 3.19076E-01 3.19126E-01 3.34039E-01 3.69939E-01 1.47384E-01 3.28803E-02 0.00000E+00 1.75375E+00
0.00000E+00 7.25849E-02 1.85795E-01 3.55488E-01 3.55589E-01 3.72270E-01 4.08905E-01 1.85795E-01 7.25849E-02 0.00000E+00 2.93971E+00
0.00000E+00 1.17002E-01 2.28969E-01 3.96738E-01 3.96889E-01 4.15343E-01 4.52708E-01 2.28969E-01 1.17002E-01 0.00000E+00 4.24799E+00
0.00000E+00 1.66108E-01 2.76873E-01 4.42784E-01 4.42987E-01 4.63224E-01 5.01315E-01 2.76873E-01 1.66108E-01 0.00000E+00 5.66929E+00
0.00000E+00 2.20040E-01 3.29641E-01 4.93755E-01 4.94009E-01 5.16042E-01 5.54858E-01 3.29641E-01 2.20040E-01 0.00000E+00 7.19786E+00
0.00000E+00 2.78634E-01 3.87105E-01 5.49473E-01 5.49780E-01 5.73622E-01 6.13165E-01 3.87105E-01 2.78634E-01 0.00000E+00 8.82064E+00
5.55112E-17 3.26849E-01 4.34465E-01 5.95510E-01 5.95859E-01 6.21111E-01 6.61218E-01 4.34465E-01 3.26849E-01 5.55112E-17 1.01294E+01
1.43898E-02 3.40173E-01 4.47544E-01 6.08211E-01 6.08571E-01 6.34238E-01 6.74510E-01 4.47544E-01 3.40173E-01 1.43898E-02 1.05089E+01
9.09257E-02 4.11678E-01 5.17895E-01 6.76778E-01 6.77198E-01 7.04849E-01 7.45911E-01 5.17895E-01 4.11678E-01 9.09257E-02 1.22937E+01
1.73974E-01 4.89756E-01 5.94838E-01 7.51966E-01 7.52448E-01 7.82119E-01 8.23983E-01 5.94838E-01 4.89756E-01 1.73974E-01 1.41355E+01
2.61839E-01 5.72701E-01 6.76665E-01 8.32063E-01 8.32609E-01 8.64338E-01 9.07020E-01 6.76665E-01 5.72701E-01 2.61839E-01 1.60346E+01
3.54271E-01 6.60259E-01 7.63119E-01 9.16810E-01 9.17422E-01 9.51247E-01 9.94762E-01 7.63119E-01 6.60259E-01 3.54271E-01 1.79771E+01
4.51092E-01 7.52251E-01 8.54021E-01 1.00603E+00 1.00671E+00 1.04267E+00 1.08703E+00 8.54021E-01 7.52251E-01 4.51092E-01 1.99484E+01
5.51983E-01 8.48354E-01 9.49048E-01 1.09939E+00 1.10014E+00 1.13827E+00 1.18350E+00 9.49048E-01 8.48354E-01 5.51983E-01 2.19326E+01
6.56573E-01 9.48195E-01 1.04783E+00 1.19652E+00 1.19735E+00 1.23768E+00 1.28380E+00 1.04783E+00 9.48195E-01 6.56573E-01 2.39144E+01
7.64495E-01 1.05141E+00 1.14999E+00 1.29705E+00 1.29795E+00 1.34053E+00 1.38755E+00 1.14999E+00 1.05141E+00 7.64495E-01 2.58792E+01
8.75347E-01 1.15758E+00 1.25512E+00 1.40057E+00 1.40156E+00 1.44641E+00 1.49435E+00 1.25512E+00 1.15758E+00 8.75347E-01 2.78126E+01
9.88697E-01 1.26629E+00 1.36280E+00 1.50666E+00 1.50772E+00 1.55489E+00 1.60377E+00 1.36280E+00 1.26629E+00 9.88697E-01 2.97012E+01
1.10409E+00 1.37708E+00 1.47257E+00 1.61484E+00 1.61599E+00 1.66549E+00 1.71533E+00 1.47257E+00 1.37708E+00 1.10409E+00 3.15320E+01
1.22103E+00 1.48945E+00 1.58393E+00 1.72464E+00 1.72587E+00 1.77774E+00 1.82856E+00 1.58393E+00 1.48945E+00 1.22103E+00 3.32933E+01
1.33903E+00 1.60292E+00 1.69639E+00 1.83554E+00 1.83687E+00 1.89114E+00 1.94296E+00 1.69639E+00 1.60292E+00 1.33903E+00 3.49742E+01
1.45758E+00 1.71696E+00 1.80945E+00 1.94705E+00 1.94847E+00 2.00516E+00 2.05801E+00 1.80945E+00 1.71696E+00 1.45758E+00 3.65650E+01
1.57616E+00 1.83107E+00 1.92257E+00 2.05865E+00 2.06016E+00 2.11930E+00 2.17319E+00 1.92257E+00 1.83107E+00 1.57616E+00 3.80573E+01
1.69424E+00 1.94471E+00 2.03523E+00 2.16979E+00 2.17141E+00 2.23301E+00 2.28796E+00 2.03523E+00 1.94471E+00 1.69424E+00 3.94419E+01
1.81129E+00 2.05735E+00 2.14691E+00 2.27996E+00 2.28167E+00 2.34576E+00 2.40179E+00 2.14691E+00 2.05735E+00 1.81129E+00 4.07137E+01
0.00000E+00 0.00000E+00 1.09856E-01 2.74639E-01 2.74639E-01 2.91360E-01 3.29001E-01 1.09856E-01 0.00000E+00 0.00000E+00 7.84442E-01
0.00000E+00 3.15413E-02 1.40135E-01 3.02957E-01 3.03014E-01 3.21797E-01 3.60201E-01 1.40135E-01 3.15413E-02 0.00000E+00 1.81452E+00
0.00000E+00 6.92561E-02 1.76645E-01 3.37596E-01 3.37711E-01 3.58545E-01 3.97702E-01 1.76645E-01 6.92561E-02 0.00000E+00 2.93671E+00
0.00000E+00 1.11056E-01 2.17286E-01 3.76437E-01 3.76610E-01 3.99494E-01 4.39402E-01 2.17286E-01 1.11056E-01 0.00000E+00 4.15845E+00
0.00000E+00 1.56869E-01 2.61979E-01 4.19390E-01 4.19623E-01 4.44561E-01 4.85218E-01 2.61979E-01 1.56869E-01 0.00000E+00 5.46971E+00
0.00000E+00 2.06755E-01 3.10781E-01 4.66508E-01 4.66800E-01 4.93799E-01 5.35208E-01 3.10781E-01 2.06755E-01 0.00000E+00 6.86326E+00
0.00000E+00 2.60520E-01 3.63492E-01 5.17582E-01 5.17936E-01 5.47005E-01 5.89170E-01 3.63492E-01 2.60520E-01 0.00000E+00 8.32635E+00
0.00000E+00 3.04486E-01 4.06660E-01 5.59511E-01 5.59913E-01 5.90591E-01 6.33344E-01 4.06660E-01 3.04486E-01 0.00000E+00 9.49616E+00
1.31035E-02 3.16565E-01 4.18510E-01 5.71006E-01 5.71423E-01 6.02571E-01 6.45497E-01 4.18510E-01 3.16565E-01 1.31035E-02 9.83257E+00
8.25656E-02 3.81187E-01 4.82056E-01 6.32879E-01 6.33364E-01 6.66766E-01 7.10519E-01 4.82056E-01 3.81187E-01 8.25656E-02 1.14057E+01
1.57394E-01 4.51231E-01 5.51040E-01 7.00216E-01 7.00773E-01 7.36459E-01 7.81057E-01 5.51040E-01 4.51231E-01 1.57394E-01 1.30112E+01
2.35989E-01 5.25088E-01 6.23852E-01 7.71403E-01 7.72035E-01 8.10040E-01 8.55499E-01 6.23852E-01 5.25088E-01 2.35989E-01 1.46491E+01
3.18076E-01 6.02478E-01 7.00210E-01 8.46158E-01 8.46866E-01 8.87226E-01 9.33564E-01 7.00210E-01 6.02478E-01 3.18076E-01 1.63070E+01
4.03440E-01 6.83186E-01 7.79900E-01 9.24262E-01 9.25050E-01 9.67798E-01 1.01504E+00 7.79900E-01 6.83186E-01 4.03440E-01 1.79714E+01
4.91759E-01 7.66887E-01 8.62594E-01 1.00539E+00 1.00626E+00 1.05143E+00 1.09959E+00 8.62594E-01 7.66887E-01 4.91759E-01 1.96289E+01
5.82672E-01 8.53219E-01 9.47929E-01 1.08917E+00 1.09013E+00 1.13775E+00 1.18685E+00 9.47929E-01 8.53219E-01 5.82672E-01 2.12666E+01
6.75826E-01 9.41825E-01 1.03555E+00 1.17526E+00 1.17630E+00 1.22640E+00 1.27646E+00 1.03555E+00 9.41825E-01 6.75826E-01 2.28724E+01
7.70839E-01 1.03233E+00 1.12507E+00 1.26326E+00 1.26440E+00 1.31701E+00 1.36805E+00 1.12507E+00 1.03233E+00 7.70839E-01 2.44347E+01
8.67315E-01 1.12432E+00 1.21610E+00 1.35278E+00 1.35401E+00 1.40916E+00 1.46121E+00 1.21610E+00 1.12432E+00 8.67315E-01 2.59427E+01
9.64837E-01 1.21740E+00 1.30822E+00 1.44340E+00 1.44473E+00 1.50243E+00 1.55552E+00 1.30822E+00 1.21740E+00 9.64837E-01 2.73867E+01
1.06298E+00 1.31112E+00 1.40099E+00 1.53469E+00 1.53612E+00 1.59641E+00 1.65054E+00 1.40099E+00 1.31112E+00 1.06298E+00 2.87576E+01
1.16130E+00 1.40506E+00 1.49399E+00 1.62621E+00 1.62775E+00 1.69064E+00 1.74584E+00 1.49399E+00 1.40506E+00 1.16130E+00 3.00476E+01
1.25937E+00 1.49878E+00 1.58677E+00 1.71753E+00 1.71917E+00 1.78468E+00 1.84099E+00 1.58677E+00 1.49878E+00 1.25937E+00 3.12501E+01
1.35675E+00 1.59185E+00 1.67891E+00 1.80821E+00 1.80996E+00 1.87811E+00 1.93553E+00 1.67891E+00 1.59185E+00 1.35675E+00 3.23592E+01
1.45298E+00 1.68380E+00 1.76993E+00 1.89779E+00 1.89965E+00 1.97045E+00 2.02902E+00 1.76993E+00 1.68380E+00 1.45298E+00 3.33686E+01
1.54765E+00 1.77421E+00 1.85943E+00 1.98584E+00 1.98783E+00 2.06128E+00 2.12101E+00 1.85943E+00 1.77421E+00 1.54765E+00 3.42759E+01
0.00000E+00 0.00000E+00 1.04277E-01 2.60693E-01 2.60693E-01 2.81890E-01 3.21953E-01 1.04277E-01 0.00000E+00 0.00000E+00 9.00376E-01
0.00000E+00 3.03400E-02 1.33438E-01 2.88012E-01 2.88078E-01 3.11665E-01 3.52511E-01 1.33438E-01 3.03400E-02 0.00000E+00 1.88902E+00
0.00000E+00 6.61945E-02 1.68169E-01 3.20986E-01 3.21118E-01 3.47071E-01 3.88696E-01 1.68169E-01 6.61945E-02 0.00000E+00 2.94847E+00
0.00000E+00 1.05505E-01 2.06397E-01 3.57524E-01 3.57724E-01 3.86033E-01 4.28436E-01 2.06397E-01 1.05505E-01 0.00000E+00 4.08527E+00
0.00000E+00 1.48168E-01 2.48014E-01 3.97507E-01 3.97776E-01 4.28435E-01 4.71620E-01 2.48014E-01 1.48168E-01 0.00000E+00 5.28917E+00
0.00000E+00 1.94182E-01 2.93016E-01 4.40928E-01 4.41266E-01 4.74274E-01 5.18246E-01 2.93016E-01 1.94182E-01 0.00000E+00 6.55209E+00
0.00000E+00 2.43338E-01 3.41188E-01 4.87563E-01 4.87973E-01 5.23331E-01 5.68097E-01 3.41188E-01 2.43338E-01 0.00000E+00 7.86212E+00
0.00000E+00 2.83263E-01 3.80368E-01 5.25578E-01 5.26045E-01 5.63224E-01 6.08610E-01 3.80368E-01 2.83263E-01 0.00000E+00 8.89976E+00
1.18944E-02 2.94160E-01 3.91051E-01 5.35928E-01 5.36412E-01 5.74122E-01 6.19691E-01 3.91051E-01 2.94160E-01 1.18944E-02 9.19542E+00
7.47198E-02 3.52278E-01 4.48163E-01 5.91467E-01 5.92032E-01 6.32279E-01 6.78725E-01 4.48163E-01 3.52278E-01 7.47198E-02 1.05692E+01
1.41869E-01 4.14775E-01 5.09669E-01 6.51423E-01 6.52072E-01 6.94884E-01 7.42225E-01 5.09669E-01 4.14775E-01 1.41869E-01 1.19544E+01
2.11849E-01 4.80147E-01 5.74064E-01 7.14288E-01 7.15025E-01 7.60429E-01 8.08688E-01 5.74064E-01 4.80147E-01 2.11849E-01 1.33512E+01
2.84374E-01 5.48106E-01 6.41058E-01 7.79771E-01 7.80598E-01 8.28622E-01 8.77821E-01 6.41058E-01 5.48106E-01 2.84374E-01 1.47487E+01
3.59212E-01 6.18419E-01 7.10416E-01 8.47635E-01 8.48555E-01 8.99228E-01 9.49390E-01 7.10416E-01 6.18419E-01 3.59212E-01 1.61353E+01
4.36047E-01 6.90768E-01 7.81821E-01 9.17561E-01 9.18577E-01 9.71924E-01 1.02307E+00 7.81821E-01 6.90768E-01 4.36047E-01 1.74995E+01
5.14545E-01 7.64816E-01 8.54934E-01 9.89208E-01 9.90325E-01 1.04637E+00 1.09853E+00 8.54934E-01 7.64816E-01 5.14545E-01 1.88311E+01
5.94373E-01 8.40229E-01 9.29420E-01 1.06224E+00 1.06346E+00 1.12223E+00 1.17542E+00 9.29420E-01 8.40229E-01 5.94373E-01 2.01205E+01
6.75183E-01 9.16660E-01 1.00493E+00 1.13631E+00 1.13764E+00 1.19914E+00 1.25340E+00 1.00493E+00 9.16660E-01 6.75183E-01 2.13586E+01
7.56619E-01 9.93750E-01 1.08111E+00 1.21106E+00 1.21250E+00 1.27676E+00 1.33211E+00 1.08111E+00 9.93750E-01 7.56619E-01 2.25372E+01
8.38313E-01 1.07113E+00 1.15759E+00 1.28612E+00 1.28767E+00 1.35470E+00 1.41116E+00 1.15759E+00 1.07113E+00 8.38313E-01 2.36492E+01
9.19897E-01 1.14844E+00 1.23400E+00 1.36111E+00 1.36278E+00 1.43260E+00 1.49020E+00 1.23400E+00 1.14844E+00 9.19897E-01 2.46883E+01
1.00100E+00 1.22530E+00 1.30996E+00 1.43568E+00 1.43746E+00 1.51008E+00 1.56884E+00 1.30996E+00 1.22530E+00 1.00100E+00 2.56491E+01
1.08126E+00 1.30134E+00 1.38512E+00 1.50944E+00 1.51135E+00 1.58677E+00 1.64672E+00 1.38512E+00 1.30134E+00 1.08126E+00 2.65273E+01
1.16031E+00 1.37622E+00 1.45912E+00 1.58204E+00 1.58408E+00 1.66231E+00 1.72347E+00 1.45912E+00 1.37622E+00 1.16031E+00 2.73197E+01
1.23779E+00 1.44955E+00 1.53157E+00 1.65311E+00 1.65528E+00 1.73631E+00 1.79872E+00 1.53157E+00 1.44955E+00 1.23779E+00 2.80222E+01
1.31335E+00 1.52100E+00 1.60215E+00 1.72231E+00 1.72461E+00 1.80845E+00 1.87212E+00 1.60215E+00 1.52100E+00 1.31335E+00 2.86345E+01
0.00000E+00 0.00000E+00 9.88252E-02 2.47063E-01 2.47063E-01 2.73813E-01 3.16248E-01 9.88252E-02 0.00000E+00 0.00000E+00 1.03021E+00
0.00000E+00 2.90903E-02 1.26829E-01 2.73356E-01 2.73433E-01 3.02931E-01 3.46179E-01 1.26829E-01 2.90903E-02 0.00000E+00 1.97343E+00
0.00000E+00 6.30250E-02 1.59726E-01 3.04621E-01 3.04776E-01 3.36983E-01 3.81044E-01 1.59726E-01 6.30250E-02 0.00000E+00 2.96625E+00
0.00000E+00 9.97901E-02 1.95492E-01 3.38815E-01 3.39050E-01 3.73942E-01 4.18821E-01 1.95492E-01 9.97901E-02 0.00000E+00 4.01469E+00
0.00000E+00 1.39259E-01 2.33995E-01 3.75798E-01 3.76114E-01 4.13675E-01 4.59378E-01 2.33995E-01 1.39259E-01 0.00000E+00 5.10878E+00
0.00000E+00 1.81383E-01 2.75183E-01 4.15513E-01 4.15912E-01 4.56128E-01 5.02666E-01 2.75183E-01 1.81383E-01 0.00000E+00 6.23997E+00
0.00000E+00 2.25946E-01 3.18836E-01 4.57733E-01 4.58217E-01 5.01079E-01 5.48464E-01 3.18836E-01 2.25946E-01 0.00000E+00 7.39753E+00
5.55112E-17 2.61868E-01 3.54069E-01 4.91879E-01 4.92429E-01 5.37336E-01 5.85383E-01 3.54069E-01 2.61868E-01 5.55112E-17 8.30468E+00
1.06993E-02 2.71601E-01 3.63604E-01 5.01103E-01 5.01673E-01 5.47176E-01 5.95418E-01 3.63604E-01 2.71601E-01 1.06993E-02 8.56041E+00
6.69882E-02 3.23331E-01 4.14401E-01 5.50430E-01 5.51096E-01 5.99433E-01 6.48614E-01 4.14401E-01 3.23331E-01 6.69882E-02 9.73974E+00
1.26629E-01 3.78466E-01 4.68617E-01 6.03196E-01 6.03961E-01 6.55150E-01 7.05296E-01 4.68617E-01 3.78466E-01 1.26629E-01 1.09121E+01
1.88242E-01 4.35617E-01 5.24860E-01 6.58007E-01 6.58875E-01 7.12936E-01 7.64072E-01 5.24860E-01 4.35617E-01 1.88242E-01 1.20782E+01
2.51544E-01 4.94500E-01 5.82844E-01 7.14573E-01 7.15547E-01 7.72500E-01 8.24652E-01 5.82844E-01 4.94500E-01 2.51544E-01 1.32287E+01
3.16294E-01 5.54870E-01 6.42325E-01 7.72649E-01 7.73733E-01 8.33597E-01 8.86793E-01 6.42325E-01 5.54870E-01 3.16294E-01 1.43537E+01
3.82195E-01 6.16430E-01 7.03004E-01 8.31936E-01 8.33133E-01 8.95923E-01 9.50192E-01 7.03004E-01 6.16430E-01 3.82195E-01 1.54441E+01
4.48942E-01 6.78873E-01 7.64572E-01 8.92122E-01 8.93436E-01 9.59167E-01 1.01454E+00 7.64572E-01 6.78873E-01 4.48942E-01 1.64923E+01
5.16233E-01 7.41896E-01 8.26727E-01 9.52904E-01 9.54339E-01 1.02302E+00 1.07952E+00 8.26727E-01 7.41896E-01 5.16233E-01 1.74908E+01
5.83760E-01 8.05189E-01 8.89158E-01 1.01397E+00 1.01553E+00 1.08718E+00 1.14483E+00 8.89158E-01 8.05189E-01 5.83760E-01 1.84331E+01
6.51210E-01 8.68441E-01 9.51553E-01 1.07501E+00 1.07670E+00 1.15131E+00 1.21015E+00 9.51553E-01 8.68441E-01 6.51210E-01 1.93134E+01
7.18271E-01 9.31337E-01 1.01360E+00 1.13570E+00 1.13752E+00 1.21511E+00 1.27517E+00 1.01360E+00 9.31337E-01 7.18271E-01 2.01270E+01
7.84633E-01 9.93569E-01 1.07498E+00 1.19574E+00 1.19770E+00 1.27825E+00 1.33956E+00 1.07498E+00 9.93569E-01 7.84633E-01 2.08700E+01
8.49993E-01 1.05483E+00 1.13540E+00 1.25482E+00 1.25691E+00 1.34044E+00 1.40302E+00 1.13540E+00 1.05483E+00 8.49993E-01 2.15394E+01
9.14057E-01 1.11484E+00 1.19456E+00 1.31264E+00 1.31488E+00 1.40138E+00 1.46525E+00 1.19456E+00 1.11484E+00 9.14057E-01 2.21330E+01
9.76543E-01 1.17330E+00 1.25218E+00 1.36893E+00 1.37131E+00 1.46077E+00 1.52596E+00 1.25218E+00 1.17330E+00 9.76543E-01 2.26495E+01
1.03715E+00 1.22991E+00 1.30796E+00 1.42338E+00 1.42591E+00 1.51831E+00 1.58485E+00 1.30796E+00 1.22991E+00 1.03715E+00 2.30870E+01
1.09563E+00 1.28444E+00 1.36165E+00 1.47574E+00 1.47842E+00 1.57375E+00 1.64167E+00 1.36165E+00 1.28444E+00 1.09563E+00 2.34469E+01
0.00000E+00 0.00000E+00 9.42054E-02 2.35513E-01 2.35514E-01 2.69093E-01 3.13576E-01 9.42054E-02 0.00000E+00 0.00000E+00 1.17023E+00
0.00000E+00 2.79217E-02 1.21130E-01 2.60854E-01 2.60947E-01 2.97649E-01 3.42989E-01 1.21130E-01 2.79217E-02 0.00000E+00 2.06688E+00
0.00000E+00 6.00709E-02 1.52327E-01 2.90537E-01 2.90723E-01 3.30487E-01 3.76690E-01 1.52327E-01 6.00709E-02 0.00000E+00 2.99423E+00
0.00000E+00 9.44938E-02 1.85831E-01 3.22582E-01 3.22862E-01 3.65649E-01 4.12725E-01 1.85831E-01 9.44938E-02 0.00000E+00 3.95863E+00
0.00000E+00 1.31061E-01 2.21509E-01 3.56846E-01 3.57223E-01 4.03001E-01 4.50962E-01 2.21509E-01 1.31061E-01 0.00000E+00 4.95099E+00
0.00000E+00 1.69699E-01 2.59283E-01 3.93248E-01 3.93724E-01 4.42465E-01 4.91325E-01 2.59283E-01 1.69699E-01 0.00000E+00 5.96314E+00
0.00000E+00 2.10202E-01 2.98945E-01 4.31573E-01 4.32149E-01 4.83831E-01 5.33606E-01 2.98945E-01 2.10202E-01 0.00000E+00 6.98592E+00
0.00000E+00 2.42624E-01 3.30728E-01 4.62341E-01 4.62996E-01 5.16941E-01 5.67436E-01 3.30728E-01 2.42624E-01 0.00000E+00 7.77962E+00
9.66230E-03 2.51350E-01 3.39270E-01 4.70591E-01 4.71270E-01 5.25873E-01 5.76579E-01 3.39270E-01 2.51350E-01 9.66230E-03 8.00111E+00
6.03144E-02 2.97580E-01 3.84635E-01 5.14579E-01 5.15371E-01 5.73095E-01 6.24825E-01 3.84635E-01 2.97580E-01 6.03144E-02 9.01536E+00
1.13565E-01 3.46462E-01 4.32662E-01 5.61244E-01 5.62154E-01 6.23005E-01 6.75788E-01 4.32662E-01 3.46462E-01 1.13565E-01 1.00107E+01
1.68152E-01 3.96725E-01 4.82077E-01 6.09312E-01 6.10342E-01 6.74329E-01 7.28196E-01 4.82077E-01 3.96725E-01 1.68152E-01 1.09884E+01
2.23810E-01 4.48102E-01 5.32615E-01 6.58511E-01 6.59666E-01 7.26796E-01 7.81778E-01 5.32615E-01 4.48102E-01 2.23810E-01 1.19410E+01
2.80313E-01 5.00362E-01 5.84042E-01 7.08609E-01 7.09893E-01 7.80172E-01 8.36302E-01 5.84042E-01 5.00362E-01 2.80313E-01 1.28605E+01
3.37393E-01 5.53240E-01 6.36092E-01 7.59338E-01 7.60755E-01 8.34187E-01 8.91497E-01 6.36092E-01 5.53240E-01 3.37393E-01 1.37400E+01
3.94788E-01 6.06469E-01 6.88497E-01 8.10429E-01 8.11983E-01 8.88568E-01 9.47090E-01 6.88497E-01 6.06469E-01 3.94788E-01 1.45738E+01
4.52233E-01 6.59785E-01 7.40994E-01 8.61617E-01 8.63312E-01 9.43048E-01 1.00281E+00 7.40994E-01 6.59785E-01 4.52233E-01 1.53566E+01
5.09467E-01 7.12925E-01 7.93318E-01 9.12636E-01 9.14475E-01 9.97359E-01 1.05840E+00 7.93318E-01 7.12925E-01 5.09467E-01 1.60837E+01
5.66227E-01 7.65628E-01 8.45207E-01 9.63223E-01 9.65211E-01 1.05123E+00 1.11359E+00 8.45207E-01 7.65628E-01 5.66227E-01 1.67515E+01
6.22255E-01 8.17633E-01 8.96401E-01 1.01312E+00 1.01526E+00 1.10441E+00 1.16810E+00 8.96401E-01 8.17633E-01 6.22255E-01 1.73570E+01
6.77299E-01 8.68691E-01 9.46648E-01 1.06207E+00 1.06436E+00 1.15663E+00 1.22169E+00 9.46648E-01 8.68691E-01 6.77299E-01 1.78979E+01
7.31118E-01 9.18558E-01 9.95706E-01 1.10983E+00 1.11229E+00 1.20765E+00 1.27411E+00 9.95706E-01 9.18558E-01 7.31118E-01 1.83729E+01
7.83480E-01 9.67005E-01 1.04334E+00 1.15617E+00 1.15879E+00 1.25723E+00 1.32512E+00 1.04334E+00 9.67005E-01 7.83480E-01 1.87812E+01
8.34168E-01 1.01381E+00 1.08935E+00 1.20088E+00 1.20366E+00 1.30515E+00 1.37450E+00 1.08935E+00 1.01381E+00 8.34168E-01 1.91228E+01
8.82943E-01 1.05875E+00 1.13347E+00 1.24370E+00 1.24666E+00 1.35117E+00 1.42200E+00 1.13347E+00 1.05875E+00 8.82943E-01 1.93973E+01
9.29635E-01 1.10163E+00 1.17555E+00 1.28448E+00 1.28761E+00 1.39511E+00 1.46745E+00 1.17555E+00 1.10163E+00 9.29635E-01 1.96065E+01
0.00000E+00 0.00000E+00 9.02530E-02 2.25632E-01 2.25633E-01 2.67518E-01 3.13721E-01 9.02530E-02 0.00000E+00 0.00000E+00 1.32000E+00
0.00000E+00 2.67560E-02 1.16095E-01 2.50004E-01 2.50116E-01 2.95505E-01 3.42636E-01 1.16095E-01 2.67560E-02 0.00000E+00 2.16676E+00
0.00000E+00 5.71725E-02 1.45635E-01 2.78137E-01 2.78361E-01 3.27168E-01 3.75239E-01 1.45635E-01 5.71725E-02 0.00000E+00 3.02777E+00
0.00000E+00 8.93693E-02 1.76985E-01 3.08127E-01 3.08464E-01 3.60630E-01 4.09656E-01 1.76985E-01 8.93693E-02 0.00000E+00 3.91014E+00
0.00000E+00 1.23227E-01 2.10020E-01 3.39841E-01 3.40294E-01 3.95767E-01 4.45767E-01 2.10020E-01 1.23227E-01 0.00000E+00 4.80608E+00
0.00000E+00 1.58659E-01 2.44653E-01 3.73187E-01 3.73758E-01 4.32494E-01 4.83486E-01 2.44653E-01 1.58659E-01 0.00000E+00 5.70830E+00
0.00000E+00 1.95483E-01 2.80695E-01 4.07973E-01 4.08663E-01 4.70622E-01 5.22628E-01 2.80695E-01 1.95483E-01 0.00000E+00 6.60942E+00
0.00000E+00 2.24768E-01 3.09384E-01 4.35706E-01 4.36491E-01 5.00921E-01 5.53724E-01 3.09384E-01 2.24768E-01 0.00000E+00 7.30243E+00
8.74035E-03 2.32598E-01 3.17044E-01 4.43090E-01 4.43903E-01 5.09048E-01 5.62088E-01 3.17044E-01 2.32598E-01 8.74035E-03 7.49396E+00
5.44115E-02 2.73976E-01 3.57612E-01 4.82356E-01 4.83304E-01 5.51838E-01 6.06016E-01 3.57612E-01 2.73976E-01 5.44115E-02 8.36513E+00
1.02086E-01 3.17410E-01 4.00244E-01 5.23697E-01 5.24783E-01 5.96698E-01 6.52048E-01 4.00244E-01 3.17410E-01 1.02086E-01 9.21004E+00
1.50620E-01 3.61748E-01 4.43785E-01 5.65955E-01 5.67184E-01 6.42472E-01 6.99030E-01 4.43785E-01 3.61748E-01 1.50620E-01 1.00309E+01
1.99778E-01 4.06753E-01 4.87997E-01 6.08890E-01 6.10266E-01 6.88919E-01 7.46722E-01 4.87997E-01 4.06753E-01 1.99778E-01 1.08219E+01
2.49354E-01 4.52218E-01 5.32673E-01 6.52292E-01 6.53820E-01 7.35827E-01 7.94913E-01 5.32673E-01 4.52218E-01 2.49354E-01 1.15769E+01
2.99123E-01 4.97914E-01 5.77583E-01 6.95932E-01 6.97616E-01 7.82965E-01 8.43369E-01 5.77583E-01 4.97914E-01 2.99123E-01 1.22908E+01
3.48863E-01 5.43620E-01 6.22503E-01 7.39585E-01 7.41428E-01 8.30105E-01 8.91863E-01 6.22503E-01 5.43620E-01 3.48863E-01 1.29598E+01
3.98355E-01 5.89116E-01 6.67214E-01 7.83030E-01 7.85037E-01 8.77022E-01 9.40169E-01 6.67214E-01 5.89116E-01 3.98355E-01 1.35801E+01
4.47382E-01 6.34184E-01 7.11498E-01 8.26047E-01 8.28222E-01 9.23494E-01 9.88065E-01 7.11498E-01 6.34184E-01 4.47382E-01 1.41487E+01
4.95732E-01 6.78611E-01 7.55142E-01 8.68423E-01 8.70769E-01 9.69304E-01 1.03533E+00 7.55142E-01 6.78611E-01 4.95732E-01 1.46635E+01
5.43197E-01 7.22192E-01 7.97937E-01 9.09949E-01 9.12471E-01 1.01424E+00 1.08176E+00 7.97937E-01 7.22192E-01 5.43197E-01 1.51228E+01
5.89580E-01 7.64726E-01 8.39686E-01 9.50426E-01 9.53127E-01 1.05810E+00 1.12714E+00 8.39686E-01 7.64726E-01 5.89580E-01 1.55255E+01
6.34692E-01 8.06027E-01 8.80199E-01 9.89665E-01 9.92548E-01 1.10069E+00 1.17128E+00 8.80199E-01 8.06027E-01 6.34692E-01 1.58712E+01
6.78355E-01 8.45918E-01 9.19300E-01 1.02749E+00 1.03056E+00 1.14182E+00 1.21400E+00 9.19300E-01 8.45918E-01 6.78355E-01 1.61603E+01
7.20407E-01 8.84235E-01 9.56825E-01 1.06373E+00 1.06699E+00 1.18134E+00 1.25512E+00 9.56825E-01 8.84235E-01 7.20407E-01 1.63934E+01
7.60663E-01 9.20795E-01 9.92591E-01 1.09821E+00 1.10166E+00 1.21905E+00 1.29447E+00 9.92591E-01 9.20795E-01 7.60663E-01 1.65706E+01
7.99003E-01 9.55480E-01 1.02648E+00 1.13080E+00 1.13445E+00 1.25482E+00 1.33190E+00 1.02648E+00 9.55480E-01 7.99003E-01 1.66944E+01
0.00000E+00 0.00000E+00 8.64663E-02 2.16164E-01 2.16167E-01 2.68035E-01 3.15750E-01 8.64663E-02 0.00000E+00 0.00000E+00 1.47963E+00
0.00000E+00 2.54500E-02 1.11072E-01 2.39396E-01 2.39532E-01 2.95281E-01 3.44040E-01 1.11072E-01 2.54500E-02 0.00000E+00 2.26964E+00
0.00000E+00 5.40123E-02 1.38823E-01 2.65826E-01 2.66096E-01 3.25612E-01 3.75432E-01 1.38823E-01 5.40123E-02 0.00000E+00 3.05905E+00
0.00000E+00 8.38878E-02 1.67911E-01 2.93632E-01 2.94039E-01 3.57239E-01 4.08141E-01 1.67911E-01 8.38878E-02 0.00000E+00 3.85559E+00
0.00000E+00 1.14963E-01 1.98220E-01 3.22692E-01 3.23237E-01 3.90049E-01 4.42055E-01 1.98220E-01 1.14963E-01 0.00000E+00 4.65274E+00
0.00000E+00 1.47142E-01 2.29650E-01 3.52902E-01 3.53588E-01 4.23944E-01 4.77079E-01 2.29650E-01 1.47142E-01 0.00000E+00 5.44400E+00
0.00000E+00 1.80260E-01 2.62032E-01 3.84088E-01 3.84918E-01 4.58760E-01 5.13048E-01 2.62032E-01 1.80260E-01 0.00000E+00 6.22365E+00
5.55112E-17 2.06398E-01 2.87609E-01 4.08751E-01 4.09694E-01 4.86199E-01 5.41396E-01 2.87609E-01 2.06398E-01 5.55112E-17 6.81682E+00
7.81947E-03 2.13333E-01 2.94383E-01 4.15262E-01 4.16237E-01 4.93511E-01 5.48977E-01 2.94383E-01 2.13333E-01 7.81947E-03 6.97878E+00
4.85229E-02 2.49868E-01 3.30151E-01 4.49781E-01 4.50916E-01 5.31821E-01 5.88583E-01 3.30151E-01 2.49868E-01 4.85229E-02 7.70915E+00
9.06524E-02 2.87881E-01 3.67402E-01 4.85789E-01 4.87089E-01 5.71597E-01 6.29695E-01 3.67402E-01 2.87881E-01 9.06524E-02 8.40675E+00
1.33179E-01 3.26338E-01 4.05098E-01 5.22244E-01 5.23713E-01 6.11799E-01 6.71274E-01 4.05098E-01 3.26338E-01 1.33179E-01 9.07447E+00
1.75891E-01 3.65023E-01 4.43025E-01 5.58931E-01 5.60574E-01 6.52212E-01 7.13104E-01 4.43025E-01 3.65023E-01 1.75891E-01 9.70808E+00
2.18606E-01 4.03753E-01 4.80995E-01 5.95663E-01 5.97484E-01 6.92644E-01 7.54993E-01 4.80995E-01 4.03753E-01 2.18606E-01 1.03029E+01
2.61128E-01 4.42332E-01 5.18815E-01 6.32242E-01 6.34245E-01 7.32897E-01 7.96743E-01 5.18815E-01 4.42332E-01 2.61128E-01 1.08557E+01
3.03276E-01 4.80576E-01 5.56298E-01 6.68482E-01 6.70672E-01 7.72781E-01 8.38162E-01 5.56298E-01 4.80576E-01 3.03276E-01 1.13639E+01
3.44867E-01 5.18303E-01 5.93262E-01 7.04200E-01 7.06580E-01 8.12109E-01 8.79063E-01 5.93262E-01 5.18303E-01 3.44867E-01 1.18255E+01
3.85725E-01 5.55335E-01 6.29529E-01 7.39217E-01 7.41792E-01 8.50700E-01 9.19263E-01 6.29529E-01 5.55335E-01 3.85725E-01 1.22387E+01
4.25680E-01 5.91504E-01 6.64930E-01 7.73362E-01 7.76136E-01 8.88378E-01 9.58584E-01 6.64930E-01 5.91504E-01 4.25680E-01 1.26027E+01
4.64569E-01 6.26646E-01 6.99301E-01 8.06473E-01 8.09449E-01 9.24977E-01 9.96859E-01 6.99301E-01 6.26646E-01 4.64569E-01 1.29169E+01
5.02240E-01 6.60610E-01 7.32491E-01 8.38395E-01 8.41576E-01 9.60340E-01 1.03393E+00 7.32491E-01 6.60610E-01 5.02240E-01 1.31814E+01
5.38552E-01 6.93254E-01 7.64356E-01 8.68987E-01 8.72377E-01 9.94320E-01 1.06964E+00 7.64356E-01 6.93254E-01 5.38552E-01 1.33966E+01
5.73375E-01 7.24449E-01 7.94768E-01 8.98119E-01 9.01720E-01 1.02678E+00 1.10387E+00 7.94768E-01 7.24449E-01 5.73375E-01 1.35637E+01
6.06591E-01 7.54079E-01 8.23610E-01 9.25673E-01 9.29488E-01 1.05761E+00 1.13648E+00 8.23610E-01 7.54079E-01 6.06591E-01 1.36840E+01
6.38065E-01 7.82008E-01 8.50747E-01 9.51515E-01 9.55545E-01 1.08665E+00 1.16734E+00 8.50747E-01 7.82008E-01 6.38065E-01 1.37583E+01
6.67722E-01 8.08164E-01 8.76106E-01 9.75571E-01 9.79818E-01 1.11384E+00 1.19636E+00 8.76106E-01 8.08164E-01 6.67722E-01 1.37893E+01
0.00000E+00 0.00000E+00 8.31608E-02 2.07899E-01 2.07906E-01 2.71594E-01 3.20538E-01 8.31608E-02 0.00000E+00 0.00000E+00 1.64417E+00
0.00000E+00 2.41047E-02 1.06476E-01 2.29909E-01 2.30078E-01 2.97998E-01 3.48160E-01 1.06476E-01 2.41047E-02 0.00000E+00 2.37334E+00
0.00000E+00 5.08128E-02 1.32422E-01 2.54594E-01 2.54926E-01 3.26932E-01 3.78333E-01 1.32422E-01 5.08128E-02 0.00000E+00 3.08938E+00
0.00000E+00 7.84151E-02 1.59281E-01 2.80226E-01 2.80722E-01 3.56704E-01 4.09369E-01 1.59281E-01 7.84151E-02 0.00000E+00 3.80074E+00
0.00000E+00 1.06811E-01 1.86950E-01 3.06693E-01 3.07357E-01 3.87218E-01 4.41172E-01 1.86950E-01 1.06811E-01 0.00000E+00 4.50225E+00
0.00000E+00 1.35900E-01 2.15326E-01 3.33891E-01 3.34724E-01 4.18373E-01 4.73644E-01 2.15326E-01 1.35900E-01 0.00000E+00 5.18841E+00
0.00000E+00 1.65540E-01 2.44264E-01 3.61667E-01 3.62672E-01 4.50029E-01 5.06644E-01 2.44264E-01 1.65540E-01 0.00000E+00 5.85510E+00
0.00000E+00 1.88753E-01 2.66938E-01 3.83453E-01 3.84593E-01 4.74771E-01 5.32444E-01 2.66938E-01 1.88753E-01 0.00000E+00 6.35665E+00
6.97026E-03 1.94863E-01 2.72893E-01 3.89150E-01 3.90330E-01 4.81318E-01 5.39304E-01 2.72893E-01 1.94863E-01 6.97026E-03 6.49179E+00
4.31131E-02 2.26950E-01 3.04241E-01 4.19276E-01 4.20647E-01 5.15457E-01 5.74950E-01 3.04241E-01 2.26950E-01 4.31131E-02 7.09532E+00
8.01998E-02 2.60036E-01 3.36589E-01 4.50403E-01 4.51970E-01 5.50552E-01 6.11593E-01 3.36589E-01 2.60036E-01 8.01998E-02 7.66226E+00
1.17313E-01 2.93196E-01 3.69010E-01 4.81601E-01 4.83368E-01 5.85676E-01 6.48311E-01 3.69010E-01 2.93196E-01 1.17313E-01 8.19613E+00
1.54271E-01 3.26247E-01 4.01319E-01 5.12683E-01 5.14655E-01 6.20641E-01 6.84913E-01 4.01319E-01 3.26247E-01 1.54271E-01 8.69408E+00
1.90912E-01 3.59025E-01 4.33353E-01 5.43486E-01 5.45668E-01 6.55281E-01 7.21231E-01 4.33353E-01 3.59025E-01 1.90912E-01 9.15289E+00
2.27078E-01 3.91371E-01 4.64951E-01 5.73848E-01 5.76244E-01 6.89431E-01 7.57100E-01 4.64951E-01 3.91371E-01 2.27078E-01 9.57057E+00
2.62621E-01 4.23137E-01 4.95966E-01 6.03619E-01 6.06233E-01 7.22939E-01 7.92366E-01 4.95966E-01 4.23137E-01 2.62621E-01 9.94600E+00
2.97396E-01 4.54178E-01 5.26250E-01 6.32653E-01 6.35489E-01 7.55654E-01 8.26877E-01 5.26250E-01 4.54178E-01 2.97396E-01 1.02782E+01
3.31264E-01 4.84354E-01 5.55666E-01 6.60810E-01 6.63872E-01 7.87433E-01 8.60486E-01 5.55666E-01 4.84354E-01 3.31264E-01 1.05666E+01
3.64095E-01 5.13534E-01 5.84080E-01 6.87957E-01 6.91248E-01 8.18141E-01 8.93056E-01 5.84080E-01 5.13534E-01 3.64095E-01 1.08111E+01
3.95766E-01 5.41597E-01 6.11371E-01 7.13973E-01 7.17496E-01 8.47649E-01 9.24457E-01 6.11371E-01 5.41597E-01 3.95766E-01 1.10123E+01
4.26164E-01 5.68431E-01 6.37427E-01 7.38744E-01 7.42501E-01 8.75843E-01 9.54571E-01 6.37427E-01 5.68431E-01 4.26164E-01 1.11708E+01
4.55189E-01 5.93934E-01 6.62146E-01 7.62168E-01 7.66163E-01 9.02615E-01 9.83288E-01 6.62146E-01 5.93934E-01 4.55189E-01 1.12878E+01
4.82750E-01 6.18017E-01 6.85439E-01 7.84157E-01 7.88391E-01 9.27873E-01 1.01051E+00 6.85439E-01 6.18017E-01 4.82750E-01 1.13649E+01
5.08769E-01 6.40602E-01 7.07228E-01 8.04632E-01 8.09106E-01 9.51534E-01 1.03616E+00 7.07228E-01 6.40602E-01 5.08769E-01 1.14036E+01
5.33150E-01 6.61595E-01 7.27417E-01 8.23499E-01 8.28214E-01 9.73497E-01 1.06012E+00 7.27417E-01 6.61595E-01 5.33150E-01 1.14054E+01
5.55855E-01 6.80957E-01 7.45970E-01 8.40719E-01 8.45675E-01 9.93723E-01 1.08236E+00 7.45970E-01 6.80957E-01 5.55855E-01 1.13729E+01
0.00000E+00 0.00000E+00 8.02183E-02 2.00537E-01 2.00554E-01 2.78001E-01 3.28028E-01 8.02183E-02 0.00000E+00 0.00000E+00 1.80947E+00
0.00000E+00 2.27060E-02 1.02173E-01 2.21228E-01 2.21443E-01 3.03423E-01 3.54916E-01 1.02173E-01 2.27060E-02 0.00000E+00 2.47384E+00
0.00000E+00 4.75351E-02 1.26272E-01 2.44100E-01 2.44514E-01 3.30847E-01 3.83829E-01 1.26272E-01 4.75351E-02 0.00000E+00 3.11454E+00
0.00000E+00 7.28771E-02 1.50900E-01 2.67526E-01 2.68140E-01 3.58689E-01 4.13184E-01 1.50900E-01 7.28771E-02 0.00000E+00 3.74076E+00
0.00000E+00 9.86475E-02 1.75968E-01 2.91413E-01 2.92231E-01 3.86870E-01 4.42905E-01 1.75968E-01 9.86475E-02 0.00000E+00 4.34868E+00
0.00000E+00 1.24749E-01 2.01377E-01 3.15659E-01 3.16681E-01 4.15294E-01 4.72897E-01 2.01377E-01 1.24749E-01 0.00000E+00 4.93389E+00
0.00000E+00 1.51064E-01 2.27007E-01 3.40138E-01 3.41368E-01 4.43848E-01 5.03047E-01 2.27007E-01 1.51064E-01 0.00000E+00 5.49377E+00
0.00000E+00 1.71503E-01 2.46919E-01 3.59165E-01 3.60557E-01 4.65967E-01 5.26419E-01 2.46919E-01 1.71503E-01 0.00000E+00 5.90969E+00
6.17030E-03 1.76836E-01 2.52099E-01 3.64088E-01 3.65529E-01 4.71777E-01 5.32598E-01 2.52099E-01 1.76836E-01 6.17030E-03 6.01999E+00
3.80341E-02 2.04753E-01 2.79290E-01 3.90058E-01 3.91727E-01 5.01917E-01 5.64515E-01 2.79290E-01 2.04753E-01 3.80341E-02 6.50685E+00
7.04293E-02 2.33260E-01 3.07067E-01 4.16610E-01 4.18513E-01 5.32572E-01 5.96988E-01 3.07067E-01 2.33260E-01 7.04293E-02 6.95514E+00
1.02548E-01 2.61542E-01 3.34615E-01 4.42927E-01 4.45068E-01 5.62925E-01 6.29205E-01 3.34615E-01 2.61542E-01 1.02548E-01 7.36897E+00
1.34238E-01 2.89444E-01 3.61779E-01 4.68851E-01 4.71235E-01 5.92820E-01 6.61006E-01 3.61779E-01 2.89444E-01 1.34238E-01 7.74671E+00
1.65363E-01 3.16830E-01 3.88421E-01 4.94245E-01 4.96876E-01 6.22113E-01 6.92246E-01 3.88421E-01 3.16830E-01 1.65363E-01 8.08636E+00
1.95798E-01 3.43573E-01 4.14414E-01 5.18981E-01 5.21863E-01 6.50675E-01 7.22795E-01 4.14414E-01 3.43573E-01 1.95798E-01 8.38713E+00
2.25431E-01 3.69561E-01 4.39646E-01 5.42945E-01 5.46082E-01 6.78389E-01 7.52531E-01 4.39646E-01 3.69561E-01 2.25431E-01 8.64893E+00
2.54152E-01 3.94683E-01 4.64004E-01 5.66025E-01 5.69419E-01 7.05140E-01 7.81337E-01 4.64004E-01 3.94683E-01 2.54152E-01 8.87170E+00
2.81855E-01 4.18834E-01 4.87384E-01 5.88116E-01 5.91771E-01 7.30820E-01 8.09102E-01 4.87384E-01 4.18834E-01 2.81855E-01 9.05578E+00
3.08446E-01 4.41919E-01 5.09692E-01 6.09122E-01 6.13041E-01 7.55329E-01 8.35723E-01 5.09692E-01 4.41919E-01 3.08446E-01 9.20190E+00
3.33839E-01 4.63852E-01 5.30839E-01 6.28957E-01 6.33141E-01 7.78576E-01 8.61106E-01 5.30839E-01 4.63852E-01 3.33839E-01 9.31106E+00
3.57956E-01 4.84557E-01 5.50750E-01 6.47545E-01 6.51996E-01 8.00481E-01 8.85167E-01 5.50750E-01 4.84557E-01 3.57956E-01 9.38459E+00
3.80731E-01 5.03967E-01 5.69359E-01 6.64818E-01 6.69537E-01 8.20973E-01 9.07831E-01 5.69359E-01 5.03967E-01 3.80731E-01 9.42406E+00
4.02109E-01 5.22028E-01 5.86610E-01 6.80722E-01 6.85710E-01 8.39994E-01 9.29037E-01 5.86610E-01 5.22028E-01 4.02109E-01 9.43124E+00
4.22042E-01 5.38693E-01 6.02458E-01 6.95213E-01 7.00468E-01 8.57495E-01 9.48731E-01 6.02458E-01 5.38693E-01 4.22042E-01 9.40807E+00
4.40471E-01 5.53903E-01 6.16843E-01 7.08228E-01 7.13751E-01 8.73410E-01 9.66842E-01 6.16843E-01 5.53903E-01 4.40471E-01 9.35614E+00
4.57385E-01 5.67648E-01 6.29755E-01 7.19760E-01 7.25549E-01 8.87727E-01 9.83356E-01 6.29755E-01 5.67648E-01 4.57385E-01 9.27800E+00
0.00000E+00 0.00000E+00 7.76339E-02 1.94064E-01 1.94105E-01 2.87251E-01 3.38416E-01 7.76339E-02 0.00000E+00 0.00000E+00 1.96959E+00
0.00000E+00 2.12433E-02 9.81462E-02 2.13322E-01 2.13608E-01 3.11514E-01 3.64482E-01 9.81462E-02 2.12433E-02 0.00000E+00 2.56546E+00
0.00000E+00 4.41629E-02 1.20352E-01 2.34304E-01 2.34834E-01 3.37285E-01 3.92072E-01 1.20352E-01 4.41629E-02 0.00000E+00 3.12932E+00
0.00000E+00 6.72575E-02 1.42744E-01 2.55492E-01 2.56268E-01 3.63094E-01 4.19723E-01 1.42744E-01 6.72575E-02 0.00000E+00 3.67103E+00
0.00000E+00 9.04628E-02 1.65255E-01 2.76814E-01 2.77838E-01 3.88886E-01 4.47379E-01 1.65255E-01 9.04628E-02 0.00000E+00 4.18816E+00
0.00000E+00 1.13690E-01 1.87795E-01 2.98177E-01 2.99451E-01 4.14575E-01 4.74957E-01 1.87795E-01 1.13690E-01 0.00000E+00 4.67739E+00
0.00000E+00 1.36849E-01 2.10270E-01 3.19484E-01 3.21009E-01 4.40079E-01 5.02373E-01 2.10270E-01 1.36849E-01 0.00000E+00 5.13749E+00
0.00000E+00 1.54680E-01 2.27574E-01 3.35887E-01 3.37608E-01 4.59652E-01 5.23441E-01 2.27574E-01 1.54680E-01 0.00000E+00 5.47446E+00
5.42171E-03 1.59288E-01 2.32029E-01 3.40080E-01 3.41859E-01 4.64750E-01 5.28979E-01 2.32029E-01 1.59288E-01 5.42171E-03 5.56212E+00
3.33008E-02 1.83338E-01 2.55348E-01 3.62150E-01 3.64204E-01 4.91067E-01 5.57401E-01 2.55348E-01 1.83338E-01 3.33008E-02 5.94342E+00
6.13725E-02 2.07644E-01 2.78917E-01 3.84462E-01 3.86795E-01 5.17530E-01 5.86010E-01 2.78917E-01 2.07644E-01 6.13725E-02 6.28605E+00
8.89349E-02 2.31496E-01 3.02025E-01 4.06302E-01 4.08919E-01 5.43431E-01 6.14096E-01 3.02025E-01 2.31496E-01 8.89349E-02 6.59455E+00
1.15866E-01 2.54769E-01 3.24548E-01 4.27546E-01 4.30450E-01 5.68643E-01 6.41532E-01 3.24548E-01 2.54769E-01 1.15866E-01 6.86831E+00
1.42055E-01 2.77356E-01 3.46375E-01 4.48082E-01 4.51277E-01 5.93050E-01 6.68198E-01 3.46375E-01 2.77356E-01 1.42055E-01 7.10643E+00
1.67410E-01 2.99160E-01 3.67411E-01 4.67815E-01 4.71304E-01 6.16554E-01 6.93994E-01 3.67411E-01 2.99160E-01 1.67410E-01 7.30904E+00
1.91852E-01 3.20102E-01 3.87577E-01 4.86663E-01 4.90449E-01 6.39074E-01 7.18833E-01 3.87577E-01 3.20102E-01 1.91852E-01 7.47684E+00
2.15300E-01 3.40102E-01 4.06791E-01 5.04547E-01 5.08631E-01 6.60524E-01 7.42628E-01 4.06791E-01 3.40102E-01 2.15300E-01 7.61051E+00
2.37682E-01 3.59087E-01 4.24982E-01 5.21394E-01 5.25778E-01 6.80830E-01 7.65299E-01 4.24982E-01 3.59087E-01 2.37682E-01 7.71101E+00
2.58936E-01 3.76994E-01 4.42086E-01 5.37141E-01 5.41826E-01 6.99924E-01 7.86774E-01 4.42086E-01 3.76994E-01 2.58936E-01 7.77958E+00
2.79004E-01 3.93767E-01 4.58046E-01 5.51731E-01 5.56717E-01 7.17746E-01 8.06990E-01 4.58046E-01 3.93767E-01 2.79004E-01 7.81764E+00
2.97841E-01 4.09361E-01 4.72818E-01 5.65119E-01 5.70406E-01 7.34248E-01 8.25894E-01 4.72818E-01 4.09361E-01 2.97841E-01 7.82685E+00
3.15409E-01 4.23738E-01 4.86363E-01 5.77269E-01 5.82856E-01 7.49389E-01 8.43440E-01 4.86363E-01 4.23738E-01 3.15409E-01 7.80898E+00
3.31681E-01 4.36871E-01 4.98655E-01 5.88153E-01 5.94038E-01 7.63139E-01 8.59592E-01 4.98655E-01 4.36871E-01 3.31681E-01 7.76593E+00
3.46636E-01 4.48740E-01 5.09675E-01 5.97754E-01 6.03934E-01 7.75476E-01 8.74325E-01 5.09675E-01 4.48740E-01 3.46636E-01 7.69967E+00
3.60241E-01 4.59313E-01 5.19390E-01 6.06038E-01 6.12511E-01 7.86361E-01 8.87595E-01 5.19390E-01 4.59313E-01 3.60241E-01 7.61190E+00
3.72508E-01 4.68602E-01 5.27812E-01 6.13019E-01 6.19781E-01 7.95808E-01 8.99409E-01 5.27812E-01 4.68602E-01 3.72508E-01 7.50494E+00
0.00000E+00 0.00000E+00 7.54117E-02 1.88481E-01 1.88577E-01 2.99224E-01 3.51877E-01 7.54117E-02 0.00000E+00 0.00000E+00 2.11631E+00
0.00000E+00 1.97181E-02 9.43997E-02 2.06189E-01 2.06589E-01 3.22116E-01 3.77005E-01 9.43997E-02 1.97181E-02 0.00000E+00 2.64091E+00
0.00000E+00 4.07095E-02 1.14674E-01 2.25208E-01 2.25911E-01 3.46068E-01 4.03195E-01 1.14674E-01 4.07095E-02 0.00000E+00 3.12764E+00
0.00000E+00 6.15901E-02 1.34845E-01 2.44139E-01 2.45146E-01 3.69731E-01 4.29109E-01 1.34845E-01 6.15901E-02 0.00000E+00 3.58694E+00
0.00000E+00 8.23185E-02 1.54870E-01 2.62933E-01 2.64245E-01 3.93077E-01 4.54719E-01 1.54870E-01 8.23185E-02 0.00000E+00 4.01761E+00
0.00000E+00 1.02819E-01 1.74669E-01 2.81511E-01 2.83127E-01 4.16034E-01 4.79954E-01 1.74669E-01 1.02819E-01 0.00000E+00 4.41744E+00
0.00000E+00 1.23028E-01 1.94180E-01 2.99803E-01 3.01726E-01 4.38550E-01 5.04762E-01 1.94180E-01 1.23028E-01 0.00000E+00 4.78639E+00
0.00000E+00 1.38450E-01 2.09060E-01 3.13743E-01 3.15903E-01 4.55665E-01 5.23660E-01 2.09060E-01 1.38450E-01 0.00000E+00 5.05229E+00
4.73137E-03 1.42396E-01 2.12848E-01 3.17257E-01 3.19487E-01 4.60081E-01 5.28597E-01 2.12848E-01 1.42396E-01 4.73137E-03 5.11985E+00
2.89567E-02 1.62928E-01 2.32626E-01 3.35727E-01 3.38287E-01 4.82771E-01 5.53777E-01 2.32626E-01 1.62928E-01 2.89567E-02 5.40820E+00
5.31122E-02 1.83457E-01 2.52394E-01 3.54174E-01 3.57068E-01 5.05315E-01 5.78842E-01 2.52394E-01 1.83457E-01 5.31122E-02 5.65942E+00
7.65958E-02 2.03375E-01 2.71541E-01 3.71988E-01 3.75219E-01 5.27107E-01 6.03186E-01 2.71541E-01 2.03375E-01 7.65958E-02 5.87835E+00
9.93143E-02 2.22586E-01 2.89972E-01 3.89071E-01 3.92641E-01 5.48049E-01 6.26707E-01 2.89972E-01 2.22586E-01 9.93143E-02 6.06524E+00
1.21184E-01 2.41008E-01 3.07603E-01 4.05339E-01 4.09250E-01 5.68053E-01 6.49314E-01 3.07603E-01 2.41008E-01 1.21184E-01 6.21998E+00
1.42142E-01 2.58575E-01 3.24368E-01 4.20727E-01 4.24981E-01 5.87050E-01 6.70935E-01 3.24368E-01 2.58575E-01 1.42142E-01 6.34343E+00
1.62137E-01 2.75235E-01 3.40216E-01 4.35183E-01 4.39780E-01 6.04989E-01 6.91511E-01 3.40216E-01 2.75235E-01 1.62137E-01 6.43682E+00
1.81117E-01 2.90936E-01 3.55095E-01 4.48655E-01 4.53594E-01 6.21813E-01 7.10984E-01 3.55095E-01 2.90936E-01 1.81117E-01 6.50132E+00
1.99036E-01 3.05634E-01 3.68960E-01 4.61098E-01 4.66379E-01 6.37475E-01 7.29299E-01 3.68960E-01 3.05634E-01 1.99036E-01 6.53830E+00
2.15859E-01 3.19289E-01 3.81772E-01 4.72475E-01 4.78097E-01 6.51935E-01 7.46413E-01 3.81772E-01 3.19289E-01 2.15859E-01 6.54928E+00
2.31554E-01 3.31874E-01 3.93503E-01 4.82757E-01 4.88716E-01 6.65160E-01 7.62288E-01 3.93503E-01 3.31874E-01 2.31554E-01 6.53591E+00
2.46100E-01 3.43365E-01 4.04130E-01 4.91922E-01 4.98217E-01 6.77127E-01 7.76893E-01 4.04130E-01 3.43365E-01 2.46100E-01 6.49995E+00
2.59483E-01 3.53749E-01 4.13640E-01 4.99959E-01 5.06583E-01 6.87818E-01 7.90207E-01 4.13640E-01 3.53749E-01 2.59483E-01 6.44322E+00
2.71694E-01 3.63018E-01 4.22027E-01 5.06860E-01 5.13811E-01 6.97226E-01 8.02217E-01 4.22027E-01 3.63018E-01 2.71694E-01 6.36759E+00
2.82736E-01 3.71175E-01 4.29291E-01 5.12628E-01 5.19899E-01 7.05350E-01 8.12916E-01 4.29291E-01 3.71175E-01 2.82736E-01 6.27495E+00
2.92594E-01 3.78206E-01 4.35421E-01 5.17252E-01 5.24837E-01 7.12173E-01 8.22282E-01 4.35421E-01 3.78206E-01 2.92594E-01 6.16692E+00
3.01296E-01 3.84138E-01 4.40443E-01 5.20761E-01 5.28652E-01 7.17724E-01 8.30336E-01 4.40443E-01 3.84138E-01 3.01296E-01 6.04555E+00
0.00000E+00 0.00000E+00 7.34861E-02 1.83609E-01 1.83822E-01 3.13494E-01 3.68435E-01 7.34861E-02 0.00000E+00 0.00000E+00 2.24214E+00
0.00000E+00 1.81309E-02 9.08634E-02 1.99635E-01 2.00230E-01 3.34776E-01 3.92479E-01 9.08634E-02 1.81309E-02 0.00000E+00 2.69393E+00
0.00000E+00 3.71769E-02 1.09166E-01 2.16607E-01 2.17581E-01 3.56717E-01 4.17161E-01 1.09166E-01 3.71769E-02 0.00000E+00 3.10426E+00
0.00000E+00 5.58775E-02 1.27128E-01 2.33251E-01 2.34602E-01 3.78100E-01 4.41278E-01 1.27128E-01 5.58775E-02 0.00000E+00 3.48398E+00
0.00000E+00 7.42148E-02 1.44730E-01 2.49543E-01 2.51270E-01 3.98922E-01 4.64828E-01 1.44730E-01 7.42148E-02 0.00000E+00 3.83301E+00
0.00000E+00 9.21287E-02 1.61910E-01 2.65419E-01 2.67519E-01 4.19126E-01 4.87757E-01 1.61910E-01 9.21287E-02 0.00000E+00 4.15013E+00
0.00000E+00 1.09584E-01 1.78630E-01 2.80837E-01 2.83310E-01 4.38691E-01 5.10044E-01 1.78630E-01 1.09584E-01 0.00000E+00 4.43630E+00
0.00000E+00 1.22781E-01 1.91258E-01 2.92457E-01 2.95218E-01 4.53411E-01 5.26868E-01 1.91258E-01 1.22781E-01 0.00000E+00 4.63856E+00
4.09457E-03 1.26122E-01 1.94432E-01 2.95338E-01 2.98182E-01 4.57167E-01 5.31237E-01 1.94432E-01 1.26122E-01 4.09457E-03 4.68834E+00
2.49681E-02 1.43454E-01 2.10969E-01 3.10473E-01 3.13714E-01 4.76385E-01 5.53369E-01 2.10969E-01 1.43454E-01 2.49681E-02 4.89529E+00
4.55735E-02 1.60591E-01 2.27301E-01 3.25390E-01 3.29028E-01 4.95233E-01 5.75146E-01 2.27301E-01 1.60591E-01 4.55735E-02 5.06790E+00
6.54024E-02 1.77017E-01 2.42911E-01 3.39570E-01 3.43606E-01 5.13199E-01 5.96055E-01 2.42911E-01 1.77017E-01 6.54024E-02 5.21116E+00
8.43887E-02 1.92666E-01 2.57732E-01 3.52945E-01 3.57379E-01 5.30214E-01 6.16022E-01 2.57732E-01 1.92666E-01 8.43887E-02 5.32593E+00
1.02473E-01 2.07477E-01 2.71704E-01 3.65456E-01 3.70286E-01 5.46213E-01 6.34980E-01 2.71704E-01 2.07477E-01 1.02473E-01 5.41275E+00
1.19618E-01 2.21411E-01 2.84787E-01 3.77063E-01 3.82288E-01 5.61156E-01 6.52882E-01 2.84787E-01 2.21411E-01 1.19618E-01 5.47294E+00
1.35798E-01 2.34441E-01 2.96955E-01 3.87739E-01 3.93357E-01 5.75016E-01 6.69696E-01 2.96955E-01 2.34441E-01 1.35798E-01 5.50809E+00
1.50984E-01 2.46538E-01 3.08179E-01 3.97457E-01 4.03463E-01 5.87762E-01 6.85386E-01 3.08179E-01 2.46538E-01 1.50984E-01 5.51964E+00
1.65153E-01 2.57680E-01 3.18437E-01 4.06195E-01 4.12585E-01 5.99370E-01 6.99921E-01 3.18437E-01 2.57680E-01 1.65153E-01 5.50917E+00
1.78291E-01 2.67851E-01 3.27712E-01 4.13938E-01 4.20707E-01 6.09822E-01 7.13279E-01 3.27712E-01 2.67851E-01 1.78291E-01 5.47832E+00
1.90387E-01 2.77040E-01 3.35995E-01 4.20678E-01 4.27818E-01 6.19108E-01 7.25443E-01 3.35995E-01 2.77040E-01 1.90387E-01 5.42881E+00
2.01439E-01 2.85246E-01 3.43285E-01 4.26412E-01 4.33918E-01 6.27224E-01 7.36402E-01 3.43285E-01 2.85246E-01 2.01439E-01 5.36237E+00
2.11450E-01 2.92470E-01 3.49583E-01 4.31147E-01 4.39009E-01 6.34171E-01 7.46153E-01 3.49583E-01 2.92470E-01 2.11450E-01 5.28074E+00
2.20429E-01 2.98723E-01 3.54901E-01 4.34891E-01 4.43101E-01 6.39960E-01 7.54699E-01 3.54901E-01 2.98723E-01 2.20429E-01 5.18565E+00
2.28390E-01 3.04018E-01 3.59253E-01 4.37662E-01 4.46209E-01 6.44603E-01 7.62048E-01 3.59253E-01 3.04018E-01 2.28390E-01 5.07879E+00
2.35336E-01 3.08359E-01 3.62643E-01 4.39465E-01 4.48339E-01 6.48102E-01 7.68194E-01 3.62643E-01 3.08359E-01 2.35336E-01 4.96166E+00
2.41303E-01 3.11782E-01 3.65107E-01 4.40336E-01 4.49526E-01 6.50494E-01 7.73168E-01 3.65107E-01 3.11782E-01 2.41303E-01 4.83597E+00
0.00000E+00 0.00000E+00 7.18064E-02 1.79287E-01 1.79745E-01 3.29511E-01 3.88046E-01 7.18064E-02 0.00000E+00 0.00000E+00 2.33818E+00
0.00000E+00 1.64964E-02 8.74991E-02 1.93507E-01 1.94446E-01 3.48933E-01 4.10833E-01 8.74991E-02 1.64964E-02 0.00000E+00 2.71730E+00
0.00000E+00 3.36005E-02 1.03808E-01 2.08365E-01 2.09778E-01 3.68675E-01 4.33883E-01 1.03808E-01 3.36005E-02 0.00000E+00 3.05362E+00
0.00000E+00 5.01798E-02 1.19597E-01 2.22714E-01 2.24594E-01 3.87649E-01 4.56130E-01 1.19597E-01 5.01798E-02 0.00000E+00 3.35818E+00
0.00000E+00 6.62393E-02 1.34867E-01 2.36554E-01 2.38896E-01 4.05878E-01 4.77598E-01 1.34867E-01 6.62393E-02 0.00000E+00 3.63180E+00
0.00000E+00 8.17356E-02 1.49575E-01 2.49836E-01 2.52634E-01 4.23322E-01 4.98252E-01 1.49575E-01 8.17356E-02 0.00000E+00 3.87416E+00
0.00000E+00 9.66588E-02 1.63708E-01 2.62547E-01 2.65796E-01 4.39988E-01 5.18098E-01 1.63708E-01 9.66588E-02 0.00000E+00 4.08697E+00
2.77556E-17 1.07835E-01 1.74271E-01 2.72011E-01 2.75605E-01 4.52389E-01 5.32942E-01 1.74271E-01 1.07835E-01 2.77556E-17 4.23368E+00
3.51510E-03 1.10633E-01 1.76890E-01 2.74309E-01 2.78003E-01 4.55511E-01 5.36772E-01 1.76890E-01 1.10633E-01 3.51510E-03 4.26819E+00
2.13568E-02 1.25107E-01 1.90509E-01 2.86400E-01 2.90565E-01 4.71428E-01 5.56040E-01 1.90509E-01 1.25107E-01 2.13568E-02 4.40585E+00
3.87928E-02 1.39255E-01 2.03790E-01 2.98140E-01 3.02774E-01 4.86815E-01 5.74770E-01 2.03790E-01 1.39255E-01 3.87928E-02 4.51291E+00
5.53997E-02 1.52647E-01 2.16303E-01 3.09097E-01 3.14195E-01 5.01247E-01 5.92534E-01 2.16303E-01 1.52647E-01 5.53997E-02 4.59432E+00
7.11358E-02 1.65237E-01 2.28003E-01 3.19227E-01 3.24785E-01 5.14678E-01 6.09284E-01 2.28003E-01 1.65237E-01 7.11358E-02 4.65136E+00
8.59635E-02 1.76989E-01 2.38852E-01 3.28493E-01 3.34504E-01 5.27068E-01 6.24971E-01 2.38852E-01 1.76989E-01 8.59635E-02 4.68499E+00
9.98663E-02 1.87884E-01 2.48833E-01 3.36876E-01 3.43335E-01 5.38398E-01 6.39573E-01 2.48833E-01 1.87884E-01 9.98663E-02 4.69679E+00
1.12839E-01 1.97914E-01 2.57938E-01 3.44371E-01 3.51270E-01 5.48663E-01 6.53077E-01 2.57938E-01 1.97914E-01 1.12839E-01 4.68851E+00
1.24871E-01 2.07071E-01 2.66158E-01 3.50970E-01 3.58300E-01 5.57852E-01 6.65467E-01 2.66158E-01 2.07071E-01 1.24871E-01 4.66169E+00
1.35959E-01 2.15348E-01 2.73487E-01 3.56668E-01 3.64419E-01 5.65959E-01 6.76731E-01 2.73487E-01 2.15348E-01 1.35959E-01 4.61797E+00
1.46104E-01 2.22746E-01 2.79928E-01 3.61468E-01 3.69629E-01 5.72984E-01 6.86864E-01 2.79928E-01 2.22746E-01 1.46104E-01 4.55897E+00
1.55311E-01 2.29271E-01 2.85485E-01 3.65376E-01 3.73937E-01 5.78934E-01 6.95864E-01 2.85485E-01 2.29271E-01 1.55311E-01 4.48631E+00
1.63592E-01 2.34933E-01 2.90170E-01 3.68405E-01 3.77352E-01 5.83819E-01 7.03736E-01 2.90170E-01 2.34933E-01 1.63592E-01 4.40162E+00
1.70961E-01 2.39746E-01 2.93999E-01 3.70573E-01 3.79893E-01 5.87655E-01 7.10490E-01 2.93999E-01 2.39746E-01 1.70961E-01 4.30644E+00
1.77438E-01 2.43731E-01 2.96992E-01 3.71901E-01 3.81578E-01 5.90463E-01 7.16140E-01 2.96992E-01 2.43731E-01 1.77438E-01 4.20231E+00
1.83048E-01 2.46911E-01 2.99173E-01 3.72414E-01 3.82434E-01 5.92268E-01 7.20705E-01 2.99173E-01 2.46911E-01 1.83048E-01 4.09067E+00
1.87803E-01 2.49300E-01 3.00556E-01 3.72129E-01 3.82476E-01 5.93082E-01 7.24190E-01 3.00556E-01 2.49300E-01 1.87803E-01 3.97280E+00
1.91744E-01 2.50937E-01 3.01181E-01 3.71087E-01 3.81743E-01 5.92948E-01 7.26633E-01 3.01181E-01 2.50937E-01 1.91744E-01 3.85010E+00
0.00000E+00 0.00000E+00 7.01178E-02 1.74818E-01 1.75771E-01 3.46291E-01 4.10354E-01 7.01178E-02 0.00000E+00 0.00000E+00 2.40483E+00
0.00000E+00 1.47932E-02 8.40395E-02 1.87107E-01 1.88664E-01 3.63624E-01 4.31684E-01 8.40395E-02 1.47932E-02 0.00000E+00 2.71093E+00
0.00000E+00 2.99188E-02 9.83027E-02 1.99764E-01 2.01908E-01 3.80976E-01 4.52932E-01 9.83027E-02 2.99188E-02 0.00000E+00 2.97441E+00
0.00000E+00 4.43772E-02 1.11902E-01 2.11772E-01 2.14489E-01 3.97393E-01 4.73171E-01 1.11902E-01 4.43772E-02 0.00000E+00 3.20626E+00
0.00000E+00 5.81941E-02 1.24862E-01 2.23151E-01 2.26430E-01 4.12921E-01 4.92453E-01 1.24862E-01 5.81941E-02 0.00000E+00 3.40808E+00
0.00000E+00 7.13433E-02 1.37154E-01 2.33872E-01 2.37700E-01 4.27539E-01 5.10758E-01 1.37154E-01 7.13433E-02 0.00000E+00 3.58028E+00
0.00000E+00 8.38371E-02 1.48790E-01 2.43942E-01 2.48307E-01 4.41274E-01 5.28122E-01 1.48790E-01 8.38371E-02 0.00000E+00 3.72515E+00
1.11022E-16 9.30919E-02 1.57379E-01 2.51323E-01 2.56095E-01 4.51354E-01 5.40971E-01 1.57379E-01 9.30919E-02 1.11022E-16 3.82096E+00
2.95837E-03 9.53780E-02 1.59471E-01 2.53063E-01 2.57952E-01 4.53845E-01 5.44259E-01 1.59471E-01 9.53780E-02 2.95837E-03 3.84163E+00
1.79004E-02 1.07169E-01 1.70333E-01 2.62251E-01 2.67690E-01 4.66499E-01 5.60676E-01 1.70333E-01 1.07169E-01 1.79004E-02 3.91702E+00
3.23346E-02 1.18535E-01 1.80759E-01 2.70993E-01 2.76972E-01 4.78501E-01 5.76402E-01 1.80759E-01 1.18535E-01 3.23346E-02 3.96598E+00
4.59185E-02 1.29127E-01 1.90400E-01 2.78938E-01 2.85447E-01 4.89508E-01 5.91091E-01 1.90400E-01 1.29127E-01 4.59185E-02 3.99330E+00
5.86321E-02 1.38923E-01 1.99234E-01 2.86065E-01 2.93092E-01 4.99497E-01 6.04717E-01 1.99234E-01 1.38923E-01 5.86321E-02 4.00056E+00
7.04571E-02 1.47904E-01 2.07240E-01 2.92354E-01 2.99887E-01 5.08447E-01 6.17251E-01 2.07240E-01 1.47904E-01 7.04571E-02 3.98902E+00
8.13957E-02 1.56070E-01 2.14421E-01 2.97809E-01 3.05834E-01 5.16360E-01 6.28690E-01 2.14421E-01 1.56070E-01 8.13957E-02 3.96040E+00
9.14594E-02 1.63431E-01 2.20785E-01 3.02440E-01 3.10943E-01 5.23248E-01 6.39040E-01 2.20785E-01 1.63431E-01 9.14594E-02 3.91647E+00
1.00654E-01 1.69991E-01 2.26340E-01 3.06255E-01 3.15220E-01 5.29117E-01 6.48301E-01 2.26340E-01 1.69991E-01 1.00654E-01 3.85883E+00
1.08991E-01 1.75762E-01 2.31095E-01 3.09265E-01 3.18676E-01 5.33979E-01 6.56477E-01 2.31095E-01 1.75762E-01 1.08991E-01 3.78905E+00
1.16485E-01 1.80755E-01 2.35064E-01 3.11485E-01 3.21324E-01 5.37848E-01 6.63577E-01 2.35064E-01 1.80755E-01 1.16485E-01 3.70867E+00
1.23153E-01 1.84989E-01 2.38267E-01 3.12936E-01 3.23185E-01 5.40744E-01 6.69614E-01 2.38267E-01 1.84989E-01 1.23153E-01 3.61920E+00
1.29016E-01 1.88485E-01 2.40723E-01 3.13641E-01 3.24281E-01 5.42689E-01 6.74604E-01 2.40723E-01 1.88485E-01 1.29016E-01 3.52205E+00
1.34101E-01 1.91266E-01 2.42459E-01 3.13627E-01 3.24636E-01 5.43710E-01 6.78568E-01 2.42459E-01 1.91266E-01 1.34101E-01 3.41859E+00
1.38435E-01 1.93360E-01 2.43503E-01 3.12922E-01 3.24281E-01 5.43838E-01 6.81530E-01 2.43503E-01 1.93360E-01 1.38435E-01 3.31011E+00
1.42047E-01 1.94797E-01 2.43884E-01 3.11560E-01 3.23247E-01 5.43104E-01 6.83517E-01 2.43884E-01 1.94797E-01 1.42047E-01 3.19779E+00
1.44960E-01 1.95597E-01 2.43626E-01 3.09564E-01 3.21557E-01 5.41530E-01 6.84542E-01 2.43626E-01 1.95597E-01 1.44960E-01 3.08271E+00
1.47214E-01 1.95802E-01 2.42770E-01 3.06978E-01 3.19254E-01 5.39165E-01 6.84649E-01 2.42770E-01 1.95802E-01 1.47214E-01 2.96593E+00
0.00000E+00 0.00000E+00 6.85884E-02 1.70563E-01 1.72379E-01 3.63265E-01 4.35192E-01 6.85884E-02 0.00000E+00 0.00000E+00 2.42340E+00
0.00000E+00 1.31179E-02 8.07435E-02 1.80882E-01 1.83443E-01 3.78318E-01 4.54877E-01 8.07435E-02 1.31179E-02 0.00000E+00 2.66143E+00
0.00000E+00 2.63646E-02 9.30381E-02 1.91374E-01 1.94650E-01 3.93173E-01 4.74205E-01 9.30381E-02 2.63646E-02 0.00000E+00 2.85938E+00
0.00000E+00 3.88696E-02 1.04596E-01 2.01152E-01 2.05119E-01 4.07005E-01 4.92390E-01 1.04596E-01 3.88696E-02 0.00000E+00 3.02789E+00
0.00000E+00 5.06760E-02 1.15458E-01 2.10253E-01 2.14888E-01 4.19877E-01 5.09502E-01 1.15458E-01 5.06760E-02 0.00000E+00 3.16901E+00
0.00000E+00 6.17737E-02 1.25614E-01 2.18662E-01 2.23943E-01 4.31783E-01 5.25540E-01 1.25614E-01 6.17737E-02 0.00000E+00 3.28371E+00
0.00000E+00 7.21925E-02 1.35090E-01 2.26405E-01 2.32311E-01 4.42773E-01 5.40561E-01 1.35090E-01 7.21925E-02 0.00000E+00 3.37451E+00
8.32667E-17 7.98350E-02 1.42003E-01 2.31984E-01 2.38359E-01 4.50714E-01 5.51558E-01 1.42003E-01 7.98350E-02 8.32667E-17 3.43078E+00
2.48407E-03 8.16996E-02 1.43655E-01 2.33248E-01 2.39757E-01 4.52628E-01 5.54347E-01 1.43655E-01 8.16996E-02 2.48407E-03 3.44097E+00
1.49776E-02 9.12935E-02 1.52233E-01 2.39986E-01 2.47120E-01 4.62340E-01 5.68172E-01 1.52233E-01 9.12935E-02 1.49776E-02 3.47015E+00
2.69269E-02 1.00428E-01 1.60344E-01 2.46252E-01 2.53991E-01 4.71351E-01 5.81216E-01 1.60344E-01 1.00428E-01 2.69269E-02 3.47755E+00
3.80571E-02 1.08823E-01 1.67703E-01 2.51763E-01 2.60087E-01 4.79382E-01 5.93201E-01 1.67703E-01 1.08823E-01 3.80571E-02 3.46765E+00
4.83648E-02 1.16471E-01 1.74305E-01 2.56512E-01 2.65401E-01 4.86431E-01 6.04121E-01 1.74305E-01 1.16471E-01 4.83648E-02 3.44208E+00
5.78464E-02 1.23368E-01 1.80147E-01 2.60498E-01 2.69931E-01 4.92491E-01 6.13960E-01 1.80147E-01 1.23368E-01 5.78464E-02 3.40216E+00
6.65171E-02 1.29527E-01 1.85242E-01 2.63735E-01 2.73689E-01 4.97578E-01 6.22730E-01 1.85242E-01 1.29527E-01 6.65171E-02 3.34957E+00
7.43989E-02 1.34968E-01 1.89610E-01 2.66245E-01 2.76697E-01 5.01718E-01 6.30450E-01 1.89610E-01 1.34968E-01 7.43989E-02 3.28592E+00
8.15084E-02 1.39706E-01 1.93268E-01 2.68047E-01 2.78971E-01 5.04928E-01 6.37132E-01 1.93268E-01 1.39706E-01 8.15084E-02 3.21269E+00
8.78651E-02 1.43759E-01 1.96234E-01 2.69159E-01 2.80532E-01 5.07228E-01 6.42790E-01 1.96234E-01 1.43759E-01 8.78651E-02 3.13126E+00
9.34912E-02 1.47149E-01 1.98531E-01 2.69607E-01 2.81403E-01 5.08643E-01 6.47442E-01 1.98531E-01 1.47149E-01 9.34912E-02 3.04298E+00
9.84109E-02 1.49899E-01 2.00183E-01 2.69416E-01 2.81608E-01 5.09201E-01 6.51110E-01 2.00183E-01 1.49899E-01 9.84109E-02 2.94912E+00
1.02651E-01 1.52034E-01 2.01216E-01 2.68614E-01 2.81175E-01 5.08929E-01 6.53816E-01 2.01216E-01 1.52034E-01 1.02651E-01 2.85085E+00
1.06241E-01 1.53582E-01 2.01660E-01 2.67232E-01 2.80136E-01 5.07862E-01 6.55588E-01 2.01660E-01 1.53582E-01 1.06241E-01 2.74929E+00
1.09210E-01 1.54573E-01 2.01545E-01 2.65303E-01 2.78520E-01 5.06031E-01 6.56455E-01 2.01545E-01 1.54573E-01 1.09210E-01 2.64544E+00
1.11591E-01 1.55038E-01 2.00902E-01 2.62859E-01 2.76363E-01 5.03475E-01 6.56446E-01 2.00902E-01 1.55038E-01 1.11591E-01 2.54022E+00
1.13407E-01 1.55000E-01 1.99757E-01 2.59928E-01 2.73689E-01 5.00217E-01 6.55581E-01 1.99757E-01 1.55000E-01 1.13407E-01 2.43448E+00
1.14698E-01 1.54498E-01 1.98150E-01 2.56551E-01 2.70541E-01 4.96305E-01 6.53904E-01 1.98150E-01 1.54498E-01 1.14698E-01 2.32897E+00
0.00000E+00 0.00000E+00 6.72020E-02 1.66392E-01 1.69618E-01 3.79710E-01 4.62238E-01 6.72020E-02 0.00000E+00 0.00000E+00 2.38477E+00
0.00000E+00 1.15247E-02 7.76480E-02 1.74756E-01 1.78877E-01 3.92334E-01 4.80089E-01 7.76480E-02 1.15247E-02 0.00000E+00 2.56279E+00
0.00000E+00 2.30581E-02 8.81177E-02 1.83193E-01 1.88161E-01 4.04642E-01 4.97398E-01 8.81177E-02 2.30581E-02 0.00000E+00 2.70569E+00
0.00000E+00 3.38510E-02 9.78553E-02 1.90932E-01 1.96708E-01 4.15926E-01 5.13507E-01 9.78553E-02 3.38510E-02 0.00000E+00 2.82337E+00
0.00000E+00 4.39587E-02 1.06914E-01 1.98022E-01 2.04569E-01 4.26261E-01 5.28502E-01 1.06914E-01 4.39587E-02 0.00000E+00 2.91804E+00
0.00000E+00 5.33850E-02 1.15296E-01 2.04462E-01 2.11745E-01 4.35656E-01 5.42396E-01 1.15296E-01 5.33850E-02 0.00000E+00 2.99090E+00
0.00000E+00 6.21710E-02 1.23041E-01 2.10288E-01 2.18274E-01 4.44171E-01 5.55262E-01 1.23041E-01 6.21710E-02 0.00000E+00 3.04441E+00
5.55112E-17 6.85797E-02 1.28646E-01 2.14422E-01 2.22930E-01 4.50225E-01 5.64592E-01 1.28646E-01 6.85797E-02 5.55112E-17 3.07463E+00
2.11174E-03 7.01317E-02 1.29964E-01 2.15315E-01 2.23969E-01 4.51636E-01 5.66934E-01 1.29964E-01 7.01317E-02 2.11174E-03 3.07830E+00
1.27097E-02 7.81130E-02 1.36831E-01 2.20165E-01 2.29502E-01 4.58829E-01 5.78486E-01 1.36831E-01 7.81130E-02 1.27097E-02 3.07992E+00
2.27956E-02 8.56671E-02 1.43264E-01 2.24588E-01 2.34575E-01 4.65343E-01 5.89234E-01 1.43264E-01 8.56671E-02 2.27956E-02 3.06470E+00
3.21461E-02 9.25641E-02 1.49032E-01 2.28352E-01 2.38958E-01 4.70954E-01 5.98955E-01 1.49032E-01 9.25641E-02 3.21461E-02 3.03658E+00
4.07681E-02 9.88079E-02 1.54141E-01 2.31462E-01 2.42655E-01 4.75671E-01 6.07653E-01 1.54141E-01 9.88079E-02 4.07681E-02 2.99701E+00
4.86671E-02 1.04403E-01 1.58594E-01 2.33923E-01 2.45672E-01 4.79496E-01 6.15324E-01 1.58594E-01 1.04403E-01 4.86671E-02 2.94718E+00
5.58641E-02 1.09368E-01 1.62411E-01 2.35758E-01 2.48028E-01 4.82454E-01 6.21987E-01 1.62411E-01 1.09368E-01 5.58641E-02 2.88846E+00
6.23852E-02 1.13726E-01 1.65617E-01 2.36993E-01 2.49750E-01 4.84575E-01 6.27667E-01 1.65617E-01 1.13726E-01 6.23852E-02 2.82217E+00
6.82507E-02 1.17496E-01 1.68231E-01 2.37647E-01 2.50858E-01 4.85881E-01 6.32383E-01 1.68231E-01 1.17496E-01 6.82507E-02 2.74949E+00
7.34825E-02 1.20698E-01 1.70275E-01 2.37745E-01 2.51374E-01 4.86397E-01 6.36153E-01 1.70275E-01 1.20698E-01 7.34825E-02 2.67151E+00
7.81039E-02 1.23355E-01 1.71772E-01 2.37312E-01 2.51324E-01 4.86150E-01 6.38999E-01 1.71772E-01 1.23355E-01 7.81039E-02 2.58925E+00
8.21397E-02 1.25490E-01 1.72746E-01 2.36372E-01 2.50733E-01 4.85169E-01 6.40945E-01 1.72746E-01 1.25490E-01 8.21397E-02 2.50369E+00
8.56156E-02 1.27127E-01 1.73223E-01 2.34954E-01 2.49629E-01 4.83484E-01 6.42016E-01 1.73223E-01 1.27127E-01 8.56156E-02 2.41570E+00
8.85586E-02 1.28292E-01 1.73230E-01 2.33086E-01 2.48039E-01 4.81127E-01 6.42240E-01 1.73230E-01 1.28292E-01 8.85586E-02 2.32609E+00
9.09962E-02 1.29012E-01 1.72794E-01 2.30797E-01 2.45994E-01 4.78129E-01 6.41645E-01 1.72794E-01 1.29012E-01 9.09962E-02 2.23559E+00
9.29567E-02 1.29313E-01 1.71943E-01 2.28116E-01 2.43523E-01 4.74526E-01 6.40262E-01 1.71943E-01 1.29313E-01 9.29567E-02 2.14484E+00
9.44611E-02 1.29216E-01 1.70700E-01 2.25069E-01 2.40650E-01 4.70342E-01 6.38109E-01 1.70700E-01 1.29216E-01 9.44611E-02 2.05446E+00
9.55440E-02 1.28754E-01 1.69099E-01 2.21689E-01 2.37412E-01 4.65619E-01 6.35228E-01 1.69099E-01 1.28754E-01 9.55440E-02 1.96495E+00
0.00000E+00 0.00000E+00 6.55265E-02 1.61051E-01 1.66582E-01 3.94746E-01 4.90503E-01 6.55265E-02 0.00000E+00 0.00000E+00 2.31126E+00
0.00000E+00 9.97387E-03 7.42930E-02 1.67482E-01 1.74034E-01 4.04886E-01 5.06342E-01 7.42930E-02 9.97387E-03 0.00000E+00 2.43492E+00
0.00000E+00 1.98587E-02 8.29920E-02 1.73915E-01 1.81419E-01 4.14623E-01 5.21487E-01 8.29920E-02 1.98587E-02 0.00000E+00 2.52854E+00
0.00000E+00 2.90194E-02 9.09805E-02 1.79689E-01 1.88088E-01 4.23360E-01 5.35394E-01 9.09805E-02 2.90194E-02 0.00000E+00 2.60116E+00
0.00000E+00 3.75189E-02 9.83191E-02 1.84858E-01 1.94098E-01 4.31176E-01 5.48164E-01 9.83191E-02 3.75189E-02 0.00000E+00 2.65494E+00
0.00000E+00 4.53712E-02 1.05020E-01 1.89432E-01 1.99461E-01 4.38091E-01 5.59819E-01 1.05020E-01 4.53712E-02 0.00000E+00 2.69121E+00
0.00000E+00 5.26246E-02 1.11131E-01 1.93453E-01 2.04221E-01 4.44172E-01 5.70443E-01 1.11131E-01 5.26246E-02 0.00000E+00 2.71222E+00
1.11022E-16 5.78772E-02 1.15503E-01 1.96231E-01 2.07542E-01 4.48375E-01 5.78042E-01 1.15503E-01 5.78772E-02 1.11022E-16 2.71982E+00
1.75907E-03 5.91369E-02 1.16507E-01 1.96776E-01 2.08237E-01 4.49292E-01 5.79917E-01 1.16507E-01 5.91369E-02 1.75907E-03 2.71787E+00
1.05618E-02 6.56083E-02 1.21765E-01 1.99862E-01 2.12017E-01 4.54016E-01 5.89109E-01 1.21765E-01 6.56083E-02 1.05618E-02 2.69589E+00
1.88827E-02 7.16803E-02 1.26620E-01 2.02566E-01 2.15369E-01 4.58089E-01 5.97476E-01 1.26620E-01 7.16803E-02 1.88827E-02 2.66133E+00
2.65448E-02 7.71696E-02 1.30890E-01 2.04703E-01 2.18110E-01 4.61332E-01 6.04844E-01 1.30890E-01 7.71696E-02 2.65448E-02 2.61763E+00
3.35626E-02 8.20877E-02 1.34586E-01 2.06284E-01 2.20251E-01 4.63762E-01 6.11225E-01 1.34586E-01 8.20877E-02 3.35626E-02 2.56601E+00
3.99482E-02 8.64453E-02 1.37719E-01 2.07323E-01 2.21806E-01 4.65391E-01 6.16624E-01 1.37719E-01 8.64453E-02 3.99482E-02 2.50752E+00
4.57270E-02 9.02652E-02 1.40314E-01 2.07846E-01 2.22799E-01 4.66247E-01 6.21067E-01 1.40314E-01 9.02652E-02 4.57270E-02 2.44329E+00
5.09274E-02 9.35731E-02 1.42398E-01 2.07880E-01 2.23259E-01 4.66366E-01 6.24585E-01 1.42398E-01 9.35731E-02 5.09274E-02 2.37436E+00
5.55724E-02 9.63902E-02 1.43991E-01 2.07448E-01 2.23210E-01 4.65773E-01 6.27201E-01 1.43991E-01 9.63902E-02 5.55724E-02 2.30165E+00
5.96854E-02 9.87383E-02 1.45118E-01 2.06575E-01 2.22676E-01 4.64497E-01 6.28938E-01 1.45118E-01 9.87383E-02 5.96854E-02 2.22602E+00
6.32907E-02 1.00640E-01 1.45803E-01 2.05286E-01 2.21684E-01 4.62566E-01 6.29821E-01 1.45803E-01 1.00640E-01 6.32907E-02 2.14824E+00
6.64127E-02 1.02118E-01 1.46068E-01 2.03606E-01 2.20259E-01 4.60012E-01 6.29878E-01 1.46068E-01 1.02118E-01 6.64127E-02 2.06903E+00
6.90767E-02 1.03197E-01 1.45940E-01 2.01563E-01 2.18428E-01 4.56865E-01 6.29135E-01 1.45940E-01 1.03197E-01 6.90767E-02 1.98903E+00
7.13079E-02 1.03900E-01 1.45443E-01 1.99182E-01 2.16219E-01 4.53155E-01 6.27622E-01 1.45443E-01 1.03900E-01 7.13079E-02 1.90880E+00
7.31319E-02 1.04251E-01 1.44602E-01 1.96489E-01 2.13658E-01 4.48917E-01 6.25369E-01 1.44602E-01 1.04251E-01 7.31319E-02 1.82887E+00
7.45741E-02 1.04275E-01 1.43444E-01 1.93512E-01 2.10775E-01 4.44181E-01 6.22406E-01 1.43444E-01 1.04275E-01 7.45741E-02 1.74968E+00
7.56539E-02 1.03990E-01 1.41987E-01 1.90272E-01 2.07590E-01 4.38974E-01 6.18753E-01 1.41987E-01 1.03990E-01 7.56539E-02 1.67163E+00
7.64011E-02 1.03425E-01 1.40261E-01 1.86799E-01 2.04136E-01 4.33332E-01 6.14451E-01 1.40261E-01 1.03425E-01 7.64011E-02 1.59507E+00
0.00000E+00 0.00000E+00 6.35758E-02 1.54514E-01 1.63365E-01 4.07673E-01 5.19338E-01 6.35758E-02 0.00000E+00 0.00000E+00 2.19694E+00
0.00000E+00 8.53401E-03 7.07643E-02 1.59124E-01 1.69074E-01 4.15338E-01 5.33016E-01 7.07643E-02 8.53401E-03 0.00000E+00 2.27523E+00
0.00000E+00 1.69175E-02 7.78327E-02 1.63707E-01 1.74664E-01 4.22562E-01 5.45892E-01 7.78327E-02 1.69175E-02 0.00000E+00 2.32875E+00
0.00000E+00 2.46170E-02 8.42381E-02 1.67700E-01 1.79585E-01 4.28840E-01 5.57529E-01 8.42381E-02 2.46170E-02 0.00000E+00 2.36549E+00
0.00000E+00 3.16978E-02 9.00430E-02 1.71157E-01 1.83898E-01 4.34256E-01 5.68030E-01 9.00430E-02 3.16978E-02 0.00000E+00 2.38740E+00
0.00000E+00 3.81797E-02 9.52655E-02 1.74093E-01 1.87619E-01 4.38832E-01 5.77426E-01 9.52655E-02 3.81797E-02 0.00000E+00 2.39576E+00
0.00000E+00 4.41136E-02 9.99542E-02 1.76550E-01 1.90797E-01 4.42636E-01 5.85806E-01 9.99542E-02 4.41136E-02 0.00000E+00 2.39251E+00
0.00000E+00 4.83787E-02 1.03264E-01 1.78166E-01 1.92931E-01 4.45119E-01 5.91681E-01 1.03264E-01 4.83787E-02 0.00000E+00 2.38351E+00
1.45214E-03 4.93910E-02 1.04000E-01 1.78416E-01 1.93322E-01 4.45577E-01 5.93089E-01 1.04000E-01 4.93910E-02 1.45214E-03 2.37758E+00
8.69728E-03 5.45856E-02 1.07884E-01 1.80011E-01 1.95560E-01 4.48024E-01 5.99942E-01 1.07884E-01 5.45856E-02 8.69728E-03 2.33926E+00
1.54970E-02 5.94128E-02 1.11404E-01 1.81277E-01 1.97410E-01 4.49857E-01 6.05960E-01 1.11404E-01 5.94128E-02 1.54970E-02 2.29186E+00
2.17120E-02 6.37272E-02 1.14415E-01 1.82066E-01 1.98725E-01 4.50936E-01 6.11009E-01 1.14415E-01 6.37272E-02 2.17120E-02 2.23827E+00
2.73606E-02 6.75444E-02 1.16931E-01 1.82395E-01 1.99524E-01 4.51283E-01 6.15108E-01 1.16931E-01 6.75444E-02 2.73606E-02 2.17951E+00
3.24589E-02 7.08785E-02 1.18968E-01 1.82280E-01 1.99823E-01 4.50916E-01 6.18268E-01 1.18968E-01 7.08785E-02 3.24589E-02 2.11643E+00
3.70332E-02 7.37535E-02 1.20551E-01 1.81746E-01 1.99649E-01 4.49865E-01 6.20519E-01 1.20551E-01 7.37535E-02 3.70332E-02 2.04992E+00
4.11126E-02 7.61956E-02 1.21708E-01 1.80822E-01 1.99031E-01 4.48167E-01 6.21895E-01 1.21708E-01 7.61956E-02 4.11126E-02 1.98079E+00
4.47204E-02 7.82262E-02 1.22461E-01 1.79530E-01 1.97995E-01 4.45851E-01 6.22424E-01 1.22461E-01 7.82262E-02 4.47204E-02 1.90975E+00
4.78802E-02 7.98672E-02 1.22832E-01 1.77896E-01 1.96565E-01 4.42945E-01 6.22131E-01 1.22832E-01 7.98672E-02 4.78802E-02 1.83744E+00
5.06156E-02 8.11404E-02 1.22845E-01 1.75941E-01 1.94766E-01 4.39480E-01 6.21046E-01 1.22845E-01 8.11404E-02 5.06156E-02 1.76444E+00
5.29502E-02 8.20680E-02 1.22523E-01 1.73691E-01 1.92626E-01 4.35487E-01 6.19196E-01 1.22523E-01 8.20680E-02 5.29502E-02 1.69129E+00
5.49077E-02 8.26721E-02 1.21889E-01 1.71171E-01 1.90169E-01 4.30996E-01 6.16612E-01 1.21889E-01 8.26721E-02 5.49077E-02 1.61843E+00
5.65116E-02 8.29747E-02 1.20967E-01 1.68402E-01 1.87421E-01 4.26039E-01 6.13324E-01 1.20967E-01 8.29747E-02 5.65116E-02 1.54628E+00
5.77853E-02 8.29977E-02 1.19779E-01 1.65410E-01 1.84407E-01 4.20647E-01 6.09363E-01 1.19779E-01 8.29977E-02 5.77853E-02 1.47520E+00
5.87517E-02 8.27625E-02 1.18348E-01 1.62218E-01 1.81153E-01 4.14851E-01 6.04762E-01 1.18348E-01 8.27625E-02 5.87517E-02 1.40548E+00
5.94286E-02 8.22866E-02 1.16692E-01 1.58845E-01 1.77681E-01 4.08677E-01 5.99541E-01 1.16692E-01 8.22866E-02 5.94286E-02 1.33741E+00
5.98418E-02 8.15938E-02 1.14837E-01 1.55316E-01 1.74016E-01 4.02159E-01 5.93742E-01 1.14837E-01 8.15938E-02 5.98418E-02 1.27119E+00
0.00000E+00 0.00000E+00 6.13460E-02 1.46737E-01 1.59994E-01 4.18266E-01 5.48076E-01 6.13460E-02 0.00000E+00 0.00000E+00 2.04549E+00
0.00000E+00 7.24437E-03 6.71049E-02 1.49714E-01 1.64059E-01 4.23520E-01 5.59477E-01 6.71049E-02 7.24437E-03 0.00000E+00 2.08865E+00
0.00000E+00 1.43155E-02 7.27317E-02 1.52682E-01 1.67999E-01 4.28342E-01 5.70024E-01 7.27317E-02 1.43155E-02 0.00000E+00 2.11240E+00
0.00000E+00 2.07673E-02 7.77696E-02 1.55156E-01 1.71347E-01 4.32309E-01 5.79363E-01 7.77696E-02 2.07673E-02 0.00000E+00 2.12354E+00
0.00000E+00 2.66632E-02 8.22783E-02 1.57187E-01 1.74162E-01 4.35497E-01 5.87599E-01 8.22783E-02 2.66632E-02 0.00000E+00 2.12367E+00
0.00000E+00 3.20251E-02 8.62779E-02 1.58790E-01 1.76464E-01 4.37933E-01 5.94768E-01 8.62779E-02 3.20251E-02 0.00000E+00 2.11388E+00
0.00000E+00 3.69024E-02 8.98149E-02 1.60004E-01 1.78297E-01 4.39681E-01 6.00957E-01 8.98149E-02 3.69024E-02 0.00000E+00 2.09574E+00
0.00000E+00 4.03896E-02 9.22779E-02 1.60713E-01 1.79439E-01 4.40624E-01 6.05161E-01 9.22779E-02 4.03896E-02 0.00000E+00 2.07708E+00
1.20368E-03 4.12110E-02 9.28039E-02 1.60738E-01 1.79579E-01 4.40672E-01 6.06114E-01 9.28039E-02 4.12110E-02 1.20368E-03 2.06905E+00
7.19678E-03 4.54236E-02 9.56198E-02 1.61202E-01 1.80553E-01 4.41104E-01 6.10716E-01 9.56198E-02 4.54236E-02 7.19678E-03 2.02293E+00
1.27935E-02 4.93118E-02 9.81221E-02 1.61405E-01 1.81194E-01 4.40979E-01 6.14495E-01 9.81221E-02 4.93118E-02 1.27935E-02 1.97053E+00
1.78829E-02 5.27590E-02 1.00193E-01 1.61224E-01 1.81385E-01 4.40186E-01 6.17346E-01 1.00193E-01 5.27590E-02 1.78829E-02 1.91423E+00
2.24840E-02 5.57813E-02 1.01849E-01 1.60677E-01 1.81145E-01 4.38748E-01 6.19291E-01 1.01849E-01 5.57813E-02 2.24840E-02 1.85479E+00
2.66136E-02 5.83938E-02 1.03107E-01 1.59781E-01 1.80492E-01 4.36685E-01 6.20346E-01 1.03107E-01 5.83938E-02 2.66136E-02 1.79285E+00
3.02969E-02 6.06193E-02 1.03989E-01 1.58559E-01 1.79451E-01 4.34028E-01 6.20542E-01 1.03989E-01 6.06193E-02 3.02969E-02 1.72908E+00
3.35611E-02 6.24820E-02 1.04522E-01 1.57036E-01 1.78052E-01 4.30813E-01 6.19917E-01 1.04522E-01 6.24820E-02 3.35611E-02 1.66406E+00
3.64279E-02 6.40020E-02 1.04726E-01 1.55233E-01 1.76317E-01 4.27068E-01 6.18498E-01 1.04726E-01 6.40020E-02 3.64279E-02 1.59831E+00
3.89192E-02 6.51992E-02 1.04623E-01 1.53171E-01 1.74271E-01 4.22823E-01 6.16314E-01 1.04623E-01 6.51992E-02 3.89192E-02 1.53229E+00
4.10565E-02 6.60934E-02 1.04232E-01 1.50872E-01 1.71937E-01 4.18106E-01 6.13395E-01 1.04232E-01 6.60934E-02 4.10565E-02 1.46641E+00
4.28611E-02 6.67045E-02 1.03576E-01 1.48357E-01 1.69339E-01 4.12949E-01 6.09771E-01 1.03576E-01 6.67045E-02 4.28611E-02 1.40105E+00
4.43542E-02 6.70519E-02 1.02674E-01 1.45646E-01 1.66500E-01 4.07379E-01 6.05473E-01 1.02674E-01 6.70519E-02 4.43542E-02 1.33653E+00
4.55565E-02 6.71550E-02 1.01547E-01 1.42759E-01 1.63444E-01 4.01428E-01 6.00534E-01 1.01547E-01 6.71550E-02 4.55565E-02 1.27313E+00
4.64884E-02 6.70327E-02 1.00214E-01 1.39717E-01 1.60192E-01 3.95125E-01 5.94984E-01 1.00214E-01 6.70327E-02 4.64884E-02 1.21109E+00
4.71699E-02 6.67037E-02 9.86954E-02 1.36539E-01 1.56767E-01 3.88499E-01 5.88856E-01 9.86954E-02 6.67037E-02 4.71699E-02 1.15062E+00
4.76167E-02 6.61828E-02 9.70072E-02 1.33241E-01 1.53189E-01 3.81575E-01 5.82175E-01 9.70072E-02 6.61828E-02 4.76167E-02 1.09192E+00
4.78507E-02 6.54903E-02 9.51700E-02 1.29844E-01 1.49480E-01 3.74386E-01 5.74980E-01 9.51700E-02 6.54903E-02 4.78507E-02 1.03511E+00
0.00000E+00 0.00000E+00 5.87027E-02 1.37392E-01 1.56121E-01 4.26632E-01 5.75977E-01 5.87027E-02 0.00000E+00 0.00000E+00 1.87615E+00
0.00000E+00 6.08728E-03 6.31758E-02 1.38969E-01 1.58634E-01 4.29583E-01 5.85026E-01 6.31758E-02 6.08728E-03 0.00000E+00 1.89229E+00
0.00000E+00 1.19898E-02 6.75179E-02 1.40563E-01 1.61033E-01 4.32130E-01 5.93189E-01 6.75179E-02 1.19898E-02 0.00000E+00 1.89354E+00
0.00000E+00 1.73379E-02 7.13462E-02 1.41760E-01 1.62924E-01 4.33916E-01 6.00190E-01 7.13462E-02 1.73379E-02 0.00000E+00 1.88559E+00
0.00000E+00 2.21906E-02 7.47156E-02 1.42604E-01 1.64361E-01 4.35012E-01 6.06130E-01 7.47156E-02 2.21906E-02 0.00000E+00 1.86970E+00
0.00000E+00 2.65706E-02 7.76463E-02 1.43110E-01 1.65364E-01 4.35443E-01 6.11045E-01 7.76463E-02 2.65706E-02 0.00000E+00 1.84677E+00
0.00000E+00 3.05239E-02 8.01811E-02 1.43308E-01 1.65975E-01 4.35269E-01 6.15021E-01 8.01811E-02 3.05239E-02 0.00000E+00 1.81801E+00
0.00000E+00 3.33319E-02 8.19094E-02 1.43281E-01 1.66217E-01 4.34775E-01 6.17540E-01 8.19094E-02 3.33319E-02 0.00000E+00 1.79257E+00
9.84494E-04 3.39870E-02 8.22543E-02 1.43128E-01 1.66129E-01 4.34439E-01 6.18031E-01 8.22543E-02 3.39870E-02 9.84494E-04 1.78314E+00
5.87353E-03 3.73435E-02 8.41472E-02 1.42686E-01 1.65964E-01 4.32995E-01 6.20364E-01 8.41472E-02 3.73435E-02 5.87353E-03 1.73221E+00
1.04104E-02 4.04133E-02 8.57720E-02 1.42041E-01 1.65521E-01 4.31050E-01 6.21889E-01 8.57720E-02 4.04133E-02 1.04104E-02 1.67714E+00
1.45081E-02 4.31041E-02 8.70349E-02 1.41097E-01 1.64706E-01 4.28516E-01 6.22526E-01 8.70349E-02 4.31041E-02 1.45081E-02 1.61986E+00
1.81860E-02 4.54326E-02 8.79534E-02 1.39869E-01 1.63541E-01 4.25420E-01 6.22302E-01 8.79534E-02 4.54326E-02 1.81860E-02 1.56095E+00
2.14611E-02 4.74140E-02 8.85434E-02 1.38373E-01 1.62042E-01 4.21783E-01 6.21236E-01 8.85434E-02 4.74140E-02 2.14611E-02 1.50090E+00
2.43575E-02 4.90700E-02 8.88273E-02 1.36631E-01 1.60237E-01 4.17636E-01 6.19361E-01 8.88273E-02 4.90700E-02 2.43575E-02 1.44021E+00
2.69004E-02 5.04231E-02 8.88285E-02 1.34664E-01 1.58151E-01 4.13014E-01 6.16718E-01 8.88285E-02 5.04231E-02 2.69004E-02 1.37930E+00
2.91102E-02 5.14922E-02 8.85663E-02 1.32492E-01 1.55806E-01 4.07946E-01 6.13336E-01 8.85663E-02 5.14922E-02 2.91102E-02 1.31855E+00
3.10073E-02 5.22956E-02 8.80603E-02 1.30133E-01 1.53226E-01 4.02461E-01 6.09246E-01 8.80603E-02 5.22956E-02 3.10073E-02 1.25828E+00
3.26116E-02 5.28518E-02 8.73294E-02 1.27606E-01 1.50432E-01 3.96589E-01 6.04482E-01 8.73294E-02 5.28518E-02 3.26116E-02 1.19881E+00
3.39425E-02 5.31785E-02 8.63924E-02 1.24929E-01 1.47446E-01 3.90357E-01 5.99074E-01 8.63924E-02 5.31785E-02 3.39425E-02 1.14039E+00
3.50192E-02 5.32934E-02 8.52677E-02 1.22120E-01 1.44288E-01 3.83797E-01 5.93056E-01 8.52677E-02 5.32934E-02 3.50192E-02 1.08324E+00
3.58601E-02 5.32136E-02 8.39731E-02 1.19196E-01 1.40981E-01 3.76935E-01 5.86461E-01 8.39731E-02 5.32136E-02 3.58601E-02 1.02756E+00
3.64835E-02 5.29559E-02 8.25262E-02 1.16174E-01 1.37544E-01 3.69801E-01 5.79323E-01 8.25262E-02 5.29559E-02 3.64835E-02 9.73506E-01
3.69069E-02 5.25365E-02 8.09437E-02 1.13069E-01 1.33996E-01 3.62422E-01 5.71676E-01 8.09437E-02 5.25365E-02 3.69069E-02 9.21205E-01
3.71443E-02 5.19687E-02 7.92401E-02 1.09897E-01 1.30355E-01 3.54824E-01 5.63545E-01 7.92401E-02 5.19687E-02 3.71443E-02 8.70793E-01
3.72145E-02 5.12697E-02 7.74327E-02 1.06674E-01 1.26640E-01 3.47036E-01 5.54972E-01 7.74327E-02 5.12697E-02 3.72145E-02 8.22326E-01
0.00000E+00 0.00000E+00 5.56944E-02 1.26829E-01 1.51643E-01 4.32543E-01 6.02521E-01 5.56944E-02 0.00000E+00 0.00000E+00 1.69230E+00
0.00000E+00 5.09316E-03 5.90626E-02 1.27288E-01 1.52735E-01 4.33322E-01 6.09164E-01 5.90626E-02 5.09316E-03 0.00000E+00 1.69015E+00
0.00000E+00 1.00066E-02 6.23178E-02 1.27802E-01 1.53749E-01 4.33749E-01 6.14924E-01 6.23178E-02 1.00066E-02 0.00000E+00 1.67694E+00
0.00000E+00 1.44340E-02 6.51389E-02 1.28016E-01 1.54351E-01 4.33520E-01 6.19581E-01 6.51389E-02 1.44340E-02 0.00000E+00 1.65729E+00
0.00000E+00 1.84284E-02 6.75735E-02 1.27965E-01 1.54586E-01 4.32697E-01 6.23231E-01 6.75735E-02 1.84284E-02 0.00000E+00 1.63213E+00
0.00000E+00 2.20111E-02 6.96404E-02 1.27660E-01 1.54474E-01 4.31304E-01 6.25909E-01 6.96404E-02 2.20111E-02 0.00000E+00 1.60214E+00
0.00000E+00 2.52238E-02 7.13769E-02 1.27126E-01 1.54049E-01 4.29391E-01 6.27700E-01 7.13769E-02 2.52238E-02 0.00000E+00 1.56821E+00
0.00000E+00 2.74927E-02 7.25268E-02 1.26578E-01 1.53537E-01 4.27605E-01 6.28559E-01 7.25268E-02 2.74927E-02 0.00000E+00 1.53984E+00
8.06551E-04 2.80175E-02 7.27314E-02 1.26303E-01 1.53261E-01 4.26925E-01 6.28593E-01 7.27314E-02 2.80175E-02 8.06551E-04 1.53001E+00
4.80296E-03 3.07045E-02 7.39106E-02 1.25240E-01 1.52158E-01 4.23804E-01 6.28699E-01 7.39106E-02 3.07045E-02 4.80296E-03 1.47855E+00
8.49109E-03 3.31415E-02 7.48668E-02 1.24030E-01 1.50836E-01 4.20244E-01 6.28022E-01 7.48668E-02 3.31415E-02 8.49109E-03 1.42447E+00
1.18023E-02 3.52553E-02 7.55249E-02 1.22594E-01 1.49220E-01 4.16177E-01 6.26502E-01 7.55249E-02 3.52553E-02 1.18023E-02 1.36931E+00
1.47551E-02 3.70619E-02 7.59010E-02 1.20945E-01 1.47330E-01 4.11628E-01 6.24170E-01 7.59010E-02 3.70619E-02 1.47551E-02 1.31351E+00
1.73656E-02 3.85756E-02 7.60105E-02 1.19097E-01 1.45184E-01 4.06618E-01 6.21046E-01 7.60105E-02 3.85756E-02 1.73656E-02 1.25743E+00
1.96560E-02 3.98164E-02 7.58737E-02 1.17070E-01 1.42805E-01 4.01181E-01 6.17167E-01 7.58737E-02 3.98164E-02 1.96560E-02 1.20144E+00
2.16490E-02 4.08047E-02 7.55112E-02 1.14882E-01 1.40217E-01 3.95348E-01 6.12574E-01 7.55112E-02 4.08047E-02 2.16490E-02 1.14585E+00
2.33635E-02 4.15575E-02 7.49407E-02 1.12548E-01 1.37441E-01 3.89148E-01 6.07301E-01 7.49407E-02 4.15575E-02 2.33635E-02 1.09092E+00
2.48178E-02 4.20917E-02 7.41794E-02 1.10085E-01 1.34497E-01 3.82610E-01 6.01379E-01 7.41794E-02 4.20917E-02 2.48178E-02 1.03692E+00
2.60299E-02 4.24235E-02 7.32445E-02 1.07509E-01 1.31404E-01 3.75763E-01 5.94844E-01 7.32445E-02 4.24235E-02 2.60299E-02 9.84039E-01
2.70171E-02 4.25690E-02 7.21522E-02 1.04834E-01 1.28182E-01 3.68634E-01 5.87730E-01 7.21522E-02 4.25690E-02 2.70171E-02 9.32479E-01
2.77965E-02 4.25437E-02 7.09188E-02 1.02076E-01 1.24850E-01 3.61251E-01 5.80071E-01 7.09188E-02 4.25437E-02 2.77965E-02 8.82393E-01
2.83845E-02 4.23629E-02 6.95597E-02 9.92490E-02 1.21426E-01 3.53642E-01 5.71903E-01 6.95597E-02 4.23629E-02 2.83845E-02 8.33911E-01
2.87971E-02 4.20410E-02 6.80900E-02 9.63666E-02 1.17927E-01 3.45834E-01 5.63260E-01 6.80900E-02 4.20410E-02 2.87971E-02 7.87137E-01
2.90495E-02 4.15922E-02 6.65241E-02 9.34422E-02 1.14370E-01 3.37855E-01 5.54179E-01 6.65241E-02 4.15922E-02 2.90495E-02 7.42149E-01
2.91540E-02 4.10281E-02 6.48745E-02 9.04877E-02 1.10771E-01 3.29726E-01 5.44686E-01 6.48745E-02 4.10281E-02 2.91540E-02 6.99038E-01
2.91269E-02 4.03634E-02 6.31556E-02 8.75158E-02 1.07144E-01 3.21477E-01 5.34823E-01 6.31556E-02 4.03634E-02 2.91269E-02 6.57819E-01
0.00000E+00 0.00000E+00 5.23300E-02 1.15360E-01 1.46290E-01 4.36203E-01 6.27312E-01 5.23300E-02 0.00000E+00 0.00000E+00 1.50685E+00
0.00000E+00 4.24812E-03 5.47687E-02 1.14991E-01 1.46100E-01 4.34943E-01 6.31514E-01 5.47687E-02 4.24812E-03 0.00000E+00 1.49324E+00
0.00000E+00 8.32763E-03 5.71186E-02 1.14712E-01 1.45884E-01 4.33396E-01 6.34854E-01 5.71186E-02 8.32763E-03 0.00000E+00 1.47146E+00
0.00000E+00 1.19849E-02 5.91091E-02 1.14218E-01 1.45354E-01 4.31299E-01 6.37158E-01 5.91091E-02 1.19849E-02 0.00000E+00 1.44528E+00
0.00000E+00 1.52665E-02 6.07806E-02 1.13533E-01 1.44547E-01 4.28706E-01 6.38516E-01 6.07806E-02 1.52665E-02 0.00000E+00 1.41533E+00
0.00000E+00 1.81917E-02 6.21494E-02 1.12667E-01 1.43478E-01 4.25636E-01 6.38961E-01 6.21494E-02 1.81917E-02 0.00000E+00 1.38212E+00
0.00000E+00 2.07977E-02 6.32472E-02 1.11637E-01 1.42177E-01 4.22134E-01 6.38575E-01 6.32472E-02 2.07977E-02 0.00000E+00 1.34629E+00
0.00000E+00 2.26274E-02 6.39383E-02 1.10745E-01 1.41035E-01 4.19170E-01 6.37783E-01 6.39383E-02 2.26274E-02 0.00000E+00 1.31718E+00
6.59310E-04 2.30470E-02 6.40331E-02 1.10393E-01 1.40601E-01 4.18175E-01 6.37361E-01 6.40331E-02 2.30470E-02 6.59310E-04 1.30749E+00
3.91875E-03 2.51927E-02 6.46538E-02 1.08934E-01 1.38726E-01 4.13533E-01 6.35257E-01 6.46538E-02 2.51927E-02 3.91875E-03 1.25770E+00
6.90987E-03 2.71217E-02 6.50925E-02 1.07374E-01 1.36691E-01 4.08517E-01 6.32401E-01 6.50925E-02 2.71217E-02 6.90987E-03 1.20633E+00
9.57868E-03 2.87756E-02 6.52888E-02 1.05647E-01 1.34437E-01 4.03071E-01 6.28753E-01 6.52888E-02 2.87756E-02 9.57868E-03 1.15461E+00
1.19425E-02 3.01695E-02 6.52577E-02 1.03766E-01 1.31982E-01 3.97222E-01 6.24344E-01 6.52577E-02 3.01695E-02 1.19425E-02 1.10287E+00
1.40163E-02 3.13169E-02 6.50132E-02 1.01742E-01 1.29341E-01 3.90993E-01 6.19199E-01 6.50132E-02 3.13169E-02 1.40163E-02 1.05141E+00
1.58202E-02 3.22359E-02 6.45734E-02 9.95905E-02 1.26537E-01 3.84413E-01 6.13357E-01 6.45734E-02 3.22359E-02 1.58202E-02 1.00048E+00
1.73749E-02 3.29447E-02 6.39566E-02 9.73279E-02 1.23590E-01 3.77515E-01 6.06860E-01 6.39566E-02 3.29447E-02 1.73749E-02 9.50330E-01
1.86971E-02 3.34589E-02 6.31784E-02 9.49674E-02 1.20518E-01 3.70328E-01 5.99744E-01 6.31784E-02 3.34589E-02 1.86971E-02 9.01155E-01
1.98036E-02 3.37934E-02 6.22542E-02 9.25224E-02 1.17339E-01 3.62877E-01 5.92045E-01 6.22542E-02 3.37934E-02 1.98036E-02 8.53141E-01
2.07104E-02 3.39630E-02 6.11987E-02 9.00061E-02 1.14070E-01 3.55192E-01 5.83799E-01 6.11987E-02 3.39630E-02 2.07104E-02 8.06447E-01
2.14330E-02 3.39818E-02 6.00265E-02 8.74311E-02 1.10729E-01 3.47299E-01 5.75043E-01 6.00265E-02 3.39818E-02 2.14330E-02 7.61208E-01
2.19864E-02 3.38636E-02 5.87513E-02 8.48095E-02 1.07330E-01 3.39225E-01 5.65812E-01 5.87513E-02 3.38636E-02 2.19864E-02 7.17532E-01
2.23851E-02 3.36217E-02 5.73865E-02 8.21532E-02 1.03889E-01 3.30996E-01 5.56144E-01 5.73865E-02 3.36217E-02 2.23851E-02 6.75506E-01
2.26429E-02 3.32688E-02 5.59450E-02 7.94732E-02 1.00422E-01 3.22639E-01 5.46076E-01 5.59450E-02 3.32688E-02 2.26429E-02 6.35195E-01
2.27733E-02 3.28170E-02 5.44388E-02 7.67803E-02 9.69406E-02 3.14177E-01 5.35643E-01 5.44388E-02 3.28170E-02 2.27733E-02 5.96641E-01
2.27870E-02 3.22766E-02 5.28788E-02 7.40843E-02 9.34589E-02 3.05635E-01 5.24877E-01 5.28788E-02 3.22766E-02 2.27870E-02 5.59902E-01
2.26976E-02 3.16598E-02 5.12767E-02 7.13951E-02 8.99890E-02 2.97037E-01 5.13818E-01 5.12767E-02 3.16598E-02 2.26976E-02 5.24965E-01
0.00000E+00 0.00000E+00 4.86887E-02 1.03613E-01 1.39830E-01 4.37620E-01 6.50016E-01 4.86887E-02 0.00000E+00 0.00000E+00 1.32863E+00
0.00000E+00 3.54564E-03 5.03720E-02 1.02685E-01 1.38532E-01 4.34463E-01 6.51748E-01 5.03720E-02 3.54564E-03 0.00000E+00 1.30895E+00
0.00000E+00 6.93653E-03 5.19922E-02 1.01873E-01 1.37268E-01 4.31093E-01 6.52657E-01 5.19922E-02 6.93653E-03 0.00000E+00 1.28317E+00
0.00000E+00 9.96199E-03 5.33202E-02 1.00913E-01 1.35787E-01 4.27280E-01 6.52602E-01 5.33202E-02 9.96199E-03 0.00000E+00 1.25434E+00
0.00000E+00 1.26626E-02 5.43891E-02 9.98231E-02 1.34117E-01 4.23067E-01 6.51668E-01 5.43891E-02 1.26626E-02 0.00000E+00 1.22288E+00
0.00000E+00 1.50555E-02 5.52128E-02 9.86083E-02 1.32270E-01 4.18472E-01 6.49888E-01 5.52128E-02 1.50555E-02 0.00000E+00 1.18919E+00
0.00000E+00 1.71732E-02 5.58175E-02 9.72806E-02 1.30266E-01 4.13530E-01 6.47337E-01 5.58175E-02 1.71732E-02 0.00000E+00 1.15372E+00
0.00000E+00 1.86513E-02 5.61578E-02 9.61871E-02 1.28626E-01 4.09503E-01 6.44908E-01 5.61578E-02 1.86513E-02 0.00000E+00 1.12536E+00
5.39718E-04 1.89872E-02 5.61703E-02 9.57969E-02 1.28071E-01 4.08224E-01 6.44030E-01 5.61703E-02 1.89872E-02 5.39718E-04 1.11614E+00
3.20189E-03 2.07032E-02 5.63711E-02 9.41239E-02 1.25599E-01 4.02217E-01 6.39739E-01 5.63711E-02 2.07032E-02 3.20189E-03 1.06939E+00
5.63114E-03 2.22314E-02 5.64261E-02 9.23859E-02 1.23027E-01 3.95902E-01 6.34739E-01 5.64261E-02 2.22314E-02 5.63114E-03 1.02171E+00
7.78498E-03 2.35255E-02 5.62864E-02 9.05274E-02 1.20304E-01 3.89235E-01 6.29000E-01 5.62864E-02 2.35255E-02 7.78498E-03 9.74107E-01
9.67935E-03 2.45994E-02 5.59654E-02 8.85587E-02 1.17446E-01 3.82241E-01 6.22560E-01 5.59654E-02 2.45994E-02 9.67935E-03 9.26854E-01
1.13281E-02 2.54657E-02 5.54760E-02 8.64905E-02 1.14469E-01 3.74944E-01 6.15444E-01 5.54760E-02 2.54657E-02 1.13281E-02 8.80183E-01
1.27495E-02 2.61407E-02 5.48342E-02 8.43357E-02 1.11390E-01 3.67373E-01 6.07694E-01 5.48342E-02 2.61407E-02 1.27495E-02 8.34308E-01
1.39617E-02 2.66407E-02 5.40556E-02 8.21070E-02 1.08226E-01 3.59559E-01 5.99357E-01 5.40556E-02 2.66407E-02 1.39617E-02 7.89409E-01
1.49803E-02 2.69798E-02 5.31542E-02 7.98159E-02 1.04994E-01 3.51528E-01 5.90468E-01 5.31542E-02 2.69798E-02 1.49803E-02 7.45650E-01
1.58199E-02 2.71714E-02 5.21434E-02 7.74736E-02 1.01708E-01 3.43308E-01 5.81067E-01 5.21434E-02 2.71714E-02 1.58199E-02 7.03175E-01
1.64950E-02 2.72285E-02 5.10359E-02 7.50909E-02 9.83829E-02 3.34924E-01 5.71191E-01 5.10359E-02 2.72285E-02 1.64950E-02 6.62104E-01
1.70192E-02 2.71638E-02 4.98443E-02 7.26784E-02 9.50323E-02 3.26403E-01 5.60880E-01 4.98443E-02 2.71638E-02 1.70192E-02 6.22535E-01
1.74059E-02 2.69894E-02 4.85804E-02 7.02460E-02 9.16695E-02 3.17771E-01 5.50170E-01 4.85804E-02 2.69894E-02 1.74059E-02 5.84545E-01
1.76677E-02 2.67168E-02 4.72556E-02 6.78033E-02 8.83068E-02 3.09052E-01 5.39102E-01 4.72556E-02 2.67168E-02 1.76677E-02 5.48190E-01
1.78167E-02 2.63571E-02 4.58806E-02 6.53593E-02 8.49558E-02 3.00269E-01 5.27712E-01 4.58806E-02 2.63571E-02 1.78167E-02 5.13506E-01
1.78644E-02 2.59209E-02 4.44656E-02 6.29225E-02 8.16273E-02 2.91447E-01 5.16037E-01 4.44656E-02 2.59209E-02 1.78644E-02 4.80512E-01
1.78203E-02 2.54169E-02 4.30198E-02 6.05012E-02 7.83320E-02 2.82608E-01 5.04112E-01 4.30198E-02 2.54169E-02 1.78203E-02 4.49240E-01
1.76959E-02 2.48556E-02 4.15524E-02 5.81027E-02 7.50789E-02 2.73774E-01 4.91975E-01 4.15524E-02 2.48556E-02 1.76959E-02 4.19657E-01
0.00000E+00 0.00000E+00 4.47919E-02 9.19027E-02 1.32057E-01 4.36808E-01 6.70614E-01 4.47919E-02 0.00000E+00 0.00000E+00 1.16157E+00
0.00000E+00 2.96692E-03 4.58770E-02 9.06445E-02 1.29835E-01 4.31877E-01 6.69812E-01 4.58770E-02 2.96692E-03 0.00000E+00 1.13989E+00
0.00000E+00 5.79319E-03 4.69238E-02 8.95176E-02 1.27714E-01 4.26817E-01 6.68243E-01 4.69238E-02 5.79319E-03 0.00000E+00 1.11344E+00
0.00000E+00 8.30317E-03 4.77365E-02 8.82934E-02 1.25469E-01 4.21419E-01 6.65792E-01 4.77365E-02 8.30317E-03 0.00000E+00 1.08470E+00
0.00000E+00 1.05320E-02 4.83419E-02 8.69833E-02 1.23117E-01 4.15718E-01 6.62535E-01 4.83419E-02 1.05320E-02 0.00000E+00 1.05399E+00
0.00000E+00 1.24948E-02 4.87513E-02 8.55900E-02 1.20668E-01 4.09727E-01 6.58506E-01 4.87513E-02 1.24948E-02 0.00000E+00 1.02161E+00
0.00000E+00 1.42202E-02 4.89862E-02 8.41213E-02 1.18133E-01 4.03476E-01 6.53775E-01 4.89862E-02 1.42202E-02 0.00000E+00 9.87939E-01
2.77556E-17 1.54170E-02 4.90665E-02 8.29407E-02 1.16125E-01 3.98487E-01 6.49703E-01 4.90665E-02 1.54170E-02 2.77556E-17 9.61235E-01
4.42816E-04 1.56864E-02 4.90197E-02 8.25403E-02 1.15483E-01 3.96950E-01 6.48367E-01 4.90197E-02 1.56864E-02 4.42816E-04 9.52679E-01
2.62201E-03 1.70610E-02 4.89161E-02 8.07941E-02 1.12586E-01 3.89716E-01 6.41891E-01 4.89161E-02 1.70610E-02 2.62201E-03 9.09668E-01
4.59906E-03 1.82728E-02 4.86977E-02 7.90082E-02 1.09644E-01 3.82241E-01 6.34757E-01 4.86977E-02 1.82728E-02 4.59906E-03 8.66096E-01
6.34063E-03 1.92851E-02 4.83248E-02 7.71367E-02 1.06615E-01 3.74491E-01 6.26949E-01 4.83248E-02 1.92851E-02 6.34063E-03 8.22827E-01
7.86131E-03 2.01107E-02 4.78095E-02 7.51881E-02 1.03510E-01 3.66490E-01 6.18505E-01 4.78095E-02 2.01107E-02 7.86131E-03 7.80087E-01
9.17385E-03 2.07613E-02 4.71632E-02 7.31718E-02 1.00343E-01 3.58262E-01 6.09455E-01 4.71632E-02 2.07613E-02 9.17385E-03 7.38086E-01
1.02947E-02 2.12514E-02 4.63998E-02 7.10984E-02 9.71296E-02 3.49836E-01 5.99846E-01 4.63998E-02 2.12514E-02 1.02947E-02 6.97007E-01
1.12401E-02 2.15959E-02 4.55330E-02 6.89787E-02 9.38824E-02 3.41239E-01 5.89722E-01 4.55330E-02 2.15959E-02 1.12401E-02 6.57002E-01
1.20240E-02 2.18073E-02 4.45748E-02 6.68222E-02 9.06147E-02 3.32498E-01 5.79124E-01 4.45748E-02 2.18073E-02 1.20240E-02 6.18208E-01
1.26596E-02 2.18976E-02 4.35369E-02 6.46384E-02 8.73385E-02 3.23639E-01 5.68092E-01 4.35369E-02 2.18976E-02 1.26596E-02 5.80743E-01
1.31597E-02 2.18784E-02 4.24303E-02 6.24363E-02 8.40653E-02 3.14686E-01 5.56667E-01 4.24303E-02 2.18784E-02 1.31597E-02 5.44703E-01
1.35364E-02 2.17610E-02 4.12655E-02 6.02247E-02 8.08062E-02 3.05664E-01 5.44888E-01 4.12655E-02 2.17610E-02 1.35364E-02 5.10160E-01
1.38014E-02 2.15560E-02 4.00528E-02 5.80117E-02 7.75713E-02 2.96597E-01 5.32795E-01 4.00528E-02 2.15560E-02 1.38014E-02 4.77169E-01
1.39657E-02 2.12735E-02 3.88016E-02 5.58052E-02 7.43700E-02 2.87508E-01 5.20428E-01 3.88016E-02 2.12735E-02 1.39657E-02 4.45763E-01
1.40399E-02 2.09230E-02 3.75208E-02 5.36124E-02 7.12111E-02 2.78419E-01 5.07825E-01 3.75208E-02 2.09230E-02 1.40399E-02 4.15958E-01
1.40339E-02 2.05135E-02 3.62189E-02 5.14400E-02 6.81026E-02 2.69352E-01 4.95025E-01 3.62189E-02 2.05135E-02 1.40339E-02 3.87754E-01
1.39558E-02 2.00529E-02 3.49033E-02 4.92949E-02 6.50526E-02 2.60327E-01 4.82060E-01 3.49033E-02 2.00529E-02 1.39558E-02 3.61162E-01
1.38155E-02 1.95496E-02 3.35817E-02 4.71826E-02 6.20672E-02 2.51364E-01 4.68971E-01 3.35817E-02 1.95496E-02 1.38155E-02 3.36138E-01
0.00000E+00 0.00000E+00 4.07677E-02 8.09209E-02 1.22917E-01 4.33871E-01 6.88819E-01 4.07677E-02 0.00000E+00 0.00000E+00 1.01266E+00
0.00000E+00 2.49143E-03 4.13925E-02 7.94936E-02 1.19991E-01 4.27299E-01 6.85415E-01 4.13925E-02 2.49143E-03 0.00000E+00 9.91178E-01
0.00000E+00 4.85406E-03 4.19990E-02 7.82007E-02 1.17226E-01 4.20684E-01 6.81319E-01 4.19990E-02 4.85406E-03 0.00000E+00 9.65676E-01
0.00000E+00 6.94115E-03 4.24193E-02 7.68446E-02 1.14420E-01 4.13836E-01 6.76432E-01 4.24193E-02 6.94115E-03 0.00000E+00 9.38240E-01
0.00000E+00 8.78344E-03 4.26750E-02 7.54328E-02 1.11583E-01 4.06778E-01 6.70825E-01 4.26750E-02 8.78344E-03 0.00000E+00 9.09154E-01
0.00000E+00 1.03945E-02 4.27755E-02 7.39665E-02 1.08717E-01 3.99522E-01 6.64530E-01 4.27755E-02 1.03945E-02 0.00000E+00 8.78686E-01
0.00000E+00 1.17998E-02 4.27380E-02 7.24507E-02 1.05829E-01 3.92090E-01 6.57615E-01 4.27380E-02 1.17998E-02 0.00000E+00 8.47179E-01
2.77556E-17 1.27677E-02 4.26293E-02 7.12490E-02 1.03583E-01 3.86238E-01 6.51900E-01 4.26293E-02 1.27677E-02 2.77556E-17 8.22302E-01
3.63515E-04 1.29832E-02 4.25409E-02 7.08544E-02 1.02889E-01 3.84471E-01 6.50107E-01 4.25409E-02 1.29832E-02 3.63515E-04 8.14416E-01
2.14793E-03 1.40811E-02 4.22213E-02 6.91133E-02 9.97377E-02 3.76144E-01 6.41460E-01 4.22213E-02 1.40811E-02 2.14793E-03 7.75034E-01
3.75651E-03 1.50376E-02 4.18129E-02 6.73500E-02 9.65895E-02 3.67646E-01 6.32221E-01 4.18129E-02 1.50376E-02 3.75651E-03 7.35329E-01
5.16334E-03 1.58237E-02 4.12835E-02 6.55268E-02 9.34072E-02 3.58948E-01 6.22382E-01 4.12835E-02 1.58237E-02 5.16334E-03 6.96052E-01
6.38187E-03 1.64515E-02 4.06437E-02 6.36510E-02 9.02009E-02 3.50076E-01 6.11985E-01 4.06437E-02 1.64515E-02 6.38187E-03 6.57415E-01
7.42390E-03 1.69316E-02 3.99038E-02 6.17308E-02 8.69815E-02 3.41051E-01 6.01063E-01 3.99038E-02 1.69316E-02 7.42390E-03 6.19613E-01
8.30427E-03 1.72774E-02 3.90760E-02 5.97757E-02 8.37603E-02 3.31901E-01 5.89665E-01 3.90760E-02 1.72774E-02 8.30427E-03 5.82814E-01
9.03767E-03 1.75021E-02 3.81720E-02 5.77945E-02 8.05477E-02 3.22653E-01 5.77836E-01 3.81720E-02 1.75021E-02 9.03767E-03 5.47151E-01
9.63653E-03 1.76171E-02 3.72022E-02 5.57955E-02 7.73535E-02 3.13331E-01 5.65620E-01 3.72022E-02 1.76171E-02 9.63653E-03 5.12741E-01
1.01127E-02 1.76331E-02 3.61767E-02 5.37867E-02 7.41870E-02 3.03959E-01 5.53059E-01 3.61767E-02 1.76331E-02 1.01127E-02 4.79683E-01
1.04775E-02 1.75606E-02 3.51049E-02 5.17757E-02 7.10568E-02 2.94561E-01 5.40193E-01 3.51049E-02 1.75606E-02 1.04775E-02 4.48051E-01
1.07418E-02 1.74093E-02 3.39957E-02 4.97699E-02 6.79711E-02 2.85161E-01 5.27065E-01 3.39957E-02 1.74093E-02 1.07418E-02 4.17897E-01
1.09158E-02 1.71886E-02 3.28576E-02 4.77759E-02 6.49373E-02 2.75778E-01 5.13714E-01 3.28576E-02 1.71886E-02 1.09158E-02 3.89256E-01
1.10090E-02 1.69074E-02 3.16986E-02 4.58003E-02 6.19621E-02 2.66436E-01 5.00180E-01 3.16986E-02 1.69074E-02 1.10090E-02 3.62141E-01
1.10307E-02 1.65738E-02 3.05259E-02 4.38487E-02 5.90515E-02 2.57154E-01 4.86501E-01 3.05259E-02 1.65738E-02 1.10307E-02 3.36551E-01
1.09893E-02 1.61955E-02 2.93463E-02 4.19266E-02 5.62108E-02 2.47950E-01 4.72716E-01 2.93463E-02 1.61955E-02 1.09893E-02 3.12469E-01
1.08919E-02 1.57793E-02 2.81661E-02 4.00395E-02 5.34462E-02 2.38844E-01 4.58860E-01 2.81661E-02 1.57793E-02 1.08919E-02 2.89890E-01
1.07466E-02 1.53322E-02 2.69911E-02 3.81914E-02 5.07608E-02 2.29854E-01 4.44969E-01 2.69911E-02 1.53322E-02 1.07466E-02 2.68759E-01
0.00000E+00 0.00000E+00 3.66855E-02 7.08613E-02 1.12566E-01 4.28830E-01 7.04318E-01 3.66855E-02 0.00000E+00 0.00000E+00 8.82920E-01
0.00000E+00 2.10573E-03 3.69727E-02 6.93818E-02 1.09162E-01 4.20746E-01 6.98240E-01 3.69727E-02 2.10573E-03 0.00000E+00 8.62979E-01
0.00000E+00 4.09226E-03 3.72569E-02 6.80314E-02 1.05972E-01 4.12712E-01 6.91568E-01 3.72569E-02 4.09226E-03 0.00000E+00 8.39346E-01
0.00000E+00 5.83657E-03 3.73931E-02 6.66392E-02 1.02811E-01 4.04545E-01 6.84211E-01 3.73931E-02 5.83657E-03 0.00000E+00 8.13852E-01
0.00000E+00 7.36600E-03 3.73990E-02 6.52105E-02 9.96798E-02 3.96262E-01 6.76232E-01 3.73990E-02 7.36600E-03 0.00000E+00 7.86798E-01
0.00000E+00 8.69306E-03 3.72825E-02 6.37461E-02 9.65796E-02 3.87871E-01 6.67664E-01 3.72825E-02 8.69306E-03 0.00000E+00 7.58468E-01
0.00000E+00 9.84062E-03 3.70577E-02 6.22496E-02 9.35091E-02 3.79387E-01 6.58569E-01 3.70577E-02 9.84062E-03 0.00000E+00 7.29215E-01
2.77556E-17 1.06246E-02 3.68216E-02 6.10730E-02 9.11524E-02 3.72772E-01 6.51225E-01 3.68216E-02 1.06246E-02 2.77556E-17 7.06159E-01
2.99498E-04 1.07970E-02 3.67069E-02 6.06950E-02 9.04401E-02 3.70801E-01 6.48979E-01 3.67069E-02 1.07970E-02 2.99498E-04 6.98908E-01
1.76571E-03 1.16742E-02 3.62480E-02 5.90129E-02 8.71958E-02 3.61517E-01 6.38193E-01 3.62480E-02 1.16742E-02 1.76571E-03 6.62887E-01
3.07843E-03 1.24280E-02 3.57215E-02 5.73205E-02 8.39942E-02 3.52132E-01 6.26896E-01 3.57215E-02 1.24280E-02 3.07843E-03 6.26697E-01
4.21774E-03 1.30360E-02 3.51013E-02 5.55868E-02 8.08026E-02 3.42624E-01 6.15087E-01 3.51013E-02 1.30360E-02 4.21774E-03 5.91009E-01
5.19610E-03 1.35094E-02 3.43967E-02 5.38185E-02 7.76281E-02 3.33015E-01 6.02808E-01 3.43967E-02 1.35094E-02 5.19610E-03 5.56033E-01
6.02450E-03 1.38582E-02 3.36171E-02 5.20231E-02 7.44793E-02 3.23327E-01 5.90099E-01 3.36171E-02 1.38582E-02 6.02450E-03 5.21958E-01
6.71638E-03 1.40945E-02 3.27730E-02 5.02086E-02 7.13643E-02 3.13587E-01 5.77006E-01 3.27730E-02 1.40945E-02 6.71638E-03 4.88942E-01
7.28500E-03 1.42304E-02 3.18745E-02 4.83830E-02 6.82903E-02 3.03819E-01 5.63579E-01 3.18745E-02 1.42304E-02 7.28500E-03 4.57101E-01
7.74153E-03 1.42759E-02 3.09306E-02 4.65533E-02 6.52643E-02 2.94046E-01 5.49861E-01 3.09306E-02 1.42759E-02 7.74153E-03 4.26540E-01
8.09661E-03 1.42408E-02 2.99498E-02 4.47264E-02 6.22929E-02 2.84289E-01 5.35894E-01 2.99498E-02 1.42408E-02 8.09661E-03 3.97337E-01
8.36032E-03 1.41342E-02 2.89401E-02 4.29089E-02 5.93820E-02 2.74572E-01 5.21720E-01 2.89401E-02 1.41342E-02 8.36032E-03 3.69549E-01
8.54218E-03 1.39650E-02 2.79091E-02 4.11067E-02 5.65372E-02 2.64914E-01 5.07382E-01 2.79091E-02 1.39650E-02 8.54218E-03 3.43210E-01
8.65115E-03 1.37412E-02 2.68637E-02 3.93256E-02 5.37633E-02 2.55336E-01 4.92919E-01 2.68637E-02 1.37412E-02 8.65115E-03 3.18335E-01
8.69563E-03 1.34704E-02 2.58105E-02 3.75707E-02 5.10645E-02 2.45855E-01 4.78370E-01 2.58105E-02 1.34704E-02 8.69563E-03 2.94922E-01
8.68343E-03 1.31598E-02 2.47553E-02 3.58467E-02 4.84446E-02 2.36491E-01 4.63772E-01 2.47553E-02 1.31598E-02 8.68343E-03 2.72952E-01
8.62183E-03 1.28159E-02 2.37035E-02 3.41577E-02 4.59066E-02 2.27258E-01 4.49164E-01 2.37035E-02 1.28159E-02 8.62183E-03 2.52394E-01
8.51689E-03 1.24443E-02 2.26601E-02 3.25083E-02 4.34544E-02 2.18175E-01 4.34578E-01 2.26601E-02 1.24443E-02 8.51689E-03 2.33231E-01
8.37540E-03 1.20510E-02 2.16296E-02 3.09013E-02 4.10892E-02 2.09255E-01 4.20051E-01 2.16296E-02 1.20510E-02 8.37540E-03 2.15395E-01
0.00000E+00 0.00000E+00 3.26399E-02 6.19534E-02 1.01246E-01 4.21817E-01 7.16853E-01 3.26399E-02 0.00000E+00 0.00000E+00 7.73044E-01
0.00000E+00 1.78650E-03 3.26850E-02 6.04742E-02 9.75894E-02 4.12345E-01 7.08024E-01 3.26850E-02 1.78650E-03 0.00000E+00 7.54735E-01
0.00000E+00 3.46111E-03 3.27374E-02 5.91143E-02 9.41864E-02 4.03015E-01 6.98726E-01 3.27374E-02 3.46111E-03 0.00000E+00 7.32852E-01
0.00000E+00 4.92085E-03 3.26720E-02 5.77266E-02 9.08665E-02 3.93652E-01 6.88865E-01 3.26720E-02 4.92085E-03 0.00000E+00 7.09072E-01
0.00000E+00 6.19058E-03 3.25033E-02 5.63154E-02 8.76246E-02 3.84266E-01 6.78501E-01 3.25033E-02 6.19058E-03 0.00000E+00 6.83752E-01
0.00000E+00 7.28218E-03 3.22384E-02 5.48817E-02 8.44582E-02 3.74862E-01 6.67664E-01 3.22384E-02 7.28218E-03 0.00000E+00 6.57218E-01
0.00000E+00 8.21657E-03 3.18890E-02 5.34283E-02 8.13610E-02 3.65447E-01 6.56408E-01 3.18890E-02 8.21657E-03 0.00000E+00 6.29854E-01
8.32667E-17 8.84900E-03 3.15705E-02 5.22929E-02 7.90064E-02 3.58161E-01 6.47460E-01 3.15705E-02 8.84900E-03 8.32667E-17 6.08329E-01
2.46596E-04 8.98598E-03 3.14408E-02 5.19343E-02 7.83056E-02 3.56013E-01 6.44768E-01 3.14408E-02 8.98598E-03 2.46596E-04 6.01614E-01
1.45020E-03 9.68192E-03 3.08979E-02 5.03279E-02 7.51098E-02 3.45900E-01 6.31896E-01 3.08979E-02 9.68192E-03 1.45020E-03 5.68435E-01
2.51962E-03 1.02704E-02 3.03048E-02 4.87202E-02 7.19864E-02 3.35758E-01 6.18609E-01 3.03048E-02 1.02704E-02 2.51962E-03 5.35239E-01
3.43987E-03 1.07343E-02 2.96402E-02 4.70861E-02 6.89061E-02 3.25567E-01 6.04911E-01 2.96402E-02 1.07343E-02 3.43987E-03 5.02635E-01
4.22259E-03 1.10839E-02 2.89127E-02 4.54317E-02 6.58736E-02 3.15350E-01 5.90847E-01 2.89127E-02 1.10839E-02 4.22259E-03 4.70825E-01
4.87803E-03 1.13288E-02 2.81303E-02 4.37641E-02 6.28951E-02 3.05127E-01 5.76457E-01 2.81303E-02 1.13288E-02 4.87803E-03 4.39996E-01
5.41844E-03 1.14800E-02 2.73024E-02 4.20905E-02 5.99759E-02 2.94924E-01 5.61791E-01 2.73024E-02 1.14800E-02 5.41844E-03 4.10288E-01
5.85575E-03 1.15482E-02 2.64376E-02 4.04175E-02 5.71205E-02 2.84760E-01 5.46895E-01 2.64376E-02 1.15482E-02 5.85575E-03 3.81802E-01
6.20004E-03 1.15427E-02 2.55436E-02 3.87514E-02 5.43333E-02 2.74658E-01 5.31813E-01 2.55436E-02 1.15427E-02 6.20004E-03 3.54625E-01
6.46080E-03 1.14720E-02 2.46275E-02 3.70980E-02 5.16185E-02 2.64638E-01 5.16589E-01 2.46275E-02 1.14720E-02 6.46080E-03 3.28815E-01
6.64699E-03 1.13444E-02 2.36962E-02 3.54630E-02 4.89798E-02 2.54718E-01 5.01263E-01 2.36962E-02 1.13444E-02 6.64699E-03 3.04408E-01
6.76696E-03 1.11674E-02 2.27557E-02 3.38513E-02 4.64203E-02 2.44918E-01 4.85876E-01 2.27557E-02 1.11674E-02 6.76696E-03 2.81418E-01
6.82853E-03 1.09482E-02 2.18119E-02 3.22674E-02 4.39429E-02 2.35255E-01 4.70466E-01 2.18119E-02 1.09482E-02 6.82853E-03 2.59842E-01
6.83895E-03 1.06933E-02 2.08698E-02 3.07156E-02 4.15497E-02 2.25744E-01 4.55073E-01 2.08698E-02 1.06933E-02 6.83895E-03 2.39661E-01
6.80492E-03 1.04086E-02 1.99343E-02 2.91995E-02 3.92423E-02 2.16401E-01 4.39730E-01 1.99343E-02 1.04086E-02 6.80492E-03 2.20841E-01
6.73260E-03 1.00998E-02 1.90094E-02 2.77222E-02 3.70220E-02 2.07238E-01 4.24472E-01 1.90094E-02 1.00998E-02 6.73260E-03 2.03338E-01
6.62714E-03 9.77157E-03 1.80992E-02 2.62872E-02 3.48910E-02 1.98273E-01 4.09335E-01 1.80992E-02 9.77157E-03 6.62714E-03 1.87122E-01
6.49418E-03 9.42873E-03 1.72069E-02 2.48964E-02 3.28486E-02 1.89514E-01 3.94347E-01 1.72069E-02 9.42873E-03 6.49418E-03 1.72117E-01
0.00000E+00 0.00000E+00 2.87056E-02 5.41393E-02 8.93886E-02 4.12931E-01 7.25968E-01 2.87056E-02 0.00000E+00 0.00000E+00 6.81608E-01
0.00000E+00 1.52181E-03 2.85878E-02 5.26868E-02 8.56854E-02 4.02188E-01 7.14343E-01 2.85878E-02 1.52181E-03 0.00000E+00 6.64563E-01
0.00000E+00 2.93758E-03 2.84835E-02 5.13433E-02 8.22592E-02 3.91684E-01 7.02401E-01 2.84835E-02 2.93758E-03 0.00000E+00 6.43989E-01
0.00000E+00 4.16124E-03 2.82844E-02 4.99819E-02 7.89534E-02 3.81248E-01 6.90041E-01 2.82844E-02 4.16124E-03 0.00000E+00 6.21478E-01
0.00000E+00 5.21590E-03 2.80033E-02 4.86068E-02 7.57587E-02 3.70880E-01 6.77313E-01 2.80033E-02 5.21590E-03 0.00000E+00 5.97456E-01
0.00000E+00 6.11307E-03 2.76465E-02 4.72194E-02 7.26700E-02 3.60583E-01 6.64246E-01 2.76465E-02 6.11307E-03 0.00000E+00 5.72303E-01
0.00000E+00 6.87220E-03 2.72241E-02 4.58224E-02 6.96775E-02 3.50360E-01 6.50887E-01 2.72241E-02 6.87220E-03 0.00000E+00 5.46436E-01
1.38778E-17 7.38051E-03 2.68604E-02 4.47370E-02 6.74192E-02 3.42497E-01 6.40387E-01 2.68604E-02 7.38051E-03 1.38778E-17 5.26153E-01
2.03091E-04 7.48867E-03 2.67248E-02 4.43989E-02 6.67546E-02 3.40198E-01 6.37268E-01 2.67248E-02 7.48867E-03 2.03091E-04 5.19882E-01
1.19116E-03 8.03745E-03 2.61433E-02 4.28770E-02 6.37230E-02 3.29385E-01 6.22400E-01 2.61433E-02 8.03745E-03 1.19116E-03 4.89076E-01
2.06185E-03 8.49277E-03 2.55255E-02 4.13615E-02 6.07834E-02 3.18615E-01 6.07229E-01 2.55255E-02 8.49277E-03 2.06185E-03 4.58424E-01
2.80423E-03 8.84177E-03 2.48542E-02 3.98320E-02 5.79095E-02 3.07873E-01 5.91763E-01 2.48542E-02 8.84177E-03 2.80423E-03 4.28474E-01
3.42918E-03 9.09420E-03 2.41370E-02 3.82944E-02 5.51039E-02 2.97176E-01 5.76045E-01 2.41370E-02 9.09420E-03 3.42918E-03 3.99422E-01
3.94627E-03 9.25888E-03 2.33813E-02 3.67550E-02 5.23707E-02 2.86546E-01 5.60119E-01 2.33813E-02 9.25888E-03 3.94627E-03 3.71441E-01
4.36665E-03 9.34589E-03 2.25950E-02 3.52203E-02 4.97129E-02 2.76005E-01 5.44032E-01 2.25950E-02 9.34589E-03 4.36665E-03 3.44651E-01
4.70106E-03 9.36490E-03 2.17854E-02 3.36959E-02 4.71325E-02 2.65571E-01 5.27829E-01 2.17854E-02 9.36490E-03 4.70106E-03 3.19135E-01
4.95854E-03 9.32414E-03 2.09591E-02 3.21872E-02 4.46321E-02 2.55262E-01 5.11554E-01 2.09591E-02 9.32414E-03 4.95854E-03 2.94954E-01
5.14756E-03 9.23130E-03 2.01221E-02 3.06992E-02 4.22138E-02 2.45097E-01 4.95247E-01 2.01221E-02 9.23130E-03 5.14756E-03 2.72145E-01
5.27599E-03 9.09352E-03 1.92799E-02 2.92364E-02 3.98794E-02 2.35091E-01 4.78949E-01 1.92799E-02 9.09352E-03 5.27599E-03 2.50723E-01
5.35117E-03 8.91743E-03 1.84377E-02 2.78029E-02 3.76303E-02 2.25261E-01 4.62697E-01 1.84377E-02 8.91743E-03 5.35117E-03 2.30682E-01
5.37984E-03 8.70910E-03 1.76000E-02 2.64022E-02 3.54673E-02 2.15621E-01 4.46528E-01 1.76000E-02 8.70910E-03 5.37984E-03 2.12000E-01
5.36823E-03 8.47412E-03 1.67708E-02 2.50376E-02 3.33912E-02 2.06183E-01 4.30478E-01 1.67708E-02 8.47412E-03 5.36823E-03 1.94641E-01
5.32203E-03 8.21754E-03 1.59538E-02 2.37117E-02 3.14019E-02 1.96961E-01 4.14578E-01 1.59538E-02 8.21754E-03 5.32203E-03 1.78558E-01
5.24643E-03 7.94395E-03 1.51521E-02 2.24267E-02 2.94994E-02 1.87963E-01 3.98859E-01 1.51521E-02 7.94395E-03 5.24643E-03 1.63696E-01
5.14576E-03 7.65730E-03 1.43688E-02 2.11854E-02 2.76844E-02 1.79204E-01 3.83354E-01 1.43688E-02 7.65730E-03 5.14576E-03 1.50012E-01
5.02464E-03 7.36150E-03 1.36060E-02 1.99886E-02 2.59550E-02 1.70688E-01 3.68089E-01 1.36060E-02 7.36150E-03 5.02464E-03 1.37427E-01
0.00000E+00 0.00000E+00 2.49508E-02 4.73170E-02 7.74372E-02 4.02281E-01 7.31272E-01 2.49508E-02 0.00000E+00 0.00000E+00 6.06584E-01
0.00000E+00 1.29904E-03 2.47314E-02 4.58980E-02 7.38608E-02 3.90383E-01 7.16847E-01 2.47314E-02 1.29904E-03 0.00000E+00 5.90055E-01
0.00000E+00 2.49704E-03 2.45281E-02 4.45792E-02 7.05684E-02 3.78824E-01 7.02284E-01 2.45281E-02 2.49704E-03 0.00000E+00 5.70098E-01
0.00000E+00 3.52250E-03 2.42478E-02 4.32515E-02 6.74179E-02 3.67432E-01 6.87469E-01 2.42478E-02 3.52250E-03 0.00000E+00 5.48242E-01
0.00000E+00 4.39717E-03 2.39020E-02 4.19187E-02 6.43971E-02 3.56202E-01 6.72440E-01 2.39020E-02 4.39717E-03 0.00000E+00 5.24982E-01
0.00000E+00 5.13242E-03 2.34965E-02 4.05830E-02 6.14995E-02 3.45134E-01 6.57224E-01 2.34965E-02 5.13242E-03 0.00000E+00 5.00746E-01
0.00000E+00 5.74643E-03 2.30404E-02 3.92468E-02 5.87129E-02 3.34221E-01 6.41858E-01 2.30404E-02 5.74643E-03 0.00000E+00 4.75972E-01
0.00000E+00 6.15258E-03 2.26594E-02 3.82141E-02 5.66223E-02 3.25875E-01 6.29889E-01 2.26594E-02 6.15258E-03 0.00000E+00 4.56652E-01
1.67032E-04 6.23721E-03 2.25247E-02 3.78966E-02 5.60123E-02 3.23451E-01 6.26368E-01 2.25247E-02 6.23721E-03 1.67032E-04 4.50740E-01
9.76875E-04 6.66612E-03 2.19387E-02 3.64615E-02 5.32304E-02 3.12067E-01 6.09634E-01 2.19387E-02 6.66612E-03 9.76875E-04 4.21892E-01
1.68422E-03 7.01410E-03 2.13272E-02 3.50400E-02 5.05507E-02 3.00800E-01 5.92724E-01 2.13272E-02 7.01410E-03 1.68422E-03 3.93401E-01
2.28141E-03 7.27177E-03 2.06767E-02 3.36156E-02 4.79495E-02 2.89633E-01 5.75645E-01 2.06767E-02 7.27177E-03 2.28141E-03 3.65756E-01
2.77862E-03 7.44824E-03 1.99939E-02 3.21938E-02 4.54279E-02 2.78585E-01 5.58441E-01 1.99939E-02 7.44824E-03 2.77862E-03 3.39132E-01
3.18474E-03 7.55170E-03 1.92853E-02 3.07802E-02 4.29883E-02 2.67675E-01 5.41153E-01 1.92853E-02 7.55170E-03 3.18474E-03 3.13681E-01
3.50990E-03 7.59131E-03 1.85577E-02 2.93803E-02 4.06318E-02 2.56920E-01 5.23828E-01 1.85577E-02 7.59131E-03 3.50990E-03 2.89499E-01
3.76370E-03 7.57566E-03 1.78175E-02 2.79989E-02 3.83587E-02 2.46337E-01 5.06508E-01 1.78175E-02 7.57566E-03 3.76370E-03 2.66640E-01
3.95423E-03 7.51209E-03 1.70699E-02 2.66404E-02 3.61701E-02 2.35940E-01 4.89232E-01 1.70699E-02 7.51209E-03 3.95423E-03 2.45141E-01
4.08896E-03 7.40734E-03 1.63199E-02 2.53090E-02 3.40664E-02 2.25745E-01 4.72039E-01 1.63199E-02 7.40734E-03 4.08896E-03 2.25014E-01
4.17480E-03 7.26764E-03 1.55722E-02 2.40080E-02 3.20479E-02 2.15765E-01 4.54967E-01 1.55722E-02 7.26764E-03 4.17480E-03 2.06251E-01
4.21810E-03 7.09867E-03 1.48307E-02 2.27407E-02 3.01148E-02 2.06011E-01 4.38051E-01 1.48307E-02 7.09867E-03 4.21810E-03 1.88825E-01
4.22466E-03 6.90561E-03 1.40990E-02 2.15098E-02 2.82665E-02 1.96497E-01 4.21322E-01 1.40990E-02 6.90561E-03 4.22466E-03 1.72697E-01
4.19978E-03 6.69314E-03 1.33803E-02 2.03174E-02 2.65026E-02 1.87230E-01 4.04813E-01 1.33803E-02 6.69314E-03 4.19978E-03 1.57816E-01
4.14824E-03 6.46546E-03 1.26771E-02 1.91654E-02 2.48221E-02 1.78220E-01 3.88552E-01 1.26771E-02 6.46546E-03 4.14824E-03 1.44121E-01
4.07436E-03 6.22634E-03 1.19919E-02 1.80553E-02 2.32236E-02 1.69474E-01 3.72565E-01 1.19919E-02 6.22634E-03 4.07436E-03 1.31549E-01
3.98176E-03 5.97901E-03 1.13269E-02 1.69888E-02 2.17071E-02 1.61003E-01 3.56882E-01 1.13269E-02 5.97901E-03 3.98176E-03 1.20048E-01
3.87418E-03 5.72657E-03 1.06834E-02 1.59662E-02 2.02700E-02 1.52807E-01 3.41523E-01 1.06834E-02 5.72657E-03 3.87418E-03 1.09535E-01
0.00000E+00 0.00000E+00 2.14668E-02 4.13487E-02 6.59853E-02 3.90104E-01 7.32395E-01 2.14668E-02 0.00000E+00 0.00000E+00 5.45594E-01
0.00000E+00 1.10931E-03 2.11906E-02 3.99631E-02 6.26610E-02 3.77172E-01 7.15249E-01 2.11906E-02 1.10931E-03 0.00000E+00 5.28711E-01
0.00000E+00 2.12252E-03 2.09309E-02 3.86721E-02 5.96136E-02 3.64682E-01 6.98166E-01 2.09309E-02 2.12252E-03 0.00000E+00 5.08634E-01
0.00000E+00 2.98058E-03 2.06080E-02 3.73812E-02 5.67154E-02 3.52461E-01 6.81014E-01 2.06080E-02 2.98058E-03 0.00000E+00 4.86836E-01
0.00000E+00 3.70414E-03 2.02323E-02 3.60943E-02 5.39530E-02 3.40494E-01 6.63818E-01 2.02323E-02 3.70414E-03 0.00000E+00 4.63851E-01
0.00000E+00 4.30444E-03 1.98097E-02 3.48138E-02 5.13195E-02 3.28780E-01 6.46601E-01 1.98097E-02 4.30444E-03 0.00000E+00 4.40141E-01
0.00000E+00 4.79854E-03 1.93482E-02 3.35418E-02 4.88017E-02 3.17304E-01 6.29385E-01 1.93482E-02 4.79854E-03 0.00000E+00 4.16140E-01
1.38778E-17 5.12092E-03 1.89702E-02 3.25642E-02 4.69217E-02 3.08571E-01 6.16077E-01 1.89702E-02 5.12092E-03 1.38778E-17 3.97570E-01
1.37109E-04 5.18646E-03 1.88411E-02 3.22673E-02 4.63766E-02 3.06050E-01 6.12191E-01 1.88411E-02 5.18646E-03 1.37109E-04 3.91955E-01
7.99481E-04 5.51839E-03 1.82742E-02 3.09210E-02 4.38925E-02 2.94226E-01 5.93781E-01 1.82742E-02 5.51839E-03 7.99481E-04 3.64758E-01
1.37264E-03 5.78067E-03 1.76904E-02 2.95954E-02 4.15126E-02 2.82593E-01 5.75330E-01 1.76904E-02 5.78067E-03 1.37264E-03 3.38149E-01
1.85156E-03 5.96667E-03 1.70790E-02 2.82769E-02 3.92162E-02 2.71134E-01 5.56845E-01 1.70790E-02 5.96667E-03 1.85156E-03 3.12549E-01
2.24565E-03 6.08483E-03 1.64459E-02 2.69702E-02 3.70030E-02 2.59862E-01 5.38365E-01 1.64459E-02 6.08483E-03 2.24565E-03 2.88106E-01
2.56315E-03 6.14271E-03 1.57970E-02 2.56804E-02 3.48743E-02 2.48797E-01 5.19932E-01 1.57970E-02 6.14271E-03 2.56315E-03 2.64941E-01
2.81317E-03 6.14851E-03 1.51378E-02 2.44118E-02 3.28299E-02 2.37952E-01 5.01588E-01 1.51378E-02 6.14851E-03 2.81317E-03 2.43120E-01
3.00428E-03 6.10986E-03 1.44737E-02 2.31684E-02 3.08689E-02 2.27338E-01 4.83369E-01 1.44737E-02 6.10986E-03 3.00428E-03 2.22664E-01
3.14362E-03 6.03319E-03 1.38092E-02 2.19536E-02 2.89911E-02 2.16967E-01 4.65314E-01 1.38092E-02 6.03319E-03 3.14362E-03 2.03582E-01
3.23777E-03 5.92437E-03 1.31483E-02 2.07706E-02 2.71960E-02 2.06851E-01 4.47456E-01 1.31483E-02 5.92437E-03 3.23777E-03 1.85861E-01
3.29271E-03 5.78876E-03 1.24945E-02 1.96218E-02 2.54830E-02 1.97001E-01 4.29828E-01 1.24945E-02 5.78876E-03 3.29271E-03 1.69470E-01
3.31391E-03 5.63120E-03 1.18511E-02 1.85096E-02 2.38510E-02 1.87424E-01 4.12461E-01 1.18511E-02 5.63120E-03 3.31391E-03 1.54363E-01
3.30631E-03 5.45602E-03 1.12208E-02 1.74358E-02 2.22989E-02 1.78128E-01 3.95383E-01 1.12208E-02 5.45602E-03 3.30631E-03 1.40485E-01
3.27435E-03 5.26712E-03 1.06059E-02 1.64017E-02 2.08252E-02 1.69120E-01 3.78620E-01 1.06059E-02 5.26712E-03 3.27435E-03 1.27771E-01
3.22205E-03 5.06793E-03 1.00084E-02 1.54085E-02 1.94284E-02 1.60405E-01 3.62197E-01 1.00084E-02 5.06793E-03 3.22205E-03 1.16152E-01
3.15296E-03 4.86150E-03 9.42974E-03 1.44567E-02 1.81064E-02 1.51986E-01 3.46134E-01 9.42974E-03 4.86150E-03 3.15296E-03 1.05555E-01
3.07005E-03 4.65045E-03 8.87170E-03 1.35475E-02 1.68587E-02 1.43870E-01 3.30459E-01 8.87170E-03 4.65045E-03 3.07005E-03 9.59241E-02
2.97636E-03 4.43719E-03 8.33500E-03 1.26805E-02 1.56820E-02 1.36057E-01 3.15183E-01 8.33500E-03 4.43719E-03 2.97636E-03 8.71737E-02
0.00000E+00 0.00000E+00 1.82239E-02 3.59490E-02 5.51703E-02 3.76208E-01 7.29110E-01 1.82239E-02 0.00000E+00 0.00000E+00 4.94664E-01
0.00000E+00 9.43148E-04 1.79234E-02 3.46037E-02 5.21835E-02 3.62349E-01 7.09331E-01 1.79234E-02 9.43148E-04 0.00000E+00 4.76678E-01
0.00000E+00 1.79558E-03 1.76385E-02 3.33495E-02 4.94553E-02 3.49041E-01 6.89838E-01 1.76385E-02 1.79558E-03 0.00000E+00 4.55898E-01
0.00000E+00 2.50912E-03 1.73013E-02 3.21050E-02 4.68729E-02 3.36107E-01 6.70476E-01 1.73013E-02 2.50912E-03 0.00000E+00 4.33719E-01
0.00000E+00 3.10337E-03 1.69216E-02 3.08734E-02 4.44233E-02 3.23522E-01 6.51254E-01 1.69216E-02 3.10337E-03 0.00000E+00 4.10686E-01
0.00000E+00 3.58934E-03 1.65052E-02 2.96574E-02 4.20994E-02 3.11282E-01 6.32190E-01 1.65052E-02 3.58934E-03 0.00000E+00 3.87267E-01
0.00000E+00 3.98295E-03 1.60593E-02 2.84584E-02 3.98881E-02 2.99364E-01 6.13289E-01 1.60593E-02 3.98295E-03 0.00000E+00 3.63869E-01
0.00000E+00 4.23584E-03 1.56989E-02 2.75423E-02 3.82434E-02 2.90338E-01 5.98775E-01 1.56989E-02 4.23584E-03 0.00000E+00 3.45946E-01
1.11830E-04 4.28578E-03 1.55790E-02 2.72671E-02 3.77690E-02 2.87746E-01 5.94564E-01 1.55790E-02 4.28578E-03 1.11830E-04 3.40598E-01
6.50055E-04 4.53863E-03 1.50487E-02 2.60173E-02 3.56086E-02 2.75612E-01 5.74670E-01 1.50487E-02 4.53863E-03 6.50055E-04 3.14899E-01
1.11124E-03 4.73217E-03 1.45082E-02 2.47944E-02 3.35487E-02 2.63742E-01 5.54880E-01 1.45082E-02 4.73217E-03 1.11124E-03 2.90034E-01
1.49241E-03 4.86194E-03 1.39491E-02 2.35874E-02 3.15710E-02 2.52117E-01 5.35195E-01 1.39491E-02 4.86194E-03 1.49241E-03 2.66352E-01
1.80221E-03 4.93568E-03 1.33766E-02 2.23999E-02 2.96747E-02 2.40749E-01 5.15652E-01 1.33766E-02 4.93568E-03 1.80221E-03 2.43961E-01
2.04816E-03 4.96025E-03 1.27957E-02 2.12363E-02 2.78601E-02 2.29651E-01 4.96290E-01 1.27957E-02 4.96025E-03 2.04816E-03 2.22947E-01
2.23839E-03 4.94292E-03 1.22113E-02 2.01001E-02 2.61263E-02 2.18835E-01 4.77144E-01 1.22113E-02 4.94292E-03 2.23839E-03 2.03338E-01
2.38043E-03 4.89035E-03 1.16275E-02 1.89939E-02 2.44715E-02 2.08307E-01 4.58246E-01 1.16275E-02 4.89035E-03 2.38043E-03 1.85122E-01
2.48056E-03 4.80811E-03 1.10481E-02 1.79205E-02 2.28948E-02 1.98075E-01 4.39628E-01 1.10481E-02 4.80811E-03 2.48056E-03 1.68278E-01
2.54445E-03 4.70124E-03 1.04763E-02 1.68818E-02 2.13950E-02 1.88147E-01 4.21319E-01 1.04763E-02 4.70124E-03 2.54445E-03 1.52770E-01
2.57725E-03 4.57428E-03 9.91485E-03 1.58797E-02 1.99707E-02 1.78529E-01 4.03347E-01 9.91485E-03 4.57428E-03 2.57725E-03 1.38543E-01
2.58359E-03 4.43127E-03 9.36614E-03 1.49155E-02 1.86204E-02 1.69225E-01 3.85738E-01 9.36614E-03 4.43127E-03 2.58359E-03 1.25536E-01
2.56763E-03 4.27579E-03 8.83221E-03 1.39903E-02 1.73425E-02 1.60241E-01 3.68513E-01 8.83221E-03 4.27579E-03 2.56763E-03 1.13677E-01
2.53306E-03 4.11102E-03 8.31469E-03 1.31047E-02 1.61349E-02 1.51577E-01 3.51695E-01 8.31469E-03 4.11102E-03 2.53306E-03 1.02893E-01
2.48318E-03 3.93973E-03 7.81493E-03 1.22590E-02 1.49957E-02 1.43236E-01 3.35301E-01 7.81493E-03 3.93973E-03 2.48318E-03 9.31072E-02
2.42089E-03 3.76433E-03 7.33393E-03 1.14533E-02 1.39227E-02 1.35218E-01 3.19347E-01 7.33393E-03 3.76433E-03 2.42089E-03 8.42426E-02
2.34860E-03 3.58689E-03 6.87280E-03 1.06881E-02 1.29147E-02 1.27527E-01 3.03855E-01 6.87280E-03 3.58689E-03 2.34860E-03 7.62378E-02
2.26871E-03 3.40925E-03 6.43185E-03 9.96244E-03 1.19685E-02 1.20157E-01 2.88831E-01 6.43185E-03 3.40925E-03 2.26871E-03 6.90089E-02
0.00000E+00 0.00000E+00 1.52967E-02 3.10654E-02 4.54182E-02 3.60812E-01 7.21313E-01 1.52967E-02 0.00000E+00 0.00000E+00 4.51877E-01
0.00000E+00 7.98157E-04 1.49952E-02 2.97720E-02 4.28092E-02 3.46161E-01 6.99088E-01 1.49952E-02 7.98157E-04 0.00000E+00 4.32241E-01
0.00000E+00 1.51167E-03 1.47073E-02 2.85681E-02 4.04329E-02 3.32172E-01 6.77385E-01 1.47073E-02 1.51167E-03 0.00000E+00 4.10375E-01
0.00000E+00 2.10169E-03 1.43761E-02 2.73828E-02 3.81917E-02 3.18662E-01 6.56021E-01 1.43761E-02 2.10169E-03 0.00000E+00 3.87562E-01
0.00000E+00 2.58664E-03 1.40107E-02 2.62189E-02 3.60736E-02 3.05597E-01 6.34989E-01 1.40107E-02 2.58664E-03 0.00000E+00 3.64322E-01
0.00000E+00 2.97721E-03 1.36167E-02 2.50788E-02 3.40719E-02 2.92968E-01 6.14298E-01 1.36167E-02 2.97721E-03 0.00000E+00 3.41101E-01
0.00000E+00 3.28811E-03 1.32006E-02 2.39631E-02 3.21748E-02 2.80743E-01 5.93938E-01 1.32006E-02 3.28811E-03 0.00000E+00 3.18254E-01
0.00000E+00 3.48449E-03 1.28677E-02 2.31158E-02 3.07682E-02 2.71527E-01 5.78393E-01 1.28677E-02 3.48449E-03 0.00000E+00 3.00952E-01
9.07523E-05 3.52198E-03 1.27590E-02 2.28638E-02 3.03641E-02 2.68894E-01 5.73909E-01 1.27590E-02 3.52198E-03 9.07523E-05 2.95860E-01
5.25873E-04 3.71187E-03 1.22761E-02 2.17185E-02 2.85256E-02 2.56589E-01 5.52776E-01 1.22761E-02 3.71187E-03 5.25873E-04 2.71589E-01
8.94992E-04 3.85177E-03 1.17882E-02 2.06052E-02 2.67796E-02 2.44619E-01 5.31895E-01 1.17882E-02 3.85177E-03 8.94992E-04 2.48395E-01
1.19667E-03 3.93889E-03 1.12886E-02 1.95146E-02 2.51107E-02 2.32962E-01 5.11259E-01 1.12886E-02 3.93889E-03 1.19667E-03 2.26548E-01
1.43876E-03 3.98021E-03 1.07817E-02 1.84496E-02 2.35174E-02 2.21626E-01 4.90899E-01 1.07817E-02 3.98021E-03 1.43876E-03 2.06111E-01
1.62802E-03 3.98186E-03 1.02719E-02 1.74135E-02 2.19997E-02 2.10621E-01 4.70852E-01 1.02719E-02 3.98186E-03 1.62802E-03 1.87130E-01
1.77164E-03 3.95021E-03 9.76328E-03 1.64089E-02 2.05560E-02 1.99954E-01 4.51145E-01 9.76328E-03 3.95021E-03 1.77164E-03 1.69593E-01
1.87617E-03 3.89098E-03 9.25912E-03 1.54376E-02 1.91843E-02 1.89625E-01 4.31804E-01 9.25912E-03 3.89098E-03 1.87617E-03 1.53456E-01
1.94703E-03 3.80895E-03 8.76236E-03 1.45011E-02 1.78831E-02 1.79639E-01 4.12854E-01 8.76236E-03 3.80895E-03 1.94703E-03 1.38670E-01
1.98909E-03 3.70836E-03 8.27552E-03 1.36009E-02 1.66509E-02 1.69999E-01 3.94320E-01 8.27552E-03 3.70836E-03 1.98909E-03 1.25176E-01
2.00670E-03 3.59301E-03 7.80072E-03 1.27378E-02 1.54860E-02 1.60707E-01 3.76222E-01 7.80072E-03 3.59301E-03 2.00670E-03 1.12901E-01
2.00376E-03 3.46623E-03 7.33970E-03 1.19126E-02 1.43866E-02 1.51765E-01 3.58579E-01 7.33970E-03 3.46623E-03 2.00376E-03 1.01768E-01
1.98372E-03 3.33093E-03 6.89390E-03 1.11255E-02 1.33506E-02 1.43172E-01 3.41410E-01 6.89390E-03 3.33093E-03 1.98372E-03 9.16962E-02
1.94960E-03 3.18965E-03 6.46442E-03 1.03765E-02 1.23760E-02 1.34926E-01 3.24728E-01 6.46442E-03 3.18965E-03 1.94960E-03 8.26045E-02
1.90409E-03 3.04460E-03 6.05210E-03 9.66552E-03 1.14607E-02 1.27026E-01 3.08544E-01 6.05210E-03 3.04460E-03 1.90409E-03 7.44117E-02
1.84953E-03 2.89765E-03 5.65753E-03 8.99198E-03 1.06022E-02 1.19468E-01 2.92871E-01 5.65753E-03 2.89765E-03 1.84953E-03 6.70392E-02
1.78785E-03 2.75042E-03 5.28139E-03 8.35592E-03 9.79935E-03 1.12253E-01 2.77723E-01 5.28139E-03 2.75042E-03 1.78785E-03 6.04240E-02
1.72092E-03 2.60427E-03 4.92366E-03 7.75610E-03 9.04898E-03 1.05373E-01 2.63102E-01 4.92366E-03 2.60427E-03 1.72092E-03 5.44852E-02
0.00000E+00 0.00000E+00 1.26865E-02 2.65838E-02 3.68488E-02 3.43900E-01 7.09033E-01 1.26865E-02 0.00000E+00 0.00000E+00 4.14536E-01
0.00000E+00 6.70280E-04 1.23988E-02 2.53598E-02 3.46231E-02 3.28606E-01 6.84593E-01 1.23988E-02 6.70280E-04 0.00000E+00 3.92971E-01
0.00000E+00 1.26280E-03 1.21227E-02 2.42236E-02 3.26009E-02 3.14086E-01 6.60916E-01 1.21227E-02 1.26280E-03 0.00000E+00 3.69872E-01
0.00000E+00 1.74664E-03 1.18107E-02 2.31140E-02 3.06988E-02 3.00149E-01 6.37793E-01 1.18107E-02 1.74664E-03 0.00000E+00 3.46378E-01
0.00000E+00 2.13893E-03 1.14713E-02 2.20329E-02 2.89063E-02 2.86751E-01 6.15196E-01 1.14713E-02 2.13893E-03 0.00000E+00 3.22947E-01
0.00000E+00 2.44982E-03 1.11100E-02 2.09821E-02 2.72179E-02 2.73878E-01 5.93125E-01 1.11100E-02 2.44982E-03 0.00000E+00 2.99978E-01
0.00000E+00 2.69274E-03 1.07326E-02 1.99616E-02 2.56227E-02 2.61488E-01 5.71553E-01 1.07326E-02 2.69274E-03 0.00000E+00 2.77748E-01
0.00000E+00 2.84334E-03 1.04330E-02 1.91911E-02 2.44432E-02 2.52190E-01 5.55167E-01 1.04330E-02 2.84334E-03 0.00000E+00 2.61120E-01
7.31102E-05 2.87097E-03 1.03366E-02 1.89641E-02 2.41055E-02 2.49546E-01 5.50464E-01 1.03366E-02 2.87097E-03 7.31102E-05 2.56293E-01
4.22308E-04 3.01111E-03 9.90725E-03 1.79321E-02 2.25702E-02 2.37213E-01 5.28354E-01 9.90725E-03 3.01111E-03 4.22308E-04 2.33476E-01
7.15540E-04 3.10965E-03 9.47648E-03 1.69354E-02 2.11174E-02 2.25282E-01 5.06639E-01 9.47648E-03 3.10965E-03 7.15540E-04 2.11955E-01
9.52480E-04 3.16502E-03 9.03919E-03 1.59662E-02 1.97341E-02 2.13728E-01 4.85308E-01 9.03919E-03 3.16502E-03 9.52480E-04 1.91921E-01
1.14015E-03 3.18341E-03 8.59920E-03 1.50266E-02 1.84186E-02 2.02552E-01 4.64385E-01 8.59920E-03 3.18341E-03 1.14015E-03 1.73387E-01
1.28454E-03 3.17023E-03 8.16017E-03 1.41190E-02 1.71706E-02 1.91763E-01 4.43898E-01 8.16017E-03 3.17023E-03 1.28454E-03 1.56359E-01
1.39191E-03 3.13094E-03 7.72533E-03 1.32449E-02 1.59883E-02 1.81360E-01 4.23872E-01 7.72533E-03 3.13094E-03 1.39191E-03 1.40788E-01
1.46787E-03 3.07040E-03 7.29734E-03 1.24054E-02 1.48695E-02 1.71339E-01 4.04321E-01 7.29734E-03 3.07040E-03 1.46787E-03 1.26598E-01
1.51707E-03 2.99263E-03 6.87848E-03 1.16013E-02 1.38127E-02 1.61701E-01 3.85266E-01 6.87848E-03 2.99263E-03 1.51707E-03 1.13717E-01
1.54360E-03 2.90117E-03 6.47063E-03 1.08332E-02 1.28160E-02 1.52444E-01 3.66722E-01 6.47063E-03 2.90117E-03 1.54360E-03 1.02065E-01
1.55112E-03 2.79912E-03 6.07536E-03 1.01014E-02 1.18776E-02 1.43567E-01 3.48705E-01 6.07536E-03 2.79912E-03 1.55112E-03 9.15551E-02
1.54285E-03 2.68919E-03 5.69389E-03 9.40585E-03 1.09956E-02 1.35065E-01 3.31228E-01 5.69389E-03 2.68919E-03 1.54285E-03 8.20999E-02
1.52160E-03 2.57370E-03 5.32718E-03 8.74638E-03 1.01680E-02 1.26936E-01 3.14300E-01 5.32718E-03 2.57370E-03 1.52160E-03 7.36116E-02
1.48984E-03 2.45467E-03 4.97592E-03 8.12253E-03 9.39271E-03 1.19173E-01 2.97931E-01 4.97592E-03 2.45467E-03 1.48984E-03 6.60046E-02
1.44972E-03 2.33380E-03 4.64057E-03 7.53365E-03 8.66749E-03 1.11771E-01 2.82125E-01 4.64057E-03 2.33380E-03 1.44972E-03 5.91965E-02
1.40310E-03 2.21252E-03 4.32140E-03 6.97894E-03 7.99020E-03 1.04723E-01 2.66888E-01 4.32140E-03 2.21252E-03 1.40310E-03 5.31096E-02
1.35150E-03 2.09208E-03 4.01878E-03 6.45802E-03 7.35937E-03 9.80273E-02 2.52229E-01 4.01878E-03 2.09208E-03 1.35150E-03 4.76814E-02
1.29638E-03 1.97346E-03 3.73245E-03 5.96944E-03 6.77222E-03 9.16724E-02 2.38144E-01 3.73245E-03 1.97346E-03 1.29638E-03 4.28359E-02
0.00000E+00 0.00000E+00 1.03960E-02 2.24692E-02 2.95111E-02 3.25528E-01 6.92457E-01 1.03960E-02 0.00000E+00 0.00000E+00 3.80640E-01
0.00000E+00 5.57487E-04 1.01311E-02 2.13339E-02 2.76488E-02 3.09762E-01 6.66079E-01 1.01311E-02 5.57487E-04 0.00000E+00 3.57153E-01
0.00000E+00 1.04479E-03 9.87574E-03 2.02840E-02 2.59601E-02 2.94881E-01 6.40707E-01 9.87574E-03 1.04479E-03 0.00000E+00 3.32916E-01
0.00000E+00 1.43770E-03 9.59102E-03 1.92666E-02 2.43751E-02 2.80683E-01 6.16101E-01 9.59102E-03 1.43770E-03 0.00000E+00 3.08888E-01
0.00000E+00 1.75184E-03 9.28472E-03 1.82827E-02 2.28850E-02 2.67113E-01 5.92212E-01 9.28472E-03 1.75184E-03 0.00000E+00 2.85438E-01
0.00000E+00 1.99667E-03 8.96184E-03 1.73337E-02 2.14851E-02 2.54153E-01 5.69032E-01 8.96184E-03 1.99667E-03 0.00000E+00 2.62892E-01
0.00000E+00 2.18422E-03 8.62758E-03 1.64185E-02 2.01663E-02 2.41748E-01 5.46512E-01 8.62758E-03 2.18422E-03 0.00000E+00 2.41436E-01
5.55112E-17 2.29814E-03 8.36399E-03 1.57316E-02 1.91935E-02 2.32480E-01 5.29489E-01 8.36399E-03 2.29814E-03 5.55112E-17 2.25586E-01
5.84013E-05 2.31809E-03 8.28026E-03 1.55309E-02 1.89157E-02 2.29857E-01 5.24624E-01 8.28026E-03 2.31809E-03 5.84013E-05 2.21047E-01
3.36289E-04 2.41951E-03 7.90633E-03 1.46185E-02 1.76541E-02 2.17644E-01 5.01809E-01 7.90633E-03 2.41951E-03 3.36289E-04 1.99763E-01
5.67268E-04 2.48678E-03 7.53363E-03 1.37431E-02 1.64642E-02 2.05892E-01 4.79528E-01 7.53363E-03 2.48678E-03 5.67268E-04 1.79954E-01
7.51771E-04 2.51921E-03 7.15820E-03 1.28978E-02 1.53352E-02 1.94574E-01 4.57762E-01 7.15820E-03 2.51921E-03 7.51771E-04 1.61733E-01
8.95965E-04 2.52217E-03 6.78324E-03 1.20839E-02 1.42654E-02 1.83686E-01 4.36526E-01 6.78324E-03 2.52217E-03 8.95965E-04 1.45068E-01
1.00509E-03 2.50034E-03 6.41175E-03 1.13030E-02 1.32543E-02 1.73231E-01 4.15846E-01 6.41175E-03 2.50034E-03 1.00509E-03 1.29924E-01
1.08450E-03 2.45836E-03 6.04631E-03 1.05560E-02 1.23001E-02 1.63202E-01 3.95735E-01 6.04631E-03 2.45836E-03 1.08450E-03 1.16219E-01
1.13896E-03 2.40027E-03 5.68896E-03 9.84306E-03 1.14006E-02 1.53592E-01 3.76200E-01 5.68896E-03 2.40027E-03 1.13896E-03 1.03850E-01
1.17235E-03 2.32940E-03 5.34143E-03 9.16443E-03 1.05542E-02 1.44396E-01 3.57254E-01 5.34143E-03 2.32940E-03 1.17235E-03 9.27268E-02
1.18811E-03 2.24865E-03 5.00509E-03 8.52014E-03 9.75906E-03 1.35608E-01 3.38905E-01 5.00509E-03 2.24865E-03 1.18811E-03 8.27527E-02
1.18925E-03 2.16051E-03 4.68104E-03 7.90993E-03 9.01344E-03 1.27221E-01 3.21163E-01 4.68104E-03 2.16051E-03 1.18925E-03 7.38318E-02
1.17838E-03 2.06715E-03 4.37010E-03 7.33339E-03 8.31540E-03 1.19229E-01 3.04032E-01 4.37010E-03 2.06715E-03 1.17838E-03 6.58697E-02
1.15779E-03 1.97040E-03 4.07287E-03 6.78988E-03 7.66301E-03 1.11624E-01 2.87517E-01 4.07287E-03 1.97040E-03 1.15779E-03 5.87754E-02
1.12945E-03 1.87181E-03 3.78971E-03 6.27862E-03 7.05425E-03 1.04397E-01 2.71619E-01 3.78971E-03 1.87181E-03 1.12945E-03 5.24625E-02
1.09506E-03 1.77269E-03 3.52081E-03 5.79869E-03 6.48710E-03 9.75381E-02 2.56338E-01 3.52081E-03 1.77269E-03 1.09506E-03 4.68501E-02
1.05607E-03 1.67410E-03 3.26622E-03 5.34906E-03 5.95953E-03 9.10386E-02 2.41671E-01 3.26622E-03 1.67410E-03 1.05607E-03 4.18634E-02
1.01369E-03 1.57697E-03 3.02607E-03 4.92911E-03 5.47013E-03 8.48936E-02 2.27625E-01 3.02607E-03 1.57697E-03 1.01369E-03 3.74426E-02
9.69007E-04 1.48202E-03 2.79999E-03 4.53731E-03 5.01642E-03 7.90883E-02 2.14186E-01 2.79999E-03 1.48202E-03 9.69007E-04 3.35175E-02
0.00000E+00 0.00000E+00 8.41069E-03 1.87150E-02 2.33385E-02 3.05742E-01 6.71828E-01 8.41069E-03 0.00000E+00 0.00000E+00 3.48734E-01
0.00000E+00 4.58265E-04 8.17341E-03 1.76856E-02 2.18066E-02 2.89700E-01 6.43817E-01 8.17341E-03 4.58265E-04 0.00000E+00 3.23572E-01
0.00000E+00 8.54435E-04 7.94418E-03 1.67375E-02 2.04199E-02 2.74643E-01 6.17049E-01 7.94418E-03 8.54435E-04 0.00000E+00 2.98477E-01
0.00000E+00 1.16984E-03 7.69121E-03 1.58256E-02 1.91207E-02 2.60363E-01 5.91253E-01 7.69121E-03 1.16984E-03 0.00000E+00 2.74203E-01
0.00000E+00 1.41848E-03 7.42152E-03 1.49501E-02 1.79018E-02 2.46795E-01 5.66360E-01 7.42152E-03 1.41848E-03 0.00000E+00 2.51006E-01
0.00000E+00 1.60895E-03 7.13963E-03 1.41116E-02 1.67595E-02 2.33910E-01 5.42349E-01 7.13963E-03 1.60895E-03 0.00000E+00 2.29126E-01
0.00000E+00 1.75186E-03 6.85008E-03 1.33085E-02 1.56860E-02 2.21645E-01 5.19154E-01 6.85008E-03 1.75186E-03 0.00000E+00 2.08647E-01
2.77556E-17 1.83675E-03 6.62310E-03 1.27090E-02 1.48959E-02 2.12523E-01 5.01697E-01 6.62310E-03 1.83675E-03 2.77556E-17 1.93706E-01
4.61957E-05 1.85082E-03 6.55176E-03 1.25352E-02 1.46709E-02 2.09952E-01 4.96730E-01 6.55176E-03 1.85082E-03 4.61957E-05 1.89483E-01
2.65192E-04 1.92262E-03 6.23266E-03 1.17453E-02 1.36498E-02 1.98006E-01 4.73481E-01 6.23266E-03 1.92262E-03 2.65192E-04 1.69830E-01
4.45385E-04 1.96682E-03 5.91651E-03 1.09921E-02 1.26897E-02 1.86574E-01 4.50898E-01 5.91651E-03 1.96682E-03 4.45385E-04 1.51784E-01
5.87679E-04 1.98328E-03 5.60029E-03 1.02696E-02 1.17817E-02 1.75623E-01 4.28952E-01 5.60029E-03 1.98328E-03 5.87679E-04 1.35384E-01
6.97397E-04 1.97661E-03 5.28658E-03 9.57854E-03 1.09243E-02 1.65143E-01 4.07650E-01 5.28658E-03 1.97661E-03 6.97397E-04 1.20555E-01
7.79037E-04 1.95078E-03 4.97784E-03 8.91982E-03 1.01168E-02 1.55133E-01 3.87011E-01 4.97784E-03 1.95078E-03 7.79037E-04 1.07226E-01
8.37112E-04 1.90964E-03 4.67605E-03 8.29360E-03 9.35748E-03 1.45582E-01 3.67038E-01 4.67605E-03 1.90964E-03 8.37112E-04 9.52860E-02
8.75589E-04 1.85650E-03 4.38273E-03 7.69958E-03 8.64437E-03 1.36475E-01 3.47731E-01 4.38273E-03 1.85650E-03 8.75589E-04 8.46152E-02
8.97693E-04 1.79407E-03 4.09916E-03 7.13752E-03 7.97584E-03 1.27805E-01 3.29094E-01 4.09916E-03 1.79407E-03 8.97693E-04 7.51063E-02
9.06235E-04 1.72469E-03 3.82629E-03 6.60701E-03 7.35020E-03 1.19560E-01 3.11130E-01 3.82629E-03 1.72469E-03 9.06235E-04 6.66539E-02
9.03655E-04 1.65033E-03 3.56487E-03 6.10746E-03 6.76574E-03 1.11731E-01 2.93838E-01 3.56487E-03 1.65033E-03 9.03655E-04 5.91558E-02
8.92063E-04 1.57268E-03 3.31540E-03 5.63812E-03 6.22067E-03 1.04307E-01 2.77219E-01 3.31540E-03 1.57268E-03 8.92063E-04 5.25154E-02
8.73278E-04 1.49316E-03 3.07819E-03 5.19812E-03 5.71320E-03 9.72753E-02 2.61268E-01 3.07819E-03 1.49316E-03 8.73278E-04 4.66416E-02
8.48855E-04 1.41294E-03 2.85339E-03 4.78648E-03 5.24150E-03 9.06254E-02 2.45981E-01 2.85339E-03 1.41294E-03 8.48855E-04 4.14505E-02
8.20120E-04 1.33301E-03 2.64100E-03 4.40212E-03 4.80374E-03 8.43447E-02 2.31352E-01 2.64100E-03 1.33301E-03 8.20120E-04 3.68647E-02
7.88195E-04 1.25414E-03 2.44091E-03 4.04392E-03 4.39809E-03 7.84206E-02 2.17371E-01 2.44091E-03 1.25414E-03 7.88195E-04 3.28143E-02
7.54001E-04 1.17702E-03 2.25311E-03 3.71112E-03 4.02327E-03 7.28462E-02 2.04040E-01 2.25311E-03 1.17702E-03 7.54001E-04 2.92435E-02
7.18372E-04 1.10212E-03 2.07716E-03 3.40221E-03 3.67712E-03 6.76043E-02 1.91341E-01 2.07716E-03 1.10212E-03 7.18372E-04 2.60892E-02
0.00000E+00 0.00000E+00 6.71730E-03 1.53392E-02 1.82473E-02 2.84716E-01 6.47521E-01 6.71730E-03 0.00000E+00 0.00000E+00 3.17866E-01
0.00000E+00 3.71736E-04 6.50958E-03 1.44279E-02 1.70047E-02 2.68609E-01 6.18207E-01 6.50958E-03 3.71736E-04 0.00000E+00 2.91480E-01
0.00000E+00 6.89682E-04 6.30866E-03 1.35923E-02 1.58818E-02 2.53579E-01 5.90361E-01 6.30866E-03 6.89682E-04 0.00000E+00 2.65953E-01
0.00000E+00 9.39684E-04 6.08899E-03 1.27942E-02 1.48315E-02 2.39407E-01 5.63683E-01 6.08899E-03 9.39684E-04 0.00000E+00 2.41820E-01
0.00000E+00 1.13402E-03 5.85668E-03 1.20330E-02 1.38481E-02 2.26017E-01 5.38083E-01 5.85668E-03 1.13402E-03 0.00000E+00 2.19213E-01
0.00000E+00 1.28031E-03 5.61574E-03 1.13090E-02 1.29286E-02 2.13374E-01 5.13528E-01 5.61574E-03 1.28031E-03 0.00000E+00 1.98279E-01
0.00000E+00 1.38770E-03 5.37001E-03 1.06201E-02 1.20667E-02 2.01405E-01 4.89931E-01 5.37001E-03 1.38770E-03 0.00000E+00 1.78996E-01
4.16334E-17 1.44999E-03 5.17842E-03 1.01084E-02 1.14336E-02 1.92542E-01 4.72246E-01 5.17842E-03 1.44999E-03 4.16334E-17 1.65098E-01
3.61543E-05 1.45965E-03 5.11876E-03 9.96093E-03 1.12537E-02 1.90054E-01 4.67233E-01 5.11876E-03 1.45965E-03 3.61543E-05 1.61218E-01
2.06932E-04 1.50928E-03 4.85163E-03 9.29179E-03 1.04383E-02 1.78519E-01 4.43821E-01 4.85163E-03 1.50928E-03 2.06932E-04 1.43294E-01
3.46062E-04 1.53694E-03 4.58847E-03 8.65749E-03 9.67388E-03 1.67539E-01 4.21193E-01 4.58847E-03 1.53694E-03 3.46062E-04 1.27051E-01
4.54692E-04 1.54285E-03 4.32697E-03 8.05287E-03 8.95324E-03 1.57075E-01 3.99313E-01 4.32697E-03 1.54285E-03 4.54692E-04 1.12463E-01
5.37336E-04 1.53089E-03 4.06919E-03 7.47807E-03 8.27505E-03 1.47115E-01 3.78179E-01 4.06919E-03 1.53089E-03 5.37336E-04 9.94208E-02
5.97780E-04 1.50433E-03 3.81706E-03 6.93354E-03 7.63858E-03 1.37651E-01 3.57802E-01 3.81706E-03 1.50433E-03 5.97780E-04 8.78238E-02
6.39768E-04 1.46634E-03 3.57208E-03 6.41896E-03 7.04225E-03 1.28667E-01 3.38176E-01 3.57208E-03 1.46634E-03 6.39768E-04 7.75404E-02
6.66552E-04 1.41958E-03 3.33535E-03 5.93365E-03 6.48420E-03 1.20145E-01 3.19292E-01 3.33535E-03 1.41958E-03 6.66552E-04 6.84365E-02
6.80761E-04 1.36621E-03 3.10776E-03 5.47707E-03 5.96294E-03 1.12070E-01 3.01147E-01 3.10776E-03 1.36621E-03 6.80761E-04 6.03962E-02
6.84662E-04 1.30807E-03 2.88996E-03 5.04852E-03 5.47694E-03 1.04430E-01 2.83736E-01 2.88996E-03 1.30807E-03 6.84662E-04 5.33094E-02
6.80208E-04 1.24672E-03 2.68241E-03 4.64718E-03 5.02461E-03 9.72099E-02 2.67051E-01 2.68241E-03 1.24672E-03 6.80208E-04 4.70726E-02
6.69072E-04 1.18343E-03 2.48538E-03 4.27215E-03 4.60437E-03 9.03959E-02 2.51086E-01 2.48538E-03 1.18343E-03 6.69072E-04 4.15903E-02
6.52677E-04 1.11929E-03 2.29899E-03 3.92242E-03 4.21458E-03 8.39736E-02 2.35829E-01 2.29899E-03 1.11929E-03 6.52677E-04 3.67746E-02
6.32235E-04 1.05517E-03 2.12324E-03 3.59693E-03 3.85364E-03 7.79284E-02 2.21271E-01 2.12324E-03 1.05517E-03 6.32235E-04 3.25462E-02
6.08766E-04 9.91791E-04 1.95799E-03 3.29457E-03 3.51994E-03 7.22456E-02 2.07399E-01 1.95799E-03 9.91791E-04 6.08766E-04 2.88333E-02
5.83124E-04 9.29711E-04 1.80306E-03 3.01421E-03 3.21189E-03 6.69105E-02 1.94198E-01 1.80306E-03 9.29711E-04 5.83124E-04 2.55721E-02
5.56007E-04 8.69413E-04 1.65834E-03 2.75504E-03 2.92833E-03 6.19138E-02 1.81665E-01 1.65834E-03 8.69413E-04 5.56007E-04 2.27120E-02
5.28035E-04 8.11222E-04 1.52337E-03 2.51565E-03 2.66746E-03 5.72369E-02 1.69775E-01 1.52337E-03 8.11222E-04 5.28035E-04 2.01974E-02
0.00000E+00 0.00000E+00 5.29398E-03 1.23587E-02 1.41112E-02 2.62670E-01 6.19947E-01 5.29398E-03 0.00000E+00 0.00000E+00 2.87493E-01
0.00000E+00 2.97096E-04 5.11559E-03 1.15712E-02 1.31154E-02 2.46723E-01 5.89673E-01 5.11559E-03 2.97096E-04 0.00000E+00 2.60467E-01
0.00000E+00 5.48629E-04 4.94310E-03 1.08525E-02 1.22171E-02 2.31926E-01 5.61077E-01 4.94310E-03 5.48629E-04 0.00000E+00 2.35018E-01
0.00000E+00 7.44048E-04 4.75622E-03 1.01705E-02 1.13783E-02 2.18054E-01 5.33830E-01 4.75622E-03 7.44048E-04 0.00000E+00 2.11462E-01
0.00000E+00 8.93872E-04 4.56013E-03 9.52429E-03 1.05946E-02 2.05020E-01 5.07821E-01 4.56013E-03 8.93872E-04 0.00000E+00 1.89805E-01
0.00000E+00 1.00469E-03 4.35826E-03 8.91347E-03 9.86362E-03 1.92782E-01 4.83005E-01 4.35826E-03 1.00469E-03 0.00000E+00 1.70095E-01
0.00000E+00 1.08424E-03 4.15374E-03 8.33576E-03 9.18012E-03 1.81259E-01 4.59277E-01 4.15374E-03 1.08424E-03 0.00000E+00 1.52217E-01
0.00000E+00 1.12919E-03 3.99513E-03 7.90873E-03 8.67920E-03 1.72761E-01 4.41563E-01 3.99513E-03 1.12919E-03 0.00000E+00 1.39480E-01
2.79682E-05 1.13563E-03 3.94613E-03 7.78642E-03 8.53722E-03 1.70385E-01 4.36560E-01 3.94613E-03 1.13563E-03 2.79682E-05 1.35966E-01
1.59624E-04 1.16903E-03 3.72667E-03 7.23191E-03 7.89424E-03 1.59394E-01 4.13243E-01 3.72667E-03 1.16903E-03 1.59624E-04 1.19843E-01
2.65852E-04 1.18523E-03 3.51166E-03 6.70921E-03 7.29327E-03 1.48986E-01 3.90816E-01 3.51166E-03 1.18523E-03 2.65852E-04 1.05418E-01
3.47881E-04 1.18466E-03 3.29932E-03 6.21391E-03 6.72857E-03 1.39120E-01 3.69234E-01 3.29932E-03 1.18466E-03 3.47881E-04 9.26129E-02
4.09462E-04 1.17047E-03 3.09125E-03 5.74576E-03 6.19893E-03 1.29777E-01 3.48485E-01 3.09125E-03 1.17047E-03 4.09462E-04 8.12891E-02
4.53727E-04 1.14537E-03 2.88893E-03 5.30483E-03 5.70362E-03 1.20944E-01 3.28573E-01 2.88893E-03 1.14537E-03 4.53727E-04 7.13256E-02
4.83725E-04 1.11186E-03 2.69347E-03 4.89050E-03 5.24120E-03 1.12602E-01 3.09483E-01 2.69347E-03 1.11186E-03 4.83725E-04 6.25773E-02
5.02079E-04 1.07206E-03 2.50563E-03 4.50187E-03 4.81003E-03 1.04727E-01 2.91198E-01 2.50563E-03 1.07206E-03 5.02079E-04 5.49031E-02
5.10896E-04 1.02767E-03 2.32601E-03 4.13822E-03 4.40875E-03 9.73032E-02 2.73706E-01 2.32601E-03 1.02767E-03 5.10896E-04 4.81839E-02
5.11975E-04 9.80113E-04 2.15502E-03 3.79870E-03 4.03600E-03 9.03123E-02 2.56995E-01 2.15502E-03 9.80113E-04 5.11975E-04 4.23095E-02
5.06855E-04 9.30568E-04 1.99291E-03 3.48239E-03 3.69037E-03 8.37377E-02 2.41052E-01 1.99291E-03 9.30568E-04 5.06855E-04 3.71789E-02
4.96839E-04 8.80013E-04 1.83978E-03 3.18834E-03 3.37044E-03 7.75623E-02 2.25861E-01 1.83978E-03 8.80013E-04 4.96839E-04 3.27009E-02
4.83030E-04 8.29244E-04 1.69562E-03 2.91551E-03 3.07482E-03 7.17694E-02 2.11407E-01 1.69562E-03 8.29244E-04 4.83030E-04 2.87933E-02
4.66354E-04 7.78905E-04 1.56034E-03 2.66285E-03 2.80210E-03 6.63422E-02 1.97673E-01 1.56034E-03 7.78905E-04 4.66354E-04 2.53831E-02
4.47584E-04 7.29503E-04 1.43375E-03 2.42929E-03 2.55091E-03 6.12639E-02 1.84641E-01 1.43375E-03 7.29503E-04 4.47584E-04 2.24055E-02
4.27364E-04 6.81437E-04 1.31560E-03 2.21377E-03 2.31989E-03 5.65184E-02 1.72292E-01 1.31560E-03 6.81437E-04 4.27364E-04 1.98036E-02
4.06215E-04 6.35040E-04 1.20574E-03 2.01551E-03 2.10805E-03 5.20946E-02 1.60618E-01 1.20574E-03 6.35040E-04 4.06215E-04 1.75326E-02
3.84590E-04 5.90520E-04 1.10375E-03 1.83324E-03 1.91389E-03 4.79729E-02 1.49589E-01 1.10375E-03 5.90520E-04 3.84590E-04 1.55446E-02
0.00000E+00 0.00000E+00 4.11424E-03 9.78062E-03 1.07906E-02 2.39877E-01 5.89533E-01 4.11424E-03 0.00000E+00 0.00000E+00 2.57414E-01
0.00000E+00 2.33544E-04 3.96363E-03 9.11629E-03 1.00012E-02 2.24315E-01 5.58648E-01 3.96363E-03 2.33544E-04 0.00000E+00 2.30404E-01
0.00000E+00 4.29396E-04 3.81831E-03 8.51280E-03 9.29050E-03 2.09957E-01 5.29630E-01 3.81831E-03 4.29396E-04 0.00000E+00 2.05574E-01
0.00000E+00 5.79823E-04 3.66235E-03 7.94379E-03 8.62843E-03 1.96572E-01 5.02125E-01 3.66235E-03 5.79823E-04 0.00000E+00 1.83032E-01
0.00000E+00 6.93617E-04 3.50000E-03 7.40777E-03 8.01131E-03 1.84063E-01 4.76000E-01 3.50000E-03 6.93617E-04 0.00000E+00 1.62665E-01
0.00000E+00 7.76328E-04 3.33409E-03 6.90419E-03 7.43720E-03 1.72384E-01 4.51199E-01 3.33409E-03 7.76328E-04 0.00000E+00 1.44430E-01
0.00000E+00 8.34342E-04 3.16712E-03 6.43061E-03 6.90188E-03 1.61443E-01 4.27598E-01 3.16712E-03 8.34342E-04 0.00000E+00 1.28129E-01
1.38778E-17 8.66220E-04 3.03827E-03 6.08214E-03 6.51047E-03 1.53409E-01 4.10046E-01 3.03827E-03 8.66220E-04 1.38778E-17 1.16644E-01
2.13594E-05 8.70370E-04 2.99877E-03 5.98286E-03 6.39981E-03 1.51171E-01 4.05106E-01 2.99877E-03 8.70370E-04 2.13594E-05 1.13511E-01
1.21577E-04 8.92171E-04 2.82183E-03 5.53334E-03 5.89920E-03 1.40842E-01 3.82128E-01 2.82183E-03 8.92171E-04 1.21577E-04 9.92249E-02
2.01688E-04 9.00747E-04 2.64940E-03 5.11187E-03 5.43278E-03 1.31111E-01 3.60131E-01 2.64940E-03 9.00747E-04 2.01688E-04 8.66013E-02
2.62889E-04 8.96586E-04 2.48011E-03 4.71472E-03 4.99599E-03 1.21934E-01 3.39059E-01 2.48011E-03 8.96586E-04 2.62889E-04 7.55206E-02
3.08236E-04 8.82239E-04 2.31518E-03 4.34139E-03 4.58774E-03 1.13286E-01 3.18895E-01 2.31518E-03 8.82239E-04 3.08236E-04 6.58252E-02
3.40268E-04 8.59852E-04 2.15573E-03 3.99168E-03 4.20733E-03 1.05153E-01 2.99631E-01 2.15573E-03 8.59852E-04 3.40268E-04 5.73807E-02
3.61426E-04 8.31406E-04 2.00252E-03 3.66483E-03 3.85347E-03 9.75096E-02 2.81246E-01 2.00252E-03 8.31406E-04 3.61426E-04 5.00361E-02
3.73787E-04 7.98541E-04 1.85605E-03 3.35985E-03 3.52473E-03 9.03298E-02 2.63714E-01 1.85605E-03 7.98541E-04 3.73787E-04 4.36499E-02
3.79011E-04 7.62563E-04 1.71672E-03 3.07593E-03 3.21992E-03 8.35933E-02 2.47014E-01 1.71672E-03 7.62563E-04 3.79011E-04 3.81046E-02
3.78503E-04 7.24552E-04 1.58475E-03 2.81220E-03 2.93783E-03 7.72803E-02 2.31129E-01 1.58475E-03 7.24552E-04 3.78503E-04 3.32940E-02
3.73455E-04 6.85396E-04 1.46024E-03 2.56772E-03 2.67724E-03 7.13713E-02 2.16039E-01 1.46024E-03 6.85396E-04 3.73455E-04 2.91227E-02
3.64867E-04 6.45817E-04 1.34320E-03 2.34155E-03 2.43694E-03 6.58473E-02 2.01722E-01 1.34320E-03 6.45817E-04 3.64867E-04 2.55062E-02
3.53578E-04 6.06395E-04 1.23354E-03 2.13273E-03 2.21573E-03 6.06895E-02 1.88157E-01 1.23354E-03 6.06395E-04 3.53578E-04 2.23699E-02
3.40288E-04 5.67591E-04 1.13110E-03 1.94026E-03 2.01243E-03 5.58797E-02 1.75322E-01 1.13110E-03 5.67591E-04 3.40288E-04 1.96484E-02
3.25573E-04 5.29762E-04 1.03568E-03 1.76319E-03 1.82587E-03 5.13998E-02 1.63194E-01 1.03568E-03 5.29762E-04 3.25573E-04 1.72844E-02
3.09911E-04 4.93177E-04 9.47010E-04 1.60054E-03 1.65495E-03 4.72326E-02 1.51749E-01 9.47010E-04 4.93177E-04 3.09911E-04 1.52284E-02
2.93686E-04 4.58065E-04 8.64930E-04 1.45162E-03 1.49881E-03 4.33659E-02 1.40974E-01 8.64930E-04 4.58065E-04 2.93686E-04 1.34418E-02
2.77225E-04 4.24553E-04 7.89047E-04 1.31532E-03 1.35623E-03 3.97795E-02 1.30837E-01 7.89047E-04 4.24553E-04 2.77225E-04 1.18837E-02
0.00000E+00 0.00000E+00 3.15235E-03 7.60295E-03 8.15878E-03 2.16724E-01 5.56794E-01 3.15235E-03 0.00000E+00 0.00000E+00 2.27803E-01
0.00000E+00 1.80374E-04 3.02718E-03 7.05522E-03 7.53952E-03 2.01763E-01 5.25646E-01 3.02718E-03 1.80374E-04 0.00000E+00 2.01463E-01
0.00000E+00 3.30326E-04 2.90687E-03 6.56001E-03 6.98333E-03 1.88035E-01 4.96530E-01 2.90687E-03 3.30326E-04 0.00000E+00 1.77764E-01
0.00000E+00 4.44274E-04 2.77908E-03 6.09592E-03 6.46660E-03 1.75307E-01 4.69068E-01 2.77908E-03 4.44274E-04 0.00000E+00 1.56629E-01
0.00000E+00 5.29379E-04 2.64715E-03 5.66125E-03 5.98631E-03 1.63476E-01 4.43110E-01 2.64715E-03 5.29379E-04 0.00000E+00 1.37840E-01
0.00000E+00 5.90189E-04 2.51334E-03 5.25525E-03 5.54084E-03 1.52488E-01 4.18587E-01 2.51334E-03 5.90189E-04 0.00000E+00 1.21275E-01
0.00000E+00 6.31852E-04 2.37957E-03 4.87550E-03 5.12674E-03 1.42248E-01 3.95358E-01 2.37957E-03 6.31852E-04 0.00000E+00 1.06668E-01
2.77556E-17 6.54077E-04 2.27686E-03 4.59728E-03 4.82473E-03 1.34759E-01 3.78146E-01 2.27686E-03 6.54077E-04 2.77556E-17 9.64854E-02
1.60975E-05 6.56646E-04 2.24559E-03 4.51840E-03 4.73957E-03 1.32682E-01 3.73318E-01 2.24559E-03 6.56646E-04 1.60975E-05 9.37365E-02
9.13944E-05 6.70411E-04 2.10556E-03 4.16174E-03 4.35477E-03 1.23110E-01 3.50904E-01 2.10556E-03 6.70411E-04 9.13944E-05 8.12775E-02
1.51054E-04 6.74183E-04 1.96982E-03 3.82904E-03 3.99746E-03 1.14138E-01 3.29545E-01 1.96982E-03 6.74183E-04 1.51054E-04 7.03982E-02
1.96163E-04 6.68449E-04 1.83732E-03 3.51719E-03 3.66402E-03 1.05718E-01 3.09176E-01 1.83732E-03 6.68449E-04 1.96163E-04 6.09511E-02
2.29165E-04 6.55215E-04 1.70895E-03 3.22557E-03 3.35349E-03 9.78247E-02 2.89771E-01 1.70895E-03 6.55215E-04 2.29165E-04 5.27691E-02
2.52077E-04 6.36163E-04 1.58551E-03 2.95383E-03 3.06521E-03 9.04373E-02 2.71316E-01 1.58551E-03 6.36163E-04 2.52077E-04 4.57118E-02
2.66816E-04 6.12819E-04 1.46754E-03 2.70114E-03 2.79805E-03 8.35287E-02 2.53780E-01 1.46754E-03 6.12819E-04 2.66816E-04 3.96291E-02
2.75001E-04 5.86431E-04 1.35533E-03 2.46653E-03 2.55079E-03 7.70702E-02 2.37130E-01 1.35533E-03 5.86431E-04 2.75001E-04 3.43845E-02
2.77915E-04 5.57985E-04 1.24911E-03 2.24919E-03 2.32238E-03 7.10392E-02 2.21338E-01 1.24911E-03 5.57985E-04 2.77915E-04 2.98660E-02
2.76639E-04 5.28286E-04 1.14899E-03 2.04828E-03 2.11179E-03 6.54140E-02 2.06381E-01 1.14899E-03 5.28286E-04 2.76639E-04 2.59747E-02
2.72079E-04 4.97989E-04 1.05498E-03 1.86293E-03 1.91800E-03 6.01733E-02 1.92231E-01 1.05498E-03 4.97989E-04 2.72079E-04 2.26234E-02
2.64991E-04 4.67619E-04 9.67022E-04 1.69226E-03 1.73997E-03 5.52968E-02 1.78864E-01 9.67022E-04 4.67619E-04 2.64991E-04 1.97359E-02
2.56005E-04 4.37589E-04 8.84979E-04 1.53541E-03 1.57670E-03 5.07645E-02 1.66251E-01 8.84979E-04 4.37589E-04 2.56005E-04 1.72460E-02
2.45639E-04 4.08223E-04 8.08682E-04 1.39151E-03 1.42721E-03 4.65574E-02 1.54367E-01 8.08682E-04 4.08223E-04 2.45639E-04 1.50965E-02
2.34320E-04 3.79764E-04 7.37917E-04 1.25971E-03 1.29056E-03 4.26567E-02 1.43183E-01 7.37917E-04 3.79764E-04 2.34320E-04 1.32383E-02
2.22396E-04 3.52394E-04 6.72444E-04 1.13920E-03 1.16582E-03 3.90446E-02 1.32673E-01 6.72444E-04 3.52394E-04 2.22396E-04 1.16291E-02
2.10146E-04 3.26263E-04 6.12091E-04 1.02934E-03 1.05231E-03 3.57082E-02 1.22820E-01 6.12091E-04 3.26263E-04 2.10146E-04 1.02361E-02
1.97804E-04 3.01443E-04 5.56524E-04 9.29235E-04 9.49042E-04 3.26276E-02 1.13588E-01 5.56524E-04 3.01443E-04 1.97804E-04 9.02552E-03
0.00000E+00 0.00000E+00 2.37777E-03 5.79862E-03 6.09024E-03 1.93523E-01 5.22099E-01 2.37777E-03 0.00000E+00 0.00000E+00 1.98869E-01
0.00000E+00 1.36541E-04 2.27536E-03 5.35724E-03 5.60994E-03 1.79360E-01 4.91028E-01 2.27536E-03 1.36541E-04 0.00000E+00 1.73803E-01
0.00000E+00 2.49182E-04 2.17751E-03 4.96014E-03 5.17985E-03 1.66434E-01 4.62128E-01 2.17751E-03 2.49182E-04 0.00000E+00 1.51685E-01
0.00000E+00 3.33949E-04 2.07474E-03 4.59022E-03 4.78160E-03 1.54514E-01 4.35001E-01 2.07474E-03 3.33949E-04 0.00000E+00 1.32283E-01
0.00000E+00 3.96508E-04 1.96959E-03 4.24572E-03 4.41268E-03 1.43491E-01 4.09478E-01 1.96959E-03 3.96508E-04 0.00000E+00 1.15294E-01
0.00000E+00 4.40483E-04 1.86378E-03 3.92573E-03 4.07168E-03 1.33307E-01 3.85480E-01 1.86378E-03 4.40483E-04 0.00000E+00 1.00532E-01
0.00000E+00 4.69916E-04 1.75871E-03 3.62802E-03 3.75577E-03 1.23864E-01 3.62851E-01 1.75871E-03 4.69916E-04 0.00000E+00 8.76838E-02
6.93889E-18 4.85136E-04 1.67845E-03 3.41080E-03 3.52601E-03 1.16986E-01 3.46144E-01 1.67845E-03 4.85136E-04 6.93889E-18 7.88167E-02
1.19519E-05 4.86652E-04 1.65418E-03 3.34951E-03 3.46141E-03 1.15085E-01 3.41472E-01 1.65418E-03 4.86652E-04 1.19519E-05 7.64466E-02
6.76991E-05 4.95021E-04 1.54554E-03 3.07272E-03 3.16988E-03 1.06344E-01 3.19828E-01 1.54554E-03 4.95021E-04 6.76991E-05 6.57646E-02
1.11503E-04 4.95982E-04 1.44078E-03 2.81581E-03 2.90013E-03 9.81913E-02 2.99295E-01 1.44078E-03 4.95982E-04 1.11503E-04 5.65428E-02
1.44302E-04 4.89975E-04 1.33910E-03 2.57621E-03 2.64935E-03 9.05789E-02 2.79801E-01 1.33910E-03 4.89975E-04 1.44302E-04 4.86175E-02
1.68006E-04 4.78547E-04 1.24112E-03 2.35328E-03 2.41667E-03 8.34764E-02 2.61310E-01 1.24112E-03 4.78547E-04 1.68006E-04 4.18204E-02
1.84188E-04 4.62981E-04 1.14741E-03 2.14659E-03 2.20149E-03 7.68620E-02 2.43802E-01 1.14741E-03 4.62981E-04 1.84188E-04 3.60119E-02
1.94322E-04 4.44431E-04 1.05830E-03 1.95532E-03 2.00284E-03 7.07061E-02 2.27239E-01 1.05830E-03 4.44431E-04 1.94322E-04 3.10486E-02
1.99645E-04 4.23829E-04 9.73957E-04 1.77859E-03 1.81969E-03 6.49784E-02 2.11579E-01 9.73957E-04 4.23829E-04 1.99645E-04 2.68030E-02
2.01132E-04 4.01903E-04 8.94502E-04 1.61564E-03 1.65115E-03 5.96550E-02 1.96791E-01 8.94502E-04 4.01903E-04 2.01132E-04 2.31723E-02
1.99598E-04 3.79242E-04 8.19959E-04 1.46570E-03 1.49635E-03 5.47128E-02 1.82842E-01 8.19959E-04 3.79242E-04 1.99598E-04 2.00667E-02
1.95721E-04 3.56318E-04 7.50284E-04 1.32800E-03 1.35445E-03 5.01298E-02 1.69703E-01 7.50284E-04 3.56318E-04 1.95721E-04 1.74088E-02
1.90064E-04 3.33506E-04 6.85382E-04 1.20179E-03 1.22458E-03 4.58847E-02 1.57341E-01 6.85382E-04 3.33506E-04 1.90064E-04 1.51318E-02
1.83089E-04 3.11095E-04 6.25111E-04 1.08632E-03 1.10593E-03 4.19574E-02 1.45726E-01 6.25111E-04 3.11095E-04 1.83089E-04 1.31786E-02
1.75178E-04 2.89307E-04 5.69299E-04 9.80844E-04 9.97717E-04 3.83283E-02 1.34828E-01 5.69299E-04 2.89307E-04 1.75178E-04 1.15003E-02
1.66638E-04 2.68306E-04 5.17751E-04 8.84661E-04 8.99162E-04 3.49787E-02 1.24614E-01 5.17751E-04 2.68306E-04 1.66638E-04 1.00555E-02
1.57721E-04 2.48208E-04 4.70252E-04 7.97088E-04 8.09539E-04 3.18908E-02 1.15055E-01 4.70252E-04 2.48208E-04 1.57721E-04 8.80899E-03
1.48627E-04 2.29111E-04 4.26647E-04 7.17603E-04 7.28288E-04 2.90515E-02 1.06130E-01 4.26647E-04 2.29111E-04 1.48627E-04 7.73365E-03
1.39519E-04 2.11052E-04 3.86658E-04 6.45481E-04 6.54644E-04 2.64416E-02 9.78030E-02 3.86658E-04 2.11052E-04 1.39519E-04 6.80197E-03
0.00000E+00 0.00000E+00 1.76980E-03 4.35110E-03 4.49791E-03 1.70909E-01 4.86303E-01 1.76980E-03 0.00000E+00 0.00000E+00 1.71295E-01
0.00000E+00 1.01447E-04 1.68712E-03 4.00234E-03 4.12889E-03 1.57700E-01 4.55632E-01 1.68712E-03 1.01447E-04 0.00000E+00 1.47995E-01
0.00000E+00 1.84604E-04 1.60873E-03 3.69018E-03 3.79963E-03 1.45708E-01 4.27241E-01 1.60873E-03 1.84604E-04 0.00000E+00 1.27795E-01
0.00000E+00 2.46659E-04 1.52742E-03 3.40112E-03 3.49598E-03 1.34707E-01 4.00716E-01 1.52742E-03 2.46659E-04 0.00000E+00 1.10344E-01
0.00000E+00 2.91973E-04 1.44503E-03 3.13343E-03 3.21577E-03 1.24585E-01 3.75871E-01 1.44503E-03 2.91973E-04 0.00000E+00 9.52765E-02
0.00000E+00 3.23348E-04 1.36280E-03 2.88616E-03 2.95778E-03 1.15282E-01 3.52618E-01 1.36280E-03 3.23348E-04 0.00000E+00 8.23605E-02
0.00000E+00 3.43882E-04 1.28172E-03 2.65727E-03 2.71966E-03 1.06697E-01 3.30787E-01 1.28172E-03 3.43882E-04 0.00000E+00 7.12566E-02
0.00000E+00 3.54172E-04 1.22010E-03 2.49095E-03 2.54701E-03 1.00468E-01 3.14726E-01 1.22010E-03 3.54172E-04 0.00000E+00 6.36656E-02
8.76339E-06 3.55022E-04 1.20158E-03 2.44422E-03 2.49861E-03 9.87524E-02 3.10250E-01 1.20158E-03 3.55022E-04 8.76339E-06 6.16553E-02
4.95347E-05 3.59935E-04 1.11876E-03 2.23350E-03 2.28048E-03 9.08802E-02 2.89547E-01 1.11876E-03 3.59935E-04 4.95347E-05 5.26422E-02
8.13284E-05 3.59446E-04 1.03933E-03 2.03885E-03 2.07942E-03 8.35738E-02 2.69993E-01 1.03933E-03 3.59446E-04 8.13284E-05 4.49447E-02
1.04922E-04 3.53926E-04 9.62643E-04 1.85820E-03 1.89321E-03 7.67842E-02 2.51510E-01 9.62643E-04 3.53926E-04 1.04922E-04 3.83940E-02
1.21780E-04 3.44543E-04 8.89138E-04 1.69093E-03 1.72111E-03 7.04795E-02 2.34053E-01 8.89138E-04 3.44543E-04 1.21780E-04 3.28272E-02
1.33104E-04 3.32260E-04 8.19190E-04 1.53657E-03 1.56258E-03 6.46361E-02 2.17597E-01 8.19190E-04 3.32260E-04 1.33104E-04 2.81116E-02
1.40010E-04 3.17931E-04 7.53004E-04 1.39440E-03 1.41681E-03 5.92233E-02 2.02094E-01 7.53004E-04 3.17931E-04 1.40010E-04 2.41145E-02
1.43427E-04 3.02240E-04 6.90658E-04 1.26364E-03 1.28292E-03 5.42103E-02 1.87499E-01 6.90658E-04 3.02240E-04 1.43427E-04 2.07205E-02
1.44084E-04 2.85715E-04 6.32191E-04 1.14361E-03 1.16018E-03 4.95725E-02 1.73774E-01 6.32191E-04 2.85715E-04 1.44084E-04 1.78377E-02
1.42586E-04 2.68782E-04 5.77582E-04 1.03366E-03 1.04789E-03 4.52863E-02 1.60882E-01 5.77582E-04 2.68782E-04 1.42586E-04 1.53873E-02
1.39433E-04 2.51775E-04 5.26761E-04 9.33128E-04 9.45342E-04 4.13296E-02 1.48789E-01 5.26761E-04 2.51775E-04 1.39433E-04 1.33019E-02
1.35038E-04 2.34956E-04 4.79622E-04 8.41379E-04 8.51850E-04 3.76812E-02 1.37458E-01 4.79622E-04 2.34956E-04 1.35038E-04 1.15245E-02
1.29737E-04 2.18527E-04 4.36028E-04 7.57791E-04 7.66759E-04 3.43210E-02 1.26856E-01 4.36028E-04 2.18527E-04 1.29737E-04 1.00068E-02
1.23805E-04 2.02635E-04 3.95822E-04 6.81763E-04 6.89437E-04 3.12296E-02 1.16949E-01 3.95822E-04 2.02635E-04 1.23805E-04 8.70804E-03
1.17464E-04 1.87388E-04 3.58835E-04 6.12720E-04 6.19281E-04 2.83890E-02 1.07702E-01 3.58835E-04 1.87388E-04 1.17464E-04 7.59403E-03
1.10893E-04 1.72862E-04 3.24886E-04 5.50115E-04 5.55720E-04 2.57818E-02 9.90833E-02 3.24886E-04 1.72862E-04 1.10893E-04 6.63604E-03
1.04232E-04 1.59117E-04 2.93839E-04 4.93525E-04 4.98310E-04 2.33953E-02 9.10701E-02 2.93839E-04 1.59117E-04 1.04232E-04 5.81199E-03
9.75964E-05 1.46171E-04 2.65473E-04 4.42383E-04 4.46466E-04 2.12110E-02 8.36237E-02 2.65473E-04 1.46171E-04 9.75964E-05 5.09985E-03
0.00000E+00 0.00000E+00 1.29207E-03 3.19518E-03 3.26518E-03 1.48869E-01 4.49253E-01 1.29207E-03 0.00000E+00 0.00000E+00 1.45021E-01
0.00000E+00 7.34514E-05 1.22644E-03 2.92592E-03 2.98594E-03 1.36752E-01 4.19295E-01 1.22644E-03 7.34514E-05 0.00000E+00 1.23890E-01
0.00000E+00 1.33367E-04 1.16484E-03 2.68623E-03 2.73788E-03 1.25809E-01 3.91696E-01 1.16484E-03 1.33367E-04 0.00000E+00 1.05870E-01
0.00000E+00 1.77772E-04 1.10184E-03 2.46567E-03 2.51021E-03 1.15821E-01 3.66028E-01 1.10184E-03 1.77772E-04 0.00000E+00 9.05231E-02
0.00000E+00 2.09902E-04 1.03867E-03 2.26259E-03 2.30105E-03 1.06676E-01 3.42095E-01 1.03867E-03 2.09902E-04 0.00000E+00 7.74497E-02
0.00000E+00 2.31850E-04 9.76190E-04 2.07605E-03 2.10934E-03 9.83138E-02 3.19797E-01 9.76190E-04 2.31850E-04 0.00000E+00 6.63871E-02
0.00000E+00 2.45917E-04 9.15029E-04 1.90426E-03 1.93312E-03 9.06342E-02 2.98954E-01 9.15029E-04 2.45917E-04 0.00000E+00 5.69874E-02
0.00000E+00 2.52751E-04 8.68795E-04 1.77994E-03 1.80577E-03 8.50836E-02 2.83673E-01 8.68795E-04 2.52751E-04 0.00000E+00 5.06199E-02
6.30573E-06 2.53194E-04 8.54988E-04 1.74515E-03 1.77019E-03 8.35602E-02 2.79427E-01 8.54988E-04 2.53194E-04 6.30573E-06 4.89485E-02
3.55766E-05 2.55951E-04 7.93293E-04 1.58854E-03 1.61006E-03 7.65838E-02 2.59829E-01 7.93293E-04 2.55951E-04 3.55766E-05 4.14914E-02
5.82451E-05 2.54857E-04 7.34439E-04 1.44456E-03 1.46305E-03 7.01399E-02 2.41401E-01 7.34439E-04 2.54857E-04 5.82451E-05 3.51886E-02
7.49290E-05 2.50208E-04 6.77933E-04 1.31158E-03 1.32745E-03 6.41803E-02 2.24056E-01 6.77933E-04 2.50208E-04 7.49290E-05 2.98747E-02
8.67244E-05 2.42861E-04 6.24048E-04 1.18901E-03 1.20263E-03 5.86723E-02 2.07746E-01 6.24048E-04 2.42861E-04 8.67244E-05 2.53986E-02
9.45267E-05 2.33520E-04 5.73029E-04 1.07645E-03 1.08813E-03 5.35916E-02 1.92437E-01 5.73029E-04 2.33520E-04 9.45267E-05 2.16381E-02
9.91617E-05 2.22805E-04 5.24985E-04 9.73247E-04 9.83253E-04 4.89073E-02 1.78079E-01 5.24985E-04 2.22805E-04 9.91617E-05 1.84747E-02
1.01312E-04 2.11203E-04 4.79935E-04 8.78744E-04 8.87310E-04 4.45888E-02 1.64617E-01 4.79935E-04 2.11203E-04 1.01312E-04 1.58070E-02
1.01510E-04 1.99093E-04 4.37875E-04 7.92382E-04 7.99709E-04 4.06118E-02 1.52012E-01 4.37875E-04 1.99093E-04 1.01510E-04 1.35553E-02
1.00197E-04 1.86771E-04 3.98761E-04 7.13611E-04 7.19872E-04 3.69529E-02 1.40222E-01 3.98761E-04 1.86771E-04 1.00197E-04 1.16522E-02
9.77338E-05 1.74471E-04 3.62512E-04 6.41897E-04 6.47242E-04 3.35906E-02 1.29208E-01 3.62512E-04 1.74471E-04 9.77338E-05 1.00408E-02
9.44166E-05 1.62373E-04 3.29026E-04 5.76722E-04 5.81282E-04 3.05041E-02 1.18932E-01 3.29026E-04 1.62373E-04 9.44166E-05 8.67365E-03
9.04863E-05 1.50612E-04 2.98182E-04 5.17591E-04 5.21476E-04 2.76740E-02 1.09357E-01 2.98182E-04 1.50612E-04 9.04863E-05 7.51096E-03
8.61376E-05 1.39287E-04 2.69846E-04 4.64028E-04 4.67336E-04 2.50819E-02 1.00447E-01 2.69846E-04 1.39287E-04 8.61376E-05 6.51955E-03
8.15269E-05 1.28467E-04 2.43877E-04 4.15582E-04 4.18396E-04 2.27106E-02 9.21649E-02 2.43877E-04 1.28467E-04 8.15269E-05 5.67179E-03
7.67789E-05 1.18198E-04 2.20129E-04 3.71829E-04 3.74220E-04 2.05438E-02 8.44775E-02 2.20129E-04 1.18198E-04 7.67789E-05 4.94475E-03
7.19924E-05 1.08517E-04 1.98492E-04 3.32438E-04 3.34468E-04 1.85691E-02 7.73603E-02 1.98492E-04 1.08517E-04 7.19924E-05 4.32089E-03
6.72462E-05 9.94300E-05 1.78794E-04 2.96977E-04 2.98700E-04 1.67697E-02 7.07739E-02 1.78794E-04 9.94300E-05 6.72462E-05 3.78293E-03
0.00000E+00 0.00000E+00 9.26714E-04 2.30092E-03 2.33265E-03 1.27956E-01 4.11734E-01 9.26714E-04 0.00000E+00 0.00000E+00 1.20693E-01
0.00000E+00 5.18386E-05 8.75443E-04 2.09731E-03 2.12438E-03 1.17020E-01 3.82776E-01 8.75443E-04 5.18386E-05 0.00000E+00 1.01985E-01
0.00000E+00 9.40037E-05 8.27894E-04 1.91714E-03 1.94031E-03 1.07194E-01 3.56223E-01 8.27894E-04 9.40037E-05 0.00000E+00 8.62751E-02
0.00000E+00 1.25101E-04 7.80011E-04 1.75243E-03 1.77231E-03 9.82703E-02 3.31640E-01 7.80011E-04 1.25101E-04 0.00000E+00 7.30749E-02
0.00000E+00 1.47446E-04 7.32558E-04 1.60168E-03 1.61877E-03 9.01400E-02 3.08821E-01 7.32558E-04 1.47446E-04 0.00000E+00 6.19718E-02
0.00000E+00 1.62541E-04 6.86069E-04 1.46400E-03 1.47872E-03 8.27411E-02 2.87656E-01 6.86069E-04 1.62541E-04 0.00000E+00 5.26911E-02
0.00000E+00 1.72042E-04 6.40915E-04 1.33787E-03 1.35057E-03 7.59785E-02 2.67957E-01 6.40915E-04 1.72042E-04 0.00000E+00 4.48927E-02
6.93889E-18 1.76529E-04 6.06969E-04 1.24696E-03 1.25829E-03 7.11092E-02 2.53566E-01 6.06969E-04 1.76529E-04 6.93889E-18 3.96555E-02
4.46081E-06 1.76743E-04 5.96892E-04 1.22163E-03 1.23260E-03 6.97774E-02 2.49581E-01 5.96892E-04 1.76743E-04 4.46081E-06 3.82923E-02
2.51281E-05 1.78239E-04 5.51923E-04 1.10776E-03 1.11714E-03 6.36901E-02 2.31215E-01 5.51923E-04 1.78239E-04 2.51281E-05 3.22380E-02
4.10373E-05 1.77046E-04 5.09260E-04 1.00357E-03 1.01159E-03 5.80942E-02 2.14022E-01 5.09260E-04 1.77046E-04 4.10373E-05 2.71709E-02
5.26617E-05 1.73386E-04 4.68520E-04 9.07794E-04 9.14644E-04 5.29429E-02 1.97910E-01 4.68520E-04 1.73386E-04 5.26617E-05 2.29363E-02
6.08022E-05 1.67873E-04 4.29867E-04 8.19931E-04 8.25778E-04 4.82041E-02 1.82825E-01 4.29867E-04 1.67873E-04 6.08022E-05 1.93987E-02
6.61114E-05 1.61012E-04 3.93447E-04 7.39603E-04 7.44591E-04 4.38533E-02 1.68727E-01 3.93447E-04 1.61012E-04 6.61114E-05 1.64494E-02
6.91871E-05 1.53240E-04 3.59310E-04 6.66287E-04 6.70539E-04 3.98603E-02 1.55561E-01 3.59310E-04 1.53240E-04 6.91871E-05 1.39856E-02
7.05208E-05 1.44899E-04 3.27442E-04 5.99441E-04 6.03064E-04 3.61959E-02 1.43270E-01 3.27442E-04 1.44899E-04 7.05208E-05 1.19209E-02
7.04947E-05 1.36253E-04 2.97815E-04 5.38614E-04 5.41697E-04 3.28364E-02 1.31810E-01 2.97815E-04 1.36253E-04 7.04947E-05 1.01879E-02
6.94227E-05 1.27507E-04 2.70376E-04 4.83367E-04 4.85988E-04 2.97595E-02 1.21136E-01 2.70376E-04 1.27507E-04 6.94227E-05 8.73050E-03
6.75617E-05 1.18820E-04 2.45049E-04 4.33276E-04 4.35503E-04 2.69445E-02 1.11207E-01 2.45049E-04 1.18820E-04 6.75617E-05 7.50205E-03
6.51208E-05 1.10314E-04 2.21743E-04 3.87939E-04 3.89828E-04 2.43719E-02 1.01982E-01 2.21743E-04 1.10314E-04 6.51208E-05 6.46385E-03
6.22693E-05 1.02079E-04 2.00356E-04 3.46970E-04 3.48572E-04 2.20234E-02 9.34225E-02 2.00356E-04 1.02079E-04 6.22693E-05 5.58390E-03
5.91432E-05 9.41776E-05 1.80781E-04 3.10006E-04 3.11363E-04 1.98819E-02 8.54901E-02 1.80781E-04 9.41776E-05 5.91432E-05 4.83578E-03
5.58513E-05 8.66553E-05 1.62905E-04 2.76703E-04 2.77852E-04 1.79313E-02 7.81483E-02 1.62905E-04 8.66553E-05 5.58513E-05 4.19770E-03
5.24795E-05 7.95394E-05 1.46615E-04 2.46742E-04 2.47713E-04 1.61566E-02 7.13618E-02 1.46615E-04 7.95394E-05 5.24795E-05 3.65169E-03
4.90960E-05 7.28524E-05 1.31824E-04 2.19871E-04 2.20691E-04 1.45464E-02 6.51053E-02 1.31824E-04 7.28524E-05 4.90960E-05 3.18411E-03
4.57544E-05 6.65946E-05 1.18404E-04 1.95772E-04 1.96464E-04 1.30856E-02 5.93395E-02 1.18404E-04 6.65946E-05 4.57544E-05 2.78161E-03
0.00000E+00 0.00000E+00 6.52050E-04 1.62335E-03 1.63690E-03 1.08459E-01 3.74183E-01 6.52050E-04 0.00000E+00 0.00000E+00 9.86217E-02
0.00000E+00 3.55507E-05 6.12661E-04 1.47258E-03 1.48407E-03 9.87517E-02 3.46485E-01 6.12661E-04 3.55507E-05 0.00000E+00 8.24583E-02
0.00000E+00 6.44599E-05 5.76639E-04 1.34001E-03 1.34980E-03 9.00733E-02 3.21206E-01 5.76639E-04 6.44599E-05 0.00000E+00 6.90789E-02
0.00000E+00 8.57331E-05 5.40983E-04 1.21968E-03 1.22803E-03 8.22297E-02 2.97907E-01 5.40983E-04 8.57331E-05 0.00000E+00 5.79801E-02
0.00000E+00 1.00953E-04 5.06095E-04 1.11024E-03 1.11737E-03 7.51177E-02 2.76375E-01 5.06095E-04 1.00953E-04 0.00000E+00 4.87560E-02
0.00000E+00 1.11156E-04 4.72269E-04 1.01088E-03 1.01700E-03 6.86768E-02 2.56495E-01 4.72269E-04 1.11156E-04 0.00000E+00 4.11355E-02
0.00000E+00 1.17489E-04 4.39683E-04 9.20346E-04 9.25598E-04 6.28170E-02 2.38072E-01 4.39683E-04 1.17489E-04 0.00000E+00 3.47994E-02
0.00000E+00 1.20413E-04 4.15328E-04 8.55367E-04 8.60032E-04 5.86133E-02 2.24659E-01 4.15328E-04 1.20413E-04 0.00000E+00 3.05791E-02
3.09847E-06 1.20508E-04 4.08140E-04 8.37330E-04 8.41843E-04 5.74674E-02 2.20955E-01 4.08140E-04 1.20508E-04 3.09847E-06 2.94892E-02
1.74318E-05 1.21311E-04 3.76117E-04 7.56402E-04 7.60241E-04 5.22401E-02 2.03924E-01 3.76117E-04 1.21311E-04 1.74318E-05 2.46697E-02
2.84097E-05 1.20275E-04 3.45904E-04 6.82712E-04 6.85977E-04 4.74570E-02 1.88049E-01 3.45904E-04 1.20275E-04 2.84097E-05 2.06731E-02
3.63815E-05 1.17560E-04 3.17207E-04 6.15290E-04 6.18063E-04 4.30742E-02 1.73238E-01 3.17207E-04 1.17560E-04 3.63815E-05 1.73607E-02
4.19180E-05 1.13594E-04 2.90116E-04 5.53721E-04 5.56075E-04 3.90609E-02 1.59430E-01 2.90116E-04 1.13594E-04 4.19180E-05 1.46145E-02
4.54836E-05 1.08729E-04 2.64712E-04 4.97687E-04 4.99685E-04 3.53930E-02 1.46583E-01 2.64712E-04 1.08729E-04 4.54836E-05 1.23412E-02
4.75015E-05 1.03268E-04 2.41007E-04 4.46768E-04 4.48463E-04 3.20421E-02 1.34636E-01 2.41007E-04 1.03268E-04 4.75015E-05 1.04540E-02
4.83180E-05 9.74448E-05 2.18971E-04 4.00541E-04 4.01977E-04 2.89807E-02 1.23532E-01 2.18971E-04 9.74448E-05 4.83180E-05 8.88124E-03
4.82017E-05 9.14402E-05 1.98568E-04 3.58652E-04 3.59867E-04 2.61864E-02 1.13222E-01 1.98568E-04 9.14402E-05 4.82017E-05 7.56772E-03
4.73723E-05 8.53929E-05 1.79746E-04 3.20760E-04 3.21788E-04 2.36385E-02 1.03660E-01 1.79746E-04 8.53929E-05 4.73723E-05 6.46788E-03
4.60087E-05 7.94100E-05 1.62438E-04 2.86544E-04 2.87413E-04 2.13177E-02 9.48029E-02 1.62438E-04 7.94100E-05 4.60087E-05 5.54428E-03
4.42561E-05 7.35719E-05 1.46569E-04 2.55698E-04 2.56430E-04 1.92061E-02 8.66092E-02 1.46569E-04 7.35719E-05 4.42561E-05 4.76623E-03
4.22314E-05 6.79374E-05 1.32059E-04 2.27932E-04 2.28549E-04 1.72868E-02 7.90385E-02 1.32059E-04 6.79374E-05 4.22314E-05 4.10858E-03
4.00284E-05 6.25481E-05 1.18823E-04 2.02975E-04 2.03496E-04 1.55443E-02 7.20521E-02 1.18823E-04 6.25481E-05 4.00284E-05 3.55077E-03
3.77213E-05 5.74313E-05 1.06777E-04 1.80576E-04 1.81014E-04 1.39640E-02 6.56132E-02 1.06777E-04 5.74313E-05 3.77213E-05 3.07596E-03
3.53689E-05 5.26040E-05 9.58358E-05 1.60499E-04 1.60867E-04 1.25325E-02 5.96864E-02 9.58358E-05 5.26040E-05 3.53689E-05 2.67037E-03
3.30176E-05 4.80794E-05 8.59335E-05 1.42559E-04 1.42869E-04 1.12393E-02 5.42458E-02 8.59335E-05 4.80794E-05 3.30176E-05 2.32359E-03
3.07032E-05 4.38557E-05 7.69771E-05 1.26529E-04 1.26789E-04 1.00711E-02 4.92532E-02 7.69771E-05 4.38557E-05 3.07032E-05 2.02552E-03
0.00000E+00 0.00000E+00 4.49365E-04 1.12071E-03 1.12611E-03 9.05996E-02 3.37019E-01 4.49365E-04 0.00000E+00 0.00000E+00 7.90196E-02
0.00000E+00 2.35961E-05 4.19642E-04 1.01144E-03 1.01599E-03 8.21285E-02 3.10810E-01 4.19642E-04 2.35961E-05 0.00000E+00 6.53981E-02
0.00000E+00 4.28467E-05 3.92892E-04 9.16033E-04 9.19886E-04 7.45922E-02 2.87001E-01 3.92892E-04 4.28467E-05 0.00000E+00 5.42756E-02
0.00000E+00 5.70300E-05 3.66911E-04 8.30095E-04 8.33365E-04 6.78134E-02 2.65156E-01 3.66911E-04 5.70300E-05 0.00000E+00 4.51603E-02
0.00000E+00 6.71708E-05 3.41844E-04 7.52462E-04 7.55243E-04 6.16954E-02 2.45057E-01 3.41844E-04 6.71708E-05 0.00000E+00 3.76711E-02
0.00000E+00 7.39461E-05 3.17814E-04 6.82428E-04 6.84799E-04 5.61811E-02 2.26583E-01 3.17814E-04 7.39461E-05 0.00000E+00 3.15521E-02
0.00000E+00 7.81210E-05 2.94868E-04 6.18975E-04 6.21000E-04 5.11869E-02 2.09537E-01 2.94868E-04 7.81210E-05 0.00000E+00 2.65153E-02
6.93889E-18 8.00218E-05 2.77823E-04 5.73628E-04 5.75418E-04 4.76174E-02 1.97171E-01 2.77823E-04 8.00218E-05 6.93889E-18 2.31864E-02
2.11033E-06 8.00639E-05 2.72821E-04 5.61091E-04 5.62821E-04 4.66476E-02 1.93767E-01 2.72821E-04 8.00639E-05 2.11033E-06 2.23331E-02
1.18618E-05 8.05158E-05 2.50580E-04 5.04944E-04 5.06407E-04 4.22318E-02 1.78142E-01 2.50580E-04 8.05158E-05 1.18618E-05 1.85748E-02
1.93011E-05 7.97370E-05 2.29717E-04 4.54067E-04 4.55305E-04 3.82099E-02 1.63643E-01 2.29717E-04 7.97370E-05 1.93011E-05 1.54853E-02
2.46767E-05 7.78365E-05 2.10007E-04 4.07739E-04 4.08784E-04 3.45412E-02 1.50174E-01 2.10007E-04 7.78365E-05 2.46767E-05 1.29441E-02
2.83846E-05 7.51057E-05 1.91491E-04 3.65626E-04 3.66509E-04 3.11969E-02 1.37673E-01 1.91491E-04 7.51057E-05 2.83846E-05 1.08520E-02
3.07472E-05 7.17834E-05 1.74208E-04 3.27472E-04 3.28217E-04 2.81544E-02 1.26092E-01 1.74208E-04 7.17834E-05 3.07472E-05 9.13102E-03
3.20567E-05 6.80735E-05 1.58151E-04 2.92952E-04 2.93579E-04 2.53873E-02 1.15371E-01 1.58151E-04 6.80735E-05 3.20567E-05 7.71033E-03
3.25519E-05 6.41342E-05 1.43284E-04 2.61743E-04 2.62272E-04 2.28704E-02 1.05448E-01 1.43284E-04 6.41342E-05 3.25519E-05 6.53210E-03
3.24174E-05 6.00855E-05 1.29572E-04 2.33579E-04 2.34024E-04 2.05832E-02 9.62743E-02 1.29572E-04 6.00855E-05 3.24174E-05 5.55217E-03
3.18037E-05 5.60199E-05 1.16969E-04 2.08205E-04 2.08579E-04 1.85068E-02 8.78034E-02 1.16969E-04 5.60199E-05 3.18037E-05 4.73457E-03
3.08334E-05 5.20082E-05 1.05421E-04 1.85381E-04 1.85696E-04 1.66238E-02 7.99906E-02 1.05421E-04 5.20082E-05 3.08334E-05 4.05006E-03
2.96052E-05 4.81030E-05 9.48687E-05 1.64885E-04 1.65148E-04 1.49178E-02 7.27938E-02 9.48687E-05 4.81030E-05 2.96052E-05 3.47488E-03
2.81986E-05 4.43425E-05 8.52518E-05 1.46505E-04 1.46726E-04 1.33740E-02 6.61726E-02 8.52518E-05 4.43425E-05 2.81986E-05 2.98972E-03
2.66771E-05 4.07533E-05 7.65076E-05 1.30046E-04 1.30231E-04 1.19784E-02 6.00887E-02 7.65076E-05 4.07533E-05 2.66771E-05 2.57893E-03
2.50909E-05 3.73527E-05 6.85736E-05 1.15327E-04 1.15482E-04 1.07182E-02 5.45054E-02 6.85736E-05 3.73527E-05 2.50909E-05 2.22979E-03
2.34795E-05 3.41507E-05 6.13890E-05 1.02182E-04 1.02311E-04 9.58150E-03 4.93883E-02 6.13890E-05 3.41507E-05 2.34795E-05 1.93194E-03
2.18740E-05 3.11554E-05 5.49061E-05 9.04777E-05 9.05857E-05 8.55911E-03 4.47113E-02 5.49061E-05 3.11554E-05 2.18740E-05 1.67759E-03
2.02982E-05 2.83647E-05 4.90591E-05 8.00555E-05 8.01457E-05 7.63945E-03 4.04377E-02 4.90591E-05 2.83647E-05 2.02982E-05 1.45923E-03
0.00000E+00 0.00000E+00 3.02834E-04 7.56078E-04 7.58093E-04 7.45322E-02 3.00645E-01 3.02834E-04 0.00000E+00 0.00000E+00 6.19934E-02
0.00000E+00 1.50818E-05 2.80838E-04 6.78628E-04 6.80318E-04 6.72679E-02 2.76120E-01 2.80838E-04 1.50818E-05 0.00000E+00 5.08062E-02
0.00000E+00 2.74880E-05 2.61395E-04 6.11543E-04 6.12965E-04 6.08364E-02 2.53944E-01 2.61395E-04 2.74880E-05 0.00000E+00 4.17894E-02
0.00000E+00 3.66838E-05 2.42898E-04 5.51618E-04 5.52819E-04 5.50783E-02 2.33690E-01 2.42898E-04 3.66838E-05 0.00000E+00 3.44850E-02
0.00000E+00 4.32862E-05 2.25327E-04 4.97880E-04 4.98895E-04 4.99054E-02 2.15137E-01 2.25327E-04 4.32862E-05 0.00000E+00 2.85489E-02
0.00000E+00 4.77095E-05 2.08690E-04 4.49730E-04 4.50590E-04 4.52647E-02 1.98161E-01 2.08690E-04 4.77095E-05 0.00000E+00 2.37498E-02
0.00000E+00 5.04385E-05 1.92955E-04 4.06363E-04 4.07093E-04 4.10805E-02 1.82567E-01 1.92955E-04 5.04385E-05 0.00000E+00 1.98367E-02
0.00000E+00 5.16809E-05 1.81341E-04 3.75509E-04 3.76153E-04 3.81006E-02 1.71292E-01 1.81341E-04 5.16809E-05 0.00000E+00 1.72694E-02
1.40778E-06 5.17049E-05 1.77953E-04 3.67014E-04 3.67635E-04 3.72936E-02 1.68199E-01 1.77953E-04 5.17049E-05 1.40778E-06 1.66158E-02
7.90886E-06 5.19962E-05 1.62919E-04 3.29042E-04 3.29564E-04 3.36261E-02 1.54026E-01 1.62919E-04 5.19962E-05 7.90886E-06 1.37483E-02
1.28556E-05 5.14821E-05 1.48900E-04 2.94807E-04 2.95247E-04 3.03009E-02 1.40933E-01 1.48900E-04 5.14821E-05 1.28556E-05 1.14097E-02
1.64177E-05 5.02328E-05 1.35727E-04 2.63782E-04 2.64151E-04 2.72813E-02 1.28825E-01 1.35727E-04 5.02328E-05 1.64177E-05 9.49955E-03
1.88622E-05 4.84404E-05 1.23410E-04 2.35710E-04 2.36020E-04 2.45410E-02 1.17635E-01 1.23410E-04 4.84404E-05 1.88622E-05 7.93667E-03
2.04067E-05 4.62625E-05 1.11966E-04 2.10390E-04 2.10650E-04 2.20591E-02 1.07316E-01 1.11966E-04 4.62625E-05 2.04067E-05 6.65819E-03
2.12482E-05 4.38336E-05 1.01376E-04 1.87580E-04 1.87798E-04 1.98119E-02 9.78046E-02 1.01376E-04 4.38336E-05 2.12482E-05 5.60778E-03
2.15474E-05 4.12576E-05 9.16086E-05 1.67044E-04 1.67226E-04 1.77768E-02 8.90402E-02 9.16086E-05 4.12576E-05 2.15474E-05 4.74012E-03
2.14284E-05 3.86130E-05 8.26322E-05 1.48584E-04 1.48737E-04 1.59355E-02 8.09730E-02 8.26322E-05 3.86130E-05 2.14284E-05 4.02090E-03
2.09923E-05 3.59606E-05 7.44094E-05 1.32018E-04 1.32146E-04 1.42711E-02 7.35561E-02 7.44094E-05 3.59606E-05 2.09923E-05 3.42248E-03
2.03211E-05 3.33464E-05 6.68990E-05 1.17174E-04 1.17281E-04 1.27683E-02 6.67454E-02 6.68990E-05 3.33464E-05 2.03211E-05 2.92258E-03
1.94810E-05 3.08044E-05 6.00578E-05 1.03893E-04 1.03982E-04 1.14126E-02 6.04989E-02 6.00578E-05 3.08044E-05 1.94810E-05 2.50327E-03
1.85251E-05 2.83595E-05 5.38412E-05 9.20265E-05 9.21004E-05 1.01911E-02 5.47770E-02 5.38412E-05 2.83595E-05 1.85251E-05 2.15011E-03
1.74956E-05 2.60286E-05 4.82047E-05 8.14380E-05 8.14995E-05 9.09159E-03 4.95423E-02 4.82047E-05 2.60286E-05 1.74956E-05 1.85143E-03
1.64260E-05 2.38226E-05 4.31046E-05 7.20018E-05 7.20530E-05 8.10296E-03 4.47594E-02 4.31046E-05 2.38226E-05 1.64260E-05 1.59782E-03
1.53426E-05 2.17480E-05 3.84986E-05 6.36029E-05 6.36454E-05 7.21501E-03 4.03947E-02 3.84986E-05 2.17480E-05 1.53426E-05 1.38168E-03
1.42659E-05 1.98098E-05 3.43532E-05 5.61507E-05 5.61860E-05 6.41983E-03 3.64231E-02 3.43532E-05 1.98098E-05 1.42659E-05 1.19728E-03
1.32117E-05 1.80061E-05 3.06241E-05 4.95364E-05 4.95657E-05 5.70757E-03 3.28099E-02 3.06241E-05 1.80061E-05 1.32117E-05 1.03912E-03
0.00000E+00 0.00000E+00 1.99160E-04 4.97549E-04 4.98251E-04 6.03374E-02 2.65429E-01 1.99160E-04 0.00000E+00 0.00000E+00 4.75427E-02
0.00000E+00 9.21707E-06 1.83226E-04 4.43945E-04 4.44531E-04 5.42194E-02 2.42745E-01 1.83226E-04 9.21707E-06 0.00000E+00 3.85999E-02
0.00000E+00 1.69181E-05 1.69417E-04 3.97919E-04 3.98410E-04 4.88285E-02 2.22331E-01 1.69417E-04 1.69181E-05 0.00000E+00 3.14812E-02
0.00000E+00 2.26990E-05 1.56576E-04 3.57186E-04 3.57597E-04 4.40242E-02 2.03771E-01 1.56576E-04 2.26990E-05 0.00000E+00 2.57780E-02
0.00000E+00 2.68942E-05 1.44585E-04 3.20949E-04 3.21295E-04 3.97277E-02 1.86846E-01 1.44585E-04 2.68942E-05 0.00000E+00 2.11912E-02
0.00000E+00 2.97345E-05 1.33386E-04 2.88716E-04 2.89008E-04 3.58909E-02 1.71431E-01 1.33386E-04 2.97345E-05 0.00000E+00 1.75198E-02
0.00000E+00 3.15085E-05 1.22902E-04 2.59869E-04 2.60115E-04 3.24467E-02 1.57332E-01 1.22902E-04 3.15085E-05 0.00000E+00 1.45528E-02
0.00000E+00 3.23301E-05 1.15219E-04 2.39443E-04 2.39659E-04 3.00027E-02 1.47176E-01 1.15219E-04 3.23301E-05 0.00000E+00 1.26195E-02
9.18428E-07 3.23517E-05 1.12990E-04 2.33842E-04 2.34050E-04 2.93429E-02 1.44398E-01 1.12990E-04 3.23517E-05 9.18428E-07 1.21305E-02
5.15948E-06 3.25766E-05 1.03125E-04 2.08861E-04 2.09035E-04 2.63500E-02 1.31696E-01 1.03125E-04 3.25766E-05 5.15948E-06 9.99228E-03
8.38302E-06 3.22863E-05 9.39830E-05 1.86455E-04 1.86600E-04 2.36485E-02 1.20014E-01 9.39830E-05 3.22863E-05 8.38302E-06 8.26122E-03
1.06999E-05 3.15227E-05 8.54375E-05 1.66248E-04 1.66370E-04 2.12062E-02 1.09259E-01 8.54375E-05 3.15227E-05 1.06999E-05 6.85584E-03
1.22850E-05 3.04087E-05 7.74854E-05 1.48049E-04 1.48151E-04 1.89995E-02 9.93654E-02 7.74854E-05 3.04087E-05 1.22850E-05 5.71216E-03
1.32806E-05 2.90453E-05 7.01275E-05 1.31708E-04 1.31793E-04 1.70099E-02 9.02824E-02 7.01275E-05 2.90453E-05 1.32806E-05 4.78091E-03
1.38163E-05 2.75188E-05 6.33452E-05 1.17049E-04 1.17120E-04 1.52163E-02 8.19483E-02 6.33452E-05 2.75188E-05 1.38163E-05 4.01871E-03
1.39974E-05 2.58961E-05 5.71113E-05 1.03904E-04 1.03963E-04 1.35990E-02 7.43027E-02 5.71113E-05 2.58961E-05 1.39974E-05 3.39104E-03
1.39054E-05 2.42277E-05 5.14006E-05 9.21352E-05 9.21841E-05 1.21420E-02 6.72965E-02 5.14006E-05 2.42277E-05 1.39054E-05 2.87203E-03
1.36067E-05 2.25528E-05 4.61851E-05 8.16130E-05 8.16536E-05 1.08307E-02 6.08838E-02 4.61851E-05 2.25528E-05 1.36067E-05 2.44100E-03
1.31552E-05 2.09008E-05 4.14349E-05 7.22190E-05 7.22527E-05 9.65173E-03 5.50213E-02 4.14349E-05 2.09008E-05 1.31552E-05 2.08144E-03
1.25944E-05 1.92939E-05 3.71195E-05 6.38437E-05 6.38716E-05 8.59281E-03 4.96683E-02 3.71195E-05 1.92939E-05 1.25944E-05 1.78017E-03
1.19591E-05 1.77481E-05 3.32080E-05 5.63863E-05 5.64094E-05 7.64270E-03 4.47867E-02 3.32080E-05 1.77481E-05 1.19591E-05 1.52663E-03
1.12771E-05 1.62743E-05 2.96702E-05 4.97544E-05 4.97736E-05 6.79114E-03 4.03406E-02 2.96702E-05 1.62743E-05 1.12771E-05 1.31234E-03
1.05702E-05 1.48798E-05 2.64766E-05 4.38638E-05 4.38796E-05 6.02871E-03 3.62962E-02 2.64766E-05 1.48798E-05 1.05702E-05 1.13050E-03
9.85570E-06 1.35686E-05 2.35988E-05 3.86375E-05 3.86505E-05 5.34683E-03 3.26218E-02 2.35988E-05 1.35686E-05 9.85570E-06 9.75620E-04
9.14711E-06 1.23440E-05 2.10146E-05 3.40151E-05 3.40258E-05 4.73881E-03 2.92935E-02 2.10146E-05 1.23440E-05 9.14711E-06 8.43582E-04
8.45466E-06 1.12051E-05 1.86949E-05 2.99252E-05 2.99340E-05 4.19650E-03 2.62790E-02 1.86949E-05 1.12051E-05 8.45466E-06 7.30439E-04
0.00000E+00 0.00000E+00 1.27523E-04 3.18694E-04 3.18921E-04 4.80313E-02 2.31718E-01 1.27523E-04 0.00000E+00 0.00000E+00 3.55751E-02
0.00000E+00 5.33019E-06 1.16247E-04 2.82527E-04 2.82716E-04 4.29740E-02 2.10993E-01 1.16247E-04 5.33019E-06 0.00000E+00 2.86284E-02
0.00000E+00 9.90562E-06 1.06684E-04 2.51774E-04 2.51931E-04 3.85383E-02 1.92432E-01 1.06684E-04 9.90562E-06 0.00000E+00 2.31644E-02
0.00000E+00 1.34176E-05 9.80108E-05 2.24835E-04 2.24966E-04 3.46034E-02 1.75634E-01 9.80108E-05 1.34176E-05 0.00000E+00 1.88329E-02
0.00000E+00 1.60159E-05 9.00636E-05 2.01080E-04 2.01190E-04 3.10999E-02 1.60386E-01 9.00636E-05 1.60159E-05 0.00000E+00 1.53835E-02
0.00000E+00 1.78111E-05 8.27523E-05 1.80118E-04 1.80210E-04 2.79855E-02 1.46563E-01 8.27523E-05 1.78111E-05 0.00000E+00 1.26484E-02
0.00000E+00 1.89609E-05 7.59860E-05 1.61485E-04 1.61562E-04 2.52020E-02 1.33977E-01 7.59860E-05 1.89609E-05 0.00000E+00 1.04562E-02
0.00000E+00 1.95127E-05 7.10644E-05 1.48358E-04 1.48426E-04 2.32337E-02 1.24943E-01 7.10644E-05 1.95127E-05 0.00000E+00 9.03663E-03
5.85051E-07 1.95368E-05 6.96448E-05 1.44774E-04 1.44839E-04 2.27040E-02 1.22480E-01 6.96448E-05 1.95368E-05 5.85051E-07 8.67976E-03
3.28822E-06 1.97336E-05 6.33809E-05 1.28825E-04 1.28879E-04 2.03056E-02 1.11241E-01 6.33809E-05 1.97336E-05 3.28822E-06 7.12381E-03
5.34410E-06 1.96081E-05 5.76127E-05 1.14597E-04 1.14642E-04 1.81504E-02 1.00952E-01 5.76127E-05 1.96081E-05 5.34410E-06 5.87220E-03
6.82171E-06 1.91833E-05 5.22494E-05 1.01830E-04 1.01867E-04 1.62106E-02 9.15228E-02 5.22494E-05 1.91833E-05 6.82171E-06 4.86132E-03
7.83147E-06 1.85350E-05 4.72810E-05 9.03843E-05 9.04152E-05 1.44654E-02 8.28880E-02 4.72810E-05 1.85350E-05 7.83147E-06 4.04225E-03
8.46396E-06 1.77260E-05 4.27020E-05 8.01530E-05 8.01787E-05 1.28989E-02 7.49977E-02 4.27020E-05 1.77260E-05 8.46396E-06 3.37772E-03
8.80162E-06 1.68103E-05 3.84958E-05 7.10133E-05 7.10346E-05 1.14928E-02 6.77911E-02 3.84958E-05 1.68103E-05 8.80162E-06 2.83531E-03
8.91188E-06 1.58300E-05 3.46415E-05 6.28499E-05 6.28675E-05 1.02304E-02 6.12099E-02 3.46415E-05 1.58300E-05 8.91188E-06 2.38955E-03
8.84697E-06 1.48171E-05 3.11205E-05 5.55682E-05 5.55828E-05 9.09807E-03 5.52066E-02 3.11205E-05 1.48171E-05 8.84697E-06 2.02150E-03
8.64952E-06 1.37964E-05 2.79129E-05 4.90816E-05 4.90936E-05 8.08328E-03 4.97366E-02 2.79129E-05 1.37964E-05 8.64952E-06 1.71613E-03
8.35417E-06 1.27867E-05 2.49982E-05 4.33105E-05 4.33204E-05 7.17477E-03 4.47587E-02 2.49982E-05 1.27867E-05 8.35417E-06 1.46156E-03
7.98891E-06 1.18024E-05 2.23561E-05 3.81824E-05 3.81906E-05 6.36224E-03 4.02341E-02 2.23561E-05 1.18024E-05 7.98891E-06 1.24833E-03
7.57622E-06 1.08538E-05 1.99661E-05 3.36311E-05 3.36378E-05 5.63630E-03 3.61266E-02 1.99661E-05 1.08538E-05 7.57622E-06 1.06892E-03
7.13402E-06 9.94806E-06 1.78085E-05 2.95963E-05 2.96018E-05 4.98842E-03 3.24026E-02 1.78085E-05 9.94806E-06 7.13402E-06 9.17325E-04
6.67649E-06 9.09012E-06 1.58643E-05 2.60234E-05 2.60279E-05 4.41080E-03 2.90304E-02 1.58643E-05 9.09012E-06 6.67649E-06 7.88721E-04
6.21472E-06 8.28282E-06 1.41156E-05 2.28627E-05 2.28665E-05 3.89639E-03 2.59808E-02 1.41156E-05 8.28282E-06 6.21472E-06 6.79230E-04
5.75747E-06 7.52847E-06 1.25479E-05 2.00756E-05 2.00786E-05 3.43966E-03 2.32311E-02 1.25479E-05 7.52847E-06 5.75747E-06 5.85951E-04
5.31134E-06 6.82669E-06 1.11431E-05 1.76164E-05 1.76189E-05 3.03402E-03 2.07520E-02 1.11431E-05 6.82669E-06 5.31134E-06 5.06093E-04
0.00000E+00 0.00000E+00 7.92759E-05 1.98156E-04 1.98224E-04 3.75655E-02 1.99813E-01 7.92759E-05 0.00000E+00 0.00000E+00 2.59158E-02
0.00000E+00 2.86802E-06 7.15005E-05 1.74421E-04 1.74477E-04 3.34649E-02 1.81126E-01 7.15005E-05 2.86802E-06 0.00000E+00 2.06835E-02
0.00000E+00 5.44660E-06 6.50601E-05 1.54457E-04 1.54504E-04 2.98850E-02 1.64470E-01 6.50601E-05 5.44660E-06 0.00000E+00 1.66150E-02
0.00000E+00 7.49955E-06 5.93745E-05 1.37168E-04 1.37206E-04 2.67233E-02 1.49469E-01 5.93745E-05 7.49955E-06 0.00000E+00 1.34220E-02
0.00000E+00 9.06621E-06 5.42742E-05 1.22070E-04 1.22102E-04 2.39207E-02 1.35914E-01 5.42742E-05 9.06621E-06 0.00000E+00 1.09027E-02
0.00000E+00 1.01837E-05 4.96611E-05 1.08864E-04 1.08890E-04 2.14405E-02 1.23686E-01 4.96611E-05 1.01837E-05 0.00000E+00 8.92233E-03
0.00000E+00 1.09278E-05 4.54457E-05 9.72111E-05 9.72335E-05 1.92333E-02 1.12602E-01 4.54457E-05 1.09278E-05 0.00000E+00 7.34696E-03
3.46945E-18 1.13039E-05 4.24050E-05 8.90468E-05 8.90663E-05 1.76779E-02 1.04676E-01 4.24050E-05 1.13039E-05 3.46945E-18 6.33251E-03
3.63203E-07 1.13301E-05 4.15329E-05 8.68275E-05 8.68463E-05 1.72607E-02 1.02523E-01 4.15329E-05 1.13301E-05 3.63203E-07 6.07884E-03
2.04351E-06 1.15082E-05 3.76986E-05 7.69763E-05 7.69919E-05 1.53748E-02 9.27139E-02 3.76986E-05 1.15082E-05 2.04351E-06 4.97573E-03
3.32467E-06 1.14892E-05 3.41914E-05 6.82381E-05 6.82510E-05 1.36876E-02 8.37774E-02 3.41914E-05 1.14892E-05 3.32467E-06 4.09312E-03
4.24723E-06 1.12841E-05 3.09474E-05 6.04368E-05 6.04475E-05 1.21756E-02 7.56256E-02 3.09474E-05 1.12841E-05 4.24723E-06 3.38314E-03
4.87840E-06 1.09379E-05 2.79550E-05 5.34763E-05 5.34850E-05 1.08212E-02 6.81957E-02 2.79550E-05 1.09379E-05 4.87840E-06 2.80971E-03
5.27379E-06 1.04884E-05 2.52071E-05 4.72816E-05 4.72888E-05 9.61074E-03 6.14384E-02 2.52071E-05 1.04884E-05 5.27379E-06 2.34557E-03
5.48437E-06 9.96835E-06 2.26904E-05 4.17704E-05 4.17763E-05 8.52899E-03 5.52958E-02 2.26904E-05 9.96835E-06 5.48437E-06 1.96733E-03
5.55206E-06 9.40392E-06 2.03900E-05 3.68666E-05 3.68715E-05 7.56191E-03 4.97123E-02 2.03900E-05 9.40392E-06 5.55206E-06 1.65677E-03
5.50947E-06 8.81491E-06 1.82930E-05 3.25081E-05 3.25122E-05 6.69812E-03 4.46428E-02 1.82930E-05 8.81491E-06 5.50947E-06 1.40046E-03
5.38334E-06 8.21690E-06 1.63863E-05 2.86387E-05 2.86420E-05 5.92732E-03 4.00453E-02 1.63863E-05 8.21690E-06 5.38334E-06 1.18782E-03
5.19546E-06 7.62194E-06 1.46566E-05 2.52072E-05 2.52099E-05 5.24017E-03 3.58808E-02 1.46566E-05 7.62194E-06 5.19546E-06 1.01052E-03
4.96350E-06 7.03917E-06 1.30909E-05 2.21674E-05 2.21696E-05 4.62821E-03 3.21132E-02 1.30909E-05 7.03917E-06 4.96350E-06 8.61974E-04
4.70169E-06 6.47539E-06 1.16766E-05 1.94774E-05 1.94793E-05 4.08379E-03 2.87090E-02 1.16766E-05 6.47539E-06 4.70169E-06 7.36960E-04
4.42140E-06 5.93546E-06 1.04014E-05 1.70995E-05 1.71010E-05 3.59995E-03 2.56369E-02 1.04014E-05 5.93546E-06 4.42140E-06 6.31314E-04
4.13166E-06 5.42271E-06 9.25369E-06 1.49995E-05 1.50007E-05 3.17042E-03 2.28681E-02 9.25369E-06 5.42271E-06 4.13166E-06 5.41701E-04
3.83952E-06 4.93927E-06 8.22249E-06 1.31468E-05 1.31478E-05 2.78949E-03 2.03758E-02 8.22249E-06 4.93927E-06 3.83952E-06 4.65435E-04
3.55059E-06 4.48681E-06 7.29914E-06 1.15172E-05 1.15180E-05 2.45273E-03 1.81394E-02 7.29914E-06 4.48681E-06 3.55059E-06 4.00507E-04
3.26906E-06 4.06540E-06 6.47260E-06 1.00831E-05 1.00837E-05 2.15489E-03 1.61326E-02 6.47260E-06 4.06540E-06 3.26906E-06 3.44980E-04
0.00000E+00 0.00000E+00 4.76398E-05 1.19090E-04 1.19109E-04 2.88246E-02 1.69920E-01 4.76398E-05 0.00000E+00 0.00000E+00 1.83183E-02
0.00000E+00 1.39013E-06 4.24357E-05 1.03996E-04 1.04012E-04 2.55673E-02 1.53312E-01 4.24357E-05 1.39013E-06 0.00000E+00 1.45103E-02
0.00000E+00 2.74810E-06 3.82328E-05 9.14534E-05 9.14661E-05 2.27366E-02 1.38584E-01 3.82328E-05 2.74810E-06 0.00000E+00 1.15815E-02
0.00000E+00 3.89530E-06 3.46309E-05 8.07290E-05 8.07395E-05 2.02476E-02 1.25382E-01 3.46309E-05 3.89530E-06 0.00000E+00 9.30454E-03
0.00000E+00 4.81263E-06 3.14757E-05 7.14660E-05 7.14746E-05 1.80509E-02 1.13511E-01 3.14757E-05 4.81263E-06 0.00000E+00 7.52339E-03
0.00000E+00 5.49736E-06 2.86765E-05 6.34416E-05 6.34488E-05 1.61156E-02 1.02853E-01 2.86765E-05 5.49736E-06 0.00000E+00 6.13424E-03
0.00000E+00 5.97741E-06 2.61553E-05 5.64190E-05 5.64250E-05 1.44006E-02 9.32389E-02 2.61553E-05 5.97741E-06 0.00000E+00 5.03641E-03
0.00000E+00 6.23569E-06 2.43536E-05 5.15279E-05 5.15331E-05 1.31962E-02 8.63903E-02 2.43536E-05 6.23569E-06 0.00000E+00 4.33282E-03
2.19033E-07 6.26172E-06 2.38399E-05 5.02045E-05 5.02095E-05 1.28741E-02 8.45356E-02 2.38399E-05 6.26172E-06 2.19033E-07 4.15768E-03
1.23447E-06 6.41879E-06 2.15907E-05 4.43464E-05 4.43505E-05 1.14210E-02 7.61059E-02 2.15907E-05 6.41879E-06 1.23447E-06 3.39771E-03
2.01229E-06 6.45809E-06 1.95481E-05 3.91813E-05 3.91847E-05 1.01266E-02 6.84633E-02 1.95481E-05 6.45809E-06 2.01229E-06 2.79211E-03
2.57460E-06 6.38366E-06 1.76685E-05 3.45943E-05 3.45971E-05 8.97156E-03 6.15254E-02 1.76685E-05 6.38366E-06 2.57460E-06 2.30626E-03
2.96063E-06 6.22104E-06 1.59415E-05 3.05211E-05 3.05234E-05 7.94145E-03 5.52323E-02 1.59415E-05 6.22104E-06 2.96063E-06 1.91457E-03
3.20317E-06 5.99214E-06 1.43605E-05 2.69120E-05 2.69138E-05 7.02479E-03 4.95370E-02 1.43605E-05 5.99214E-06 3.20317E-06 1.59783E-03
3.33268E-06 5.71649E-06 1.29158E-05 2.37138E-05 2.37154E-05 6.20913E-03 4.43849E-02 1.29158E-05 5.71649E-06 3.33268E-06 1.33979E-03
3.37446E-06 5.40979E-06 1.15975E-05 2.08784E-05 2.08797E-05 5.48304E-03 3.97243E-02 1.15975E-05 5.40979E-06 3.37446E-06 1.12787E-03
3.34827E-06 5.08420E-06 1.03975E-05 1.83668E-05 1.83678E-05 4.83725E-03 3.55130E-02 1.03975E-05 5.08420E-06 3.34827E-06 9.52856E-04
3.27046E-06 4.74940E-06 9.30737E-06 1.61439E-05 1.61447E-05 4.26343E-03 3.17121E-02 9.30737E-06 4.74940E-06 3.27046E-06 8.07543E-04
3.15442E-06 4.41301E-06 8.31925E-06 1.41782E-05 1.41789E-05 3.75404E-03 2.82859E-02 8.31925E-06 4.41301E-06 3.15442E-06 6.86277E-04
3.01104E-06 4.08093E-06 7.42537E-06 1.24417E-05 1.24423E-05 3.30232E-03 2.52012E-02 7.42537E-06 4.08093E-06 3.01104E-06 5.84601E-04
2.84916E-06 3.75762E-06 6.61827E-06 1.09090E-05 1.09095E-05 2.90215E-03 2.24273E-02 6.61827E-06 3.75762E-06 2.84916E-06 4.98982E-04
2.67586E-06 3.44638E-06 5.89086E-06 9.55738E-06 9.55775E-06 2.54802E-03 1.99363E-02 5.89086E-06 3.44638E-06 2.67586E-06 4.26608E-04
2.49677E-06 3.14957E-06 5.23641E-06 8.36650E-06 8.36681E-06 2.23496E-03 1.77020E-02 5.23641E-06 3.14957E-06 2.49677E-06 3.65222E-04
2.31632E-06 2.86877E-06 4.64859E-06 7.31819E-06 7.31843E-06 1.95850E-03 1.57006E-02 4.64859E-06 2.86877E-06 2.31632E-06 3.13004E-04
2.13802E-06 2.60525E-06 4.12246E-06 6.39816E-06 6.39836E-06 1.71514E-03 1.39135E-02 4.12246E-06 2.60525E-06 2.13802E-06 2.68588E-04
1.96448E-06 2.35930E-06 3.65167E-06 5.59015E-06 5.59031E-06 1.50082E-03 1.23177E-02 3.65167E-06 2.35930E-06 1.96448E-06 2.30654E-04
0.00000E+00 0.00000E+00 2.76992E-05 6.92457E-05 6.92504E-05 2.17337E-02 1.42509E-01 2.76992E-05 0.00000E+00 0.00000E+00 1.25658E-02
0.00000E+00 5.70433E-07 2.43173E-05 5.99357E-05 5.99396E-05 1.91953E-02 1.27962E-01 2.43173E-05 5.70433E-07 0.00000E+00 9.88902E-03
0.00000E+00 1.22773E-06 2.16581E-05 5.23020E-05 5.23052E-05 1.69991E-02 1.15128E-01 2.16581E-05 1.22773E-06 0.00000E+00 7.85144E-03
0.00000E+00 1.83966E-06 1.94513E-05 4.58673E-05 4.58700E-05 1.50765E-02 1.03682E-01 1.94513E-05 1.83966E-06 0.00000E+00 6.28083E-03
0.00000E+00 2.36308E-06 1.75691E-05 4.03769E-05 4.03791E-05 1.33869E-02 9.34388E-02 1.75691E-05 2.36308E-06 0.00000E+00 5.06155E-03
0.00000E+00 2.77767E-06 1.59358E-05 3.56721E-05 3.56739E-05 1.19048E-02 8.42890E-02 1.59358E-05 2.77767E-06 0.00000E+00 4.11696E-03
0.00000E+00 3.08659E-06 1.44889E-05 3.15915E-05 3.15930E-05 1.05970E-02 7.60751E-02 1.44889E-05 3.08659E-06 0.00000E+00 3.37441E-03
0.00000E+00 3.26412E-06 1.34659E-05 2.87680E-05 2.87693E-05 9.68165E-03 7.02468E-02 1.34659E-05 3.26412E-06 0.00000E+00 2.90025E-03
1.28588E-07 3.28760E-06 1.31759E-05 2.80077E-05 2.80089E-05 9.43758E-03 6.86739E-02 1.31759E-05 3.28760E-06 1.28588E-07 2.78264E-03
7.26484E-07 3.41924E-06 1.19129E-05 2.46527E-05 2.46538E-05 8.33851E-03 6.15401E-02 1.19129E-05 3.41924E-06 7.26484E-07 2.27309E-03
1.18760E-06 3.48178E-06 1.07747E-05 2.17136E-05 2.17144E-05 7.36370E-03 5.51047E-02 1.07747E-05 3.48178E-06 1.18760E-06 1.86804E-03
1.52297E-06 3.47570E-06 9.73256E-06 1.91175E-05 1.91182E-05 6.49755E-03 4.92917E-02 9.73256E-06 3.47570E-06 1.52297E-06 1.54341E-03
1.75447E-06 3.41488E-06 8.77834E-06 1.68232E-05 1.68238E-05 5.72836E-03 4.40450E-02 8.77834E-06 3.41488E-06 1.75447E-06 1.28174E-03
1.90073E-06 3.31162E-06 7.90669E-06 1.47991E-05 1.47995E-05 5.04684E-03 3.93206E-02 7.90669E-06 3.31162E-06 1.90073E-06 1.07003E-03
1.97939E-06 3.17724E-06 7.11127E-06 1.30121E-05 1.30125E-05 4.44299E-03 3.50680E-02 7.11127E-06 3.17724E-06 1.97939E-06 8.97348E-04
2.00525E-06 3.02108E-06 6.38596E-06 1.14331E-05 1.14334E-05 3.90771E-03 3.12402E-02 6.38596E-06 3.02108E-06 2.00525E-06 7.55326E-04
1.99002E-06 2.85049E-06 5.72576E-06 1.00385E-05 1.00388E-05 3.43363E-03 2.77985E-02 5.72576E-06 2.85049E-06 1.99002E-06 6.37851E-04
1.94345E-06 2.67146E-06 5.12595E-06 8.80758E-06 8.80778E-06 3.01416E-03 2.47076E-02 5.12595E-06 2.67146E-06 1.94345E-06 5.40158E-04
1.87359E-06 2.48881E-06 4.58202E-06 7.72174E-06 7.72191E-06 2.64336E-03 2.19351E-02 4.58202E-06 2.48881E-06 1.87359E-06 4.58517E-04
1.78706E-06 2.30632E-06 4.08966E-06 6.76459E-06 6.76473E-06 2.31593E-03 1.94514E-02 4.08966E-06 2.30632E-06 1.78706E-06 3.89990E-04
1.68922E-06 2.12697E-06 3.64480E-06 5.92148E-06 5.92159E-06 2.02707E-03 1.72291E-02 3.64480E-06 2.12697E-06 1.68922E-06 3.32244E-04
1.58442E-06 1.95301E-06 3.24358E-06 5.17939E-06 5.17948E-06 1.77253E-03 1.52432E-02 3.24358E-06 1.95301E-06 1.58442E-06 2.83418E-04
1.47611E-06 1.78609E-06 2.88235E-06 4.52671E-06 4.52678E-06 1.54846E-03 1.34710E-02 2.88235E-06 1.78609E-06 1.47611E-06 2.42014E-04
1.36702E-06 1.62739E-06 2.55770E-06 3.95312E-06 3.95318E-06 1.35141E-03 1.18914E-02 2.55770E-06 1.62739E-06 1.36702E-06 2.06820E-04
1.25931E-06 1.47787E-06 2.26695E-06 3.45054E-06 3.45059E-06 1.17870E-03 1.04880E-02 2.26695E-06 1.47787E-06 1.25931E-06 1.76921E-04
1.15461E-06 1.33789E-06 2.00668E-06 3.00984E-06 3.00988E-06 1.02725E-03 9.24118E-03 2.00668E-06 1.33789E-06 1.15461E-06 1.51428E-04
0.00000E+00 0.00000E+00 1.53985E-05 3.84956E-05 3.84967E-05 1.60281E-02 1.17388E-01 1.53985E-05 0.00000E+00 0.00000E+00 8.29249E-03
0.00000E+00 1.52827E-07 1.32853E-05 3.29837E-05 3.29846E-05 1.40951E-02 1.04873E-01 1.32853E-05 1.52827E-07 0.00000E+00 6.49197E-03
0.00000E+00 4.29406E-07 1.16704E-05 2.85315E-05 2.85322E-05 1.24303E-02 9.38911E-02 1.16704E-05 4.29406E-07 0.00000E+00 5.13445E-03
0.00000E+00 7.35345E-07 1.03768E-05 2.48387E-05 2.48392E-05 1.09791E-02 8.41466E-02 1.03768E-05 7.35345E-07 0.00000E+00 4.09590E-03
0.00000E+00 1.02363E-06 9.30682E-06 2.17313E-05 2.17318E-05 9.70917E-03 7.54715E-02 9.30682E-06 1.02363E-06 0.00000E+00 3.29480E-03
0.00000E+00 1.26950E-06 8.40239E-06 1.91015E-05 1.91019E-05 8.60009E-03 6.77626E-02 8.40239E-06 1.26950E-06 0.00000E+00 2.67742E-03
0.00000E+00 1.46543E-06 7.61691E-06 1.68440E-05 1.68443E-05 7.62550E-03 6.08772E-02 7.61691E-06 1.46543E-06 0.00000E+00 2.19390E-03
0.00000E+00 1.58545E-06 7.06867E-06 1.52933E-05 1.52936E-05 6.94574E-03 5.60115E-02 7.06867E-06 1.58545E-06 0.00000E+00 1.88583E-03
7.27321E-08 1.60484E-06 6.91416E-06 1.48780E-05 1.48783E-05 6.76503E-03 5.47031E-02 6.91416E-06 1.60484E-06 7.27321E-08 1.80959E-03
4.12248E-07 1.70841E-06 6.24578E-06 1.30517E-05 1.30519E-05 5.95272E-03 4.87822E-02 6.24578E-06 1.70841E-06 4.12248E-07 1.47959E-03
6.76540E-07 1.77248E-06 5.64870E-06 1.14629E-05 1.14631E-05 5.23537E-03 4.34689E-02 5.64870E-06 1.77248E-06 6.76540E-07 1.21737E-03
8.70326E-07 1.79599E-06 5.10467E-06 1.00676E-05 1.00678E-05 4.60070E-03 3.86942E-02 5.10467E-06 1.79599E-06 8.70326E-07 1.00702E-03
1.00511E-06 1.78608E-06 4.60788E-06 8.84050E-06 8.84063E-06 4.03949E-03 3.44070E-02 4.60788E-06 1.78608E-06 1.00511E-06 8.37181E-04
1.09094E-06 1.74933E-06 4.15457E-06 7.76237E-06 7.76247E-06 3.54439E-03 3.05668E-02 4.15457E-06 1.74933E-06 1.09094E-06 6.99448E-04
1.13758E-06 1.69211E-06 3.74086E-06 6.81392E-06 6.81401E-06 3.10760E-03 2.71283E-02 3.74086E-06 1.69211E-06 1.13758E-06 5.86819E-04
1.15339E-06 1.61986E-06 3.36325E-06 5.97829E-06 5.97836E-06 2.72205E-03 2.40491E-02 3.36325E-06 1.61986E-06 1.15339E-06 4.93944E-04
1.14506E-06 1.53694E-06 3.01902E-06 5.24209E-06 5.24215E-06 2.38204E-03 2.12949E-02 3.01902E-06 1.53694E-06 1.14506E-06 4.16929E-04
1.11822E-06 1.44701E-06 2.70567E-06 4.59364E-06 4.59368E-06 2.08247E-03 1.88342E-02 2.70567E-06 1.44701E-06 1.11822E-06 3.52744E-04
1.07757E-06 1.35307E-06 2.42091E-06 4.02265E-06 4.02269E-06 1.81879E-03 1.66385E-02 2.42091E-06 1.35307E-06 1.07757E-06 2.99012E-04
1.02701E-06 1.25753E-06 2.16257E-06 3.52010E-06 3.52014E-06 1.58693E-03 1.46817E-02 2.16257E-06 1.25753E-06 1.02701E-06 2.53855E-04
9.69730E-07 1.16235E-06 1.92863E-06 3.07802E-06 3.07805E-06 1.38327E-03 1.29399E-02 1.92863E-06 1.16235E-06 9.69730E-07 2.15778E-04
9.08306E-07 1.06904E-06 1.71717E-06 2.68936E-06 2.68938E-06 1.20456E-03 1.13916E-02 1.71717E-06 1.06904E-06 9.08306E-07 1.83583E-04
8.44811E-07 9.78751E-07 1.52640E-06 2.34787E-06 2.34789E-06 1.04792E-03 1.00171E-02 1.52640E-06 9.78751E-07 8.44811E-07 1.56297E-04
7.80881E-07 8.92335E-07 1.35463E-06 2.04806E-06 2.04807E-06 9.10768E-04 8.79834E-03 1.35463E-06 8.92335E-07 7.80881E-07 1.33130E-04
7.17815E-07 8.10484E-07 1.20053E-06 1.78560E-06 1.78561E-06 7.91075E-04 7.72137E-03 1.20053E-06 8.10484E-07 7.17815E-07 1.13483E-04
6.56587E-07 7.33547E-07 1.06239E-06 1.55565E-06 1.55566E-06 6.86562E-04 6.76952E-03 1.06239E-06 7.33547E-07 6.56587E-07 9.67672E-05
0.00000E+00 0.00000E+00 8.15444E-06 2.03860E-05 2.03862E-05 1.15707E-02 9.48662E-02 8.15444E-06 0.00000E+00 0.00000E+00 5.25238E-03
0.00000E+00 0.00000E+00 6.88843E-06 1.72623E-05 1.72625E-05 1.01313E-02 8.43039E-02 6.88843E-06 0.00000E+00 0.00000E+00 4.09787E-03
0.00000E+00 6.15578E-08 5.94938E-06 1.47810E-05 1.47812E-05 8.89698E-03 7.50862E-02 5.94938E-06 6.15578E-08 0.00000E+00 3.23473E-03
0.00000E+00 2.02933E-07 5.22598E-06 1.27605E-05 1.27606E-05 7.82569E-03 6.69513E-02 5.22598E-06 2.02933E-07 0.00000E+00 2.57834E-03
0.00000E+00 3.56016E-07 4.64862E-06 1.10875E-05 1.10876E-05 6.89223E-03 5.97477E-02 4.64862E-06 3.56016E-07 0.00000E+00 2.07435E-03
0.00000E+00 4.98536E-07 4.17591E-06 9.69192E-06 9.69199E-06 6.08053E-03 5.33815E-02 4.17591E-06 4.98536E-07 0.00000E+00 1.68715E-03
0.00000E+00 6.20193E-07 3.77542E-06 8.50823E-06 8.50829E-06 5.37024E-03 4.77250E-02 3.77542E-06 6.20193E-07 0.00000E+00 1.38436E-03
5.20417E-18 6.99148E-07 3.50036E-06 7.70215E-06 7.70220E-06 4.87650E-03 4.37449E-02 3.50036E-06 6.99148E-07 5.20417E-18 1.19151E-03
3.95547E-08 7.13901E-07 3.42335E-06 7.48748E-06 7.48753E-06 4.74564E-03 4.26788E-02 3.42335E-06 7.13901E-07 3.95547E-08 1.14383E-03
2.25132E-07 7.90174E-07 3.09315E-06 6.54758E-06 6.54762E-06 4.15846E-03 3.78649E-02 3.09315E-06 7.90174E-07 2.25132E-07 9.37398E-04
3.71327E-07 8.44445E-07 2.80121E-06 5.73634E-06 5.73637E-06 3.64218E-03 3.35685E-02 2.80121E-06 8.44445E-07 3.71327E-07 7.73041E-04
4.79623E-07 8.75266E-07 2.53647E-06 5.02825E-06 5.02828E-06 3.18736E-03 2.97285E-02 2.53647E-06 8.75266E-07 4.79623E-07 6.40759E-04
5.55653E-07 8.86065E-07 2.29509E-06 4.40862E-06 4.40864E-06 2.78690E-03 2.62993E-02 2.29509E-06 8.86065E-07 5.55653E-07 5.33547E-04
6.04540E-07 8.80213E-07 2.07469E-06 3.86640E-06 3.86642E-06 2.43516E-03 2.32444E-02 2.07469E-06 8.80213E-07 6.04540E-07 4.46249E-04
6.31450E-07 8.61185E-07 1.87308E-06 3.39090E-06 3.39092E-06 2.12619E-03 2.05240E-02 1.87308E-06 8.61185E-07 6.31450E-07 3.74580E-04
6.40911E-07 8.32071E-07 1.68842E-06 2.97294E-06 2.97296E-06 1.85464E-03 1.81010E-02 1.68842E-06 8.32071E-07 6.40911E-07 3.15267E-04
6.36611E-07 7.95422E-07 1.51941E-06 2.60538E-06 2.60539E-06 1.61619E-03 1.59455E-02 1.51941E-06 7.95422E-07 6.36611E-07 2.65929E-04
6.21703E-07 7.53423E-07 1.36487E-06 2.28203E-06 2.28204E-06 1.40700E-03 1.40301E-02 1.36487E-06 7.53423E-07 6.21703E-07 2.24707E-04
5.98850E-07 7.07919E-07 1.22378E-06 1.99757E-06 1.99758E-06 1.22367E-03 1.23303E-02 1.22378E-06 7.07919E-07 5.98850E-07 1.90135E-04
5.70276E-07 6.60434E-07 1.09520E-06 1.74735E-06 1.74736E-06 1.06316E-03 1.08236E-02 1.09520E-06 6.60434E-07 5.70276E-07 1.61051E-04
5.37818E-07 6.12213E-07 9.78252E-07 1.52731E-06 1.52731E-06 9.22781E-04 9.48989E-03 9.78252E-07 6.12213E-07 5.37818E-07 1.36520E-04
5.02973E-07 5.64251E-07 8.72107E-07 1.33389E-06 1.33389E-06 8.00142E-04 8.31075E-03 8.72107E-07 5.64251E-07 5.02973E-07 1.15787E-04
4.66945E-07 5.17327E-07 7.75980E-07 1.16396E-06 1.16396E-06 6.93113E-04 7.26965E-03 7.75980E-07 5.17327E-07 4.66945E-07 9.82360E-05
4.30687E-07 4.72033E-07 6.89124E-07 1.01476E-06 1.01476E-06 5.99810E-04 6.35162E-03 6.89124E-07 4.72033E-07 4.30687E-07 8.33597E-05
3.94958E-07 4.28846E-07 6.10968E-07 8.84149E-07 8.84151E-07 5.18748E-04 5.54491E-03 6.10968E-07 4.28846E-07 3.94958E-07 7.07731E-05
3.60323E-07 3.88052E-07 5.40719E-07 7.69718E-07 7.69720E-07 4.48279E-04 4.83585E-03 5.40719E-07 3.88052E-07 3.60323E-07 6.00946E-05
0.00000E+00 0.00000E+00 4.08426E-06 1.02106E-05 1.02107E-05 8.16579E-03 7.49997E-02 4.08426E-06 0.00000E+00 0.00000E+00 3.17361E-03
0.00000E+00 0.00000E+00 3.36162E-06 8.52692E-06 8.52694E-06 7.11863E-03 6.62765E-02 3.36162E-06 0.00000E+00 0.00000E+00 2.47403E-03
0.00000E+00 0.00000E+00 2.84197E-06 7.21405E-06 7.21406E-06 6.22466E-03 5.87081E-02 2.84197E-06 0.00000E+00 0.00000E+00 1.95445E-03
0.00000E+00 0.00000E+00 2.45846E-06 6.16714E-06 6.16715E-06 5.45207E-03 5.20666E-02 2.45846E-06 0.00000E+00 0.00000E+00 1.56074E-03
0.00000E+00 6.39913E-08 2.16500E-06 5.31650E-06 5.31652E-06 4.78174E-03 4.62182E-02 2.16500E-06 6.39913E-08 0.00000E+00 1.25899E-03
0.00000E+00 1.44192E-07 1.93415E-06 4.61907E-06 4.61908E-06 4.20140E-03 4.10792E-02 1.93415E-06 1.44192E-07 0.00000E+00 1.02717E-03
0.00000E+00 2.17379E-07 1.74482E-06 4.03598E-06 4.03599E-06 3.69570E-03 3.65383E-02 1.74482E-06 2.17379E-07 0.00000E+00 8.45601E-04
0.00000E+00 2.67296E-07 1.61757E-06 3.64296E-06 3.64297E-06 3.34537E-03 3.33576E-02 1.61757E-06 2.67296E-07 0.00000E+00 7.29697E-04
2.05698E-08 2.77671E-07 1.58220E-06 3.53899E-06 3.53900E-06 3.25281E-03 3.25089E-02 1.58220E-06 2.77671E-07 2.05698E-08 7.00999E-04
1.17691E-07 3.30080E-07 1.43249E-06 3.08611E-06 3.08611E-06 2.83821E-03 2.86863E-02 1.43249E-06 3.30080E-07 1.17691E-07 5.76633E-04
1.95344E-07 3.70594E-07 1.30187E-06 2.69877E-06 2.69878E-06 2.47527E-03 2.52942E-02 1.30187E-06 3.70594E-07 1.95344E-07 4.77106E-04
2.53582E-07 3.97920E-07 1.18394E-06 2.36295E-06 2.36296E-06 2.15693E-03 2.22796E-02 1.18394E-06 3.97920E-07 2.53582E-07 3.96522E-04
2.94924E-07 4.13570E-07 1.07638E-06 2.07058E-06 2.07059E-06 1.87786E-03 1.96028E-02 1.07638E-06 4.13570E-07 2.94924E-07 3.30816E-04
3.21802E-07 4.19180E-07 9.77786E-07 1.81569E-06 1.81570E-06 1.63383E-03 1.72320E-02 9.77786E-07 4.19180E-07 3.21802E-07 2.77003E-04
3.36810E-07 4.16585E-07 8.87036E-07 1.59271E-06 1.59271E-06 1.42041E-03 1.51329E-02 8.87036E-07 4.16585E-07 3.36810E-07 2.32596E-04
3.42296E-07 4.07497E-07 8.03295E-07 1.39699E-06 1.39699E-06 1.23366E-03 1.32739E-02 8.03295E-07 4.07497E-07 3.42296E-07 1.95685E-04
3.40211E-07 3.93370E-07 7.26012E-07 1.22497E-06 1.22497E-06 1.07040E-03 1.16295E-02 7.26012E-07 3.93370E-07 3.40211E-07 1.64876E-04
3.32256E-07 3.75484E-07 6.54749E-07 1.07364E-06 1.07365E-06 9.27799E-04 1.01767E-02 6.54749E-07 3.75484E-07 3.32256E-07 1.39071E-04
3.19886E-07 3.54943E-07 5.89143E-07 9.40443E-07 9.40444E-07 8.03379E-04 8.89466E-03 5.89143E-07 3.54943E-07 3.19886E-07 1.17397E-04
3.04331E-07 3.32678E-07 5.28875E-07 8.23169E-07 8.23170E-07 6.94934E-04 7.76487E-03 5.28875E-07 3.32678E-07 3.04331E-07 9.91533E-05
2.86614E-07 3.09464E-07 4.73648E-07 7.19921E-07 7.19922E-07 6.00513E-04 6.77049E-03 4.73648E-07 3.09464E-07 2.86614E-07 8.37706E-05
2.67574E-07 2.85933E-07 4.23178E-07 6.29045E-07 6.29046E-07 5.18393E-04 5.89643E-03 4.23178E-07 2.85933E-07 2.67574E-07 7.07843E-05
2.47886E-07 2.62585E-07 3.77190E-07 5.49096E-07 5.49097E-07 4.47048E-04 5.12915E-03 3.77190E-07 2.62585E-07 2.47886E-07 5.98111E-05
2.28088E-07 2.39812E-07 3.35410E-07 4.78805E-07 4.78806E-07 3.85135E-04 4.45649E-03 3.35410E-07 2.39812E-07 2.28088E-07 5.05338E-05
2.08605E-07 2.17927E-07 2.97632E-07 4.17189E-07 4.17190E-07 3.31592E-04 3.86886E-03 2.97632E-07 2.17927E-07 2.08605E-07 4.27087E-05
1.89755E-07 1.97136E-07 2.63538E-07 3.63141E-07 3.63142E-07 2.85258E-04 3.35536E-03 2.63538E-07 1.97136E-07 1.89755E-07 3.60932E-05
0.00000E+00 0.00000E+00 1.91684E-06 4.79209E-06 4.79210E-06 5.62554E-03 5.77988E-02 1.91684E-06 0.00000E+00 0.00000E+00 1.81550E-03
0.00000E+00 0.00000E+00 1.52692E-06 3.93579E-06 3.93579E-06 4.88207E-03 5.07725E-02 1.52692E-06 0.00000E+00 0.00000E+00 1.41967E-03
0.00000E+00 0.00000E+00 1.25519E-06 3.28152E-06 3.28152E-06 4.25020E-03 4.47139E-02 1.25519E-06 0.00000E+00 0.00000E+00 1.12672E-03
0.00000E+00 0.00000E+00 1.06383E-06 2.77218E-06 2.77218E-06 3.70650E-03 3.94289E-02 1.06383E-06 0.00000E+00 0.00000E+00 9.04619E-04
0.00000E+00 0.00000E+00 9.24620E-07 2.36751E-06 2.36751E-06 3.23681E-03 3.48025E-02 9.24620E-07 0.00000E+00 0.00000E+00 7.33976E-04
0.00000E+00 6.02885E-09 8.20682E-07 2.04266E-06 2.04266E-06 2.83197E-03 3.07620E-02 8.20682E-07 6.02885E-09 0.00000E+00 6.02266E-04
0.00000E+00 4.81414E-08 7.39245E-07 1.77590E-06 1.77590E-06 2.48072E-03 2.72126E-02 7.39245E-07 4.81414E-08 0.00000E+00 4.98484E-04
0.00000E+00 7.80929E-08 6.86220E-07 1.59841E-06 1.59841E-06 2.23825E-03 2.47381E-02 6.86220E-07 7.80929E-08 0.00000E+00 4.31850E-04
1.01432E-08 8.48296E-08 6.71629E-07 1.55183E-06 1.55183E-06 2.17438E-03 2.40807E-02 6.71629E-07 8.48296E-08 1.01432E-08 4.15286E-04
5.84172E-08 1.18290E-07 6.11082E-07 1.35027E-06 1.35027E-06 1.88884E-03 2.11269E-02 6.11082E-07 1.18290E-07 5.84172E-08 3.43327E-04
9.77244E-08 1.45561E-07 5.59257E-07 1.17980E-06 1.17980E-06 1.64001E-03 1.85217E-02 5.59257E-07 1.45561E-07 9.77244E-08 2.85231E-04
1.27640E-07 1.65686E-07 5.12666E-07 1.03313E-06 1.03313E-06 1.42273E-03 1.62203E-02 5.12666E-07 1.65686E-07 1.27640E-07 2.37773E-04
1.49148E-07 1.79255E-07 4.70002E-07 9.06120E-07 9.06122E-07 1.23311E-03 1.41892E-02 4.70002E-07 1.79255E-07 1.49148E-07 1.98757E-04
1.63305E-07 1.87011E-07 4.30504E-07 7.95742E-07 7.95743E-07 1.06806E-03 1.24012E-02 4.30504E-07 1.87011E-07 1.63305E-07 1.66571E-04
1.71332E-07 1.89886E-07 3.93656E-07 6.99310E-07 6.99311E-07 9.24370E-04 1.08277E-02 3.93656E-07 1.89886E-07 1.71332E-07 1.39851E-04
1.74383E-07 1.88797E-07 3.59142E-07 6.14657E-07 6.14658E-07 7.99208E-04 9.44268E-03 3.59142E-07 1.88797E-07 1.74383E-07 1.17541E-04
1.73443E-07 1.84545E-07 3.26792E-07 5.40160E-07 5.40161E-07 6.90284E-04 8.22489E-03 3.26792E-07 1.84545E-07 1.73443E-07 9.88575E-05
1.69392E-07 1.77855E-07 2.96506E-07 4.74482E-07 4.74483E-07 5.95585E-04 7.15548E-03 2.96506E-07 1.77855E-07 1.69392E-07 8.31777E-05
1.62990E-07 1.69363E-07 2.68223E-07 4.16511E-07 4.16512E-07 5.13340E-04 6.21754E-03 2.68223E-07 1.69363E-07 1.62990E-07 6.99975E-05
1.54892E-07 1.59618E-07 2.41895E-07 3.65309E-07 3.65310E-07 4.41987E-04 5.39598E-03 2.41895E-07 1.59618E-07 1.54892E-07 5.89061E-05
1.45643E-07 1.49081E-07 2.17480E-07 3.20077E-07 3.20077E-07 3.80152E-04 4.67730E-03 2.17480E-07 1.49081E-07 1.45643E-07 4.95657E-05
1.35694E-07 1.38132E-07 1.94930E-07 2.80126E-07 2.80127E-07 3.26625E-04 4.04944E-03 1.94930E-07 1.38132E-07 1.35694E-07 4.16968E-05
1.25410E-07 1.27079E-07 1.74191E-07 2.44858E-07 2.44859E-07 2.80342E-04 3.50166E-03 1.74191E-07 1.27079E-07 1.25410E-07 3.50663E-05
1.15079E-07 1.16162E-07 1.55197E-07 2.13749E-07 2.13749E-07 2.40367E-04 3.02437E-03 1.55197E-07 1.16162E-07 1.15079E-07 2.94796E-05
1.04932E-07 1.05577E-07 1.37904E-07 1.86394E-07 1.86394E-07 2.05965E-04 2.61002E-03 1.37904E-07 1.05577E-07 1.04932E-07 2.47861E-05
9.51368E-08 9.54571E-08 1.22207E-07 1.62332E-07 1.62332E-07 1.76339E-04 2.25018E-03 1.22207E-07 9.54571E-08 9.51368E-08 2.08355E-05
0.00000E+00 0.00000E+00 8.32404E-07 2.08101E-06 2.08101E-06 3.77514E-03 4.32177E-02 8.32404E-07 0.00000E+00 0.00000E+00 9.73539E-04
0.00000E+00 0.00000E+00 6.35504E-07 1.67437E-06 1.67437E-06 3.26077E-03 3.77219E-02 6.35504E-07 0.00000E+00 0.00000E+00 7.68190E-04
0.00000E+00 0.00000E+00 5.02379E-07 1.37037E-06 1.37038E-06 2.82562E-03 3.30140E-02 5.02379E-07 0.00000E+00 0.00000E+00 6.15853E-04
0.00000E+00 0.00000E+00 4.13271E-07 1.14017E-06 1.14017E-06 2.45288E-03 2.89334E-02 4.13271E-07 0.00000E+00 0.00000E+00 4.99494E-04
0.00000E+00 0.00000E+00 3.52307E-07 9.62188E-07 9.62188E-07 2.13232E-03 2.53839E-02 3.52307E-07 0.00000E+00 0.00000E+00 4.09223E-04
0.00000E+00 0.00000E+00 3.09953E-07 8.23109E-07 8.23110E-07 1.85731E-03 2.23039E-02 3.09953E-07 0.00000E+00 0.00000E+00 3.38714E-04
0.00000E+00 0.00000E+00 2.79039E-07 7.11580E-07 7.11580E-07 1.61977E-03 1.96151E-02 2.79039E-07 0.00000E+00 0.00000E+00 2.82461E-04
0.00000E+00 7.51198E-09 2.59971E-07 6.38659E-07 6.38659E-07 1.45639E-03 1.77502E-02 2.59971E-07 7.51198E-09 0.00000E+00 2.45964E-04
4.67902E-09 1.15353E-08 2.54811E-07 6.19723E-07 6.19724E-07 1.41350E-03 1.72569E-02 2.54811E-07 1.15353E-08 4.67902E-09 2.36824E-04
2.71778E-08 3.12686E-08 2.34174E-07 5.38532E-07 5.38533E-07 1.22211E-03 1.50467E-02 2.34174E-07 3.12686E-08 2.71778E-08 1.96963E-04
4.59200E-08 4.79490E-08 2.17122E-07 4.70880E-07 4.70881E-07 1.05611E-03 1.31099E-02 2.17122E-07 4.79490E-08 4.59200E-08 1.64364E-04
6.04395E-08 6.09513E-08 2.01865E-07 4.13235E-07 4.13235E-07 9.11835E-04 1.14100E-02 2.01865E-07 6.09513E-08 6.04395E-08 1.37418E-04
7.10358E-08 7.04577E-08 1.87716E-07 3.63603E-07 3.63604E-07 7.86532E-04 9.91934E-03 1.87716E-07 7.04577E-08 7.10358E-08 1.15043E-04
7.81094E-08 7.67776E-08 1.74297E-07 3.20576E-07 3.20576E-07 6.77989E-04 8.61575E-03 1.74297E-07 7.67776E-08 7.81094E-08 9.64336E-05
8.21880E-08 8.03591E-08 1.61401E-07 2.82963E-07 2.82963E-07 5.83955E-04 7.47599E-03 1.61401E-07 8.03591E-08 8.21880E-08 8.08908E-05
8.38029E-08 8.16700E-08 1.48943E-07 2.49851E-07 2.49851E-07 5.02438E-04 6.47917E-03 1.48943E-07 8.16700E-08 8.38029E-08 6.78582E-05
8.34237E-08 8.11326E-08 1.36911E-07 2.20579E-07 2.20580E-07 4.31841E-04 5.60839E-03 1.36911E-07 8.11326E-08 8.34237E-08 5.69173E-05
8.14792E-08 7.91376E-08 1.25333E-07 1.94625E-07 1.94625E-07 3.70763E-04 4.84866E-03 1.25333E-07 7.91376E-08 8.14792E-08 4.77261E-05
7.83491E-08 7.60352E-08 1.14248E-07 1.71567E-07 1.71567E-07 3.17979E-04 4.18665E-03 1.14248E-07 7.60352E-08 7.83491E-08 4.00026E-05
7.43620E-08 7.21304E-08 1.03703E-07 1.51062E-07 1.51062E-07 2.72413E-04 3.61056E-03 1.03703E-07 7.21304E-08 7.43620E-08 3.35126E-05
6.97955E-08 6.76830E-08 9.37385E-08 1.32822E-07 1.32822E-07 2.33122E-04 3.10989E-03 9.37385E-08 6.76830E-08 6.97955E-08 2.80604E-05
6.48798E-08 6.29091E-08 8.43862E-08 1.16602E-07 1.16602E-07 1.99281E-04 2.67535E-03 8.43862E-08 6.29091E-08 6.48798E-08 2.34820E-05
5.98010E-08 5.79846E-08 7.56670E-08 1.02190E-07 1.02191E-07 1.70168E-04 2.29872E-03 7.56670E-08 5.79846E-08 5.98010E-08 1.96392E-05
5.47067E-08 5.30491E-08 6.75902E-08 8.94019E-08 8.94020E-08 1.45152E-04 1.97272E-03 6.75902E-08 5.30491E-08 5.47067E-08 1.64158E-05
4.97138E-08 4.82138E-08 6.01659E-08 7.80940E-08 7.80941E-08 1.23736E-04 1.69160E-03 6.01659E-08 4.82138E-08 4.97138E-08 1.37212E-05
4.49075E-08 4.35598E-08 5.33754E-08 6.80987E-08 6.80987E-08 1.05389E-04 1.44908E-03 5.33754E-08 4.35598E-08 4.49075E-08 1.14651E-05
0.00000E+00 0.00000E+00 3.29107E-07 8.22767E-07 8.22767E-07 2.46057E-03 3.11676E-02 3.29107E-07 0.00000E+00 0.00000E+00 4.83145E-04
0.00000E+00 0.00000E+00 2.37206E-07 6.44803E-07 6.44803E-07 2.11450E-03 2.70164E-02 2.37206E-07 0.00000E+00 0.00000E+00 3.88317E-04
0.00000E+00 0.00000E+00 1.76694E-07 5.14700E-07 5.14700E-07 1.82317E-03 2.34855E-02 1.76694E-07 0.00000E+00 0.00000E+00 3.16955E-04
0.00000E+00 0.00000E+00 1.38279E-07 4.19237E-07 4.19238E-07 1.57483E-03 2.04460E-02 1.38279E-07 0.00000E+00 0.00000E+00 2.61298E-04
0.00000E+00 0.00000E+00 1.13902E-07 3.47892E-07 3.47892E-07 1.36228E-03 1.78201E-02 1.13902E-07 0.00000E+00 0.00000E+00 2.17150E-04
0.00000E+00 0.00000E+00 9.86630E-08 2.94120E-07 2.94120E-07 1.18084E-03 1.55574E-02 9.86630E-08 0.00000E+00 0.00000E+00 1.81854E-04
0.00000E+00 0.00000E+00 8.88638E-08 2.52436E-07 2.52436E-07 1.02487E-03 1.35954E-02 8.88638E-08 0.00000E+00 0.00000E+00 1.53082E-04
0.00000E+00 0.00000E+00 8.34856E-08 2.25884E-07 2.25884E-07 9.18024E-04 1.22419E-02 8.34856E-08 0.00000E+00 0.00000E+00 1.34105E-04
1.97729E-09 0.00000E+00 8.20892E-08 2.19100E-07 2.19101E-07 8.90071E-04 1.18857E-02 8.20892E-08 0.00000E+00 1.97729E-09 1.29299E-04
1.16215E-08 1.41415E-09 7.70149E-08 1.90416E-07 1.90416E-07 7.65606E-04 1.02941E-02 7.70149E-08 1.41415E-09 1.16215E-08 1.08222E-04
1.99020E-08 1.06842E-08 7.32330E-08 1.67056E-07 1.67056E-07 6.58206E-04 8.90915E-03 7.32330E-08 1.06842E-08 1.99020E-08 9.06900E-05
2.64646E-08 1.81890E-08 6.98866E-08 1.47433E-07 1.47433E-07 5.65341E-04 7.70201E-03 6.98866E-08 1.81890E-08 2.64646E-08 7.59937E-05
3.13443E-08 2.39535E-08 6.66373E-08 1.30663E-07 1.30663E-07 4.85100E-04 6.65081E-03 6.66373E-08 2.39535E-08 3.13443E-08 6.36560E-05
3.46583E-08 2.80883E-08 6.33093E-08 1.16141E-07 1.16141E-07 4.15959E-04 5.73800E-03 6.33093E-08 2.80883E-08 3.46583E-08 5.33115E-05
3.66090E-08 3.07933E-08 5.98331E-08 1.03393E-07 1.03393E-07 3.56375E-04 4.94552E-03 5.98331E-08 3.07933E-08 3.66090E-08 4.46257E-05
3.74197E-08 3.22921E-08 5.62067E-08 9.20786E-08 9.20787E-08 3.04993E-04 4.25723E-03 5.62067E-08 3.22921E-08 3.74197E-08 3.73209E-05
3.72977E-08 3.27934E-08 5.24634E-08 8.19683E-08 8.19683E-08 2.60731E-04 3.66017E-03 5.24634E-08 3.27934E-08 3.72977E-08 3.11819E-05
3.64382E-08 3.24951E-08 4.86537E-08 7.28915E-08 7.28916E-08 2.22641E-04 3.14288E-03 4.86537E-08 3.24951E-08 3.64382E-08 2.60275E-05
3.50181E-08 3.15775E-08 4.48349E-08 6.47209E-08 6.47210E-08 1.89901E-04 2.69529E-03 4.48349E-08 3.15775E-08 3.50181E-08 2.17041E-05
3.31926E-08 3.01996E-08 4.10629E-08 5.73578E-08 5.73579E-08 1.61792E-04 2.30852E-03 4.10629E-08 3.01996E-08 3.31926E-08 1.80821E-05
3.10938E-08 2.84977E-08 3.73880E-08 5.07234E-08 5.07234E-08 1.37687E-04 1.97476E-03 3.73880E-08 2.84977E-08 3.10938E-08 1.50511E-05
2.88319E-08 2.65861E-08 3.38525E-08 4.47521E-08 4.47522E-08 1.17040E-04 1.68714E-03 3.38525E-08 2.65861E-08 2.88319E-08 1.25175E-05
2.64959E-08 2.45584E-08 3.04900E-08 3.93874E-08 3.93874E-08 9.93772E-05 1.43961E-03 3.04900E-08 2.45584E-08 2.64959E-08 1.04020E-05
2.41565E-08 2.24890E-08 2.73249E-08 3.45788E-08 3.45788E-08 8.42854E-05 1.22688E-03 2.73249E-08 2.24890E-08 2.41565E-08 8.63744E-06
2.18692E-08 2.04369E-08 2.43775E-08 3.02884E-08 3.02884E-08 7.14398E-05 1.04476E-03 2.43775E-08 2.04369E-08 2.18692E-08 7.17141E-06
1.96743E-08 1.84466E-08 2.16546E-08 2.64666E-08 2.64666E-08 6.04976E-05 8.88776E-04 2.16546E-08 1.84466E-08 1.96743E-08 5.95163E-06
0.00000E+00 0.00000E+00 1.15404E-07 2.88510E-07 2.88510E-07 1.54718E-03 2.14747E-02 1.15404E-07 0.00000E+00 0.00000E+00 2.17417E-04
0.00000E+00 0.00000E+00 7.65247E-08 2.18208E-07 2.18208E-07 1.32203E-03 1.84734E-02 7.65247E-08 0.00000E+00 0.00000E+00 1.80759E-04
0.00000E+00 0.00000E+00 5.13595E-08 1.67847E-07 1.67847E-07 1.13352E-03 1.59403E-02 5.13595E-08 0.00000E+00 0.00000E+00 1.51939E-04
0.00000E+00 0.00000E+00 3.61728E-08 1.32177E-07 1.32177E-07 9.73689E-04 1.37761E-02 3.61728E-08 0.00000E+00 0.00000E+00 1.28317E-04
0.00000E+00 0.00000E+00 2.73699E-08 1.06648E-07 1.06648E-07 8.37621E-04 1.19203E-02 2.73699E-08 0.00000E+00 0.00000E+00 1.08708E-04
0.00000E+00 0.00000E+00 2.27084E-08 8.83812E-08 8.83813E-08 7.22107E-04 1.03334E-02 2.27084E-08 0.00000E+00 0.00000E+00 9.23625E-05
0.00000E+00 0.00000E+00 2.04591E-08 7.49662E-08 7.49663E-08 6.23345E-04 8.96738E-03 2.04591E-08 0.00000E+00 0.00000E+00 7.85778E-05
1.08420E-19 0.00000E+00 1.96569E-08 6.67992E-08 6.67993E-08 5.55985E-04 8.03072E-03 1.96569E-08 0.00000E+00 1.08420E-19 6.92677E-05
7.34642E-10 0.00000E+00 1.94963E-08 6.47761E-08 6.47761E-08 5.38433E-04 7.78552E-03 1.94963E-08 0.00000E+00 7.34642E-10 6.68738E-05
4.40012E-09 0.00000E+00 1.92889E-08 5.64342E-08 5.64343E-08 4.60459E-04 6.69334E-03 1.92889E-08 0.00000E+00 4.40012E-09 5.63024E-05
7.69270E-09 0.00000E+00 1.94782E-08 4.99375E-08 4.99375E-08 3.93562E-04 5.75028E-03 1.94782E-08 0.00000E+00 7.69270E-09 4.73300E-05
1.03888E-08 3.05067E-09 1.96833E-08 4.46322E-08 4.46323E-08 3.36051E-04 4.93452E-03 1.96833E-08 3.05067E-09 1.03888E-08 3.96954E-05
1.24464E-08 6.13906E-09 1.97470E-08 4.01589E-08 4.01589E-08 2.86647E-04 4.22954E-03 1.97470E-08 6.13906E-09 1.24464E-08 3.32184E-05
1.38778E-08 8.46520E-09 1.95914E-08 3.62807E-08 3.62807E-08 2.44329E-04 3.62211E-03 1.95914E-08 8.46520E-09 1.38778E-08 2.77514E-05
1.47454E-08 1.01082E-08 1.91974E-08 3.28311E-08 3.28311E-08 2.08078E-04 3.09880E-03 1.91974E-08 1.01082E-08 1.47454E-08 2.31450E-05
1.51309E-08 1.11656E-08 1.85809E-08 2.97039E-08 2.97039E-08 1.77002E-04 2.64775E-03 1.85809E-08 1.11656E-08 1.51309E-08 1.92675E-05
1.51164E-08 1.17317E-08 1.77734E-08 2.68358E-08 2.68358E-08 1.50392E-04 2.25947E-03 1.77734E-08 1.17317E-08 1.51164E-08 1.60121E-05
1.47825E-08 1.18988E-08 1.68145E-08 2.41881E-08 2.41881E-08 1.27632E-04 1.92565E-03 1.68145E-08 1.18988E-08 1.47825E-08 1.32858E-05
1.42047E-08 1.17521E-08 1.57461E-08 2.17373E-08 2.17373E-08 1.08188E-04 1.63902E-03 1.57461E-08 1.17521E-08 1.42047E-08 1.10079E-05
1.34499E-08 1.13676E-08 1.46084E-08 1.94694E-08 1.94695E-08 9.15969E-05 1.39325E-03 1.46084E-08 1.13676E-08 1.34499E-08 9.10871E-06
1.25761E-08 1.08113E-08 1.34371E-08 1.73757E-08 1.73757E-08 7.74578E-05 1.18281E-03 1.34371E-08 1.08113E-08 1.25761E-08 7.52823E-06
1.16317E-08 1.01385E-08 1.22630E-08 1.54497E-08 1.54497E-08 6.54235E-05 1.00287E-03 1.22630E-08 1.01385E-08 1.16317E-08 6.21528E-06
1.06558E-08 9.39454E-09 1.11111E-08 1.36858E-08 1.36858E-08 5.51936E-05 8.49210E-04 1.11111E-08 9.39454E-09 1.06558E-08 5.12627E-06
9.67961E-09 8.61594E-09 1.00009E-08 1.20782E-08 1.20782E-08 4.65086E-05 7.18186E-04 1.00009E-08 8.61594E-09 9.67961E-09 4.22427E-06
8.72733E-09 7.83128E-09 8.94799E-09 1.06230E-08 1.06230E-08 3.91647E-05 6.06912E-04 8.94799E-09 7.83128E-09 8.72733E-09 3.48040E-06
7.81632E-09 7.06249E-09 7.96197E-09 9.31118E-09 9.31118E-09 3.29496E-05 5.12352E-04 7.96197E-09 7.06249E-09 7.81632E-09 2.86611E-06
0.00000E+00 0.00000E+00 3.49673E-08 8.74182E-08 8.74182E-08 9.33654E-04 1.40065E-02 3.49673E-08 0.00000E+00 0.00000E+00 8.69336E-05
0.00000E+00 0.00000E+00 2.02934E-08 6.27820E-08 6.27820E-08 7.92539E-04 1.19479E-02 2.02934E-08 0.00000E+00 0.00000E+00 7.67209E-05
0.00000E+00 0.00000E+00 1.07669E-08 4.53460E-08 4.53460E-08 6.75138E-04 1.02251E-02 1.07669E-08 0.00000E+00 0.00000E+00 6.74636E-05
0.00000E+00 0.00000E+00 5.22749E-09 3.34380E-08 3.34380E-08 5.76212E-04 8.76543E-03 5.22749E-09 0.00000E+00 0.00000E+00 5.88826E-05
0.00000E+00 0.00000E+00 2.31763E-09 2.53780E-08 2.53780E-08 4.92519E-04 7.52398E-03 2.31763E-09 0.00000E+00 0.00000E+00 5.10733E-05
0.00000E+00 0.00000E+00 1.14217E-09 2.00550E-08 2.00551E-08 4.21926E-04 6.47134E-03 1.14217E-09 0.00000E+00 0.00000E+00 4.40899E-05
0.00000E+00 0.00000E+00 9.74194E-10 1.65162E-08 1.65162E-08 3.61946E-04 5.57260E-03 9.74194E-10 0.00000E+00 0.00000E+00 3.79028E-05
2.16840E-19 0.00000E+00 1.22632E-09 1.45627E-08 1.45627E-08 3.21246E-04 4.96041E-03 1.22632E-09 0.00000E+00 2.16840E-19 3.35945E-05
2.22640E-10 0.00000E+00 1.33387E-09 1.41165E-08 1.41165E-08 3.10690E-04 4.80109E-03 1.33387E-09 0.00000E+00 2.22640E-10 3.24666E-05
1.38517E-09 0.00000E+00 2.01647E-09 1.23903E-08 1.23903E-08 2.63921E-04 4.09390E-03 2.01647E-09 0.00000E+00 1.38517E-09 2.74488E-05
2.51826E-09 0.00000E+00 2.80320E-09 1.12178E-08 1.12178E-08 2.24064E-04 3.48842E-03 2.80320E-09 0.00000E+00 2.51826E-09 2.31001E-05
3.49806E-09 0.00000E+00 3.53710E-09 1.03538E-08 1.03538E-08 1.90025E-04 2.96907E-03 3.53710E-09 0.00000E+00 3.49806E-09 1.93493E-05
4.27762E-09 4.70853E-10 4.14746E-09 9.66237E-09 9.66238E-09 1.60982E-04 2.52401E-03 4.14746E-09 4.70853E-10 4.27762E-09 1.61415E-05
4.84094E-09 1.62782E-09 4.60008E-09 9.05845E-09 9.05846E-09 1.36274E-04 2.14381E-03 4.60008E-09 1.62782E-09 4.84094E-09 1.34238E-05
5.19847E-09 2.48962E-09 4.89002E-09 8.49061E-09 8.49062E-09 1.15255E-04 1.81905E-03 4.89002E-09 2.48962E-09 5.19847E-09 1.11329E-05
5.37408E-09 3.09372E-09 5.02935E-09 7.93281E-09 7.93281E-09 9.73593E-05 1.54148E-03 5.02935E-09 3.09372E-09 5.37408E-09 9.20817E-06
5.39531E-09 3.47850E-09 5.03694E-09 7.37460E-09 7.37461E-09 8.21417E-05 1.30455E-03 5.03694E-09 3.47850E-09 5.39531E-09 7.59833E-06
5.29151E-09 3.68268E-09 4.93544E-09 6.81458E-09 6.81458E-09 6.92167E-05 1.10259E-03 4.93544E-09 3.68268E-09 5.29151E-09 6.25702E-06
5.09118E-09 3.74285E-09 4.74826E-09 6.25637E-09 6.25637E-09 5.82526E-05 9.30648E-04 4.74826E-09 3.74285E-09 5.09118E-09 5.14316E-06
4.82040E-09 3.69206E-09 4.49763E-09 5.70598E-09 5.70598E-09 4.89638E-05 7.84478E-04 4.49763E-09 3.69206E-09 4.82040E-09 4.22087E-06
4.50197E-09 3.55911E-09 4.20349E-09 5.17006E-09 5.17006E-09 4.11046E-05 6.60389E-04 4.20349E-09 3.55911E-09 4.50197E-09 3.45911E-06
4.15512E-09 3.36839E-09 3.88297E-09 4.65484E-09 4.65484E-09 3.44638E-05 5.55194E-04 3.88297E-09 3.36839E-09 4.15512E-09 2.83131E-06
3.79549E-09 3.13999E-09 3.55022E-09 4.16556E-09 4.16557E-09 2.88600E-05 4.66142E-04 3.55022E-09 3.13999E-09 3.79549E-09 2.31489E-06
3.43542E-09 2.89004E-09 3.21652E-09 3.70624E-09 3.70624E-09 2.41375E-05 3.90865E-04 3.21652E-09 2.89004E-09 3.43542E-09 1.89079E-06
3.08455E-09 2.63115E-09 2.89077E-09 3.28020E-09 3.28021E-09 2.01743E-05 3.27499E-04 2.89077E-09 2.63115E-09 3.08455E-09 1.54411E-06
2.74969E-09 2.37319E-09 2.57937E-09 2.88863E-09 2.88863E-09 1.68454E-05 2.74119E-04 2.57937E-09 2.37319E-09 2.74969E-09 1.26034E-06
0.00000E+00 0.00000E+00 8.67342E-09 2.16835E-08 2.16835E-08 5.31681E-04 8.48878E-03 8.67342E-09 0.00000E+00 0.00000E+00 2.96450E-05
0.00000E+00 0.00000E+00 3.88610E-09 1.42866E-08 1.42866E-08 4.47764E-04 7.17228E-03 3.88610E-09 0.00000E+00 0.00000E+00 2.90689E-05
0.00000E+00 0.00000E+00 6.42088E-10 8.99609E-09 8.99609E-09 3.78482E-04 6.08114E-03 6.42088E-10 0.00000E+00 0.00000E+00 2.73016E-05
0.00000E+00 0.00000E+00 0.00000E+00 5.48935E-09 5.48936E-09 3.20540E-04 5.16525E-03 0.00000E+00 0.00000E+00 0.00000E+00 2.48360E-05
0.00000E+00 0.00000E+00 0.00000E+00 3.27677E-09 3.27677E-09 2.71886E-04 4.39349E-03 0.00000E+00 0.00000E+00 0.00000E+00 2.21079E-05
0.00000E+00 0.00000E+00 0.00000E+00 1.99823E-09 1.99824E-09 2.31165E-04 3.74534E-03 0.00000E+00 0.00000E+00 0.00000E+00 1.93775E-05
0.00000E+00 0.00000E+00 0.00000E+00 1.32093E-09 1.32094E-09 1.96825E-04 3.19700E-03 0.00000E+00 0.00000E+00 0.00000E+00 1.67979E-05
0.00000E+00 0.00000E+00 0.00000E+00 1.05250E-09 1.05250E-09 1.73667E-04 2.82627E-03 0.00000E+00 0.00000E+00 0.00000E+00 1.49387E-05
4.25697E-11 0.00000E+00 0.00000E+00 1.01474E-09 1.01474E-09 1.67694E-04 2.73044E-03 0.00000E+00 0.00000E+00 4.25697E-11 1.44433E-05
2.99819E-10 0.00000E+00 0.00000E+00 9.35465E-10 9.35468E-10 1.41314E-04 2.30668E-03 0.00000E+00 0.00000E+00 2.99819E-10 1.22250E-05
6.07952E-10 0.00000E+00 0.00000E+00 9.97169E-10 9.97171E-10 1.19013E-04 1.94735E-03 0.00000E+00 0.00000E+00 6.07952E-10 1.02679E-05
9.06049E-10 0.00000E+00 0.00000E+00 1.11652E-09 1.11652E-09 1.00119E-04 1.64204E-03 0.00000E+00 0.00000E+00 9.06049E-10 8.56426E-06
1.16208E-09 0.00000E+00 7.08441E-11 1.24551E-09 1.24551E-09 8.41263E-05 1.38289E-03 7.08441E-11 0.00000E+00 1.16208E-09 7.10210E-06
1.35963E-09 0.00000E+00 4.20785E-10 1.35553E-09 1.35553E-09 7.06336E-05 1.16365E-03 4.20785E-10 0.00000E+00 1.35963E-09 5.86416E-06
1.49486E-09 1.94500E-10 6.89705E-10 1.43251E-09 1.43251E-09 5.92485E-05 9.78166E-04 6.89705E-10 1.94500E-10 1.49486E-09 4.82445E-06
1.57150E-09 4.90463E-10 8.83207E-10 1.47232E-09 1.47232E-09 4.96352E-05 8.21152E-04 8.83207E-10 4.90463E-10 1.57150E-09 3.95582E-06
1.59645E-09 6.99023E-10 1.00987E-09 1.47614E-09 1.47614E-09 4.15278E-05 6.88408E-04 1.00987E-09 6.99023E-10 1.59645E-09 3.23438E-06
1.57843E-09 8.34482E-10 1.07999E-09 1.44825E-09 1.44825E-09 3.46991E-05 5.76335E-04 1.07999E-09 8.34482E-10 1.57843E-09 2.63811E-06
1.52656E-09 9.10726E-10 1.10420E-09 1.39442E-09 1.39442E-09 2.89550E-05 4.81845E-04 1.10420E-09 9.10726E-10 1.52656E-09 2.14730E-06
1.44956E-09 9.40503E-10 1.09263E-09 1.32083E-09 1.32083E-09 2.41298E-05 4.02294E-04 1.09263E-09 9.40503E-10 1.44956E-09 1.74470E-06
1.35524E-09 9.35044E-10 1.05439E-09 1.23340E-09 1.23340E-09 2.00821E-05 3.35415E-04 1.05439E-09 9.35044E-10 1.35524E-09 1.41540E-06
1.25027E-09 9.03921E-10 9.97321E-10 1.13742E-09 1.13742E-09 1.66914E-05 2.79272E-04 9.97321E-10 9.03921E-10 1.25027E-09 1.14671E-06
1.14014E-09 8.55062E-10 9.27978E-10 1.03735E-09 1.03735E-09 1.38550E-05 2.32210E-04 9.27978E-10 8.55062E-10 1.14014E-09 9.27943E-07
1.02918E-09 7.94860E-10 8.51640E-10 9.36809E-10 9.36809E-10 1.14856E-05 1.92819E-04 8.51640E-10 7.94860E-10 1.02918E-09 7.50131E-07
9.20755E-10 7.28298E-10 7.72445E-10 8.38664E-10 8.38664E-10 9.51493E-06 1.59993E-04 7.72445E-10 7.28298E-10 9.20755E-10 6.06312E-07
8.17265E-10 6.59360E-10 6.93608E-10 7.44978E-10 7.44979E-10 7.87439E-06 1.32615E-04 6.93608E-10 6.59360E-10 8.17265E-10 4.89816E-07
0.00000E+00 0.00000E+00 1.62220E-09 4.05550E-09 4.05550E-09 2.78651E-04 4.65615E-03 1.62220E-09 0.00000E+00 0.00000E+00 8.11978E-06
0.00000E+00 0.00000E+00 3.21408E-10 2.22996E-09 2.22996E-09 2.32391E-04 3.89061E-03 3.21408E-10 0.00000E+00 0.00000E+00 9.61714E-06
0.00000E+00 0.00000E+00 0.00000E+00 8.38103E-10 8.38104E-10 1.94560E-04 3.26315E-03 0.00000E+00 0.00000E+00 0.00000E+00 9.87425E-06
0.00000E+00 0.00000E+00 0.00000E+00 0.00000E+00 0.00000E+00 1.63215E-04 2.74215E-03 0.00000E+00 0.00000E+00 0.00000E+00 9.40564E-06
0.00000E+00 0.00000E+00 0.00000E+00 0.00000E+00 0.00000E+00 1.37139E-04 2.30784E-03 0.00000E+00 0.00000E+00 0.00000E+00 8.57677E-06
0.00000E+00 0.00000E+00 0.00000E+00 0.00000E+00 0.00000E+00 1.15524E-04 1.94709E-03 0.00000E+00 0.00000E+00 0.00000E+00 7.60222E-06
0.00000E+00 0.00000E+00 0.00000E+00 0.00000E+00 0.00000E+00 9.74637E-05 1.64513E-03 0.00000E+00 0.00000E+00 0.00000E+00 6.61522E-06
2.71051E-19 0.00000E+00 0.00000E+00 0.00000E+00 0.00000E+00 8.53773E-05 1.44274E-03 0.00000E+00 0.00000E+00 2.71051E-19 5.88174E-06
0.00000E+00 0.00000E+00 0.00000E+00 0.00000E+00 0.00000E+00 8.22810E-05 1.39083E-03 0.00000E+00 0.00000E+00 0.00000E+00 5.68378E-06
6.00659E-12 0.00000E+00 0.00000E+00 0.00000E+00 0.00000E+00 6.86604E-05 1.16230E-03 0.00000E+00 0.00000E+00 6.00659E-12 4.79465E-06
5.87986E-11 0.00000E+00 0.00000E+00 0.00000E+00 0.00000E+00 5.72590E-05 9.70661E-04 0.00000E+00 0.00000E+00 5.87986E-11 4.00241E-06
1.28773E-10 0.00000E+00 0.00000E+00 0.00000E+00 0.00000E+00 4.76939E-05 8.09621E-04 0.00000E+00 0.00000E+00 1.28773E-10 3.31143E-06
1.99130E-10 0.00000E+00 0.00000E+00 0.00000E+00 0.00000E+00 3.96776E-05 6.74438E-04 0.00000E+00 0.00000E+00 1.99130E-10 2.72021E-06
2.59955E-10 0.00000E+00 0.00000E+00 0.00000E+00 0.00000E+00 3.29823E-05 5.61351E-04 0.00000E+00 0.00000E+00 2.59955E-10 2.22292E-06
3.06620E-10 0.00000E+00 0.00000E+00 0.00000E+00 0.00000E+00 2.73896E-05 4.66744E-04 0.00000E+00 0.00000E+00 3.06620E-10 1.80885E-06
3.38062E-10 0.00000E+00 0.00000E+00 4.68558E-11 4.68559E-11 2.27145E-05 3.87543E-04 0.00000E+00 0.00000E+00 3.38062E-10 1.46635E-06
3.55053E-10 7.32655E-12 4.81465E-11 1.09376E-10 1.09376E-10 1.88114E-05 3.21328E-04 4.81465E-11 7.32655E-12 3.55053E-10 1.18496E-06
3.59427E-10 7.48713E-11 1.06043E-10 1.52801E-10 1.52801E-10 1.55574E-05 2.66047E-04 1.06043E-10 7.48713E-11 3.59427E-10 9.55067E-07
3.53485E-10 1.20967E-10 1.44667E-10 1.80216E-10 1.80216E-10 1.28483E-05 2.19962E-04 1.44667E-10 1.20967E-10 3.53485E-10 7.68080E-07
3.39612E-10 1.49895E-10 1.67828E-10 1.94727E-10 1.94727E-10 1.05960E-05 1.81599E-04 1.67828E-10 1.49895E-10 3.39612E-10 6.16558E-07
3.20042E-10 1.65474E-10 1.78973E-10 1.99222E-10 1.99222E-10 8.72635E-06 1.49713E-04 1.78973E-10 1.65474E-10 3.20042E-10 4.94148E-07
2.96737E-10 1.70991E-10 1.81095E-10 1.96251E-10 1.96251E-10 7.17654E-06 1.23249E-04 1.81095E-10 1.70991E-10 2.96737E-10 3.95509E-07
2.71336E-10 1.69187E-10 1.76702E-10 1.87974E-10 1.87974E-10 5.89377E-06 1.01319E-04 1.76702E-10 1.69187E-10 2.71336E-10 3.16193E-07
2.45150E-10 1.62289E-10 1.67839E-10 1.76163E-10 1.76163E-10 4.83362E-06 8.31747E-05 1.67839E-10 1.62289E-10 2.45150E-10 2.52527E-07
2.19197E-10 1.52026E-10 1.56099E-10 1.62207E-10 1.62207E-10 3.96148E-06 6.82307E-05 1.56099E-10 1.52026E-10 2.19197E-10 2.01681E-07
1.94220E-10 1.39828E-10 1.42791E-10 1.47236E-10 1.47236E-10 3.24325E-06 5.59109E-05 1.42791E-10 1.39828E-10 1.94220E-10 1.61004E-07
0.00000E+00 0.00000E+00 1.95242E-10 4.88106E-10 4.88106E-10 1.28544E-04 2.21099E-03 1.95242E-10 0.00000E+00 0.00000E+00 1.60662E-06
0.00000E+00 0.00000E+00 0.00000E+00 1.36030E-10 1.36030E-10 1.05881E-04 1.82292E-03 0.00000E+00 0.00000E+00 0.00000E+00 2.69140E-06
0.00000E+00 0.00000E+00 0.00000E+00 0.00000E+00 0.00000E+00 8.75724E-05 1.50906E-03 0.00000E+00 0.00000E+00 0.00000E+00 3.07071E-06
0.00000E+00 0.00000E+00 0.00000E+00 0.00000E+00 0.00000E+00 7.25823E-05 1.25182E-03 0.00000E+00 0.00000E+00 0.00000E+00 3.04967E-06
0.00000E+00 0.00000E+00 0.00000E+00 0.00000E+00 0.00000E+00 6.02595E-05 1.04014E-03 0.00000E+00 0.00000E+00 0.00000E+00 2.82608E-06
0.00000E+00 0.00000E+00 0.00000E+00 0.00000E+00 0.00000E+00 5.01690E-05 8.66639E-04 0.00000E+00 0.00000E+00 0.00000E+00 2.51304E-06
0.00000E+00 0.00000E+00 0.00000E+00 0.00000E+00 0.00000E+00 4.18375E-05 7.23247E-04 0.00000E+00 0.00000E+00 0.00000E+00 2.17930E-06
9.48677E-20 0.00000E+00 0.00000E+00 0.00000E+00 0.00000E+00 3.63155E-05 6.28141E-04 0.00000E+00 0.00000E+00 9.48677E-20 1.92726E-06
0.00000E+00 0.00000E+00 0.00000E+00 0.00000E+00 0.00000E+00 3.49132E-05 6.03973E-04 0.00000E+00 0.00000E+00 0.00000E+00 1.85913E-06
0.00000E+00 0.00000E+00 0.00000E+00 0.00000E+00 0.00000E+00 2.87747E-05 4.98144E-04 0.00000E+00 0.00000E+00 0.00000E+00 1.55369E-06
0.00000E+00 0.00000E+00 0.00000E+00 0.00000E+00 0.00000E+00 2.37005E-05 4.10588E-04 0.00000E+00 0.00000E+00 0.00000E+00 1.28224E-06
0.00000E+00 0.00000E+00 0.00000E+00 0.00000E+00 0.00000E+00 1.94961E-05 3.37981E-04 0.00000E+00 0.00000E+00 0.00000E+00 1.04737E-06
4.20568E-13 0.00000E+00 0.00000E+00 0.00000E+00 0.00000E+00 1.60165E-05 2.77842E-04 0.00000E+00 0.00000E+00 4.20568E-13 8.48679E-07
1.67951E-11 0.00000E+00 0.00000E+00 0.00000E+00 0.00000E+00 1.31472E-05 2.28212E-04 0.00000E+00 0.00000E+00 1.67951E-11 6.83796E-07
3.11490E-11 0.00000E+00 0.00000E+00 0.00000E+00 0.00000E+00 1.07809E-05 1.87251E-04 0.00000E+00 0.00000E+00 3.11490E-11 5.48492E-07
4.24565E-11 0.00000E+00 0.00000E+00 0.00000E+00 0.00000E+00 8.82767E-06 1.53417E-04 0.00000E+00 0.00000E+00 4.24565E-11 4.38241E-07
5.04547E-11 0.00000E+00 0.00000E+00 0.00000E+00 0.00000E+00 7.21778E-06 1.25511E-04 0.00000E+00 0.00000E+00 5.04547E-11 3.49045E-07
5.53286E-11 0.00000E+00 0.00000E+00 0.00000E+00 0.00000E+00 5.89276E-06 1.02527E-04 0.00000E+00 0.00000E+00 5.53286E-11 2.77292E-07
5.74966E-11 0.00000E+00 0.00000E+00 0.00000E+00 0.00000E+00 4.80383E-06 8.36265E-05 0.00000E+00 0.00000E+00 5.74966E-11 2.19831E-07
5.74706E-11 2.88221E-12 3.18981E-12 3.65121E-12 3.65121E-12 3.91031E-06 6.81075E-05 3.18981E-12 2.88221E-12 5.74706E-11 1.73982E-07
5.57692E-11 1.19839E-11 1.20832E-11 1.22321E-11 1.22321E-11 3.17825E-06 5.53851E-05 1.20832E-11 1.19839E-11 5.57692E-11 1.37506E-07
5.28690E-11 1.78000E-11 1.77651E-11 1.77127E-11 1.77127E-11 2.57943E-06 4.49720E-05 1.77651E-11 1.78000E-11 5.28690E-11 1.08556E-07
4.91799E-11 2.11325E-11 2.10160E-11 2.08413E-11 2.08413E-11 2.09036E-06 3.64625E-05 2.10160E-11 2.11325E-11 4.91799E-11 8.56221E-08
4.50378E-11 2.26374E-11 2.24762E-11 2.22343E-11 2.22343E-11 1.69156E-06 2.95197E-05 2.24762E-11 2.26374E-11 4.50378E-11 6.74835E-08
4.07061E-11 2.28244E-11 2.26437E-11 2.23725E-11 2.23725E-11 1.36795E-06 2.38828E-05 2.26437E-11 2.28244E-11 4.07061E-11 5.32089E-08
3.63882E-11 2.21273E-11 2.19433E-11 2.16674E-11 2.16674E-11 1.10504E-06 1.93010E-05 2.19433E-11 2.21273E-11 3.63882E-11 4.19503E-08
0.00000E+00 0.00000E+00 9.79886E-12 2.44972E-11 2.44972E-11 4.79789E-05 8.36908E-04 9.79886E-12 0.00000E+00 0.00000E+00 1.83946E-07
0.00000E+00 0.00000E+00 0.00000E+00 0.00000E+00 0.00000E+00 3.88719E-05 6.78297E-04 0.00000E+00 0.00000E+00 0.00000E+00 5.97595E-07
0.00000E+00 0.00000E+00 0.00000E+00 0.00000E+00 0.00000E+00 3.16338E-05 5.52184E-04 0.00000E+00 0.00000E+00 0.00000E+00 7.51598E-07
0.00000E+00 0.00000E+00 0.00000E+00 0.00000E+00 0.00000E+00 2.58014E-05 4.50520E-04 0.00000E+00 0.00000E+00 0.00000E+00 7.65146E-07
0.00000E+00 0.00000E+00 0.00000E+00 0.00000E+00 0.00000E+00 2.10824E-05 3.68234E-04 0.00000E+00 0.00000E+00 0.00000E+00 7.10230E-07
0.00000E+00 0.00000E+00 0.00000E+00 0.00000E+00 0.00000E+00 1.72811E-05 3.01923E-04 0.00000E+00 0.00000E+00 0.00000E+00 6.26417E-07
0.00000E+00 0.00000E+00 0.00000E+00 0.00000E+00 0.00000E+00 1.41914E-05 2.48008E-04 0.00000E+00 0.00000E+00 0.00000E+00 5.36460E-07
0.00000E+00 0.00000E+00 0.00000E+00 0.00000E+00 0.00000E+00 1.21700E-05 2.12725E-04 0.00000E+00 0.00000E+00 0.00000E+00 4.69026E-07
0.00000E+00 0.00000E+00 0.00000E+00 0.00000E+00 0.00000E+00 1.16626E-05 2.03867E-04 0.00000E+00 0.00000E+00 0.00000E+00 4.51037E-07
0.00000E+00 0.00000E+00 0.00000E+00 0.00000E+00 0.00000E+00 9.45594E-06 1.65335E-04 0.00000E+00 0.00000E+00 0.00000E+00 3.71061E-07
0.00000E+00 0.00000E+00 0.00000E+00 0.00000E+00 0.00000E+00 7.66217E-06 1.34004E-04 0.00000E+00 0.00000E+00 0.00000E+00 3.01229E-07
0.00000E+00 0.00000E+00 0.00000E+00 0.00000E+00 0.00000E+00 6.20023E-06 1.08461E-04 0.00000E+00 0.00000E+00 0.00000E+00 2.41960E-07
0.00000E+00 0.00000E+00 0.00000E+00 0.00000E+00 0.00000E+00 5.01032E-06 8.76645E-05 0.00000E+00 0.00000E+00 0.00000E+00 1.92818E-07
0.00000E+00 0.00000E+00 0.00000E+00 0.00000E+00 0.00000E+00 4.04563E-06 7.07999E-05 0.00000E+00 0.00000E+00 0.00000E+00 1.52874E-07
2.48579E-12 0.00000E+00 0.00000E+00 0.00000E+00 0.00000E+00 3.26337E-06 5.71207E-05 0.00000E+00 0.00000E+00 2.48579E-12 1.20752E-07
5.55943E-12 0.00000E+00 0.00000E+00 0.00000E+00 0.00000E+00 2.62844E-06 4.60152E-05 0.00000E+00 0.00000E+00 5.55943E-12 9.50811E-08
7.91898E-12 0.00000E+00 0.00000E+00 0.00000E+00 0.00000E+00 2.11387E-06 3.70126E-05 0.00000E+00 0.00000E+00 7.91898E-12 7.46997E-08
9.57216E-12 0.00000E+00 0.00000E+00 0.00000E+00 0.00000E+00 1.69747E-06 2.97262E-05 0.00000E+00 0.00000E+00 9.57216E-12 5.85965E-08
1.05916E-11 0.00000E+00 0.00000E+00 0.00000E+00 0.00000E+00 1.36106E-06 2.38380E-05 0.00000E+00 0.00000E+00 1.05916E-11 4.59198E-08
1.10792E-11 6.74448E-13 4.89115E-13 2.11115E-13 2.11115E-13 1.08969E-06 1.90876E-05 4.89115E-13 6.74448E-13 1.10792E-11 3.59676E-08
1.11435E-11 2.90992E-12 2.75717E-12 2.52804E-12 2.52804E-12 8.71158E-07 1.52612E-05 2.75717E-12 2.90992E-12 1.11435E-11 2.81693E-08
1.08877E-11 4.37385E-12 4.24937E-12 4.06267E-12 4.06267E-12 6.95451E-07 1.21842E-05 4.24937E-12 4.37385E-12 1.08877E-11 2.20668E-08
1.04026E-11 5.24976E-12 5.14943E-12 4.99892E-12 4.99892E-12 5.54405E-07 9.71381E-06 5.14943E-12 5.24976E-12 1.04026E-11 1.72952E-08
9.76460E-12 5.68788E-12 5.60786E-12 5.48782E-12 5.48782E-12 4.41365E-07 7.73367E-06 5.60786E-12 5.68788E-12 9.76460E-12 1.35658E-08
9.03416E-12 5.80474E-12 5.74153E-12 5.64672E-12 5.64672E-12 3.51233E-07 6.15462E-06 5.74153E-12 5.80474E-12 9.03416E-12 1.06621E-08
8.26098E-12 5.70052E-12 5.65111E-12 5.57698E-12 5.57698E-12 2.79262E-07 4.89360E-06 5.65111E-12 5.70052E-12 8.26098E-12 8.39298E-09
0.00000E+00 0.00000E+00 0.00000E+00 0.00000E+00 0.00000E+00 1.17782E-05 2.05879E-04 0.00000E+00 0.00000E+00 0.00000E+00 5.81424E-09
0.00000E+00 0.00000E+00 0.00000E+00 0.00000E+00 0.00000E+00 9.32137E-06 1.62936E-04 0.00000E+00 0.00000E+00 0.00000E+00 8.64212E-08
0.00000E+00 0.00000E+00 0.00000E+00 0.00000E+00 0.00000E+00 7.41384E-06 1.29592E-04 0.00000E+00 0.00000E+00 0.00000E+00 1.14888E-07
0.00000E+00 0.00000E+00 0.00000E+00 0.00000E+00 0.00000E+00 5.91145E-06 1.03327E-04 0.00000E+00 0.00000E+00 0.00000E+00 1.17144E-07
0.00000E+00 0.00000E+00 0.00000E+00 0.00000E+00 0.00000E+00 4.72336E-06 8.25562E-05 0.00000E+00 0.00000E+00 0.00000E+00 1.07609E-07
0.00000E+00 0.00000E+00 0.00000E+00 0.00000E+00 0.00000E+00 3.78855E-06 6.62125E-05 0.00000E+00 0.00000E+00 0.00000E+00 9.37154E-08
0.00000E+00 0.00000E+00 0.00000E+00 0.00000E+00 0.00000E+00 3.04576E-06 5.32256E-05 0.00000E+00 0.00000E+00 0.00000E+00 7.93415E-08
0.00000E+00 0.00000E+00 0.00000E+00 0.00000E+00 0.00000E+00 2.56875E-06 4.48858E-05 0.00000E+00 0.00000E+00 0.00000E+00 6.88513E-08
0.00000E+00 0.00000E+00 0.00000E+00 0.00000E+00 0.00000E+00 2.45100E-06 4.28272E-05 0.00000E+00 0.00000E+00 0.00000E+00 6.61206E-08
2.18472E-13 0.00000E+00 0.00000E+00 0.00000E+00 0.00000E+00 1.94360E-06 3.39562E-05 0.00000E+00 0.00000E+00 2.18472E-13 5.41090E-08
1.01930E-12 0.00000E+00 0.00000E+00 0.00000E+00 0.00000E+00 1.54091E-06 2.69163E-05 0.00000E+00 0.00000E+00 1.01930E-12 4.38637E-08
2.03185E-12 0.00000E+00 0.00000E+00 0.00000E+00 0.00000E+00 1.22034E-06 2.13124E-05 0.00000E+00 0.00000E+00 2.03185E-12 3.53273E-08
3.03990E-12 0.00000E+00 0.00000E+00 0.00000E+00 0.00000E+00 9.65509E-07 1.68581E-05 0.00000E+00 0.00000E+00 3.03990E-12 2.83536E-08
3.91665E-12 0.00000E+00 0.00000E+00 0.00000E+00 0.00000E+00 7.63776E-07 1.33324E-05 0.00000E+00 0.00000E+00 3.91665E-12 2.27441E-08
4.60373E-12 8.65690E-13 8.90250E-13 9.27090E-13 9.27090E-13 6.03985E-07 1.05402E-05 8.90250E-13 8.65690E-13 4.60373E-12 1.82570E-08
5.08789E-12 1.98717E-12 2.01576E-12 2.05865E-12 2.05865E-12 4.77241E-07 8.32577E-06 2.01576E-12 1.98717E-12 5.08789E-12 1.46727E-08
5.37849E-12 2.79257E-12 2.82321E-12 2.86918E-12 2.86918E-12 3.76837E-07 6.57195E-06 2.82321E-12 2.79257E-12 5.37849E-12 1.18140E-08
5.49783E-12 3.33055E-12 3.36173E-12 3.40850E-12 3.40850E-12 2.97395E-07 5.18462E-06 3.36173E-12 3.33055E-12 5.49783E-12 9.53395E-09
5.47397E-12 3.64951E-12 3.68010E-12 3.72598E-12 3.72598E-12 2.34613E-07 4.08852E-06 3.68010E-12 3.64951E-12 5.47397E-12 7.71346E-09
5.33617E-12 3.79436E-12 3.82357E-12 3.86738E-12 3.86738E-12 1.85051E-07 3.22348E-06 3.82357E-12 3.79436E-12 5.33617E-12 6.25713E-09
5.11215E-12 3.80499E-12 3.83228E-12 3.87322E-12 3.87322E-12 1.45962E-07 2.54146E-06 3.83228E-12 3.80499E-12 5.11215E-12 5.08926E-09
4.82672E-12 3.71557E-12 3.74064E-12 3.77824E-12 3.77824E-12 1.15158E-07 2.00422E-06 3.74064E-12 3.71557E-12 4.82672E-12 4.15009E-09
4.50108E-12 3.55464E-12 3.57733E-12 3.61136E-12 3.61136E-12 9.09004E-08 1.58129E-06 3.57733E-12 3.55464E-12 4.50108E-12 3.39256E-09
4.15274E-12 3.34544E-12 3.36572E-12 3.39613E-12 3.39613E-12 7.18058E-08 1.24853E-06 3.36572E-12 3.34544E-12 4.15274E-12 2.77964E-09
3.79577E-12 3.10622E-12 3.12414E-12 3.15103E-12 3.15103E-12 5.68358E-08 9.87766E-07 3.12414E-12 3.10622E-12 3.79577E-12 2.28384E-09
3.44136E-12 2.85203E-12 2.86773E-12 2.89128E-12 2.89128E-12 4.50603E-08 7.82748E-07 2.86773E-12 2.85203E-12 3.44136E-12 1.88040E-09
0.00000E+00 0.00000E+00 2.48639E-13 6.21597E-13 6.21597E-13 0.00000E+00 0.00000E+00 2.48639E-13 0.00000E+00 0.00000E+00 2.13257E-09
0.00000E+00 0.00000E+00 0.00000E+00 2.23136E-13 2.23136E-13 0.00000E+00 0.00000E+00 0.00000E+00 0.00000E+00 0.00000E+00 1.21079E-09
0.00000E+00 0.00000E+00 0.00000E+00 0.00000E+00 0.00000E+00 0.00000E+00 0.00000E+00 0.00000E+00 0.00000E+00 0.00000E+00 9.36085E-10
0.00000E+00 0.00000E+00 0.00000E+00 0.00000E+00 0.00000E+00 0.00000E+00 0.00000E+00 0.00000E+00 0.00000E+00 0.00000E+00 8.83633E-10
0.00000E+00 0.00000E+00 0.00000E+00 0.00000E+00 0.00000E+00 0.00000E+00 0.00000E+00 0.00000E+00 0.00000E+00 0.00000E+00 8.78023E-10
0.00000E+00 0.00000E+00 0.00000E+00 0.00000E+00 0.00000E+00 0.00000E+00 0.00000E+00 0.00000E+00 0.00000E+00 0.00000E+00 8.54336E-10
0.00000E+00 0.00000E+00 0.00000E+00 0.00000E+00 0.00000E+00 0.00000E+00 0.00000E+00 0.00000E+00 0.00000E+00 0.00000E+00 8.00624E-10
0.00000E+00 0.00000E+00 0.00000E+00 0.00000E+00 0.00000E+00 0.00000E+00 0.00000E+00 0.00000E+00 0.00000E+00 0.00000E+00 7.43096E-10
0.00000E+00 0.00000E+00 0.00000E+00 0.00000E+00 0.00000E+00 0.00000E+00 0.00000E+00 0.00000E+00 0.00000E+00 0.00000E+00 7.23304E-10
0.00000E+00 0.00000E+00 0.00000E+00 0.00000E+00 0.00000E+00 0.00000E+00 0.00000E+00 0.00000E+00 0.00000E+00 0.00000E+00 6.26313E-10
0.00000E+00 0.00000E+00 0.00000E+00 0.00000E+00 0.00000E+00 0.00000E+00 0.00000E+00 0.00000E+00 0.00000E+00 0.00000E+00 5.24778E-10
0.00000E+00 0.00000E+00 0.00000E+00 0.00000E+00 0.00000E+00 0.00000E+00 0.00000E+00 0.00000E+00 0.00000E+00 0.00000E+00 4.26672E-10
0.00000E+00 0.00000E+00 0.00000E+00 0.00000E+00 0.00000E+00 0.00000E+00 0.00000E+00 0.00000E+00 0.00000E+00 0.00000E+00 3.36881E-10
0.00000E+00 0.00000E+00 0.00000E+00 0.00000E+00 0.00000E+00 0.00000E+00 0.00000E+00 0.00000E+00 0.00000E+00 0.00000E+00 2.58404E-10
0.00000E+00 0.00000E+00 0.00000E+00 0.00000E+00 0.00000E+00 0.00000E+00 0.00000E+00 0.00000E+00 0.00000E+00 0.00000E+00 1.92228E-10
0.00000E+00 0.00000E+00 0.00000E+00 0.00000E+00 0.00000E+00 0.00000E+00 0.00000E+00 0.00000E+00 0.00000E+00 0.00000E+00 1.37959E-10
0.00000E+00 0.00000E+00 0.00000E+00 0.00000E+00 0.00000E+00 0.00000E+00 0.00000E+00 0.00000E+00 0.00000E+00 0.00000E+00 9.46017E-11
0.00000E+00 0.00000E+00 0.00000E+00 0.00000E+00 0.00000E+00 0.00000E+00 0.00000E+00 0.00000E+00 0.00000E+00 0.00000E+00 6.08015E-11
0.00000E+00 0.00000E+00 0.00000E+00 0.00000E+00 0.00000E+00 0.00000E+00 0.00000E+00 0.00000E+00 0.00000E+00 0.00000E+00 3.50861E-11
0.00000E+00 0.00000E+00 0.00000E+00 0.00000E+00 0.00000E+00 0.00000E+00 0.00000E+00 0.00000E+00 0.00000E+00 0.00000E+00 1.60228E-11
0.00000E+00 0.00000E+00 0.00000E+00 0.00000E+00 0.00000E+00 5.76204E-11 1.67273E-09 0.00000E+00 0.00000E+00 0.00000E+00 2.30513E-12
0.00000E+00 0.00000E+00 0.00000E+00 0.00000E+00 0.00000E+00 1.52095E-10 3.25675E-09 0.00000E+00 0.00000E+00 0.00000E+00 0.00000E+00
0.00000E+00 0.00000E+00 0.00000E+00 0.00000E+00 0.00000E+00 1.95245E-10 3.94301E-09 0.00000E+00 0.00000E+00 0.00000E+00 0.00000E+00
0.00000E+00 0.00000E+00 0.00000E+00 0.00000E+00 0.00000E+00 2.05244E-10 4.05199E-09 0.00000E+00 0.00000E+00 0.00000E+00 0.00000E+00
0.00000E+00 0.00000E+00 0.00000E+00 0.00000E+00 0.00000E+00 1.94783E-10 3.80745E-09 0.00000E+00 0.00000E+00 0.00000E+00 0.00000E+00
0.00000E+00 0.00000E+00 0.00000E+00 0.00000E+00 0.00000E+00 1.73192E-10 3.37348E-09 0.00000E+00 0.00000E+00 0.00000E+00 0.00000E+00
0.00000E+00 0.00000E+00 0.00000E+00 0.00000E+00 0.00000E+00 0.00000E+00 0.00000E+00 0.00000E+00 0.00000E+00 0.00000E+00 0.00000E+00
0.00000E+00 0.00000E+00 0.00000E+00 0.00000E+00 0.00000E+00 0.00000E+00 0.00000E+00 0.00000E+00 0.00000E+00 0.00000E+00 0.00000E+00
0.00000E+00 0.00000E+00 0.00000E+00 0.00000E+00 0.00000E+00 0.00000E+00 0.00000E+00 0.00000E+00 0.00000E+00 0.00000E+00 0.00000E+00
0.00000E+00 0.00000E+00 0.00000E+00 0.00000E+00 0.00000E+00 0.00000E+00 0.00000E+00 0.00000E+00 0.00000E+00 0.00000E+00 0.00000E+00
0.00000E+00 0.00000E+00 0.00000E+00 0.00000E+00 0.00000E+00 0.00000E+00 0.00000E+00 0.00000E+00 0.00000E+00 0.00000E+00 0.00000E+00
0.00000E+00 0.00000E+00 0.00000E+00 0.00000E+00 0.00000E+00 0.00000E+00 0.00000E+00 0.00000E+00 0.00000E+00 0.00000E+00 0.00000E+00
0.00000E+00 0.00000E+00 0.00000E+00 0.00000E+00 0.00000E+00 0.00000E+00 0.00000E+00 0.00000E+00 0.00000E+00 0.00000E+00 0.00000E+00
0.00000E+00 0.00000E+00 0.00000E+00 0.00000E+00 0.00000E+00 0.00000E+00 0.00000E+00 0.00000E+00 0.00000E+00 0.00000E+00 0.00000E+00
0.00000E+00 0.00000E+00 0.00000E+00 0.00000E+00 0.00000E+00 0.00000E+00 0.00000E+00 0.00000E+00 0.00000E+00 0.00000E+00 0.00000E+00
0.00000E+00 0.00000E+00 0.00000E+00 0.00000E+00 0.00000E+00 0.00000E+00 0.00000E+00 0.00000E+00 0.00000E+00 0.00000E+00 0.00000E+00
0.00000E+00 0.00000E+00 0.00000E+00 0.00000E+00 0.00000E+00 0.00000E+00 0.00000E+00 0.00000E+00 0.00000E+00 0.00000E+00 0.00000E+00
0.00000E+00 0.00000E+00 0.00000E+00 0.00000E+00 0.00000E+00 0.00000E+00 0.00000E+00 0.00000E+00 0.00000E+00 0.00000E+00 0.00000E+00
0.00000E+00 0.00000E+00 0.00000E+00 0.00000E+00 0.00000E+00 0.00000E+00 0.00000E+00 0.00000E+00 0.00000E+00 0.00000E+00 0.00000E+00
0.00000E+00 0.00000E+00 0.00000E+00 0.00000E+00 0.00000E+00 0.00000E+00 0.00000E+00 0.00000E+00 0.00000E+00 0.00000E+00 0.00000E+00
0.00000E+00 0.00000E+00 0.00000E+00 0.00000E+00 0.00000E+00 0.00000E+00 0.00000E+00 0.00000E+00 0.00000E+00 0.00000E+00 0.00000E+00
0.00000E+00 0.00000E+00 0.00000E+00 0.00000E+00 0.00000E+00 0.00000E+00 0.00000E+00 0.00000E+00 0.00000E+00 0.00000E+00 0.00000E+00
0.00000E+00 0.00000E+00 0.00000E+00 0.00000E+00 0.00000E+00 0.00000E+00 0.00000E+00 0.00000E+00 0.00000E+00 0.00000E+00 0.00000E+00
0.00000E+00 0.00000E+00 0.00000E+00 0.00000E+00 0.00000E+00 0.00000E+00 0.00000E+00 0.00000E+00 0.00000E+00 0.00000E+00 0.00000E+00
0.00000E+00 0.00000E+00 0.00000E+00 0.00000E+00 0.00000E+00 0.00000E+00 0.00000E+00 0.00000E+00 0.00000E+00 0.00000E+00 0.00000E+00
0.00000E+00 0.00000E+00 0.00000E+00 0.00000E+00 0.00000E+00 0.00000E+00 0.00000E+00 0.00000E+00 0.00000E+00 0.00000E+00 0.00000E+00
0.00000E+00 0.00000E+00 0.00000E+00 0.00000E+00 0.00000E+00 0.00000E+00 0.00000E+00 0.00000E+00 0.00000E+00 0.00000E+00 0.00000E+00
0.00000E+00 0.00000E+00 0.00000E+00 0.00000E+00 0.00000E+00 0.00000E+00 0.00000E+00 0.00000E+00 0.00000E+00 0.00000E+00 0.00000E+00
0.00000E+00 0.00000E+00 0.00000E+00 0.00000E+00 0.00000E+00 0.00000E+00 0.00000E+00 0.00000E+00 0.00000E+00 0.00000E+00 0.00000E+00
0.00000E+00 0.00000E+00 0.00000E+00 0.00000E+00 0.00000E+00 0.00000E+00 0.00000E+00 0.00000E+00 0.00000E+00 0.00000E+00 0.00000E+00
0.00000E+00 0.00000E+00 0.00000E+00 0.00000E+00 0.00000E+00 0.00000E+00 0.00000E+00 0.00000E+00 0.00000E+00 0.00000E+00 0.00000E+00
0.00000E+00 0.00000E+00 0.00000E+00 0.00000E+00 0.00000E+00 0.00000E+00 0.00000E+00 0.00000E+00 0.00000E+00 0.00000E+00 0.00000E+00
---
