PdfType: error
Format: lhagrid1
---
1.00000E-06 1.28121E-06 1.64152E-06 2.10317E-06 2.69463E-06 3.45242E-06 4.42329E-06 5.66715E-06 7.26076E-06 9.30241E-06 1.19180E-05 1.52689E-05 1.95617E-05 2.50609E-05 3.21053E-05 4.11287E-05 5.26863E-05 6.74889E-05 8.64459E-05 1.10720E-04 1.41800E-04 1.81585E-04 2.32503E-04 2.97652E-04 3.80981E-04 4.87518E-04 6.26039E-04 8.00452E-04 1.02297E-03 1.30657E-03 1.66759E-03 2.12729E-03 2.71054E-03 3.44865E-03 4.37927E-03 5.54908E-03 7.01192E-03 8.83064E-03 1.10763E-02 1.38266E-02 1.71641E-02 2.11717E-02 2.59364E-02 3.15062E-02 3.79623E-02 4.53425E-02 5.36750E-02 6.29705E-02 7.32221E-02 8.44039E-02 9.64793E-02 1.09332E-01 1.23067E-01 1.37507E-01 1.52639E-01 1.68416E-01 1.84794E-01 2.01731E-01 2.19016E-01 2.36948E-01 2.55242E-01 2.73927E-01 2.92954E-01 3.12340E-01 3.32036E-01 3.52019E-01 3.72282E-01 3.92772E-01 4.13533E-01 4.34326E-01 4.55495E-01 4.76836E-01 4.98342E-01 5.20006E-01 5.41818E-01 5.63773E-01 5.85861E-01 6.08077E-01 6.30459E-01 6.52800E-01 6.75387E-01 6.98063E-01 7.20830E-01 7.43683E-01 7.66623E-01 7.89636E-01 8.12791E-01 8.35940E-01 8.59175E-01 8.82485E-01 9.05866E-01 9.29311E-01 9.52817E-01 9.76387E-01 1.00000E+00
1.30000E+00 1.50159E+00 1.75516E+00 2.07810E+00 2.49495E+00 3.04086E+00 3.76715E+00 4.50000E+00 4.75000E+00 6.23113E+00 8.37423E+00 1.15549E+01 1.64076E+01 2.40380E+01 3.64361E+01 5.73145E+01 9.38707E+01 1.60654E+02 2.88438E+02 5.45587E+02 1.09231E+03 2.32646E+03 5.30043E+03 1.29956E+04 3.45140E+04 1.00000E+05
-5 -4 -3 -2 -1 1 2 3 4 5 21
0.00000E+00 0.00000E+00 4.70143E-01 1.17536E+00 1.17536E+00 1.17536E+00 1.17789E+00 4.70143E-01 0.00000E+00 0.00000E+00 1.00463E-02
0.00000E+00 3.97405E-02 5.04048E-01 1.20051E+00 1.20051E+00 1.20052E+00 1.20316E+00 5.04048E-01 3.97405E-02 0.00000E+00 1.46038E+00
0.00000E+00 1.15000E-01 5.73725E-01 1.26181E+00 1.26181E+00 1.26183E+00 1.26458E+00 5.73725E-01 1.15000E-01 0.00000E+00 3.86752E+00
0.00000E+00 2.29710E-01 6.83047E-01 1.36304E+00 1.36305E+00 1.36308E+00 1.36595E+00 6.83047E-01 2.29710E-01 0.00000E+00 7.49171E+00
0.00000E+00 3.90185E-01 8.38304E-01 1.51047E+00 1.51048E+00 1.51052E+00 1.51350E+00 8.38304E-01 3.90185E-01 0.00000E+00 1.25957E+01
0.00000E+00 6.06048E-01 1.04910E+00 1.71367E+00 1.71368E+00 1.71373E+00 1.71683E+00 1.04910E+00 6.06048E-01 0.00000E+00 1.95497E+01
0.00000E+00 8.84814E-01 1.32294E+00 1.98010E+00 1.98011E+00 1.98017E+00 1.98339E+00 1.32294E+00 8.84814E-01 0.00000E+00 2.86464E+01
1.11022E-15 1.14478E+00 1.57916E+00 2.23071E+00 2.23072E+00 2.23079E+00 2.23410E+00 1.57916E+00 1.14478E+00 1.11022E-15 3.72055E+01
8.18126E-02 1.22485E+00 1.65816E+00 2.30810E+00 2.30812E+00 2.30819E+00 2.31153E+00 1.65816E+00 1.22485E+00 8.18126E-02 4.00423E+01
5.47357E-01 1.68218E+00 2.11042E+00 2.75276E+00 2.75278E+00 2.75287E+00 2.75634E+00 2.11042E+00 1.68218E+00 5.47357E-01 5.46888E+01
1.12697E+00 2.25361E+00 2.67687E+00 3.31172E+00 3.31174E+00 3.31186E+00 3.31545E+00 2.67687E+00 2.25361E+00 1.12697E+00 7.27325E+01
1.82745E+00 2.94595E+00 3.36428E+00 3.99173E+00 3.99175E+00 3.99189E+00 3.99563E+00 3.36428E+00 2.94595E+00 1.82745E+00 9.47106E+01
2.66471E+00 3.77509E+00 4.18854E+00 4.80867E+00 4.80870E+00 4.80886E+00 4.81274E+00 4.18854E+00 3.77509E+00 2.66471E+00 1.21092E+02
3.65881E+00 4.76108E+00 5.16971E+00 5.78261E+00 5.78264E+00 5.78283E+00 5.78685E+00 5.16971E+00 4.76108E+00 3.65881E+00 1.52428E+02
4.82828E+00 5.92246E+00 6.32632E+00 6.93206E+00 6.93210E+00 6.93232E+00 6.93649E+00 6.32632E+00 5.92246E+00 4.82828E+00 1.89183E+02
6.19129E+00 7.27738E+00 7.67652E+00 8.27518E+00 8.27521E+00 8.27547E+00 8.27979E+00 7.67652E+00 7.27738E+00 6.19129E+00 2.31769E+02
7.76848E+00 8.84649E+00 9.24095E+00 9.83259E+00 9.83263E+00 9.83293E+00 9.83740E+00 9.24095E+00 8.84649E+00 7.76848E+00 2.80632E+02
9.58135E+00 1.06513E+01 1.10411E+01 1.16258E+01 1.16258E+01 1.16262E+01 1.16308E+01 1.10411E+01 1.06513E+01 9.58135E+00 3.36201E+02
1.16520E+01 1.27139E+01 1.30991E+01 1.36769E+01 1.36770E+01 1.36774E+01 1.36822E+01 1.30991E+01 1.27139E+01 1.16520E+01 3.98875E+02
1.40032E+01 1.50569E+01 1.54376E+01 1.60086E+01 1.60087E+01 1.60091E+01 1.60141E+01 1.54376E+01 1.50569E+01 1.40032E+01 4.69018E+02
1.66578E+01 1.77034E+01 1.80796E+01 1.86439E+01 1.86439E+01 1.86444E+01 1.86496E+01 1.80796E+01 1.77034E+01 1.66578E+01 5.46957E+02
1.96389E+01 2.06764E+01 2.10481E+01 2.16057E+01 2.16057E+01 2.16063E+01 2.16116E+01 2.10481E+01 2.06764E+01 1.96389E+01 6.32973E+02
2.29693E+01 2.39987E+01 2.43660E+01 2.49170E+01 2.49170E+01 2.49176E+01 2.49231E+01 2.43660E+01 2.39987E+01 2.29693E+01 7.27296E+02
2.66717E+01 2.76929E+01 2.80559E+01 2.86002E+01 2.86003E+01 2.86009E+01 2.86066E+01 2.80559E+01 2.76929E+01 2.66717E+01 8.30102E+02
3.07753E+01 3.17884E+01 3.21470E+01 3.26848E+01 3.26849E+01 3.26856E+01 3.26915E+01 3.21470E+01 3.17884E+01 3.07753E+01 9.41665E+02
3.52977E+01 3.63026E+01 3.66569E+01 3.71883E+01 3.71884E+01 3.71892E+01 3.71953E+01 3.66569E+01 3.63026E+01 3.52977E+01 1.06195E+03
0.00000E+00 0.00000E+00 4.65949E-01 1.16487E+00 1.16487E+00 1.16488E+00 1.16749E+00 4.65949E-01 0.00000E+00 0.00000E+00 1.07444E-02
0.00000E+00 3.99285E-02 5.00086E-01 1.19032E+00 1.19032E+00 1.19034E+00 1.19306E+00 5.00086E-01 3.99285E-02 0.00000E+00 1.46246E+00
0.00000E+00 1.15169E-01 5.69786E-01 1.25171E+00 1.25171E+00 1.25173E+00 1.25458E+00 5.69786E-01 1.15169E-01 0.00000E+00 3.86515E+00
0.00000E+00 2.29540E-01 6.78811E-01 1.35271E+00 1.35271E+00 1.35275E+00 1.35571E+00 6.78811E-01 2.29540E-01 0.00000E+00 7.47531E+00
0.00000E+00 3.89251E-01 8.33343E-01 1.49947E+00 1.49948E+00 1.49952E+00 1.50260E+00 8.33343E-01 3.89251E-01 0.00000E+00 1.25513E+01
0.00000E+00 6.03781E-01 1.04285E+00 1.70143E+00 1.70144E+00 1.70150E+00 1.70470E+00 1.04285E+00 6.03781E-01 0.00000E+00 1.94577E+01
0.00000E+00 8.80510E-01 1.31468E+00 1.96592E+00 1.96593E+00 1.96600E+00 1.96932E+00 1.31468E+00 8.80510E-01 0.00000E+00 2.84815E+01
8.88178E-16 1.13838E+00 1.56883E+00 2.21450E+00 2.21451E+00 2.21460E+00 2.21801E+00 1.56883E+00 1.13838E+00 8.88178E-16 3.69650E+01
8.11182E-02 1.21776E+00 1.64715E+00 2.29121E+00 2.29123E+00 2.29132E+00 2.29476E+00 1.64715E+00 1.21776E+00 8.11182E-02 3.97750E+01
5.42525E-01 1.67093E+00 2.09530E+00 2.73183E+00 2.73185E+00 2.73196E+00 2.73553E+00 2.09530E+00 1.67093E+00 5.42525E-01 5.42760E+01
1.11655E+00 2.23677E+00 2.65619E+00 3.28528E+00 3.28531E+00 3.28544E+00 3.28915E+00 2.65619E+00 2.23677E+00 1.11655E+00 7.21257E+01
1.80978E+00 2.92185E+00 3.33638E+00 3.95813E+00 3.95816E+00 3.95831E+00 3.96217E+00 3.33638E+00 2.92185E+00 1.80978E+00 9.38512E+01
2.63784E+00 3.74178E+00 4.15147E+00 4.76596E+00 4.76599E+00 4.76617E+00 4.77017E+00 4.15147E+00 3.74178E+00 2.63784E+00 1.19911E+02
3.62042E+00 4.71625E+00 5.12115E+00 5.72847E+00 5.72850E+00 5.72871E+00 5.73286E+00 5.12115E+00 4.71625E+00 3.62042E+00 1.50846E+02
4.77571E+00 5.86343E+00 6.26360E+00 6.86381E+00 6.86385E+00 6.86410E+00 6.86839E+00 6.26360E+00 5.86343E+00 4.77571E+00 1.87109E+02
6.12148E+00 7.20110E+00 7.59659E+00 8.18977E+00 8.18981E+00 8.19009E+00 8.19455E+00 7.59659E+00 7.20110E+00 6.12148E+00 2.29102E+02
7.67796E+00 8.74949E+00 9.14034E+00 9.72656E+00 9.72660E+00 9.72693E+00 9.73154E+00 9.14034E+00 8.74949E+00 7.67796E+00 2.77260E+02
9.46619E+00 1.05296E+01 1.09159E+01 1.14952E+01 1.14953E+01 1.14956E+01 1.15004E+01 1.09159E+01 1.05296E+01 9.46619E+00 3.32000E+02
1.15079E+01 1.25632E+01 1.29449E+01 1.35174E+01 1.35174E+01 1.35179E+01 1.35228E+01 1.29449E+01 1.25632E+01 1.15079E+01 3.93710E+02
1.38251E+01 1.48723E+01 1.52495E+01 1.58153E+01 1.58153E+01 1.58158E+01 1.58209E+01 1.52495E+01 1.48723E+01 1.38251E+01 4.62744E+02
1.64403E+01 1.74795E+01 1.78522E+01 1.84112E+01 1.84113E+01 1.84118E+01 1.84171E+01 1.78522E+01 1.74795E+01 1.64403E+01 5.39419E+02
1.93761E+01 2.04071E+01 2.07754E+01 2.13278E+01 2.13278E+01 2.13284E+01 2.13339E+01 2.07754E+01 2.04071E+01 1.93761E+01 6.24004E+02
2.26547E+01 2.36775E+01 2.40415E+01 2.45873E+01 2.45873E+01 2.45880E+01 2.45937E+01 2.40415E+01 2.36775E+01 2.26547E+01 7.16722E+02
2.62981E+01 2.73128E+01 2.76724E+01 2.82117E+01 2.82117E+01 2.82125E+01 2.82183E+01 2.76724E+01 2.73128E+01 2.62981E+01 8.17740E+02
3.03349E+01 3.13415E+01 3.16968E+01 3.22296E+01 3.22297E+01 3.22305E+01 3.22365E+01 3.16968E+01 3.13415E+01 3.03349E+01 9.27321E+02
3.47822E+01 3.57806E+01 3.61316E+01 3.66581E+01 3.66581E+01 3.66590E+01 3.66653E+01 3.61316E+01 3.57806E+01 3.47822E+01 1.04542E+03
0.00000E+00 0.00000E+00 4.60678E-01 1.15169E+00 1.15169E+00 1.15171E+00 1.15442E+00 4.60678E-01 0.00000E+00 0.00000E+00 1.16310E-02
0.00000E+00 4.01657E-02 4.95107E-01 1.17752E+00 1.17752E+00 1.17754E+00 1.18038E+00 4.95107E-01 4.01657E-02 0.00000E+00 1.46511E+00
0.00000E+00 1.15382E-01 5.64837E-01 1.23901E+00 1.23902E+00 1.23905E+00 1.24201E+00 5.64837E-01 1.15382E-01 0.00000E+00 3.86219E+00
0.00000E+00 2.29326E-01 6.73485E-01 1.33971E+00 1.33972E+00 1.33976E+00 1.34284E+00 6.73485E-01 2.29326E-01 0.00000E+00 7.45467E+00
0.00000E+00 3.88075E-01 8.27105E-01 1.48564E+00 1.48565E+00 1.48570E+00 1.48890E+00 8.27105E-01 3.88075E-01 0.00000E+00 1.24955E+01
0.00000E+00 6.00925E-01 1.03498E+00 1.68604E+00 1.68605E+00 1.68612E+00 1.68945E+00 1.03498E+00 6.00925E-01 0.00000E+00 1.93418E+01
0.00000E+00 8.75091E-01 1.30429E+00 1.94808E+00 1.94810E+00 1.94818E+00 1.95163E+00 1.30429E+00 8.75091E-01 0.00000E+00 2.82739E+01
1.11022E-15 1.13032E+00 1.55584E+00 2.19411E+00 2.19413E+00 2.19423E+00 2.19778E+00 1.55584E+00 1.13032E+00 1.11022E-15 3.66623E+01
8.02446E-02 1.20882E+00 1.63329E+00 2.26997E+00 2.26999E+00 2.27010E+00 2.27368E+00 1.63329E+00 1.20882E+00 8.02446E-02 3.94385E+01
5.36448E-01 1.65679E+00 2.07628E+00 2.70550E+00 2.70552E+00 2.70565E+00 2.70936E+00 2.07628E+00 1.65679E+00 5.36448E-01 5.37566E+01
1.10344E+00 2.21558E+00 2.63017E+00 3.25203E+00 3.25206E+00 3.25221E+00 3.25606E+00 2.63017E+00 2.21558E+00 1.10344E+00 7.13623E+01
1.78756E+00 2.89154E+00 3.30129E+00 3.91587E+00 3.91590E+00 3.91608E+00 3.92009E+00 3.30129E+00 2.89154E+00 1.78756E+00 9.27703E+01
2.60406E+00 3.69989E+00 4.10486E+00 4.71225E+00 4.71228E+00 4.71250E+00 4.71665E+00 4.10486E+00 3.69989E+00 2.60406E+00 1.18427E+02
3.57217E+00 4.65988E+00 5.06010E+00 5.66040E+00 5.66043E+00 5.66067E+00 5.66498E+00 5.06010E+00 4.65988E+00 3.57217E+00 1.48858E+02
4.70962E+00 5.78921E+00 6.18475E+00 6.77801E+00 6.77805E+00 6.77833E+00 6.78279E+00 6.18475E+00 5.78921E+00 4.70962E+00 1.84503E+02
6.03373E+00 7.10521E+00 7.49612E+00 8.08242E+00 8.08246E+00 8.08278E+00 8.08740E+00 7.49612E+00 7.10521E+00 6.03373E+00 2.25751E+02
7.56421E+00 8.62758E+00 9.01389E+00 9.59330E+00 9.59334E+00 9.59371E+00 9.59850E+00 9.01389E+00 8.62758E+00 7.56421E+00 2.73024E+02
9.32151E+00 1.03768E+01 1.07585E+01 1.13311E+01 1.13312E+01 1.13316E+01 1.13365E+01 1.07585E+01 1.03768E+01 9.32151E+00 3.26723E+02
1.13267E+01 1.23739E+01 1.27511E+01 1.33170E+01 1.33170E+01 1.33175E+01 1.33226E+01 1.27511E+01 1.23739E+01 1.13267E+01 3.87223E+02
1.36014E+01 1.46404E+01 1.50132E+01 1.55723E+01 1.55724E+01 1.55729E+01 1.55782E+01 1.50132E+01 1.46404E+01 1.36014E+01 4.54865E+02
1.61672E+01 1.71981E+01 1.75665E+01 1.81190E+01 1.81190E+01 1.81196E+01 1.81251E+01 1.75665E+01 1.71981E+01 1.61672E+01 5.29952E+02
1.90460E+01 2.00688E+01 2.04328E+01 2.09788E+01 2.09788E+01 2.09795E+01 2.09852E+01 2.04328E+01 2.00688E+01 1.90460E+01 6.12742E+02
2.22596E+01 2.32742E+01 2.36339E+01 2.41733E+01 2.41733E+01 2.41741E+01 2.41800E+01 2.36339E+01 2.32742E+01 2.22596E+01 7.03447E+02
2.58290E+01 2.68354E+01 2.71908E+01 2.77238E+01 2.77239E+01 2.77247E+01 2.77307E+01 2.71908E+01 2.68354E+01 2.58290E+01 8.02222E+02
2.97820E+01 3.07803E+01 3.11315E+01 3.16580E+01 3.16581E+01 3.16590E+01 3.16653E+01 3.11315E+01 3.07803E+01 2.97820E+01 9.09318E+02
3.41351E+01 3.51252E+01 3.54721E+01 3.59924E+01 3.59925E+01 3.59935E+01 3.59999E+01 3.54721E+01 3.51252E+01 3.41351E+01 1.02469E+03
0.00000E+00 0.00000E+00 4.54090E-01 1.13523E+00 1.13523E+00 1.13524E+00 1.13809E+00 4.54090E-01 0.00000E+00 0.00000E+00 1.27544E-02
0.00000E+00 4.04635E-02 4.88887E-01 1.16152E+00 1.16152E+00 1.16155E+00 1.16452E+00 4.88887E-01 4.04635E-02 0.00000E+00 1.46848E+00
0.00000E+00 1.15649E-01 5.58652E-01 1.22315E+00 1.22315E+00 1.22319E+00 1.22630E+00 5.58652E-01 1.15649E-01 0.00000E+00 3.85854E+00
0.00000E+00 2.29056E-01 6.66827E-01 1.32347E+00 1.32348E+00 1.32353E+00 1.32676E+00 6.66827E-01 2.29056E-01 0.00000E+00 7.42884E+00
0.00000E+00 3.86598E-01 8.19303E-01 1.46835E+00 1.46836E+00 1.46842E+00 1.47178E+00 8.19303E-01 3.86598E-01 0.00000E+00 1.24256E+01
0.00000E+00 5.97344E-01 1.02513E+00 1.66679E+00 1.66681E+00 1.66689E+00 1.67038E+00 1.02513E+00 5.97344E-01 0.00000E+00 1.91967E+01
0.00000E+00 8.68299E-01 1.29130E+00 1.92577E+00 1.92579E+00 1.92589E+00 1.92951E+00 1.29130E+00 8.68299E-01 0.00000E+00 2.80139E+01
1.11022E-15 1.12022E+00 1.53958E+00 2.16861E+00 2.16863E+00 2.16875E+00 2.17246E+00 1.53958E+00 1.12022E+00 1.11022E-15 3.62834E+01
7.91515E-02 1.19763E+00 1.61595E+00 2.24341E+00 2.24343E+00 2.24355E+00 2.24730E+00 1.61595E+00 1.19763E+00 7.91515E-02 3.90173E+01
5.28844E-01 1.63907E+00 2.05248E+00 2.67257E+00 2.67259E+00 2.67274E+00 2.67663E+00 2.05248E+00 1.63907E+00 5.28844E-01 5.31065E+01
1.08704E+00 2.18906E+00 2.59762E+00 3.21044E+00 3.21046E+00 3.21064E+00 3.21468E+00 2.59762E+00 2.18906E+00 1.08704E+00 7.04072E+01
1.75977E+00 2.85361E+00 3.25739E+00 3.86303E+00 3.86305E+00 3.86327E+00 3.86746E+00 3.25739E+00 2.85361E+00 1.75977E+00 9.14183E+01
2.56182E+00 3.64750E+00 4.04655E+00 4.64509E+00 4.64512E+00 4.64537E+00 4.64971E+00 4.04655E+00 3.64750E+00 2.56182E+00 1.16571E+02
3.51185E+00 4.58939E+00 4.98377E+00 5.57528E+00 5.57532E+00 5.57560E+00 5.58011E+00 4.98377E+00 4.58939E+00 3.51185E+00 1.46373E+02
4.62702E+00 5.69643E+00 6.08618E+00 6.67075E+00 6.67079E+00 6.67112E+00 6.67579E+00 6.08618E+00 5.69643E+00 4.62702E+00 1.81246E+02
5.92409E+00 6.98537E+00 7.37054E+00 7.94824E+00 7.94828E+00 7.94866E+00 7.95349E+00 7.37054E+00 6.98537E+00 5.92409E+00 2.21564E+02
7.42208E+00 8.47524E+00 8.85588E+00 9.42677E+00 9.42682E+00 9.42724E+00 9.43225E+00 8.85588E+00 8.47524E+00 7.42208E+00 2.67731E+02
9.14077E+00 1.01858E+01 1.05620E+01 1.11261E+01 1.11262E+01 1.11266E+01 1.11318E+01 1.05620E+01 1.01858E+01 9.14077E+00 3.20131E+02
1.11005E+01 1.21374E+01 1.25091E+01 1.30666E+01 1.30666E+01 1.30672E+01 1.30725E+01 1.25091E+01 1.21374E+01 1.11005E+01 3.79122E+02
1.33220E+01 1.43507E+01 1.47180E+01 1.52689E+01 1.52690E+01 1.52696E+01 1.52751E+01 1.47180E+01 1.43507E+01 1.33220E+01 4.45028E+02
1.58262E+01 1.68468E+01 1.72097E+01 1.77541E+01 1.77541E+01 1.77548E+01 1.77605E+01 1.72097E+01 1.68468E+01 1.58262E+01 5.18135E+02
1.86340E+01 1.96465E+01 2.00051E+01 2.05430E+01 2.05430E+01 2.05438E+01 2.05497E+01 2.00051E+01 1.96465E+01 1.86340E+01 5.98686E+02
2.17664E+01 2.27707E+01 2.31250E+01 2.36564E+01 2.36565E+01 2.36573E+01 2.36635E+01 2.31250E+01 2.27707E+01 2.17664E+01 6.86880E+02
2.52435E+01 2.62396E+01 2.65898E+01 2.71148E+01 2.71149E+01 2.71158E+01 2.71221E+01 2.65898E+01 2.62396E+01 2.52435E+01 7.82859E+02
2.90921E+01 3.00800E+01 3.04260E+01 3.09447E+01 3.09448E+01 3.09458E+01 3.09523E+01 3.04260E+01 3.00800E+01 2.90921E+01 8.86857E+02
3.33277E+01 3.43074E+01 3.46492E+01 3.51617E+01 3.51618E+01 3.51629E+01 3.51697E+01 3.46492E+01 3.43074E+01 3.33277E+01 9.98821E+02
0.00000E+00 0.00000E+00 4.45919E-01 1.11480E+00 1.11480E+00 1.11482E+00 1.11784E+00 4.45919E-01 0.00000E+00 0.00000E+00 1.41731E-02
0.00000E+00 4.08354E-02 4.81174E-01 1.14168E+00 1.14168E+00 1.14171E+00 1.14487E+00 4.81174E-01 4.08354E-02 0.00000E+00 1.47275E+00
0.00000E+00 1.15982E-01 5.50982E-01 1.20347E+00 1.20348E+00 1.20353E+00 1.20682E+00 5.50982E-01 1.15982E-01 0.00000E+00 3.85407E+00
0.00000E+00 2.28718E-01 6.58567E-01 1.30333E+00 1.30334E+00 1.30340E+00 1.30682E+00 6.58567E-01 2.28718E-01 0.00000E+00 7.39673E+00
0.00000E+00 3.84757E-01 8.09616E-01 1.44689E+00 1.44690E+00 1.44698E+00 1.45054E+00 8.09616E-01 3.84757E-01 0.00000E+00 1.23386E+01
0.00000E+00 5.92883E-01 1.01290E+00 1.64291E+00 1.64292E+00 1.64302E+00 1.64671E+00 1.01290E+00 5.92883E-01 0.00000E+00 1.90162E+01
0.00000E+00 8.59845E-01 1.27515E+00 1.89807E+00 1.89809E+00 1.89822E+00 1.90204E+00 1.27515E+00 8.59845E-01 0.00000E+00 2.76904E+01
6.66134E-16 1.10766E+00 1.51938E+00 2.13694E+00 2.13696E+00 2.13710E+00 2.14103E+00 1.51938E+00 1.10766E+00 6.66134E-16 3.58122E+01
7.77931E-02 1.18370E+00 1.59440E+00 2.21042E+00 2.21044E+00 2.21059E+00 2.21455E+00 1.59440E+00 1.18370E+00 7.77931E-02 3.84935E+01
5.19397E-01 1.61704E+00 2.02290E+00 2.63166E+00 2.63168E+00 2.63186E+00 2.63598E+00 2.02290E+00 1.61704E+00 5.19397E-01 5.22986E+01
1.06667E+00 2.15609E+00 2.55718E+00 3.15878E+00 3.15881E+00 3.15902E+00 3.16329E+00 2.55718E+00 2.15609E+00 1.06667E+00 6.92206E+01
1.72526E+00 2.80648E+00 3.20287E+00 3.79740E+00 3.79743E+00 3.79768E+00 3.80211E+00 3.20287E+00 2.80648E+00 1.72526E+00 8.97394E+01
2.50938E+00 3.58243E+00 3.97416E+00 4.56170E+00 4.56173E+00 4.56203E+00 4.56661E+00 3.97416E+00 3.58243E+00 2.50938E+00 1.14267E+02
3.43699E+00 4.50187E+00 4.88900E+00 5.46963E+00 5.46967E+00 5.47001E+00 5.47476E+00 4.88900E+00 4.50187E+00 3.43699E+00 1.43288E+02
4.52454E+00 5.58128E+00 5.96385E+00 6.53765E+00 6.53769E+00 6.53807E+00 6.54300E+00 5.96385E+00 5.58128E+00 4.52454E+00 1.77205E+02
5.78808E+00 6.83667E+00 7.21474E+00 7.78177E+00 7.78181E+00 7.78225E+00 7.78735E+00 7.21474E+00 6.83667E+00 5.78808E+00 2.16371E+02
7.24583E+00 8.28627E+00 8.65988E+00 9.22022E+00 9.22027E+00 9.22076E+00 9.22604E+00 8.65988E+00 8.28627E+00 7.24583E+00 2.61169E+02
8.91669E+00 9.94899E+00 1.03182E+01 1.08719E+01 1.08719E+01 1.08725E+01 1.08780E+01 1.03182E+01 9.94899E+00 8.91669E+00 3.11961E+02
1.08201E+01 1.18442E+01 1.22090E+01 1.27562E+01 1.27562E+01 1.27569E+01 1.27625E+01 1.22090E+01 1.18442E+01 1.08201E+01 3.69083E+02
1.29757E+01 1.39917E+01 1.43522E+01 1.48929E+01 1.48929E+01 1.48936E+01 1.48994E+01 1.43522E+01 1.39917E+01 1.29757E+01 4.32840E+02
1.54036E+01 1.64114E+01 1.67676E+01 1.73018E+01 1.73019E+01 1.73027E+01 1.73087E+01 1.67676E+01 1.64114E+01 1.54036E+01 5.03498E+02
1.81236E+01 1.91233E+01 1.94752E+01 2.00031E+01 2.00031E+01 2.00040E+01 2.00102E+01 1.94752E+01 1.91233E+01 1.81236E+01 5.81281E+02
2.11555E+01 2.21470E+01 2.24947E+01 2.30162E+01 2.30163E+01 2.30172E+01 2.30237E+01 2.24947E+01 2.21470E+01 2.11555E+01 6.66369E+02
2.45185E+01 2.55018E+01 2.58454E+01 2.63606E+01 2.63607E+01 2.63617E+01 2.63684E+01 2.58454E+01 2.55018E+01 2.45185E+01 7.58890E+02
2.82378E+01 2.92129E+01 2.95524E+01 3.00614E+01 3.00615E+01 3.00627E+01 3.00696E+01 2.95524E+01 2.92129E+01 2.82378E+01 8.59058E+02
3.23281E+01 3.32950E+01 3.36304E+01 3.41333E+01 3.41334E+01 3.41346E+01 3.41418E+01 3.36304E+01 3.32950E+01 3.23281E+01 9.66812E+02
0.00000E+00 0.00000E+00 4.35882E-01 1.08970E+00 1.08970E+00 1.08973E+00 1.09296E+00 4.35882E-01 0.00000E+00 0.00000E+00 1.59579E-02
0.00000E+00 4.12959E-02 4.71703E-01 1.11731E+00 1.11731E+00 1.11736E+00 1.12073E+00 4.71703E-01 4.12959E-02 0.00000E+00 1.47816E+00
0.00000E+00 1.16393E-01 5.41563E-01 1.17931E+00 1.17932E+00 1.17938E+00 1.18289E+00 5.41563E-01 1.16393E-01 0.00000E+00 3.84867E+00
0.00000E+00 2.28299E-01 6.48416E-01 1.27858E+00 1.27859E+00 1.27867E+00 1.28232E+00 6.48416E-01 2.28299E-01 0.00000E+00 7.35717E+00
0.00000E+00 3.82479E-01 7.97701E-01 1.42052E+00 1.42053E+00 1.42063E+00 1.42443E+00 7.97701E-01 3.82479E-01 0.00000E+00 1.22312E+01
0.00000E+00 5.87370E-01 9.97843E-01 1.61353E+00 1.61355E+00 1.61367E+00 1.61761E+00 9.97843E-01 5.87370E-01 0.00000E+00 1.87934E+01
0.00000E+00 8.49408E-01 1.25526E+00 1.86400E+00 1.86402E+00 1.86417E+00 1.86826E+00 1.25526E+00 8.49408E-01 0.00000E+00 2.72916E+01
6.66134E-16 1.09216E+00 1.49449E+00 2.09797E+00 2.09799E+00 2.09817E+00 2.10237E+00 1.49449E+00 1.09216E+00 6.66134E-16 3.52314E+01
7.61204E-02 1.16653E+00 1.56786E+00 2.16983E+00 2.16985E+00 2.17003E+00 2.17426E+00 1.56786E+00 1.16653E+00 7.61204E-02 3.78480E+01
5.07769E-01 1.58989E+00 1.98648E+00 2.58132E+00 2.58135E+00 2.58157E+00 2.58596E+00 1.98648E+00 1.58989E+00 5.07769E-01 5.13035E+01
1.04161E+00 2.11548E+00 2.50740E+00 3.09522E+00 3.09525E+00 3.09551E+00 3.10006E+00 2.50740E+00 2.11548E+00 1.04161E+00 6.77600E+01
1.68281E+00 2.74847E+00 3.13577E+00 3.71666E+00 3.71669E+00 3.71700E+00 3.72171E+00 3.13577E+00 2.74847E+00 1.68281E+00 8.76739E+01
2.44491E+00 3.50236E+00 3.88510E+00 4.45914E+00 4.45917E+00 4.45952E+00 4.46441E+00 3.88510E+00 3.50236E+00 2.44491E+00 1.11434E+02
3.34497E+00 4.39425E+00 4.77246E+00 5.33974E+00 5.33977E+00 5.34017E+00 5.34524E+00 4.77246E+00 4.39425E+00 3.34497E+00 1.39498E+02
4.39862E+00 5.43972E+00 5.81347E+00 6.37405E+00 6.37409E+00 6.37454E+00 6.37979E+00 5.81347E+00 5.43972E+00 4.39862E+00 1.72241E+02
5.62102E+00 6.65395E+00 7.02329E+00 7.57723E+00 7.57727E+00 7.57779E+00 7.58322E+00 7.02329E+00 6.65395E+00 5.62102E+00 2.09994E+02
7.02941E+00 8.05416E+00 8.41913E+00 8.96651E+00 8.96656E+00 8.96714E+00 8.97276E+00 8.41913E+00 8.05416E+00 7.02941E+00 2.53113E+02
8.64161E+00 9.65819E+00 1.00188E+01 1.05597E+01 1.05598E+01 1.05604E+01 1.05662E+01 1.00188E+01 9.65819E+00 8.64161E+00 3.01934E+02
1.04759E+01 1.14843E+01 1.18407E+01 1.23751E+01 1.23752E+01 1.23759E+01 1.23819E+01 1.18407E+01 1.14843E+01 1.04759E+01 3.56769E+02
1.25509E+01 1.35512E+01 1.39033E+01 1.44314E+01 1.44314E+01 1.44322E+01 1.44384E+01 1.39033E+01 1.35512E+01 1.25509E+01 4.17894E+02
1.48853E+01 1.58774E+01 1.62253E+01 1.67471E+01 1.67471E+01 1.67480E+01 1.67544E+01 1.62253E+01 1.58774E+01 1.48853E+01 4.85552E+02
1.74977E+01 1.84816E+01 1.88253E+01 1.93409E+01 1.93409E+01 1.93419E+01 1.93486E+01 1.88253E+01 1.84816E+01 1.74977E+01 5.59947E+02
2.04066E+01 2.13823E+01 2.17219E+01 2.22313E+01 2.22313E+01 2.22324E+01 2.22393E+01 2.17219E+01 2.13823E+01 2.04066E+01 6.41236E+02
2.36299E+01 2.45973E+01 2.49329E+01 2.54361E+01 2.54362E+01 2.54374E+01 2.54445E+01 2.49329E+01 2.45973E+01 2.36299E+01 7.29528E+02
2.71911E+01 2.81503E+01 2.84818E+01 2.89790E+01 2.89791E+01 2.89804E+01 2.89877E+01 2.84818E+01 2.81503E+01 2.71911E+01 8.25013E+02
3.11036E+01 3.20546E+01 3.23822E+01 3.28733E+01 3.28734E+01 3.28748E+01 3.28824E+01 3.23822E+01 3.20546E+01 3.11036E+01 9.27621E+02
0.00000E+00 0.00000E+00 4.23711E-01 1.05928E+00 1.05928E+00 1.05931E+00 1.06281E+00 4.23711E-01 0.00000E+00 0.00000E+00 1.81916E-02
0.00000E+00 4.18607E-02 4.60225E-01 1.08777E+00 1.08777E+00 1.08783E+00 1.09147E+00 4.60225E-01 4.18607E-02 0.00000E+00 1.48497E+00
0.00000E+00 1.16894E-01 5.30146E-01 1.15001E+00 1.15002E+00 1.15010E+00 1.15389E+00 5.30146E-01 1.16894E-01 0.00000E+00 3.84229E+00
0.00000E+00 2.27782E-01 6.36099E-01 1.24856E+00 1.24857E+00 1.24867E+00 1.25262E+00 6.36099E-01 2.27782E-01 0.00000E+00 7.30901E+00
0.00000E+00 3.79688E-01 7.83226E-01 1.38851E+00 1.38853E+00 1.38866E+00 1.39275E+00 7.83226E-01 3.79688E-01 0.00000E+00 1.21003E+01
0.00000E+00 5.80633E-01 9.79533E-01 1.57786E+00 1.57788E+00 1.57804E+00 1.58229E+00 9.79533E-01 5.80633E-01 0.00000E+00 1.85217E+01
0.00000E+00 8.36670E-01 1.23106E+00 1.82260E+00 1.82262E+00 1.82282E+00 1.82722E+00 1.23106E+00 8.36670E-01 0.00000E+00 2.68056E+01
4.44089E-16 1.07325E+00 1.46421E+00 2.05062E+00 2.05064E+00 2.05086E+00 2.05539E+00 1.46421E+00 1.07325E+00 4.44089E-16 3.45239E+01
7.40857E-02 1.14558E+00 1.53556E+00 2.12049E+00 2.12052E+00 2.12074E+00 2.12530E+00 1.53556E+00 1.14558E+00 7.40857E-02 3.70618E+01
4.93629E-01 1.55681E+00 1.94216E+00 2.52014E+00 2.52017E+00 2.52044E+00 2.52517E+00 1.94216E+00 1.55681E+00 4.93629E-01 5.00926E+01
1.01115E+00 2.06606E+00 2.44685E+00 3.01798E+00 3.01801E+00 3.01832E+00 3.02323E+00 2.44685E+00 2.06606E+00 1.01115E+00 6.59840E+01
1.63125E+00 2.67792E+00 3.05420E+00 3.61856E+00 3.61860E+00 3.61896E+00 3.62405E+00 3.05420E+00 2.67792E+00 1.63125E+00 8.51640E+01
2.36663E+00 3.40506E+00 3.77689E+00 4.33457E+00 4.33461E+00 4.33503E+00 4.34029E+00 3.77689E+00 3.40506E+00 2.36663E+00 1.07994E+02
3.23331E+00 4.26353E+00 4.63095E+00 5.18203E+00 5.18207E+00 5.18255E+00 5.18800E+00 4.63095E+00 4.26353E+00 3.23331E+00 1.34897E+02
4.24588E+00 5.26790E+00 5.63097E+00 6.17550E+00 6.17555E+00 6.17610E+00 6.18174E+00 5.63097E+00 5.26790E+00 4.24588E+00 1.66220E+02
5.41847E+00 6.43228E+00 6.79104E+00 7.32912E+00 7.32916E+00 7.32978E+00 7.33562E+00 6.79104E+00 6.43228E+00 5.41847E+00 2.02264E+02
6.76711E+00 7.77272E+00 8.12722E+00 8.65890E+00 8.65895E+00 8.65964E+00 8.66568E+00 8.12722E+00 7.77272E+00 6.76711E+00 2.43354E+02
8.30836E+00 9.30577E+00 9.65606E+00 1.01814E+01 1.01815E+01 1.01822E+01 1.01885E+01 9.65606E+00 9.30577E+00 8.30836E+00 2.89793E+02
1.00592E+01 1.10484E+01 1.13945E+01 1.19136E+01 1.19136E+01 1.19145E+01 1.19209E+01 1.13945E+01 1.10484E+01 1.00592E+01 3.41863E+02
1.20367E+01 1.30177E+01 1.33597E+01 1.38725E+01 1.38726E+01 1.38735E+01 1.38802E+01 1.33597E+01 1.30177E+01 1.20367E+01 3.99811E+02
1.42581E+01 1.52309E+01 1.55688E+01 1.60755E+01 1.60756E+01 1.60766E+01 1.60835E+01 1.55688E+01 1.52309E+01 1.42581E+01 4.63850E+02
1.67406E+01 1.77052E+01 1.80390E+01 1.85397E+01 1.85397E+01 1.85409E+01 1.85480E+01 1.80390E+01 1.77052E+01 1.67406E+01 5.34157E+02
1.95010E+01 2.04574E+01 2.07872E+01 2.12818E+01 2.12819E+01 2.12832E+01 2.12905E+01 2.07872E+01 2.04574E+01 1.95010E+01 6.10864E+02
2.25557E+01 2.35038E+01 2.38296E+01 2.43183E+01 2.43184E+01 2.43198E+01 2.43274E+01 2.38296E+01 2.35038E+01 2.25557E+01 6.94059E+02
2.59261E+01 2.68660E+01 2.71879E+01 2.76706E+01 2.76707E+01 2.76722E+01 2.76801E+01 2.71879E+01 2.68660E+01 2.59261E+01 7.83901E+02
2.96243E+01 3.05559E+01 3.08739E+01 3.13508E+01 3.13509E+01 3.13526E+01 3.13607E+01 3.08739E+01 3.05559E+01 2.96243E+01 8.80309E+02
0.00000E+00 0.00000E+00 4.09206E-01 1.02302E+00 1.02302E+00 1.02306E+00 1.02688E+00 4.09206E-01 0.00000E+00 0.00000E+00 2.09692E-02
0.00000E+00 4.25437E-02 4.46558E-01 1.05257E+00 1.05258E+00 1.05265E+00 1.05663E+00 4.46558E-01 4.25437E-02 0.00000E+00 1.49350E+00
0.00000E+00 1.17497E-01 5.16545E-01 1.11511E+00 1.11511E+00 1.11521E+00 1.11935E+00 5.16545E-01 1.17497E-01 0.00000E+00 3.83494E+00
0.00000E+00 2.27152E-01 6.21408E-01 1.21278E+00 1.21279E+00 1.21292E+00 1.21722E+00 6.21408E-01 2.27152E-01 0.00000E+00 7.25127E+00
0.00000E+00 3.76317E-01 7.65932E-01 1.35033E+00 1.35035E+00 1.35051E+00 1.35498E+00 7.65932E-01 3.76317E-01 0.00000E+00 1.19428E+01
0.00000E+00 5.72514E-01 9.57626E-01 1.53527E+00 1.53529E+00 1.53549E+00 1.54012E+00 9.57626E-01 5.72514E-01 0.00000E+00 1.81953E+01
0.00000E+00 8.21350E-01 1.20208E+00 1.77314E+00 1.77316E+00 1.77340E+00 1.77820E+00 1.20208E+00 8.21350E-01 0.00000E+00 2.62222E+01
0.00000E+00 1.05054E+00 1.42795E+00 1.99401E+00 1.99404E+00 1.99431E+00 1.99924E+00 1.42795E+00 1.05054E+00 0.00000E+00 3.36754E+01
7.16501E-02 1.12043E+00 1.49688E+00 2.06152E+00 2.06154E+00 2.06183E+00 2.06679E+00 1.49688E+00 1.12043E+00 7.16501E-02 3.61193E+01
4.76713E-01 1.51715E+00 1.88910E+00 2.44700E+00 2.44702E+00 2.44736E+00 2.45250E+00 1.88910E+00 1.51715E+00 4.76713E-01 4.86424E+01
9.74733E-01 2.00686E+00 2.37439E+00 2.92563E+00 2.92566E+00 2.92605E+00 2.93139E+00 2.37439E+00 2.00686E+00 9.74733E-01 6.38593E+01
1.56965E+00 2.59350E+00 2.95665E+00 3.50133E+00 3.50137E+00 3.50181E+00 3.50734E+00 2.95665E+00 2.59350E+00 1.56965E+00 8.21644E+01
2.27317E+00 3.28875E+00 3.64758E+00 4.18577E+00 4.18581E+00 4.18633E+00 4.19205E+00 3.64758E+00 3.28875E+00 2.27317E+00 1.03886E+02
3.10008E+00 4.10741E+00 4.46197E+00 4.99375E+00 4.99380E+00 4.99438E+00 5.00030E+00 4.46197E+00 4.10741E+00 3.10008E+00 1.29409E+02
4.06376E+00 5.06284E+00 5.41319E+00 5.93863E+00 5.93868E+00 5.93934E+00 5.94547E+00 5.41319E+00 5.06284E+00 4.06376E+00 1.59044E+02
5.17711E+00 6.16795E+00 6.51412E+00 7.03329E+00 7.03334E+00 7.03408E+00 7.04042E+00 6.51412E+00 6.16795E+00 5.17711E+00 1.93057E+02
6.45474E+00 7.43735E+00 7.77939E+00 8.29236E+00 8.29241E+00 8.29324E+00 8.29980E+00 7.77939E+00 7.43735E+00 6.45474E+00 2.31737E+02
7.91173E+00 8.88610E+00 9.22405E+00 9.73088E+00 9.73094E+00 9.73187E+00 9.73864E+00 9.22405E+00 8.88610E+00 7.91173E+00 2.75352E+02
9.56342E+00 1.05296E+01 1.08635E+01 1.13642E+01 1.13643E+01 1.13653E+01 1.13723E+01 1.08635E+01 1.05296E+01 9.56342E+00 3.24145E+02
1.14253E+01 1.23832E+01 1.27131E+01 1.32078E+01 1.32079E+01 1.32090E+01 1.32163E+01 1.27131E+01 1.23832E+01 1.14253E+01 3.78328E+02
1.35128E+01 1.44625E+01 1.47884E+01 1.52772E+01 1.52773E+01 1.52785E+01 1.52860E+01 1.47884E+01 1.44625E+01 1.35128E+01 4.38083E+02
1.58414E+01 1.67828E+01 1.71048E+01 1.75877E+01 1.75878E+01 1.75891E+01 1.75969E+01 1.71048E+01 1.67828E+01 1.58414E+01 5.03552E+02
1.84260E+01 1.93591E+01 1.96772E+01 2.01543E+01 2.01544E+01 2.01559E+01 2.01638E+01 1.96772E+01 1.93591E+01 1.84260E+01 5.74841E+02
2.12810E+01 2.22059E+01 2.25202E+01 2.29915E+01 2.29915E+01 2.29932E+01 2.30014E+01 2.25202E+01 2.22059E+01 2.12810E+01 6.52010E+02
2.44257E+01 2.53423E+01 2.56528E+01 2.61184E+01 2.61185E+01 2.61203E+01 2.61287E+01 2.56528E+01 2.53423E+01 2.44257E+01 7.35185E+02
2.78704E+01 2.87788E+01 2.90855E+01 2.95454E+01 2.95455E+01 2.95474E+01 2.95562E+01 2.90855E+01 2.87788E+01 2.78704E+01 8.24273E+02
0.00000E+00 0.00000E+00 3.92323E-01 9.80808E-01 9.80808E-01 9.80869E-01 9.85072E-01 3.92323E-01 0.00000E+00 0.00000E+00 2.43952E-02
0.00000E+00 4.33549E-02 4.30665E-01 1.01162E+00 1.01163E+00 1.01172E+00 1.01610E+00 4.30665E-01 4.33549E-02 0.00000E+00 1.50409E+00
0.00000E+00 1.18207E-01 5.00723E-01 1.07449E+00 1.07449E+00 1.07462E+00 1.07918E+00 5.00723E-01 1.18207E-01 0.00000E+00 3.82677E+00
0.00000E+00 2.26394E-01 6.04284E-01 1.17110E+00 1.17111E+00 1.17128E+00 1.17601E+00 6.04284E-01 2.26394E-01 0.00000E+00 7.18347E+00
0.00000E+00 3.72314E-01 7.45725E-01 1.30582E+00 1.30583E+00 1.30604E+00 1.31095E+00 7.45725E-01 3.72314E-01 0.00000E+00 1.17574E+01
0.00000E+00 5.62915E-01 9.31981E-01 1.48555E+00 1.48557E+00 1.48582E+00 1.49091E+00 9.31981E-01 5.62915E-01 0.00000E+00 1.78109E+01
0.00000E+00 8.03285E-01 1.16812E+00 1.71534E+00 1.71536E+00 1.71566E+00 1.72093E+00 1.16812E+00 8.03285E-01 0.00000E+00 2.55363E+01
0.00000E+00 1.02381E+00 1.38544E+00 1.92784E+00 1.92786E+00 1.92820E+00 1.93361E+00 1.38544E+00 1.02381E+00 0.00000E+00 3.26789E+01
6.87973E-02 1.09083E+00 1.45154E+00 1.99257E+00 1.99259E+00 1.99294E+00 1.99840E+00 1.45154E+00 1.09083E+00 6.87973E-02 3.50128E+01
4.56914E-01 1.47056E+00 1.82694E+00 2.36145E+00 2.36148E+00 2.36189E+00 2.36755E+00 1.82694E+00 1.47056E+00 4.56914E-01 4.69425E+01
9.32154E-01 1.93745E+00 2.28956E+00 2.81766E+00 2.81769E+00 2.81817E+00 2.82403E+00 2.28956E+00 1.93745E+00 9.32154E-01 6.13725E+01
1.49770E+00 2.49467E+00 2.84256E+00 3.36433E+00 3.36437E+00 3.36492E+00 3.37098E+00 2.84256E+00 2.49467E+00 1.49770E+00 7.86586E+01
2.16410E+00 3.15276E+00 3.49649E+00 4.01201E+00 4.01205E+00 4.01268E+00 4.01895E+00 3.49649E+00 3.15276E+00 2.16410E+00 9.90913E+01
2.94475E+00 3.92511E+00 4.26472E+00 4.77407E+00 4.77411E+00 4.77482E+00 4.78131E+00 4.26472E+00 3.92511E+00 2.94475E+00 1.23011E+02
3.85162E+00 4.82370E+00 5.15924E+00 5.66248E+00 5.66253E+00 5.66333E+00 5.67004E+00 5.15924E+00 4.82370E+00 3.85162E+00 1.50687E+02
4.89621E+00 5.86000E+00 6.19152E+00 6.68872E+00 6.68877E+00 6.68967E+00 6.69661E+00 6.19152E+00 5.86000E+00 4.89621E+00 1.82348E+02
6.09152E+00 7.04703E+00 7.37457E+00 7.86580E+00 7.86586E+00 7.86686E+00 7.87403E+00 7.37457E+00 7.04703E+00 6.09152E+00 2.18240E+02
7.45090E+00 8.39812E+00 8.72174E+00 9.20705E+00 9.20711E+00 9.20822E+00 9.21563E+00 8.72174E+00 8.39812E+00 7.45090E+00 2.58588E+02
8.98787E+00 9.92682E+00 1.02465E+01 1.07260E+01 1.07261E+01 1.07273E+01 1.07350E+01 1.02465E+01 9.92682E+00 8.98787E+00 3.03595E+02
1.07160E+01 1.16467E+01 1.19626E+01 1.24362E+01 1.24363E+01 1.24377E+01 1.24456E+01 1.19626E+01 1.16467E+01 1.07160E+01 3.53434E+02
1.26489E+01 1.35712E+01 1.38833E+01 1.43513E+01 1.43513E+01 1.43528E+01 1.43610E+01 1.38833E+01 1.35712E+01 1.26489E+01 4.08247E+02
1.47997E+01 1.57138E+01 1.60220E+01 1.64843E+01 1.64844E+01 1.64860E+01 1.64945E+01 1.60220E+01 1.57138E+01 1.47997E+01 4.68143E+02
1.71814E+01 1.80872E+01 1.83917E+01 1.88484E+01 1.88485E+01 1.88503E+01 1.88590E+01 1.83917E+01 1.80872E+01 1.71814E+01 5.33193E+02
1.98063E+01 2.07038E+01 2.10047E+01 2.14558E+01 2.14559E+01 2.14578E+01 2.14668E+01 2.10047E+01 2.07038E+01 1.98063E+01 6.03431E+02
2.26910E+01 2.35802E+01 2.38774E+01 2.43230E+01 2.43231E+01 2.43252E+01 2.43345E+01 2.38774E+01 2.35802E+01 2.26910E+01 6.78942E+02
2.58438E+01 2.67248E+01 2.70183E+01 2.74585E+01 2.74586E+01 2.74609E+01 2.74705E+01 2.70183E+01 2.67248E+01 2.58438E+01 7.59621E+02
0.00000E+00 0.00000E+00 3.73298E-01 9.33244E-01 9.33244E-01 9.33324E-01 9.37989E-01 3.73298E-01 0.00000E+00 0.00000E+00 2.85782E-02
0.00000E+00 4.42945E-02 4.12782E-01 9.65508E-01 9.65512E-01 9.65630E-01 9.70490E-01 4.12782E-01 4.42945E-02 0.00000E+00 1.51712E+00
0.00000E+00 1.19017E-01 4.82905E-01 1.02873E+00 1.02873E+00 1.02889E+00 1.03395E+00 4.82905E-01 1.19017E-01 0.00000E+00 3.81818E+00
0.00000E+00 2.25495E-01 5.84947E-01 1.12411E+00 1.12412E+00 1.12433E+00 1.12957E+00 5.84947E-01 2.25495E-01 0.00000E+00 7.10602E+00
0.00000E+00 3.67671E-01 7.22827E-01 1.25554E+00 1.25555E+00 1.25581E+00 1.26125E+00 7.22827E-01 3.67671E-01 0.00000E+00 1.15447E+01
0.00000E+00 5.51848E-01 9.02838E-01 1.42929E+00 1.42931E+00 1.42963E+00 1.43526E+00 9.02838E-01 5.51848E-01 0.00000E+00 1.73705E+01
0.00000E+00 7.82541E-01 1.12948E+00 1.64984E+00 1.64987E+00 1.65024E+00 1.65607E+00 1.12948E+00 7.82541E-01 0.00000E+00 2.47519E+01
0.00000E+00 9.93182E-01 1.33704E+00 1.85279E+00 1.85282E+00 1.85324E+00 1.85923E+00 1.33704E+00 9.93182E-01 0.00000E+00 3.15413E+01
6.55533E-02 1.05695E+00 1.39993E+00 1.91436E+00 1.91439E+00 1.91482E+00 1.92086E+00 1.39993E+00 1.05695E+00 6.55533E-02 3.37503E+01
4.34428E-01 1.41739E+00 1.75621E+00 2.26440E+00 2.26444E+00 2.26495E+00 2.27120E+00 1.75621E+00 1.41739E+00 4.34428E-01 4.50075E+01
8.83863E-01 1.85842E+00 2.19316E+00 2.69520E+00 2.69524E+00 2.69583E+00 2.70230E+00 2.19316E+00 1.85842E+00 8.83863E-01 5.85479E+01
1.41620E+00 2.38237E+00 2.71308E+00 3.20906E+00 3.20910E+00 3.20978E+00 3.21647E+00 2.71308E+00 2.38237E+00 1.41620E+00 7.46849E+01
2.04075E+00 2.99855E+00 3.32527E+00 3.81527E+00 3.81532E+00 3.81608E+00 3.82301E+00 3.32527E+00 2.99855E+00 2.04075E+00 9.36672E+01
2.76931E+00 3.71877E+00 4.04155E+00 4.52563E+00 4.52568E+00 4.52655E+00 4.53371E+00 4.04155E+00 3.71877E+00 2.76931E+00 1.15786E+02
3.61235E+00 4.55346E+00 4.87235E+00 5.35059E+00 5.35065E+00 5.35162E+00 5.35903E+00 4.87235E+00 4.55346E+00 3.61235E+00 1.41267E+02
4.57978E+00 5.51255E+00 5.82760E+00 6.30007E+00 6.30013E+00 6.30121E+00 6.30887E+00 5.82760E+00 5.51255E+00 4.57978E+00 1.70295E+02
5.68286E+00 6.60730E+00 6.91854E+00 7.38530E+00 7.38536E+00 7.38657E+00 7.39448E+00 6.91854E+00 6.60730E+00 5.68286E+00 2.03070E+02
6.93303E+00 7.84914E+00 8.15663E+00 8.61773E+00 8.61780E+00 8.61914E+00 8.62731E+00 8.15663E+00 7.84914E+00 6.93303E+00 2.39774E+02
8.34184E+00 9.24963E+00 9.55339E+00 1.00089E+01 1.00090E+01 1.00105E+01 1.00189E+01 9.55339E+00 9.24963E+00 8.34184E+00 2.80563E+02
9.92077E+00 1.08202E+01 1.11203E+01 1.15703E+01 1.15704E+01 1.15720E+01 1.15807E+01 1.11203E+01 1.08202E+01 9.92077E+00 3.25568E+02
1.16812E+01 1.25723E+01 1.28688E+01 1.33133E+01 1.33134E+01 1.33152E+01 1.33241E+01 1.28688E+01 1.25723E+01 1.16812E+01 3.74890E+02
1.36341E+01 1.45169E+01 1.48098E+01 1.52489E+01 1.52490E+01 1.52509E+01 1.52602E+01 1.48098E+01 1.45169E+01 1.36341E+01 4.28599E+02
1.57902E+01 1.66647E+01 1.69540E+01 1.73877E+01 1.73879E+01 1.73900E+01 1.73995E+01 1.69540E+01 1.66647E+01 1.57902E+01 4.86734E+02
1.81595E+01 1.90257E+01 1.93115E+01 1.97399E+01 1.97400E+01 1.97423E+01 1.97522E+01 1.93115E+01 1.90257E+01 1.81595E+01 5.49295E+02
2.07556E+01 2.16135E+01 2.18958E+01 2.23190E+01 2.23191E+01 2.23216E+01 2.23318E+01 2.18958E+01 2.16135E+01 2.07556E+01 6.16329E+02
2.35849E+01 2.44345E+01 2.47133E+01 2.51314E+01 2.51315E+01 2.51342E+01 2.51447E+01 2.47133E+01 2.44345E+01 2.35849E+01 6.87717E+02
0.00000E+00 0.00000E+00 3.52811E-01 8.82028E-01 8.82028E-01 8.82131E-01 8.87336E-01 3.52811E-01 0.00000E+00 0.00000E+00 3.36232E-02
0.00000E+00 4.53458E-02 3.93567E-01 9.15893E-01 9.15897E-01 9.16049E-01 9.21469E-01 3.93567E-01 4.53458E-02 0.00000E+00 1.53290E+00
0.00000E+00 1.19900E-01 4.63735E-01 9.79473E-01 9.79481E-01 9.79687E-01 9.85319E-01 4.63735E-01 1.19900E-01 0.00000E+00 3.80981E+00
0.00000E+00 2.24446E-01 5.64050E-01 1.07343E+00 1.07345E+00 1.07371E+00 1.07956E+00 5.64050E-01 2.24446E-01 0.00000E+00 7.02074E+00
0.00000E+00 3.62442E-01 6.97951E-01 1.20119E+00 1.20120E+00 1.20153E+00 1.20759E+00 6.97951E-01 3.62442E-01 0.00000E+00 1.13093E+01
0.00000E+00 5.39508E-01 8.71047E-01 1.36832E+00 1.36834E+00 1.36873E+00 1.37501E+00 8.71047E-01 5.39508E-01 0.00000E+00 1.68841E+01
0.00000E+00 7.59556E-01 1.08723E+00 1.57870E+00 1.57873E+00 1.57919E+00 1.58568E+00 1.08723E+00 7.59556E-01 0.00000E+00 2.38884E+01
0.00000E+00 9.59369E-01 1.28412E+00 1.77119E+00 1.77122E+00 1.77174E+00 1.77840E+00 1.28412E+00 9.59369E-01 0.00000E+00 3.02920E+01
6.20123E-02 1.01958E+00 1.34349E+00 1.82931E+00 1.82934E+00 1.82988E+00 1.83659E+00 1.34349E+00 1.01958E+00 6.20123E-02 3.23650E+01
4.09925E-01 1.35899E+00 1.67894E+00 2.15882E+00 2.15885E+00 2.15949E+00 2.16643E+00 1.67894E+00 1.35899E+00 4.09925E-01 4.28918E+01
8.31355E-01 1.77195E+00 2.08801E+00 2.56204E+00 2.56208E+00 2.56281E+00 2.56999E+00 2.08801E+00 1.77195E+00 8.31355E-01 5.54698E+01
1.32778E+00 2.25993E+00 2.57215E+00 3.04041E+00 3.04046E+00 3.04129E+00 3.04872E+00 2.57215E+00 2.25993E+00 1.32778E+00 7.03681E+01
1.90720E+00 2.83091E+00 3.13935E+00 3.60191E+00 3.60196E+00 3.60290E+00 3.61059E+00 3.13935E+00 2.83091E+00 1.90720E+00 8.77922E+01
2.57977E+00 3.49507E+00 3.79976E+00 4.25671E+00 4.25676E+00 4.25782E+00 4.26577E+00 3.79976E+00 3.49507E+00 2.57977E+00 1.07983E+02
3.35436E+00 4.26125E+00 4.56225E+00 5.01364E+00 5.01370E+00 5.01489E+00 5.02310E+00 4.56225E+00 4.26125E+00 3.35436E+00 1.31118E+02
4.23927E+00 5.13777E+00 5.43512E+00 5.88102E+00 5.88109E+00 5.88241E+00 5.89089E+00 5.43512E+00 5.13777E+00 4.23927E+00 1.57340E+02
5.24393E+00 6.13405E+00 6.42778E+00 6.86826E+00 6.86833E+00 6.86980E+00 6.87855E+00 6.42778E+00 6.13405E+00 5.24393E+00 1.86804E+02
6.37783E+00 7.25956E+00 7.54973E+00 7.98484E+00 7.98492E+00 7.98654E+00 7.99558E+00 7.54973E+00 7.25956E+00 6.37783E+00 2.19644E+02
7.65045E+00 8.52381E+00 8.81045E+00 9.24026E+00 9.24034E+00 9.24213E+00 9.25146E+00 8.81045E+00 8.52381E+00 7.65045E+00 2.55971E+02
9.07114E+00 9.93613E+00 1.02193E+01 1.06438E+01 1.06439E+01 1.06459E+01 1.06555E+01 1.02193E+01 9.93613E+00 9.07114E+00 2.95872E+02
1.06490E+01 1.15057E+01 1.17854E+01 1.22047E+01 1.22048E+01 1.22070E+01 1.22169E+01 1.17854E+01 1.15057E+01 1.06490E+01 3.39408E+02
1.23929E+01 1.32412E+01 1.35174E+01 1.39317E+01 1.39318E+01 1.39341E+01 1.39444E+01 1.35174E+01 1.32412E+01 1.23929E+01 3.86611E+02
1.43110E+01 1.51509E+01 1.54239E+01 1.58330E+01 1.58332E+01 1.58357E+01 1.58462E+01 1.54239E+01 1.51509E+01 1.43110E+01 4.37486E+02
1.64112E+01 1.72428E+01 1.75123E+01 1.79165E+01 1.79166E+01 1.79194E+01 1.79302E+01 1.75123E+01 1.72428E+01 1.64112E+01 4.92004E+02
1.87039E+01 1.95271E+01 1.97934E+01 2.01926E+01 2.01928E+01 2.01957E+01 2.02069E+01 1.97934E+01 1.95271E+01 1.87039E+01 5.50172E+02
2.11936E+01 2.20085E+01 2.22715E+01 2.26658E+01 2.26660E+01 2.26692E+01 2.26807E+01 2.22715E+01 2.20085E+01 2.11936E+01 6.11858E+02
0.00000E+00 0.00000E+00 3.32129E-01 8.30322E-01 8.30322E-01 8.30456E-01 8.36275E-01 3.32129E-01 0.00000E+00 0.00000E+00 3.96229E-02
0.00000E+00 4.64657E-02 3.74232E-01 8.65872E-01 8.65877E-01 8.66072E-01 8.72127E-01 3.74232E-01 4.64657E-02 0.00000E+00 1.55156E+00
0.00000E+00 1.20799E-01 4.44397E-01 9.29777E-01 9.29786E-01 9.30048E-01 9.36337E-01 4.44397E-01 1.20799E-01 0.00000E+00 3.80255E+00
0.00000E+00 2.23238E-01 5.42817E-01 1.02216E+00 1.02218E+00 1.02251E+00 1.02903E+00 5.42817E-01 2.23238E-01 0.00000E+00 6.93119E+00
0.00000E+00 3.56767E-01 6.72459E-01 1.14596E+00 1.14598E+00 1.14639E+00 1.15315E+00 6.72459E-01 3.56767E-01 0.00000E+00 1.10608E+01
0.00000E+00 5.26334E-01 8.38259E-01 1.30610E+00 1.30613E+00 1.30662E+00 1.31361E+00 8.38259E-01 5.26334E-01 0.00000E+00 1.63725E+01
0.00000E+00 7.35267E-01 1.04353E+00 1.50587E+00 1.50590E+00 1.50648E+00 1.51371E+00 1.04353E+00 7.35267E-01 0.00000E+00 2.29852E+01
0.00000E+00 9.23848E-01 1.22933E+00 1.68750E+00 1.68754E+00 1.68819E+00 1.69560E+00 1.22933E+00 9.23848E-01 0.00000E+00 2.89907E+01
5.83597E-02 9.80393E-01 1.28508E+00 1.74206E+00 1.74209E+00 1.74277E+00 1.75024E+00 1.28508E+00 9.80393E-01 5.83597E-02 3.09241E+01
3.84720E-01 1.29816E+00 1.59910E+00 2.05045E+00 2.05049E+00 2.05127E+00 2.05900E+00 1.59910E+00 1.29816E+00 3.84720E-01 4.07034E+01
7.77529E-01 1.68242E+00 1.97968E+00 2.42548E+00 2.42553E+00 2.42642E+00 2.43442E+00 1.97968E+00 1.68242E+00 7.77529E-01 5.23030E+01
1.23746E+00 2.13382E+00 2.42744E+00 2.86779E+00 2.86784E+00 2.86886E+00 2.87713E+00 2.42744E+00 2.13382E+00 1.23746E+00 6.59491E+01
1.77123E+00 2.65909E+00 2.94913E+00 3.38408E+00 3.38414E+00 3.38529E+00 3.39384E+00 2.94913E+00 2.65909E+00 1.77123E+00 8.18065E+01
2.38745E+00 3.26682E+00 3.55332E+00 3.98296E+00 3.98302E+00 3.98431E+00 3.99314E+00 3.55332E+00 3.26682E+00 2.38745E+00 1.00067E+02
3.09344E+00 3.96435E+00 4.24735E+00 4.67173E+00 4.67180E+00 4.67324E+00 4.68236E+00 4.24735E+00 3.96435E+00 3.09344E+00 1.20867E+02
3.89600E+00 4.75845E+00 5.03800E+00 5.45720E+00 5.45727E+00 5.45888E+00 5.46829E+00 5.03800E+00 4.75845E+00 3.89600E+00 1.44308E+02
4.80280E+00 5.65681E+00 5.93295E+00 6.34702E+00 6.34710E+00 6.34887E+00 6.35859E+00 5.93295E+00 5.65681E+00 4.80280E+00 1.70502E+02
5.82150E+00 6.66708E+00 6.93985E+00 7.34885E+00 7.34894E+00 7.35090E+00 7.36092E+00 6.93985E+00 6.66708E+00 5.82150E+00 1.99539E+02
6.95966E+00 7.79682E+00 8.06626E+00 8.47025E+00 8.47035E+00 8.47250E+00 8.48284E+00 8.06626E+00 7.79682E+00 6.95966E+00 2.31492E+02
8.22462E+00 9.05337E+00 9.31952E+00 9.71857E+00 9.71867E+00 9.72102E+00 9.73168E+00 9.31952E+00 9.05337E+00 8.22462E+00 2.66407E+02
9.62345E+00 1.04438E+01 1.07067E+01 1.11008E+01 1.11010E+01 1.11035E+01 1.11145E+01 1.07067E+01 1.04438E+01 9.62345E+00 3.04311E+02
1.11628E+01 1.19748E+01 1.22344E+01 1.26238E+01 1.26239E+01 1.26267E+01 1.26380E+01 1.22344E+01 1.19748E+01 1.11628E+01 3.45202E+02
1.28489E+01 1.36525E+01 1.39090E+01 1.42935E+01 1.42936E+01 1.42967E+01 1.43083E+01 1.39090E+01 1.36525E+01 1.28489E+01 3.89054E+02
1.46873E+01 1.54825E+01 1.57358E+01 1.61157E+01 1.61158E+01 1.61191E+01 1.61311E+01 1.57358E+01 1.54825E+01 1.46873E+01 4.35817E+02
1.66858E+01 1.74727E+01 1.77229E+01 1.80980E+01 1.80982E+01 1.81017E+01 1.81141E+01 1.77229E+01 1.74727E+01 1.66858E+01 4.85461E+02
1.88471E+01 1.96256E+01 1.98728E+01 2.02433E+01 2.02435E+01 2.02473E+01 2.02600E+01 1.98728E+01 1.96256E+01 1.88471E+01 5.37849E+02
0.00000E+00 0.00000E+00 3.13048E-01 7.82620E-01 7.82620E-01 7.82794E-01 7.89292E-01 3.13048E-01 0.00000E+00 0.00000E+00 4.66562E-02
0.00000E+00 4.75768E-02 3.56479E-01 8.19823E-01 8.19829E-01 8.20079E-01 8.26836E-01 3.56479E-01 4.75768E-02 0.00000E+00 1.57281E+00
0.00000E+00 1.21609E-01 4.26553E-01 8.83950E-01 8.83960E-01 8.84292E-01 8.91307E-01 4.26553E-01 1.21609E-01 0.00000E+00 3.79710E+00
0.00000E+00 2.21841E-01 5.22971E-01 9.74639E-01 9.74654E-01 9.75074E-01 9.82346E-01 5.22971E-01 2.21841E-01 0.00000E+00 6.84210E+00
0.00000E+00 3.50849E-01 6.48292E-01 1.09442E+00 1.09444E+00 1.09495E+00 1.10248E+00 6.48292E-01 3.50849E-01 0.00000E+00 1.08131E+01
0.00000E+00 5.12983E-01 8.06855E-01 1.24762E+00 1.24764E+00 1.24826E+00 1.25604E+00 8.06855E-01 5.12983E-01 0.00000E+00 1.58667E+01
0.00000E+00 7.11075E-01 1.00148E+00 1.43702E+00 1.43705E+00 1.43777E+00 1.44582E+00 1.00148E+00 7.11075E-01 0.00000E+00 2.21010E+01
0.00000E+00 8.88818E-01 1.17659E+00 1.60819E+00 1.60822E+00 1.60903E+00 1.61728E+00 1.17659E+00 8.88818E-01 0.00000E+00 2.77257E+01
5.48678E-02 9.41851E-01 1.22887E+00 1.65933E+00 1.65937E+00 1.66020E+00 1.66851E+00 1.22887E+00 9.41851E-01 5.48678E-02 2.95266E+01
3.60737E-01 1.23903E+00 1.52251E+00 1.94764E+00 1.94768E+00 1.94865E+00 1.95724E+00 1.52251E+00 1.23903E+00 3.60737E-01 3.86010E+01
7.26607E-01 1.59626E+00 1.87625E+00 2.29614E+00 2.29619E+00 2.29729E+00 2.30618E+00 1.87625E+00 1.59626E+00 7.26607E-01 4.92880E+01
1.15250E+00 2.01355E+00 2.29010E+00 2.70483E+00 2.70488E+00 2.70613E+00 2.71531E+00 2.29010E+00 2.01355E+00 1.15250E+00 6.17777E+01
1.64409E+00 2.49655E+00 2.76971E+00 3.17935E+00 3.17941E+00 3.18082E+00 3.19030E+00 2.76971E+00 2.49655E+00 1.64409E+00 7.62013E+01
2.20863E+00 3.05254E+00 3.32236E+00 3.72697E+00 3.72704E+00 3.72861E+00 3.73840E+00 3.32236E+00 3.05254E+00 2.20863E+00 9.27115E+01
2.85221E+00 3.68758E+00 3.95410E+00 4.35375E+00 4.35383E+00 4.35558E+00 4.36569E+00 3.95410E+00 3.68758E+00 2.85221E+00 1.11409E+02
3.58036E+00 4.40723E+00 4.67049E+00 5.06524E+00 5.06533E+00 5.06727E+00 5.07770E+00 4.67049E+00 4.40723E+00 3.58036E+00 1.32367E+02
4.39935E+00 5.21773E+00 5.47777E+00 5.86769E+00 5.86778E+00 5.86993E+00 5.88068E+00 5.47777E+00 5.21773E+00 4.39935E+00 1.55662E+02
5.31535E+00 6.12525E+00 6.38212E+00 6.76726E+00 6.76736E+00 6.76971E+00 6.78081E+00 6.38212E+00 6.12525E+00 5.31535E+00 1.81353E+02
6.33436E+00 7.13581E+00 7.38954E+00 7.76996E+00 7.77006E+00 7.77265E+00 7.78408E+00 7.38954E+00 7.13581E+00 6.33436E+00 2.09480E+02
7.46215E+00 8.25516E+00 8.50579E+00 8.88154E+00 8.88166E+00 8.88448E+00 8.89627E+00 8.50579E+00 8.25516E+00 7.46215E+00 2.40065E+02
8.70416E+00 9.48874E+00 9.73631E+00 1.01075E+01 1.01076E+01 1.01107E+01 1.01228E+01 9.73631E+00 9.48874E+00 8.70416E+00 2.73106E+02
1.00654E+01 1.08416E+01 1.10861E+01 1.14527E+01 1.14529E+01 1.14562E+01 1.14687E+01 1.10861E+01 1.08416E+01 1.00654E+01 3.08581E+02
1.15505E+01 1.23183E+01 1.25598E+01 1.29219E+01 1.29220E+01 1.29257E+01 1.29385E+01 1.25598E+01 1.23183E+01 1.15505E+01 3.46445E+02
1.31633E+01 1.39227E+01 1.41613E+01 1.45189E+01 1.45191E+01 1.45230E+01 1.45363E+01 1.41613E+01 1.39227E+01 1.31633E+01 3.86632E+02
1.49096E+01 1.56607E+01 1.58964E+01 1.62496E+01 1.62498E+01 1.62540E+01 1.62677E+01 1.58964E+01 1.56607E+01 1.49096E+01 4.29093E+02
1.67908E+01 1.75336E+01 1.77664E+01 1.81153E+01 1.81155E+01 1.81200E+01 1.81341E+01 1.77664E+01 1.75336E+01 1.67908E+01 4.73690E+02
0.00000E+00 0.00000E+00 2.94189E-01 7.35473E-01 7.35473E-01 7.35698E-01 7.42962E-01 2.94189E-01 0.00000E+00 0.00000E+00 5.49817E-02
0.00000E+00 4.86354E-02 3.38913E-01 7.74319E-01 7.74324E-01 7.74644E-01 7.82193E-01 3.38913E-01 4.86354E-02 0.00000E+00 1.59476E+00
0.00000E+00 1.22204E-01 4.08748E-01 8.38544E-01 8.38556E-01 8.38977E-01 8.46808E-01 4.08748E-01 1.22204E-01 0.00000E+00 3.78849E+00
0.00000E+00 2.19987E-01 5.02938E-01 9.27332E-01 9.27349E-01 9.27878E-01 9.35991E-01 5.02938E-01 2.19987E-01 0.00000E+00 6.74363E+00
0.00000E+00 3.44185E-01 6.23663E-01 1.04284E+00 1.04286E+00 1.04350E+00 1.05190E+00 6.23663E-01 3.44185E-01 0.00000E+00 1.05484E+01
0.00000E+00 4.98588E-01 7.74703E-01 1.18882E+00 1.18885E+00 1.18962E+00 1.19829E+00 7.74703E-01 4.98588E-01 0.00000E+00 1.53362E+01
0.00000E+00 6.85571E-01 9.58419E-01 1.36763E+00 1.36766E+00 1.36856E+00 1.37752E+00 9.58419E-01 6.85571E-01 0.00000E+00 2.11858E+01
0.00000E+00 8.52312E-01 1.12269E+00 1.52818E+00 1.52822E+00 1.52921E+00 1.53840E+00 1.12269E+00 8.52312E-01 0.00000E+00 2.64269E+01
5.13447E-02 9.01803E-01 1.17147E+00 1.57590E+00 1.57594E+00 1.57697E+00 1.58622E+00 1.17147E+00 9.01803E-01 5.13447E-02 2.80953E+01
3.36633E-01 1.17832E+00 1.44465E+00 1.84407E+00 1.84411E+00 1.84530E+00 1.85486E+00 1.44465E+00 1.17832E+00 3.36633E-01 3.64674E+01
6.75670E-01 1.50864E+00 1.77170E+00 2.16618E+00 2.16623E+00 2.16759E+00 2.17746E+00 1.77170E+00 1.50864E+00 6.75670E-01 4.62526E+01
1.06791E+00 1.89221E+00 2.15203E+00 2.54166E+00 2.54172E+00 2.54325E+00 2.55345E+00 2.15203E+00 1.89221E+00 1.06791E+00 5.76080E+01
1.51805E+00 2.33371E+00 2.59035E+00 2.97519E+00 2.97526E+00 2.97698E+00 2.98751E+00 2.59035E+00 2.33371E+00 1.51805E+00 7.06344E+01
2.03213E+00 2.83919E+00 3.09269E+00 3.47281E+00 3.47289E+00 3.47481E+00 3.48567E+00 3.09269E+00 2.83919E+00 2.03213E+00 8.54491E+01
2.61510E+00 3.41358E+00 3.66398E+00 4.03945E+00 4.03954E+00 4.04166E+00 4.05287E+00 3.66398E+00 3.41358E+00 2.61510E+00 1.02123E+02
3.27136E+00 4.06129E+00 4.30864E+00 4.67951E+00 4.67960E+00 4.68196E+00 4.69351E+00 4.30864E+00 4.06129E+00 3.27136E+00 1.20701E+02
4.00588E+00 4.78730E+00 5.03164E+00 5.39796E+00 5.39807E+00 5.40066E+00 5.41257E+00 5.03164E+00 4.78730E+00 4.00588E+00 1.41231E+02
4.82352E+00 5.59645E+00 5.83780E+00 6.19965E+00 6.19976E+00 6.20260E+00 6.21488E+00 5.83780E+00 5.59645E+00 4.82352E+00 1.63745E+02
5.72890E+00 6.49337E+00 6.73178E+00 7.08920E+00 7.08933E+00 7.09243E+00 7.10508E+00 6.73178E+00 6.49337E+00 5.72890E+00 1.88258E+02
6.72638E+00 7.48241E+00 7.71792E+00 8.07096E+00 8.07110E+00 8.07448E+00 8.08751E+00 7.71792E+00 7.48241E+00 6.72638E+00 2.14767E+02
7.81997E+00 8.56759E+00 8.80023E+00 9.14895E+00 9.14910E+00 9.15277E+00 9.16619E+00 8.80023E+00 8.56759E+00 7.81997E+00 2.43250E+02
9.01328E+00 9.75251E+00 9.98231E+00 1.03268E+01 1.03269E+01 1.03309E+01 1.03447E+01 9.98231E+00 9.75251E+00 9.01328E+00 2.73667E+02
1.03094E+01 1.10403E+01 1.12673E+01 1.16076E+01 1.16077E+01 1.16120E+01 1.16262E+01 1.12673E+01 1.10403E+01 1.03094E+01 3.05961E+02
1.17110E+01 1.24336E+01 1.26578E+01 1.29939E+01 1.29941E+01 1.29987E+01 1.30133E+01 1.26578E+01 1.24336E+01 1.17110E+01 3.40053E+02
1.32220E+01 1.39363E+01 1.41578E+01 1.44898E+01 1.44899E+01 1.44949E+01 1.45100E+01 1.41578E+01 1.39363E+01 1.32220E+01 3.75880E+02
1.48427E+01 1.55487E+01 1.57675E+01 1.60954E+01 1.60956E+01 1.61010E+01 1.61165E+01 1.57675E+01 1.55487E+01 1.48427E+01 4.13308E+02
0.00000E+00 0.00000E+00 2.76892E-01 6.92230E-01 6.92230E-01 6.92523E-01 7.00629E-01 2.76892E-01 0.00000E+00 0.00000E+00 6.47185E-02
0.00000E+00 4.94968E-02 3.22722E-01 7.32547E-01 7.32553E-01 7.32963E-01 7.41380E-01 3.22722E-01 4.94968E-02 0.00000E+00 1.61510E+00
0.00000E+00 1.22357E-01 3.92083E-01 7.96648E-01 7.96660E-01 7.97194E-01 8.05920E-01 3.92083E-01 1.22357E-01 0.00000E+00 3.77384E+00
0.00000E+00 2.17481E-01 4.83838E-01 8.83339E-01 8.83358E-01 8.84023E-01 8.93057E-01 4.83838E-01 2.17481E-01 0.00000E+00 6.63556E+00
0.00000E+00 3.36762E-01 5.99866E-01 9.94472E-01 9.94498E-01 9.95303E-01 1.00464E+00 5.99866E-01 3.36762E-01 0.00000E+00 1.02740E+01
0.00000E+00 4.83521E-01 7.43474E-01 1.13334E+00 1.13338E+00 1.13433E+00 1.14398E+00 7.43474E-01 4.83521E-01 0.00000E+00 1.48031E+01
0.00000E+00 6.59764E-01 9.16658E-01 1.30193E+00 1.30196E+00 1.30307E+00 1.31303E+00 9.16658E-01 6.59764E-01 0.00000E+00 2.02854E+01
1.11022E-16 8.16016E-01 1.07059E+00 1.45238E+00 1.45242E+00 1.45365E+00 1.46386E+00 1.07059E+00 8.16016E-01 1.11022E-16 2.51651E+01
4.80161E-02 8.62167E-01 1.11608E+00 1.49687E+00 1.49691E+00 1.49819E+00 1.50846E+00 1.11608E+00 8.62167E-01 4.80161E-02 2.67098E+01
3.13994E-01 1.11932E+00 1.37012E+00 1.74621E+00 1.74626E+00 1.74772E+00 1.75833E+00 1.37012E+00 1.11932E+00 3.13994E-01 3.44317E+01
6.28169E-01 1.42474E+00 1.67247E+00 2.04394E+00 2.04400E+00 2.04566E+00 2.05661E+00 1.67247E+00 1.42474E+00 6.28169E-01 4.33922E+01
9.89580E-01 1.77745E+00 2.02215E+00 2.38907E+00 2.38914E+00 2.39101E+00 2.40232E+00 2.02215E+00 1.77745E+00 9.89580E-01 5.37219E+01
1.40213E+00 2.18134E+00 2.42306E+00 2.78550E+00 2.78558E+00 2.78767E+00 2.79933E+00 2.42306E+00 2.18134E+00 1.40213E+00 6.54977E+01
1.87087E+00 2.64146E+00 2.88025E+00 3.23827E+00 3.23835E+00 3.24068E+00 3.25271E+00 2.88025E+00 2.64146E+00 1.87087E+00 7.88090E+01
2.39982E+00 3.16184E+00 3.39772E+00 3.75138E+00 3.75148E+00 3.75405E+00 3.76646E+00 3.39772E+00 3.16184E+00 2.39982E+00 9.37035E+01
2.99250E+00 3.74599E+00 3.97902E+00 4.32837E+00 4.32848E+00 4.33131E+00 4.34409E+00 3.97902E+00 3.74599E+00 2.99250E+00 1.10207E+02
3.65289E+00 4.39788E+00 4.62808E+00 4.97318E+00 4.97330E+00 4.97642E+00 4.98959E+00 4.62808E+00 4.39788E+00 3.65289E+00 1.28345E+02
4.38478E+00 5.12131E+00 5.34872E+00 5.68963E+00 5.68976E+00 5.69317E+00 5.70673E+00 5.34872E+00 5.12131E+00 4.38478E+00 1.48130E+02
5.19175E+00 5.91986E+00 6.14451E+00 6.48127E+00 6.48141E+00 6.48513E+00 6.49909E+00 6.14451E+00 5.91986E+00 5.19175E+00 1.69560E+02
6.07707E+00 6.79679E+00 7.01872E+00 7.35138E+00 7.35154E+00 7.35558E+00 7.36995E+00 7.01872E+00 6.79679E+00 6.07707E+00 1.92615E+02
7.04368E+00 7.75505E+00 7.97430E+00 8.30291E+00 8.30308E+00 8.30746E+00 8.32225E+00 7.97430E+00 7.75505E+00 7.04368E+00 2.17261E+02
8.09413E+00 8.79719E+00 9.01378E+00 9.33839E+00 9.33857E+00 9.34331E+00 9.35853E+00 9.01378E+00 8.79719E+00 8.09413E+00 2.43447E+02
9.23053E+00 9.92531E+00 1.01393E+01 1.04599E+01 1.04601E+01 1.04652E+01 1.04809E+01 1.01393E+01 9.92531E+00 9.23053E+00 2.71109E+02
1.04545E+01 1.11410E+01 1.13524E+01 1.16691E+01 1.16693E+01 1.16749E+01 1.16910E+01 1.13524E+01 1.11410E+01 1.04545E+01 3.00165E+02
1.17686E+01 1.24470E+01 1.26558E+01 1.29687E+01 1.29689E+01 1.29748E+01 1.29914E+01 1.26558E+01 1.24470E+01 1.17686E+01 3.30543E+02
1.31726E+01 1.38428E+01 1.40491E+01 1.43581E+01 1.43584E+01 1.43647E+01 1.43817E+01 1.40491E+01 1.38428E+01 1.31726E+01 3.62117E+02
0.00000E+00 0.00000E+00 2.62246E-01 6.55614E-01 6.55614E-01 6.55994E-01 6.65012E-01 2.62246E-01 0.00000E+00 0.00000E+00 7.60285E-02
0.00000E+00 4.99887E-02 3.08804E-01 6.97013E-01 6.97020E-01 6.97543E-01 7.06900E-01 3.08804E-01 4.99887E-02 0.00000E+00 1.63065E+00
0.00000E+00 1.21796E-01 3.77337E-01 7.60622E-01 7.60636E-01 7.61311E-01 7.71004E-01 3.77337E-01 1.21796E-01 0.00000E+00 3.74876E+00
0.00000E+00 2.14060E-01 4.66450E-01 8.44992E-01 8.45014E-01 8.45849E-01 8.55876E-01 4.66450E-01 2.14060E-01 0.00000E+00 6.51550E+00
0.00000E+00 3.28469E-01 5.77813E-01 9.51773E-01 9.51802E-01 9.52805E-01 9.63166E-01 5.77813E-01 3.28469E-01 0.00000E+00 9.99403E+00
0.00000E+00 4.67998E-01 7.14392E-01 1.08391E+00 1.08395E+00 1.08513E+00 1.09583E+00 7.14392E-01 4.67998E-01 0.00000E+00 1.42834E+01
0.00000E+00 6.34402E-01 8.77932E-01 1.24314E+00 1.24319E+00 1.24455E+00 1.25559E+00 8.77932E-01 6.34402E-01 0.00000E+00 1.94356E+01
3.33067E-16 7.81240E-01 1.02260E+00 1.38455E+00 1.38460E+00 1.38611E+00 1.39741E+00 1.02260E+00 7.81240E-01 3.33067E-16 2.39966E+01
4.50651E-02 8.24439E-01 1.06518E+00 1.42619E+00 1.42624E+00 1.42780E+00 1.43917E+00 1.06518E+00 8.24439E-01 4.50651E-02 2.54338E+01
2.94095E-01 1.06465E+00 1.30246E+00 1.65907E+00 1.65913E+00 1.66092E+00 1.67265E+00 1.30246E+00 1.06465E+00 2.94095E-01 3.25968E+01
5.86852E-01 1.34866E+00 1.58360E+00 1.93588E+00 1.93595E+00 1.93797E+00 1.95008E+00 1.58360E+00 1.34866E+00 5.86852E-01 4.08620E+01
9.22145E-01 1.67527E+00 1.90738E+00 2.25539E+00 2.25547E+00 2.25774E+00 2.27023E+00 1.90738E+00 1.67527E+00 9.22145E-01 5.03416E+01
1.30333E+00 2.04784E+00 2.27714E+00 2.62095E+00 2.62104E+00 2.62357E+00 2.63645E+00 2.27714E+00 2.04784E+00 1.30333E+00 6.10973E+01
1.73477E+00 2.47071E+00 2.69726E+00 3.03691E+00 3.03702E+00 3.03983E+00 3.05309E+00 2.69726E+00 2.47071E+00 1.73477E+00 7.32004E+01
2.21987E+00 2.94729E+00 3.17112E+00 3.50668E+00 3.50680E+00 3.50990E+00 3.52357E+00 3.17112E+00 2.94729E+00 2.21987E+00 8.66855E+01
2.76157E+00 3.48053E+00 3.70168E+00 4.03319E+00 4.03332E+00 4.03673E+00 4.05081E+00 3.70168E+00 3.48053E+00 2.76157E+00 1.01567E+02
3.36318E+00 4.07373E+00 4.29222E+00 4.61974E+00 4.61988E+00 4.62362E+00 4.63811E+00 4.29222E+00 4.07373E+00 3.36318E+00 1.17859E+02
4.02785E+00 4.73003E+00 4.94590E+00 5.26948E+00 5.26963E+00 5.27370E+00 5.28862E+00 4.94590E+00 4.73003E+00 4.02785E+00 1.35564E+02
4.75849E+00 5.45235E+00 5.66563E+00 5.98530E+00 5.98546E+00 5.98990E+00 6.00525E+00 5.66563E+00 5.45235E+00 4.75849E+00 1.54672E+02
5.55772E+00 6.24330E+00 6.45403E+00 6.76985E+00 6.77002E+00 6.77484E+00 6.79063E+00 6.45403E+00 6.24330E+00 5.55772E+00 1.75157E+02
6.42787E+00 7.10522E+00 7.31342E+00 7.62543E+00 7.62562E+00 7.63083E+00 7.64707E+00 7.31342E+00 7.10522E+00 6.42787E+00 1.96980E+02
7.37087E+00 8.04005E+00 8.24574E+00 8.55399E+00 8.55419E+00 8.55982E+00 8.57652E+00 8.24574E+00 8.04005E+00 7.37087E+00 2.20091E+02
8.38829E+00 9.04933E+00 9.25256E+00 9.55708E+00 9.55730E+00 9.56336E+00 9.58053E+00 9.25256E+00 9.04933E+00 8.38829E+00 2.44423E+02
9.48121E+00 1.01342E+01 1.03350E+01 1.06358E+01 1.06360E+01 1.06425E+01 1.06602E+01 1.03350E+01 1.01342E+01 9.48121E+00 2.69900E+02
1.06517E+01 1.12966E+01 1.14949E+01 1.17922E+01 1.17924E+01 1.17994E+01 1.18175E+01 1.14949E+01 1.12966E+01 1.06517E+01 2.96451E+02
1.18989E+01 1.25359E+01 1.27318E+01 1.30254E+01 1.30257E+01 1.30332E+01 1.30518E+01 1.27318E+01 1.25359E+01 1.18989E+01 3.23962E+02
0.00000E+00 0.00000E+00 2.46941E-01 6.17351E-01 6.17351E-01 6.17843E-01 6.27894E-01 2.46941E-01 0.00000E+00 0.00000E+00 8.94264E-02
0.00000E+00 5.00596E-02 2.93790E-01 6.59370E-01 6.59378E-01 6.60046E-01 6.70465E-01 2.93790E-01 5.00596E-02 0.00000E+00 1.63792E+00
0.00000E+00 1.20359E-01 3.61025E-01 7.21993E-01 7.22010E-01 7.22862E-01 7.33647E-01 3.61025E-01 1.20359E-01 0.00000E+00 3.70429E+00
0.00000E+00 2.09302E-01 4.47018E-01 8.03544E-01 8.03569E-01 8.04616E-01 8.15764E-01 4.47018E-01 2.09302E-01 0.00000E+00 6.36404E+00
0.00000E+00 3.18365E-01 5.53229E-01 9.05461E-01 9.05494E-01 9.06744E-01 9.18256E-01 5.53229E-01 3.18365E-01 0.00000E+00 9.66960E+00
0.00000E+00 4.50157E-01 6.82259E-01 1.03033E+00 1.03037E+00 1.03184E+00 1.04371E+00 6.82259E-01 4.50157E-01 0.00000E+00 1.37049E+01
0.00000E+00 6.06163E-01 8.35581E-01 1.17961E+00 1.17966E+00 1.18135E+00 1.19359E+00 8.35581E-01 6.06163E-01 0.00000E+00 1.85103E+01
0.00000E+00 7.43103E-01 9.70488E-01 1.31146E+00 1.31152E+00 1.31338E+00 1.32591E+00 9.70488E-01 7.43103E-01 0.00000E+00 2.27379E+01
4.19617E-02 7.83208E-01 1.01001E+00 1.35010E+00 1.35017E+00 1.35208E+00 1.36469E+00 1.01001E+00 7.83208E-01 4.19617E-02 2.40631E+01
2.73188E-01 1.00566E+00 1.22973E+00 1.56569E+00 1.56576E+00 1.56794E+00 1.58095E+00 1.22973E+00 1.00566E+00 2.73188E-01 3.06437E+01
5.43475E-01 1.26727E+00 1.48864E+00 1.82054E+00 1.82062E+00 1.82308E+00 1.83649E+00 1.48864E+00 1.26727E+00 5.43475E-01 3.81847E+01
8.51363E-01 1.56655E+00 1.78526E+00 2.11316E+00 2.11326E+00 2.11601E+00 2.12983E+00 1.78526E+00 1.56655E+00 8.51363E-01 4.67784E+01
1.19959E+00 1.90625E+00 2.12234E+00 2.44629E+00 2.44639E+00 2.44946E+00 2.46370E+00 2.12234E+00 1.90625E+00 1.19959E+00 5.64692E+01
1.59176E+00 2.28995E+00 2.50345E+00 2.82351E+00 2.82363E+00 2.82702E+00 2.84168E+00 2.50345E+00 2.28995E+00 1.59176E+00 6.73088E+01
2.03058E+00 2.72037E+00 2.93132E+00 3.24752E+00 3.24766E+00 3.25139E+00 3.26649E+00 2.93132E+00 2.72037E+00 2.03058E+00 7.93159E+01
2.51833E+00 3.19977E+00 3.40820E+00 3.72061E+00 3.72075E+00 3.72485E+00 3.74039E+00 3.40820E+00 3.19977E+00 2.51833E+00 9.24915E+01
3.05756E+00 3.73072E+00 3.93666E+00 4.24531E+00 4.24548E+00 4.24995E+00 4.26594E+00 3.93666E+00 3.73072E+00 3.05756E+00 1.06837E+02
3.65066E+00 4.31558E+00 4.51906E+00 4.82401E+00 4.82419E+00 4.82907E+00 4.84551E+00 4.51906E+00 4.31558E+00 3.65066E+00 1.22342E+02
4.29976E+00 4.95651E+00 5.15756E+00 5.45885E+00 5.45904E+00 5.46434E+00 5.48124E+00 5.15756E+00 4.95651E+00 4.29976E+00 1.38985E+02
5.00673E+00 5.65537E+00 5.85401E+00 6.15168E+00 6.15189E+00 6.15762E+00 6.17500E+00 5.85401E+00 5.65537E+00 5.00673E+00 1.56733E+02
5.77314E+00 6.41371E+00 6.60999E+00 6.90407E+00 6.90430E+00 6.91049E+00 6.92835E+00 6.60999E+00 6.41371E+00 5.77314E+00 1.75539E+02
6.60020E+00 7.23277E+00 7.42670E+00 7.71725E+00 7.71748E+00 7.72416E+00 7.74251E+00 7.42670E+00 7.23277E+00 6.60020E+00 1.95350E+02
7.48877E+00 8.11340E+00 8.30501E+00 8.59205E+00 8.59231E+00 8.59949E+00 8.61834E+00 8.30501E+00 8.11340E+00 7.48877E+00 2.16097E+02
8.43931E+00 9.05604E+00 9.24535E+00 9.52894E+00 9.52922E+00 9.53692E+00 9.55628E+00 9.24535E+00 9.05604E+00 8.43931E+00 2.37706E+02
9.45296E+00 1.00619E+01 1.02489E+01 1.05291E+01 1.05294E+01 1.05376E+01 1.05575E+01 1.02489E+01 1.00619E+01 9.45296E+00 2.60104E+02
1.05286E+01 1.11297E+01 1.13145E+01 1.15913E+01 1.15916E+01 1.16005E+01 1.16209E+01 1.13145E+01 1.11297E+01 1.05286E+01 2.83187E+02
0.00000E+00 0.00000E+00 2.33118E-01 5.82795E-01 5.82795E-01 5.83432E-01 5.94612E-01 2.33118E-01 0.00000E+00 0.00000E+00 1.05065E-01
0.00000E+00 4.96151E-02 2.79717E-01 6.24851E-01 6.24860E-01 6.25712E-01 6.37293E-01 2.79717E-01 4.96151E-02 0.00000E+00 1.63650E+00
0.00000E+00 1.17966E-01 3.45187E-01 6.85983E-01 6.86002E-01 6.87078E-01 6.99055E-01 3.45187E-01 1.17966E-01 0.00000E+00 3.64248E+00
0.00000E+00 2.03307E-01 4.27754E-01 7.64369E-01 7.64399E-01 7.65708E-01 7.78081E-01 4.27754E-01 2.03307E-01 0.00000E+00 6.19062E+00
0.00000E+00 3.06945E-01 5.28709E-01 8.61282E-01 8.61322E-01 8.62875E-01 8.75642E-01 5.28709E-01 3.06945E-01 0.00000E+00 9.32466E+00
0.00000E+00 4.31187E-01 6.50353E-01 9.79010E-01 9.79061E-01 9.80869E-01 9.94031E-01 6.50353E-01 4.31187E-01 0.00000E+00 1.31159E+01
0.00000E+00 5.77297E-01 7.93936E-01 1.11879E+00 1.11885E+00 1.12092E+00 1.13448E+00 7.93936E-01 5.77297E-01 0.00000E+00 1.75957E+01
0.00000E+00 7.04955E-01 9.19681E-01 1.24165E+00 1.24172E+00 1.24400E+00 1.25787E+00 9.19681E-01 7.04955E-01 0.00000E+00 2.15146E+01
3.90657E-02 7.42191E-01 9.56369E-01 1.27751E+00 1.27758E+00 1.27993E+00 1.29389E+00 9.56369E-01 7.42191E-01 3.90657E-02 2.27371E+01
2.53790E-01 9.48278E-01 1.15988E+00 1.47713E+00 1.47721E+00 1.47988E+00 1.49426E+00 1.15988E+00 9.48278E-01 2.53790E-01 2.87874E+01
5.03505E-01 1.18946E+00 1.39852E+00 1.71194E+00 1.71204E+00 1.71503E+00 1.72985E+00 1.39852E+00 1.18946E+00 5.03505E-01 3.56769E+01
7.86558E-01 1.46406E+00 1.67062E+00 1.98026E+00 1.98038E+00 1.98372E+00 1.99898E+00 1.67062E+00 1.46406E+00 7.86558E-01 4.34816E+01
1.10519E+00 1.77433E+00 1.97841E+00 2.28434E+00 2.28446E+00 2.28817E+00 2.30388E+00 1.97841E+00 1.77433E+00 1.10519E+00 5.22326E+01
1.46236E+00 2.12321E+00 2.32486E+00 2.62711E+00 2.62725E+00 2.63134E+00 2.64751E+00 2.32486E+00 2.12321E+00 1.46236E+00 6.19662E+01
1.86023E+00 2.51285E+00 2.71210E+00 3.01072E+00 3.01088E+00 3.01537E+00 3.03201E+00 2.71210E+00 2.51285E+00 1.86023E+00 7.26894E+01
2.30052E+00 2.94500E+00 3.14187E+00 3.43691E+00 3.43708E+00 3.44200E+00 3.45910E+00 3.14187E+00 2.94500E+00 2.30052E+00 8.43940E+01
2.78521E+00 3.42160E+00 3.61613E+00 3.90763E+00 3.90782E+00 3.91318E+00 3.93077E+00 3.61613E+00 3.42160E+00 2.78521E+00 9.70716E+01
3.31606E+00 3.94444E+00 4.13665E+00 4.42465E+00 4.42486E+00 4.43068E+00 4.44876E+00 4.13665E+00 3.94444E+00 3.31606E+00 1.10704E+02
3.89463E+00 4.51506E+00 4.70497E+00 4.98952E+00 4.98974E+00 4.99605E+00 5.01463E+00 4.70497E+00 4.51506E+00 3.89463E+00 1.25262E+02
4.52219E+00 5.13472E+00 5.32237E+00 5.60350E+00 5.60374E+00 5.61056E+00 5.62965E+00 5.32237E+00 5.13472E+00 4.52219E+00 1.40709E+02
5.19973E+00 5.80444E+00 5.98985E+00 6.26761E+00 6.26787E+00 6.27522E+00 6.29482E+00 5.98985E+00 5.80444E+00 5.19973E+00 1.56995E+02
5.92794E+00 6.52489E+00 6.70809E+00 6.98251E+00 6.98278E+00 6.99069E+00 7.01081E+00 6.70809E+00 6.52489E+00 5.92794E+00 1.74064E+02
6.70719E+00 7.29643E+00 7.47744E+00 7.74856E+00 7.74885E+00 7.75734E+00 7.77800E+00 7.47744E+00 7.29643E+00 6.70719E+00 1.91852E+02
7.53744E+00 8.11905E+00 8.29790E+00 8.56575E+00 8.56606E+00 8.57515E+00 8.59635E+00 8.29790E+00 8.11905E+00 7.53744E+00 2.10286E+02
8.41925E+00 8.99328E+00 9.16999E+00 9.43461E+00 9.43495E+00 9.44466E+00 9.46642E+00 9.16999E+00 8.99328E+00 8.41925E+00 2.29296E+02
9.35129E+00 9.91780E+00 1.00924E+01 1.03538E+01 1.03542E+01 1.03646E+01 1.03869E+01 1.00924E+01 9.91780E+00 9.35129E+00 2.48787E+02
0.00000E+00 0.00000E+00 2.19850E-01 5.49626E-01 5.49626E-01 5.50452E-01 5.62880E-01 2.19850E-01 0.00000E+00 0.00000E+00 1.23406E-01
0.00000E+00 4.87191E-02 2.65727E-01 5.91218E-01 5.91229E-01 5.92315E-01 6.05178E-01 2.65727E-01 4.87191E-02 0.00000E+00 1.62764E+00
0.00000E+00 1.14748E-01 3.29042E-01 6.50440E-01 6.50464E-01 6.51819E-01 6.65114E-01 3.29042E-01 1.14748E-01 0.00000E+00 3.56542E+00
0.00000E+00 1.96233E-01 4.07912E-01 7.25367E-01 7.25403E-01 7.27040E-01 7.40762E-01 4.07912E-01 1.96233E-01 0.00000E+00 5.99682E+00
0.00000E+00 2.94318E-01 5.03468E-01 8.17110E-01 8.17158E-01 8.19087E-01 8.33237E-01 5.03468E-01 2.94318E-01 0.00000E+00 8.95756E+00
0.00000E+00 4.11025E-01 6.17726E-01 9.27673E-01 9.27734E-01 9.29968E-01 9.44544E-01 6.17726E-01 4.11025E-01 0.00000E+00 1.25073E+01
0.00000E+00 5.47404E-01 7.51725E-01 1.05808E+00 1.05815E+00 1.06071E+00 1.07571E+00 7.51725E-01 5.47404E-01 0.00000E+00 1.66688E+01
0.00000E+00 6.66016E-01 8.68533E-01 1.17217E+00 1.17225E+00 1.17506E+00 1.19039E+00 8.68533E-01 6.66016E-01 0.00000E+00 2.02883E+01
3.62405E-02 7.00474E-01 9.02474E-01 1.20533E+00 1.20542E+00 1.20830E+00 1.22373E+00 9.02474E-01 7.00474E-01 3.62405E-02 2.14118E+01
2.34930E-01 8.90755E-01 1.09032E+00 1.38951E+00 1.38961E+00 1.39286E+00 1.40875E+00 1.09032E+00 8.90755E-01 2.34930E-01 2.69525E+01
4.64797E-01 1.11232E+00 1.30950E+00 1.60507E+00 1.60519E+00 1.60883E+00 1.62519E+00 1.30950E+00 1.11232E+00 4.64797E-01 3.32198E+01
7.24033E-01 1.36335E+00 1.55817E+00 1.85018E+00 1.85031E+00 1.85436E+00 1.87120E+00 1.55817E+00 1.36335E+00 7.24033E-01 4.02746E+01
1.01442E+00 1.64562E+00 1.83811E+00 2.12661E+00 2.12676E+00 2.13124E+00 2.14856E+00 1.83811E+00 1.64562E+00 1.01442E+00 4.81363E+01
1.33834E+00 1.96151E+00 2.15170E+00 2.43674E+00 2.43690E+00 2.44183E+00 2.45965E+00 2.15170E+00 1.96151E+00 1.33834E+00 5.68276E+01
1.69744E+00 2.31265E+00 2.50058E+00 2.78220E+00 2.78238E+00 2.78778E+00 2.80609E+00 2.50058E+00 2.31265E+00 1.69744E+00 6.63458E+01
2.09299E+00 2.70032E+00 2.88601E+00 3.16425E+00 3.16445E+00 3.17035E+00 3.18917E+00 2.88601E+00 2.70032E+00 2.09299E+00 7.66750E+01
2.52643E+00 3.12595E+00 3.30943E+00 3.58433E+00 3.58455E+00 3.59096E+00 3.61030E+00 3.30943E+00 3.12595E+00 2.52643E+00 8.77991E+01
2.99899E+00 3.59078E+00 3.77207E+00 4.04368E+00 4.04392E+00 4.05087E+00 4.07073E+00 3.77207E+00 3.59078E+00 2.99899E+00 9.96932E+01
3.51172E+00 4.09583E+00 4.27497E+00 4.54332E+00 4.54357E+00 4.55109E+00 4.57148E+00 4.27497E+00 4.09583E+00 3.51172E+00 1.12324E+02
4.06537E+00 4.64189E+00 4.81889E+00 5.08402E+00 5.08430E+00 5.09240E+00 5.11334E+00 4.81889E+00 4.64189E+00 4.06537E+00 1.25650E+02
4.66049E+00 5.22947E+00 5.40436E+00 5.66631E+00 5.66660E+00 5.67532E+00 5.69681E+00 5.40436E+00 5.22947E+00 4.66049E+00 1.39623E+02
5.29729E+00 5.85880E+00 6.03161E+00 6.29041E+00 6.29073E+00 6.30008E+00 6.32213E+00 6.03161E+00 5.85880E+00 5.29729E+00 1.54186E+02
5.97573E+00 6.52983E+00 6.70059E+00 6.95627E+00 6.95661E+00 6.96663E+00 6.98924E+00 6.70059E+00 6.52983E+00 5.97573E+00 1.69277E+02
6.69543E+00 7.24219E+00 7.41091E+00 7.66352E+00 7.66388E+00 7.67459E+00 7.69778E+00 7.41091E+00 7.24219E+00 6.69543E+00 1.84829E+02
7.45642E+00 7.99591E+00 8.16261E+00 8.41219E+00 8.41257E+00 8.42400E+00 8.44778E+00 8.16261E+00 7.99591E+00 7.45642E+00 2.00774E+02
8.25724E+00 8.78952E+00 8.95423E+00 9.20080E+00 9.20121E+00 9.21338E+00 9.23776E+00 8.95423E+00 8.78952E+00 8.25724E+00 2.17029E+02
0.00000E+00 0.00000E+00 2.07262E-01 5.18155E-01 5.18155E-01 5.19224E-01 5.33026E-01 2.07262E-01 0.00000E+00 0.00000E+00 1.44880E-01
0.00000E+00 4.73763E-02 2.51958E-01 5.58805E-01 5.58819E-01 5.60202E-01 5.74476E-01 2.51958E-01 4.73763E-02 0.00000E+00 1.61193E+00
0.00000E+00 1.10769E-01 3.12791E-01 6.15774E-01 6.15803E-01 6.17511E-01 6.32252E-01 3.12791E-01 1.10769E-01 0.00000E+00 3.47523E+00
0.00000E+00 1.88246E-01 3.87803E-01 6.87064E-01 6.87108E-01 6.89153E-01 7.04357E-01 3.87803E-01 1.88246E-01 0.00000E+00 5.78760E+00
0.00000E+00 2.80793E-01 4.77965E-01 7.73628E-01 7.73686E-01 7.76081E-01 7.91745E-01 4.77965E-01 2.80793E-01 0.00000E+00 8.57731E+00
0.00000E+00 3.90158E-01 5.85022E-01 8.77198E-01 8.77271E-01 8.80029E-01 8.96153E-01 5.85022E-01 3.90158E-01 0.00000E+00 1.18932E+01
0.00000E+00 5.17191E-01 7.09811E-01 9.98598E-01 9.98687E-01 1.00182E+00 1.01841E+00 7.09811E-01 5.17191E-01 0.00000E+00 1.57507E+01
0.00000E+00 6.27181E-01 8.18101E-01 1.10432E+00 1.10442E+00 1.10786E+00 1.12480E+00 8.18101E-01 6.27181E-01 0.00000E+00 1.90861E+01
3.35418E-02 6.59008E-01 8.49441E-01 1.13493E+00 1.13503E+00 1.13856E+00 1.15560E+00 8.49441E-01 6.59008E-01 3.35418E-02 2.01162E+01
2.16973E-01 8.34351E-01 1.02249E+00 1.30451E+00 1.30464E+00 1.30860E+00 1.32614E+00 1.02249E+00 8.34351E-01 2.16973E-01 2.51780E+01
4.28085E-01 1.03749E+00 1.22337E+00 1.50199E+00 1.50213E+00 1.50655E+00 1.52459E+00 1.22337E+00 1.03749E+00 4.28085E-01 3.08639E+01
6.64943E-01 1.26646E+00 1.45013E+00 1.72539E+00 1.72554E+00 1.73045E+00 1.74900E+00 1.45013E+00 1.26646E+00 6.64943E-01 3.72218E+01
9.28923E-01 1.52265E+00 1.70412E+00 1.97607E+00 1.97624E+00 1.98165E+00 2.00073E+00 1.70412E+00 1.52265E+00 9.28923E-01 4.42612E+01
1.22191E+00 1.80793E+00 1.98724E+00 2.25592E+00 2.25611E+00 2.26205E+00 2.28165E+00 1.98724E+00 1.80793E+00 1.22191E+00 5.19934E+01
1.54510E+00 2.12349E+00 2.30067E+00 2.56612E+00 2.56634E+00 2.57282E+00 2.59296E+00 2.30067E+00 2.12349E+00 1.54510E+00 6.04078E+01
1.89937E+00 2.47021E+00 2.64528E+00 2.90755E+00 2.90778E+00 2.91484E+00 2.93552E+00 2.64528E+00 2.47021E+00 1.89937E+00 6.94829E+01
2.28570E+00 2.84906E+00 3.02205E+00 3.28118E+00 3.28144E+00 3.28910E+00 3.31032E+00 3.02205E+00 2.84906E+00 2.28570E+00 7.91967E+01
2.70491E+00 3.26087E+00 3.43180E+00 3.68782E+00 3.68810E+00 3.69638E+00 3.71817E+00 3.43180E+00 3.26087E+00 2.70491E+00 8.95200E+01
3.15759E+00 3.70621E+00 3.87511E+00 4.12807E+00 4.12836E+00 4.13730E+00 4.15965E+00 3.87511E+00 3.70621E+00 3.15759E+00 1.00417E+02
3.64413E+00 4.18548E+00 4.35237E+00 4.60229E+00 4.60261E+00 4.61223E+00 4.63516E+00 4.35237E+00 4.18548E+00 3.64413E+00 1.11845E+02
4.16465E+00 4.69880E+00 4.86371E+00 5.11064E+00 5.11098E+00 5.12130E+00 5.14481E+00 4.86371E+00 4.69880E+00 4.16465E+00 1.23755E+02
4.71906E+00 5.24607E+00 5.40902E+00 5.65298E+00 5.65335E+00 5.66441E+00 5.68851E+00 5.40902E+00 5.24607E+00 4.71906E+00 1.36094E+02
5.30699E+00 5.82692E+00 5.98794E+00 6.22897E+00 6.22936E+00 6.24118E+00 6.26589E+00 5.98794E+00 5.82692E+00 5.30699E+00 1.48803E+02
5.92781E+00 6.44072E+00 6.59982E+00 6.83796E+00 6.83838E+00 6.85099E+00 6.87632E+00 6.59982E+00 6.44072E+00 5.92781E+00 1.61820E+02
6.58118E+00 7.08713E+00 7.24434E+00 7.47963E+00 7.48007E+00 7.49350E+00 7.51945E+00 7.24434E+00 7.08713E+00 6.58118E+00 1.75083E+02
7.26555E+00 7.76461E+00 7.91996E+00 8.15241E+00 8.15288E+00 8.16717E+00 8.19374E+00 7.91996E+00 7.76461E+00 7.26555E+00 1.88520E+02
0.00000E+00 0.00000E+00 1.95474E-01 4.88685E-01 4.88685E-01 4.90068E-01 5.05372E-01 1.95474E-01 0.00000E+00 0.00000E+00 1.69944E-01
0.00000E+00 4.57536E-02 2.38702E-01 5.28095E-01 5.28113E-01 5.29874E-01 5.45688E-01 2.38702E-01 4.57536E-02 0.00000E+00 1.59389E+00
0.00000E+00 1.06378E-01 2.96915E-01 5.82663E-01 5.82698E-01 5.84850E-01 6.01166E-01 2.96915E-01 1.06378E-01 0.00000E+00 3.38089E+00
0.00000E+00 1.79883E-01 3.68096E-01 6.50332E-01 6.50384E-01 6.52940E-01 6.69755E-01 3.68096E-01 1.79883E-01 0.00000E+00 5.57658E+00
0.00000E+00 2.67089E-01 4.53056E-01 7.31895E-01 7.31965E-01 7.34938E-01 7.52248E-01 4.53056E-01 2.67089E-01 0.00000E+00 8.20235E+00
0.00000E+00 3.69489E-01 5.53280E-01 8.28830E-01 8.28917E-01 8.32323E-01 8.50126E-01 5.53280E-01 3.69489E-01 0.00000E+00 1.12973E+01
0.00000E+00 4.87744E-01 6.69420E-01 9.41774E-01 9.41878E-01 9.45730E-01 9.64026E-01 6.69420E-01 4.87744E-01 0.00000E+00 1.48700E+01
0.00000E+00 5.89682E-01 7.69757E-01 1.03969E+00 1.03981E+00 1.04402E+00 1.06269E+00 7.69757E-01 5.89682E-01 0.00000E+00 1.79411E+01
3.10167E-02 6.19064E-01 7.98681E-01 1.06792E+00 1.06804E+00 1.07236E+00 1.09114E+00 7.98681E-01 6.19064E-01 3.10167E-02 1.88846E+01
2.00217E-01 7.80555E-01 9.58012E-01 1.22398E+00 1.22413E+00 1.22896E+00 1.24828E+00 9.58012E-01 7.80555E-01 2.00217E-01 2.35044E+01
3.93943E-01 9.66678E-01 1.14201E+00 1.40477E+00 1.40493E+00 1.41030E+00 1.43016E+00 1.14201E+00 9.66678E-01 3.93943E-01 2.86570E+01
6.10171E-01 1.17539E+00 1.34863E+00 1.60823E+00 1.60841E+00 1.61435E+00 1.63475E+00 1.34863E+00 1.17539E+00 6.10171E-01 3.43794E+01
8.49932E-01 1.40773E+00 1.57890E+00 1.83538E+00 1.83558E+00 1.84211E+00 1.86306E+00 1.57890E+00 1.40773E+00 8.49932E-01 4.06730E+01
1.11468E+00 1.66513E+00 1.83427E+00 2.08766E+00 2.08788E+00 2.09503E+00 2.11654E+00 1.83427E+00 1.66513E+00 1.11468E+00 4.75403E+01
1.40525E+00 1.94843E+00 2.11556E+00 2.36592E+00 2.36616E+00 2.37395E+00 2.39603E+00 2.11556E+00 1.94843E+00 1.40525E+00 5.49651E+01
1.72218E+00 2.25817E+00 2.42332E+00 2.67068E+00 2.67095E+00 2.67940E+00 2.70206E+00 2.42332E+00 2.25817E+00 1.72218E+00 6.29222E+01
2.06612E+00 2.59499E+00 2.75818E+00 3.00257E+00 3.00286E+00 3.01201E+00 3.03525E+00 2.75818E+00 2.59499E+00 2.06612E+00 7.13861E+01
2.43752E+00 2.95933E+00 3.12059E+00 3.36206E+00 3.36237E+00 3.37224E+00 3.39608E+00 3.12059E+00 2.95933E+00 2.43752E+00 8.03252E+01
2.83666E+00 3.35147E+00 3.51082E+00 3.74940E+00 3.74974E+00 3.76036E+00 3.78480E+00 3.51082E+00 3.35147E+00 2.83666E+00 8.97027E+01
3.26360E+00 3.77148E+00 3.92894E+00 4.16467E+00 4.16503E+00 4.17644E+00 4.20149E+00 3.92894E+00 3.77148E+00 3.26360E+00 9.94766E+01
3.71820E+00 4.21922E+00 4.37481E+00 4.60772E+00 4.60811E+00 4.62033E+00 4.64600E+00 4.37481E+00 4.21922E+00 3.71820E+00 1.09600E+02
4.20011E+00 4.69433E+00 4.84808E+00 5.07820E+00 5.07861E+00 5.09168E+00 5.11797E+00 4.84808E+00 4.69433E+00 4.20011E+00 1.20024E+02
4.70876E+00 5.19623E+00 5.34817E+00 5.57553E+00 5.57598E+00 5.58991E+00 5.61685E+00 5.34817E+00 5.19623E+00 4.70876E+00 1.30694E+02
5.24335E+00 5.72414E+00 5.87428E+00 6.09892E+00 6.09939E+00 6.11423E+00 6.14181E+00 5.87428E+00 5.72414E+00 5.24335E+00 1.41554E+02
5.80330E+00 6.27746E+00 6.42582E+00 6.64777E+00 6.64827E+00 6.66404E+00 6.69229E+00 6.42582E+00 6.27746E+00 5.80330E+00 1.52549E+02
6.38705E+00 6.85464E+00 7.00124E+00 7.22054E+00 7.22107E+00 7.23781E+00 7.26672E+00 7.00124E+00 6.85464E+00 6.38705E+00 1.63615E+02
0.00000E+00 0.00000E+00 1.84315E-01 4.60787E-01 4.60787E-01 4.62574E-01 4.79521E-01 1.84315E-01 0.00000E+00 0.00000E+00 1.99209E-01
0.00000E+00 4.40715E-02 2.25998E-01 4.98855E-01 4.98875E-01 5.01118E-01 5.18613E-01 2.25998E-01 4.40715E-02 0.00000E+00 1.57927E+00
0.00000E+00 1.01963E-01 2.81609E-01 5.51015E-01 5.51056E-01 5.53768E-01 5.71802E-01 2.81609E-01 1.01963E-01 0.00000E+00 3.29138E+00
0.00000E+00 1.71621E-01 3.49073E-01 6.15155E-01 6.15216E-01 6.18411E-01 6.36979E-01 3.49073E-01 1.71621E-01 0.00000E+00 5.37413E+00
0.00000E+00 2.53705E-01 4.29035E-01 6.91906E-01 6.91986E-01 6.95678E-01 7.14777E-01 4.29035E-01 2.53705E-01 0.00000E+00 7.84235E+00
0.00000E+00 3.49463E-01 5.22739E-01 7.82501E-01 7.82601E-01 7.86806E-01 8.06432E-01 5.22739E-01 3.49463E-01 0.00000E+00 1.07261E+01
0.00000E+00 4.59381E-01 6.30662E-01 8.87403E-01 8.87523E-01 8.92257E-01 9.12409E-01 6.30662E-01 4.59381E-01 0.00000E+00 1.40279E+01
0.00000E+00 5.53695E-01 7.23466E-01 9.77920E-01 9.78055E-01 9.83209E-01 1.00377E+00 7.23466E-01 5.53695E-01 0.00000E+00 1.68485E+01
2.86287E-02 5.80767E-01 7.50105E-01 1.00390E+00 1.00404E+00 1.00932E+00 1.03000E+00 7.50105E-01 5.80767E-01 2.86287E-02 1.77104E+01
1.84395E-01 7.29192E-01 8.96494E-01 1.14721E+00 1.14737E+00 1.15326E+00 1.17451E+00 8.96494E-01 7.29192E-01 1.84395E-01 2.19137E+01
3.61768E-01 8.99326E-01 1.06463E+00 1.31231E+00 1.31250E+00 1.31902E+00 1.34084E+00 1.06463E+00 8.99326E-01 3.61768E-01 2.65663E+01
5.58667E-01 1.08907E+00 1.25240E+00 1.49710E+00 1.49731E+00 1.50449E+00 1.52689E+00 1.25240E+00 1.08907E+00 5.58667E-01 3.16960E+01
7.75822E-01 1.29916E+00 1.46054E+00 1.70230E+00 1.70253E+00 1.71040E+00 1.73338E+00 1.46054E+00 1.29916E+00 7.75822E-01 3.72977E+01
1.01432E+00 1.53065E+00 1.69012E+00 1.92898E+00 1.92923E+00 1.93782E+00 1.96140E+00 1.69012E+00 1.53065E+00 1.01432E+00 4.33671E+01
1.27469E+00 1.78410E+00 1.94168E+00 2.17768E+00 2.17796E+00 2.18729E+00 2.21147E+00 1.94168E+00 1.78410E+00 1.27469E+00 4.98838E+01
1.55721E+00 2.05978E+00 2.21549E+00 2.44867E+00 2.44897E+00 2.45908E+00 2.48387E+00 2.21549E+00 2.05978E+00 1.55721E+00 5.68206E+01
1.86223E+00 2.35801E+00 2.51189E+00 2.74227E+00 2.74260E+00 2.75351E+00 2.77892E+00 2.51189E+00 2.35801E+00 1.86223E+00 6.41499E+01
2.18993E+00 2.67898E+00 2.83104E+00 3.05868E+00 3.05903E+00 3.07078E+00 3.09682E+00 2.83104E+00 2.67898E+00 2.18993E+00 7.18395E+01
2.54032E+00 3.02271E+00 3.17298E+00 3.39789E+00 3.39827E+00 3.41089E+00 3.43756E+00 3.17298E+00 3.02271E+00 2.54032E+00 7.98529E+01
2.91323E+00 3.38902E+00 3.53751E+00 3.75975E+00 3.76015E+00 3.77367E+00 3.80099E+00 3.53751E+00 3.38902E+00 2.91323E+00 8.81500E+01
3.30832E+00 3.77757E+00 3.92431E+00 4.14390E+00 4.14433E+00 4.15878E+00 4.18675E+00 3.92431E+00 3.77757E+00 3.30832E+00 9.66874E+01
3.72506E+00 4.18783E+00 4.33284E+00 4.54981E+00 4.55027E+00 4.56568E+00 4.59432E+00 4.33284E+00 4.18783E+00 3.72506E+00 1.05419E+02
4.16274E+00 4.61908E+00 4.76239E+00 4.97676E+00 4.97726E+00 4.99367E+00 5.02297E+00 4.76239E+00 4.61908E+00 4.16274E+00 1.14297E+02
4.62045E+00 5.07042E+00 5.21204E+00 5.42386E+00 5.42439E+00 5.44183E+00 5.47182E+00 5.21204E+00 5.07042E+00 4.62045E+00 1.23273E+02
5.09745E+00 5.54110E+00 5.68106E+00 5.89036E+00 5.89092E+00 5.90941E+00 5.94010E+00 5.68106E+00 5.54110E+00 5.09745E+00 1.32295E+02
5.59223E+00 6.02963E+00 6.16794E+00 6.37474E+00 6.37534E+00 6.39493E+00 6.42632E+00 6.16794E+00 6.02963E+00 5.59223E+00 1.41311E+02
0.00000E+00 0.00000E+00 1.73628E-01 4.34070E-01 4.34070E-01 4.36377E-01 4.55120E-01 1.73628E-01 0.00000E+00 0.00000E+00 2.33402E-01
0.00000E+00 4.24508E-02 2.13822E-01 4.70843E-01 4.70867E-01 4.73722E-01 4.93052E-01 2.13822E-01 4.24508E-02 0.00000E+00 1.57145E+00
0.00000E+00 9.77150E-02 2.66935E-01 5.20693E-01 5.20739E-01 5.24156E-01 5.44062E-01 2.66935E-01 9.77150E-02 0.00000E+00 3.21133E+00
0.00000E+00 1.63678E-01 3.30828E-01 5.81446E-01 5.81515E-01 5.85507E-01 6.05983E-01 3.30828E-01 1.63678E-01 0.00000E+00 5.18494E+00
0.00000E+00 2.40845E-01 4.05994E-01 6.53581E-01 6.53671E-01 6.58255E-01 6.79295E-01 4.05994E-01 2.40845E-01 0.00000E+00 7.50103E+00
0.00000E+00 3.30235E-01 4.93450E-01 7.38104E-01 7.38216E-01 7.43408E-01 7.65009E-01 4.93450E-01 3.30235E-01 0.00000E+00 1.01814E+01
0.00000E+00 4.32179E-01 5.93515E-01 8.35321E-01 8.35455E-01 8.41272E-01 8.63433E-01 5.93515E-01 4.32179E-01 0.00000E+00 1.32235E+01
0.00000E+00 5.19216E-01 6.79131E-01 9.18783E-01 9.18933E-01 9.25245E-01 9.47838E-01 6.79131E-01 5.19216E-01 0.00000E+00 1.58047E+01
2.63549E-02 5.44088E-01 7.03597E-01 9.42632E-01 9.42787E-01 9.49247E-01 9.71966E-01 7.03597E-01 5.44088E-01 2.63549E-02 1.65887E+01
1.69351E-01 6.80093E-01 8.37687E-01 1.07382E+00 1.07400E+00 1.08117E+00 1.10449E+00 8.37687E-01 6.80093E-01 1.69351E-01 2.03963E+01
3.31236E-01 8.35082E-01 9.90796E-01 1.22408E+00 1.22428E+00 1.23220E+00 1.25612E+00 9.90796E-01 8.35082E-01 3.31236E-01 2.45766E+01
5.09900E-01 1.00693E+00 1.16079E+00 1.39127E+00 1.39149E+00 1.40019E+00 1.42473E+00 1.16079E+00 1.00693E+00 5.09900E-01 2.91493E+01
7.05821E-01 1.19612E+00 1.34815E+00 1.57586E+00 1.57611E+00 1.58561E+00 1.61077E+00 1.34815E+00 1.19612E+00 7.05821E-01 3.41049E+01
9.19763E-01 1.40340E+00 1.55364E+00 1.77862E+00 1.77890E+00 1.78922E+00 1.81501E+00 1.55364E+00 1.40340E+00 9.19763E-01 3.94333E+01
1.15202E+00 1.62906E+00 1.77753E+00 1.99982E+00 2.00013E+00 2.01132E+00 2.03774E+00 1.77753E+00 1.62906E+00 1.15202E+00 4.51118E+01
1.40265E+00 1.87316E+00 2.01988E+00 2.23952E+00 2.23986E+00 2.25194E+00 2.27901E+00 2.01988E+00 1.87316E+00 1.40265E+00 5.11123E+01
1.67176E+00 2.13580E+00 2.28080E+00 2.49783E+00 2.49819E+00 2.51121E+00 2.53893E+00 2.28080E+00 2.13580E+00 1.67176E+00 5.74064E+01
1.95931E+00 2.41695E+00 2.56024E+00 2.77469E+00 2.77508E+00 2.78906E+00 2.81744E+00 2.56024E+00 2.41695E+00 1.95931E+00 6.39623E+01
2.26512E+00 2.71641E+00 2.85802E+00 3.06993E+00 3.07035E+00 3.08532E+00 3.11437E+00 2.85802E+00 2.71641E+00 2.26512E+00 7.07452E+01
2.58885E+00 3.03384E+00 3.17380E+00 3.38319E+00 3.38365E+00 3.39965E+00 3.42938E+00 3.17380E+00 3.03384E+00 2.58885E+00 7.77175E+01
2.93000E+00 3.36876E+00 3.50708E+00 3.71399E+00 3.71448E+00 3.73154E+00 3.76196E+00 3.50708E+00 3.36876E+00 2.93000E+00 8.48397E+01
3.28793E+00 3.72052E+00 3.85722E+00 4.06167E+00 4.06219E+00 4.08036E+00 4.11148E+00 3.85722E+00 3.72052E+00 3.28793E+00 9.20705E+01
3.66185E+00 4.08831E+00 4.22341E+00 4.42544E+00 4.42600E+00 4.44530E+00 4.47713E+00 4.22341E+00 4.08831E+00 3.66185E+00 9.93680E+01
4.05080E+00 4.47118E+00 4.60472E+00 4.80435E+00 4.80495E+00 4.82541E+00 4.85796E+00 4.60472E+00 4.47118E+00 4.05080E+00 1.06689E+02
4.45394E+00 4.86830E+00 5.00028E+00 5.19755E+00 5.19818E+00 5.21985E+00 5.25313E+00 5.00028E+00 4.86830E+00 4.45394E+00 1.13991E+02
4.86985E+00 5.27824E+00 5.40868E+00 5.60362E+00 5.60430E+00 5.62720E+00 5.66122E+00 5.40868E+00 5.27824E+00 4.86985E+00 1.21230E+02
0.00000E+00 0.00000E+00 1.63359E-01 4.08396E-01 4.08396E-01 4.11373E-01 4.32065E-01 1.63359E-01 0.00000E+00 0.00000E+00 2.73218E-01
0.00000E+00 4.09965E-02 2.02245E-01 4.44079E-01 4.44104E-01 4.47737E-01 4.69053E-01 2.02245E-01 4.09965E-02 0.00000E+00 1.57334E+00
0.00000E+00 9.38031E-02 2.53041E-01 4.91820E-01 4.91869E-01 4.96172E-01 5.18100E-01 2.53041E-01 9.38031E-02 0.00000E+00 3.14472E+00
0.00000E+00 1.56252E-01 3.13556E-01 5.49397E-01 5.49470E-01 5.54458E-01 5.76989E-01 3.13556E-01 1.56252E-01 0.00000E+00 5.01334E+00
0.00000E+00 2.28716E-01 3.84153E-01 6.17157E-01 6.17255E-01 6.22943E-01 6.46072E-01 3.84153E-01 2.28716E-01 0.00000E+00 7.18276E+00
0.00000E+00 3.12015E-01 4.65646E-01 6.95909E-01 6.96029E-01 7.02436E-01 7.26158E-01 4.65646E-01 3.12015E-01 0.00000E+00 9.66762E+00
0.00000E+00 4.06347E-01 5.58226E-01 7.85827E-01 7.85971E-01 7.93114E-01 8.17426E-01 5.58226E-01 4.06347E-01 0.00000E+00 1.24611E+01
0.00000E+00 4.86459E-01 6.37011E-01 8.62599E-01 8.62763E-01 8.70488E-01 8.95255E-01 6.37011E-01 4.86459E-01 0.00000E+00 1.48144E+01
2.41961E-02 5.09244E-01 6.59417E-01 8.84429E-01 8.84598E-01 8.92496E-01 9.17396E-01 6.59417E-01 5.09244E-01 2.41961E-02 1.55246E+01
1.55097E-01 6.33488E-01 7.81876E-01 1.00418E+00 1.00437E+00 1.01311E+00 1.03864E+00 7.81876E-01 6.33488E-01 1.55097E-01 1.89584E+01
3.02383E-01 7.74210E-01 9.20844E-01 1.14048E+00 1.14070E+00 1.15031E+00 1.17648E+00 9.20844E-01 7.74210E-01 3.02383E-01 2.26955E+01
4.63948E-01 9.29286E-01 1.07420E+00 1.29121E+00 1.29146E+00 1.30196E+00 1.32878E+00 1.07420E+00 9.29286E-01 4.63948E-01 2.67493E+01
6.40062E-01 1.09898E+00 1.24219E+00 1.45663E+00 1.45691E+00 1.46834E+00 1.49581E+00 1.24219E+00 1.09898E+00 6.40062E-01 3.11069E+01
8.31228E-01 1.28380E+00 1.42534E+00 1.63723E+00 1.63754E+00 1.64994E+00 1.67807E+00 1.42534E+00 1.28380E+00 8.31228E-01 3.57544E+01
1.03754E+00 1.48383E+00 1.62372E+00 1.83311E+00 1.83344E+00 1.84684E+00 1.87564E+00 1.62372E+00 1.48383E+00 1.03754E+00 4.06677E+01
1.25889E+00 1.69897E+00 1.83722E+00 2.04414E+00 2.04451E+00 2.05894E+00 2.08841E+00 1.83722E+00 1.69897E+00 1.25889E+00 4.58191E+01
1.49521E+00 1.92912E+00 2.06578E+00 2.27025E+00 2.27066E+00 2.28616E+00 2.31631E+00 2.06578E+00 1.92912E+00 1.49521E+00 5.11805E+01
1.74630E+00 2.17411E+00 2.30917E+00 2.51125E+00 2.51168E+00 2.52828E+00 2.55914E+00 2.30917E+00 2.17411E+00 1.74630E+00 5.67214E+01
2.01183E+00 2.43358E+00 2.56709E+00 2.76678E+00 2.76726E+00 2.78500E+00 2.81655E+00 2.56709E+00 2.43358E+00 2.01183E+00 6.24092E+01
2.29133E+00 2.70710E+00 2.83906E+00 3.03641E+00 3.03692E+00 3.05583E+00 3.08810E+00 2.83906E+00 2.70710E+00 2.29133E+00 6.82098E+01
2.58424E+00 2.99406E+00 3.12450E+00 3.31953E+00 3.32008E+00 3.34020E+00 3.37320E+00 3.12450E+00 2.99406E+00 2.58424E+00 7.40878E+01
2.88983E+00 3.29376E+00 3.42269E+00 3.61544E+00 3.61602E+00 3.63740E+00 3.67113E+00 3.42269E+00 3.29376E+00 2.88983E+00 8.00070E+01
3.20728E+00 3.60537E+00 3.73281E+00 3.92330E+00 3.92393E+00 3.94658E+00 3.98106E+00 3.73281E+00 3.60537E+00 3.20728E+00 8.59313E+01
3.53564E+00 3.92794E+00 4.05392E+00 4.24217E+00 4.24284E+00 4.26681E+00 4.30205E+00 4.05392E+00 3.92794E+00 3.53564E+00 9.18245E+01
3.87402E+00 4.26057E+00 4.38510E+00 4.57115E+00 4.57187E+00 4.59720E+00 4.63320E+00 4.38510E+00 4.26057E+00 3.87402E+00 9.76494E+01
4.22113E+00 4.60199E+00 4.72508E+00 4.90895E+00 4.90972E+00 4.93644E+00 4.97322E+00 4.72508E+00 4.60199E+00 4.22113E+00 1.03371E+02
0.00000E+00 0.00000E+00 1.54715E-01 3.86788E-01 3.86788E-01 3.90623E-01 4.13342E-01 1.54715E-01 0.00000E+00 0.00000E+00 3.18754E-01
0.00000E+00 3.98520E-02 1.92603E-01 4.21687E-01 4.21713E-01 4.26331E-01 4.49704E-01 1.92603E-01 3.98520E-02 0.00000E+00 1.58877E+00
0.00000E+00 9.06222E-02 2.41501E-01 4.67736E-01 4.67787E-01 4.73201E-01 4.97215E-01 2.41501E-01 9.06222E-02 0.00000E+00 3.10212E+00
0.00000E+00 1.50109E-01 2.99188E-01 5.22683E-01 5.22760E-01 5.28984E-01 5.53628E-01 2.99188E-01 1.50109E-01 0.00000E+00 4.88060E+00
0.00000E+00 2.18595E-01 3.65936E-01 5.86787E-01 5.86889E-01 5.93939E-01 6.19208E-01 3.65936E-01 2.18595E-01 0.00000E+00 6.92427E+00
0.00000E+00 2.96758E-01 4.42418E-01 6.60712E-01 6.60840E-01 6.68733E-01 6.94621E-01 4.42418E-01 2.96758E-01 0.00000E+00 9.24283E+00
0.00000E+00 3.84714E-01 5.28742E-01 7.44555E-01 7.44709E-01 7.53465E-01 7.79969E-01 5.28742E-01 3.84714E-01 0.00000E+00 1.18274E+01
0.00000E+00 4.59061E-01 6.01856E-01 8.15791E-01 8.15966E-01 8.25401E-01 8.52381E-01 6.01856E-01 4.59061E-01 0.00000E+00 1.39909E+01
2.24088E-02 4.80119E-01 6.22561E-01 8.35959E-01 8.36140E-01 8.45777E-01 8.72896E-01 6.22561E-01 4.80119E-01 2.24088E-02 1.46402E+01
1.43344E-01 5.94681E-01 7.35461E-01 9.46332E-01 9.46542E-01 9.57153E-01 9.84932E-01 7.35461E-01 5.94681E-01 1.43344E-01 1.77676E+01
2.78720E-01 7.23772E-01 8.62919E-01 1.07131E+00 1.07155E+00 1.08316E+00 1.11161E+00 8.62919E-01 7.23772E-01 2.78720E-01 2.11467E+01
4.26483E-01 8.65320E-01 1.00286E+00 1.20880E+00 1.20908E+00 1.22173E+00 1.25085E+00 1.00286E+00 8.65320E-01 4.26483E-01 2.47875E+01
5.86781E-01 1.01947E+00 1.15543E+00 1.35897E+00 1.35927E+00 1.37300E+00 1.40280E+00 1.15543E+00 1.01947E+00 5.86781E-01 2.86760E+01
7.59964E-01 1.18658E+00 1.32097E+00 1.52214E+00 1.52247E+00 1.53732E+00 1.56780E+00 1.32097E+00 1.18658E+00 7.59964E-01 3.27973E+01
9.46025E-01 1.36662E+00 1.49948E+00 1.69830E+00 1.69867E+00 1.71466E+00 1.74584E+00 1.49948E+00 1.36662E+00 9.46025E-01 3.71283E+01
1.14479E+00 1.55942E+00 1.69076E+00 1.88727E+00 1.88768E+00 1.90486E+00 1.93674E+00 1.69076E+00 1.55942E+00 1.14479E+00 4.16429E+01
1.35609E+00 1.76482E+00 1.89466E+00 2.08890E+00 2.08935E+00 2.10774E+00 2.14034E+00 1.89466E+00 1.76482E+00 1.35609E+00 4.63152E+01
1.57968E+00 1.98255E+00 2.11092E+00 2.30291E+00 2.30339E+00 2.32304E+00 2.35637E+00 2.11092E+00 1.98255E+00 1.57968E+00 5.11174E+01
1.81518E+00 2.21225E+00 2.33916E+00 2.52893E+00 2.52946E+00 2.55040E+00 2.58446E+00 2.33916E+00 2.21225E+00 1.81518E+00 5.60204E+01
2.06211E+00 2.45344E+00 2.57891E+00 2.76648E+00 2.76705E+00 2.78933E+00 2.82413E+00 2.57891E+00 2.45344E+00 2.06211E+00 6.09939E+01
2.31990E+00 2.70552E+00 2.82957E+00 3.01497E+00 3.01559E+00 3.03923E+00 3.07479E+00 2.82957E+00 2.70552E+00 2.31990E+00 6.60070E+01
2.58784E+00 2.96782E+00 3.09046E+00 3.27372E+00 3.27438E+00 3.29943E+00 3.33576E+00 3.09046E+00 2.96782E+00 2.58784E+00 7.10288E+01
2.86517E+00 3.23954E+00 3.36080E+00 3.54194E+00 3.54265E+00 3.56914E+00 3.60625E+00 3.36080E+00 3.23954E+00 2.86517E+00 7.60284E+01
3.15101E+00 3.51982E+00 3.63970E+00 3.81875E+00 3.81952E+00 3.84749E+00 3.88539E+00 3.63970E+00 3.51982E+00 3.15101E+00 8.09755E+01
3.44452E+00 3.80782E+00 3.92635E+00 4.10333E+00 4.10414E+00 4.13363E+00 4.17234E+00 3.92635E+00 3.80782E+00 3.44452E+00 8.58387E+01
3.74455E+00 4.10239E+00 4.21958E+00 4.39451E+00 4.39538E+00 4.42642E+00 4.46595E+00 4.21958E+00 4.10239E+00 3.74455E+00 9.05899E+01
0.00000E+00 0.00000E+00 1.46068E-01 3.65169E-01 3.65169E-01 3.70103E-01 3.95021E-01 1.46068E-01 0.00000E+00 0.00000E+00 3.71814E-01
0.00000E+00 3.86188E-02 1.82862E-01 3.99180E-01 3.99208E-01 4.05072E-01 4.30672E-01 1.82862E-01 3.86188E-02 0.00000E+00 1.60871E+00
0.00000E+00 8.72092E-02 2.29713E-01 4.43378E-01 4.43434E-01 4.50238E-01 4.76507E-01 2.29713E-01 8.72092E-02 0.00000E+00 3.05931E+00
0.00000E+00 1.43560E-01 2.84391E-01 4.95505E-01 4.95589E-01 5.03348E-01 5.30275E-01 2.84391E-01 1.43560E-01 0.00000E+00 4.74193E+00
0.00000E+00 2.07880E-01 3.47095E-01 5.55747E-01 5.55860E-01 5.64589E-01 5.92166E-01 3.47095E-01 2.07880E-01 0.00000E+00 6.65369E+00
0.00000E+00 2.80713E-01 4.18366E-01 6.24637E-01 6.24778E-01 6.34496E-01 6.62717E-01 4.18366E-01 2.80713E-01 0.00000E+00 8.79990E+00
0.00000E+00 3.62104E-01 4.98241E-01 7.02200E-01 7.02371E-01 7.13096E-01 7.41959E-01 4.98241E-01 3.62104E-01 0.00000E+00 1.11699E+01
0.00000E+00 4.30546E-01 5.65536E-01 7.67746E-01 7.67940E-01 7.79458E-01 8.08816E-01 5.65536E-01 4.30546E-01 0.00000E+00 1.31398E+01
2.05880E-02 4.49841E-01 5.84503E-01 7.86212E-01 7.86414E-01 7.98166E-01 8.27668E-01 5.84503E-01 4.49841E-01 2.05880E-02 1.37273E+01
1.31389E-01 5.54545E-01 6.87662E-01 8.87015E-01 8.87250E-01 9.00134E-01 9.30324E-01 6.87662E-01 5.54545E-01 1.31389E-01 1.65447E+01
2.54701E-01 6.71842E-01 8.03441E-01 1.00048E+00 1.00075E+00 1.01480E+00 1.04568E+00 8.03441E-01 6.71842E-01 2.54701E-01 1.95634E+01
3.88524E-01 7.99720E-01 9.29824E-01 1.12458E+00 1.12489E+00 1.14014E+00 1.17172E+00 9.29824E-01 7.99720E-01 3.88524E-01 2.27904E+01
5.32889E-01 9.38206E-01 1.06684E+00 1.25935E+00 1.25969E+00 1.27618E+00 1.30848E+00 1.06684E+00 9.38206E-01 5.32889E-01 2.62108E+01
6.87994E-01 1.08749E+00 1.21467E+00 1.40497E+00 1.40536E+00 1.42312E+00 1.45613E+00 1.21467E+00 1.08749E+00 6.87994E-01 2.98086E+01
8.53728E-01 1.24747E+00 1.37322E+00 1.56133E+00 1.56176E+00 1.58084E+00 1.61457E+00 1.37322E+00 1.24747E+00 8.53728E-01 3.35616E+01
1.02984E+00 1.41788E+00 1.54221E+00 1.72817E+00 1.72864E+00 1.74907E+00 1.78355E+00 1.54221E+00 1.41788E+00 1.02984E+00 3.74455E+01
1.21609E+00 1.59848E+00 1.72142E+00 1.90525E+00 1.90576E+00 1.92759E+00 1.96281E+00 1.72142E+00 1.59848E+00 1.21609E+00 4.14364E+01
1.41215E+00 1.78894E+00 1.91051E+00 2.09224E+00 2.09280E+00 2.11605E+00 2.15203E+00 1.91051E+00 1.78894E+00 1.41215E+00 4.55090E+01
1.61761E+00 1.98885E+00 2.10906E+00 2.28871E+00 2.28932E+00 2.31404E+00 2.35078E+00 2.10906E+00 1.98885E+00 1.61761E+00 4.96374E+01
1.83196E+00 2.19770E+00 2.31656E+00 2.49416E+00 2.49482E+00 2.52105E+00 2.55857E+00 2.31656E+00 2.19770E+00 1.83196E+00 5.37951E+01
2.05460E+00 2.41489E+00 2.53243E+00 2.70800E+00 2.70871E+00 2.73648E+00 2.77480E+00 2.53243E+00 2.41489E+00 2.05460E+00 5.79557E+01
2.28487E+00 2.63976E+00 2.75598E+00 2.92954E+00 2.93031E+00 2.95966E+00 2.99879E+00 2.75598E+00 2.63976E+00 2.28487E+00 6.20927E+01
2.52203E+00 2.87156E+00 2.98648E+00 3.15806E+00 3.15888E+00 3.18985E+00 3.22980E+00 2.98648E+00 2.87156E+00 2.52203E+00 6.61805E+01
2.76526E+00 3.10947E+00 3.22311E+00 3.39273E+00 3.39360E+00 3.42623E+00 3.46701E+00 3.22311E+00 3.10947E+00 2.76526E+00 7.01942E+01
3.01376E+00 3.35270E+00 3.46507E+00 3.63275E+00 3.63369E+00 3.66801E+00 3.70964E+00 3.46507E+00 3.35270E+00 3.01376E+00 7.41080E+01
3.26654E+00 3.60025E+00 3.71137E+00 3.87712E+00 3.87813E+00 3.91418E+00 3.95666E+00 3.71137E+00 3.60025E+00 3.26654E+00 7.78999E+01
0.00000E+00 0.00000E+00 1.38085E-01 3.45212E-01 3.45212E-01 3.51573E-01 3.78824E-01 1.38085E-01 0.00000E+00 0.00000E+00 4.33684E-01
0.00000E+00 3.73222E-02 1.73708E-01 3.78238E-01 3.78269E-01 3.85731E-01 4.13687E-01 1.73708E-01 3.73222E-02 0.00000E+00 1.63489E+00
0.00000E+00 8.37000E-02 2.18466E-01 4.20519E-01 4.20582E-01 4.29154E-01 4.57800E-01 2.18466E-01 8.37000E-02 0.00000E+00 3.02097E+00
0.00000E+00 1.36943E-01 2.70151E-01 4.69821E-01 4.69917E-01 4.79610E-01 5.08937E-01 2.70151E-01 1.36943E-01 0.00000E+00 4.60777E+00
0.00000E+00 1.97205E-01 3.28908E-01 5.26277E-01 5.26406E-01 5.37237E-01 5.67237E-01 3.28908E-01 1.97205E-01 0.00000E+00 6.39049E+00
0.00000E+00 2.64923E-01 3.95170E-01 5.90314E-01 5.90477E-01 6.02463E-01 6.33131E-01 3.95170E-01 2.64923E-01 0.00000E+00 8.37109E+00
0.00000E+00 3.40087E-01 4.68921E-01 6.61903E-01 6.62101E-01 6.75262E-01 7.06594E-01 4.68921E-01 3.40087E-01 0.00000E+00 1.05380E+01
0.00000E+00 4.02973E-01 5.30737E-01 7.22083E-01 7.22309E-01 7.36392E-01 7.68237E-01 5.30737E-01 4.02973E-01 0.00000E+00 1.23266E+01
1.88850E-02 4.20620E-01 5.48078E-01 7.38956E-01 7.39190E-01 7.53546E-01 7.85540E-01 5.48078E-01 4.20620E-01 1.88850E-02 1.28566E+01
1.20244E-01 5.16141E-01 6.42157E-01 8.30831E-01 8.31105E-01 8.46772E-01 8.79479E-01 6.42157E-01 5.16141E-01 1.20244E-01 1.53876E+01
2.32395E-01 6.22535E-01 7.47134E-01 9.33641E-01 9.33956E-01 9.50971E-01 9.84398E-01 7.47134E-01 6.22535E-01 2.32395E-01 1.80769E+01
3.53409E-01 7.37859E-01 8.61062E-01 1.04544E+00 1.04579E+00 1.06419E+00 1.09835E+00 8.61062E-01 7.37859E-01 3.53409E-01 2.09293E+01
4.83223E-01 8.62047E-01 9.83875E-01 1.16614E+00 1.16655E+00 1.18637E+00 1.22126E+00 9.83875E-01 8.62047E-01 4.83223E-01 2.39295E+01
6.21911E-01 9.95168E-01 1.11564E+00 1.29583E+00 1.29628E+00 1.31757E+00 1.35321E+00 1.11564E+00 9.95168E-01 6.21911E-01 2.70613E+01
7.69284E-01 1.13703E+00 1.25617E+00 1.43431E+00 1.43481E+00 1.45760E+00 1.49400E+00 1.25617E+00 1.13703E+00 7.69284E-01 3.03037E+01
9.25036E-01 1.28733E+00 1.40514E+00 1.58127E+00 1.58181E+00 1.60615E+00 1.64331E+00 1.40514E+00 1.28733E+00 9.25036E-01 3.36345E+01
1.08887E+00 1.44576E+00 1.56227E+00 1.73639E+00 1.73699E+00 1.76291E+00 1.80086E+00 1.56227E+00 1.44576E+00 1.08887E+00 3.70318E+01
1.26042E+00 1.61195E+00 1.72717E+00 1.89932E+00 1.89998E+00 1.92751E+00 1.96626E+00 1.72717E+00 1.61195E+00 1.26042E+00 4.04731E+01
1.43923E+00 1.78546E+00 1.89940E+00 2.06961E+00 2.07032E+00 2.09951E+00 2.13906E+00 1.89940E+00 1.78546E+00 1.43923E+00 4.39355E+01
1.62480E+00 1.96576E+00 2.07845E+00 2.24673E+00 2.24749E+00 2.27839E+00 2.31876E+00 2.07845E+00 1.96576E+00 1.62480E+00 4.73962E+01
1.81653E+00 2.15228E+00 2.26372E+00 2.43009E+00 2.43092E+00 2.46355E+00 2.50475E+00 2.26372E+00 2.15228E+00 1.81653E+00 5.08326E+01
2.01379E+00 2.34437E+00 2.45458E+00 2.61906E+00 2.61995E+00 2.65436E+00 2.69641E+00 2.45458E+00 2.34437E+00 2.01379E+00 5.42226E+01
2.21588E+00 2.54133E+00 2.65032E+00 2.81293E+00 2.81389E+00 2.85011E+00 2.89302E+00 2.65032E+00 2.54133E+00 2.21588E+00 5.75451E+01
2.42204E+00 2.74241E+00 2.85020E+00 3.01096E+00 3.01199E+00 3.05005E+00 3.09384E+00 2.85020E+00 2.74241E+00 2.42204E+00 6.07800E+01
2.63154E+00 2.94687E+00 3.05347E+00 3.21240E+00 3.21350E+00 3.25344E+00 3.29812E+00 3.05347E+00 2.94687E+00 2.63154E+00 6.39062E+01
2.84350E+00 3.15383E+00 3.25924E+00 3.41637E+00 3.41753E+00 3.45939E+00 3.50498E+00 3.25924E+00 3.15383E+00 2.84350E+00 6.69069E+01
0.00000E+00 0.00000E+00 1.30542E-01 3.26355E-01 3.26355E-01 3.34507E-01 3.64170E-01 1.30542E-01 0.00000E+00 0.00000E+00 5.03812E-01
0.00000E+00 3.58128E-02 1.64770E-01 3.58151E-01 3.58189E-01 3.67634E-01 3.98023E-01 1.64770E-01 3.58128E-02 0.00000E+00 1.66289E+00
0.00000E+00 7.98643E-02 2.07310E-01 3.98372E-01 3.98448E-01 4.09193E-01 4.40292E-01 2.07310E-01 7.98643E-02 0.00000E+00 2.98099E+00
0.00000E+00 1.29996E-01 2.55987E-01 4.44818E-01 4.44933E-01 4.56990E-01 4.88790E-01 2.55987E-01 1.29996E-01 0.00000E+00 4.47161E+00
0.00000E+00 1.86305E-01 3.10891E-01 4.97568E-01 4.97721E-01 5.11105E-01 5.43599E-01 3.10891E-01 1.86305E-01 0.00000E+00 6.12825E+00
0.00000E+00 2.49123E-01 3.72350E-01 5.56942E-01 5.57135E-01 5.71862E-01 6.05045E-01 3.72350E-01 2.49123E-01 0.00000E+00 7.94992E+00
0.00000E+00 3.18382E-01 4.40289E-01 6.22856E-01 6.23091E-01 6.39180E-01 6.73050E-01 4.40289E-01 3.18382E-01 0.00000E+00 9.92424E+00
5.55112E-17 3.76030E-01 4.96937E-01 6.77973E-01 6.78240E-01 6.95396E-01 7.29797E-01 4.96937E-01 3.76030E-01 5.55112E-17 1.15422E+01
1.72784E-02 3.92130E-01 5.12752E-01 6.93349E-01 6.93625E-01 7.11097E-01 7.45653E-01 5.12752E-01 3.92130E-01 1.72784E-02 1.20185E+01
1.09752E-01 4.79049E-01 5.98324E-01 7.76855E-01 7.77178E-01 7.96162E-01 8.31458E-01 5.98324E-01 4.79049E-01 1.09752E-01 1.42823E+01
2.11452E-01 5.75270E-01 6.93222E-01 8.69722E-01 8.70093E-01 8.90627E-01 9.26671E-01 6.93222E-01 5.75270E-01 2.11452E-01 1.66664E+01
3.20520E-01 6.78924E-01 7.95571E-01 9.70070E-01 9.70491E-01 9.92614E-01 1.02942E+00 7.95571E-01 6.78924E-01 3.20520E-01 1.91734E+01
4.36811E-01 7.89860E-01 9.05222E-01 1.07775E+00 1.07822E+00 1.10197E+00 1.13954E+00 9.05222E-01 7.89860E-01 4.36811E-01 2.17880E+01
5.60294E-01 9.08043E-01 1.02214E+00 1.19272E+00 1.19324E+00 1.21866E+00 1.25701E+00 1.02214E+00 9.08043E-01 5.60294E-01 2.44942E+01
6.90714E-01 1.03322E+00 1.14606E+00 1.31472E+00 1.31530E+00 1.34243E+00 1.38157E+00 1.14606E+00 1.03322E+00 6.90714E-01 2.72722E+01
8.27726E-01 1.16503E+00 1.27664E+00 1.44340E+00 1.44404E+00 1.47292E+00 1.51287E+00 1.27664E+00 1.16503E+00 8.27726E-01 3.01020E+01
9.70991E-01 1.30315E+00 1.41353E+00 1.57842E+00 1.57912E+00 1.60979E+00 1.65055E+00 1.41353E+00 1.30315E+00 9.70991E-01 3.29639E+01
1.12011E+00 1.44716E+00 1.55634E+00 1.71937E+00 1.72014E+00 1.75263E+00 1.79423E+00 1.55634E+00 1.44716E+00 1.12011E+00 3.58381E+01
1.27462E+00 1.59662E+00 1.70460E+00 1.86580E+00 1.86663E+00 1.90099E+00 1.94344E+00 1.70460E+00 1.59662E+00 1.27462E+00 3.87047E+01
1.43401E+00 1.75099E+00 1.85780E+00 2.01718E+00 2.01808E+00 2.05434E+00 2.09765E+00 1.85780E+00 1.75099E+00 1.43401E+00 4.15445E+01
1.59773E+00 1.90973E+00 2.01537E+00 2.17296E+00 2.17393E+00 2.21213E+00 2.25632E+00 2.01537E+00 1.90973E+00 1.59773E+00 4.43384E+01
1.76515E+00 2.07222E+00 2.17671E+00 2.33252E+00 2.33356E+00 2.37373E+00 2.41882E+00 2.17671E+00 2.07222E+00 1.76515E+00 4.70687E+01
1.93564E+00 2.23782E+00 2.34117E+00 2.49522E+00 2.49633E+00 2.53852E+00 2.58451E+00 2.34117E+00 2.23782E+00 1.93564E+00 4.97182E+01
2.10853E+00 2.40585E+00 2.50807E+00 2.66038E+00 2.66157E+00 2.70580E+00 2.75272E+00 2.50807E+00 2.40585E+00 2.10853E+00 5.22713E+01
2.28313E+00 2.57564E+00 2.67673E+00 2.82732E+00 2.82859E+00 2.87489E+00 2.92276E+00 2.67673E+00 2.57564E+00 2.28313E+00 5.47112E+01
2.45868E+00 2.74641E+00 2.84639E+00 2.99527E+00 2.99662E+00 3.04503E+00 3.09387E+00 2.84639E+00 2.74641E+00 2.45868E+00 5.70257E+01
0.00000E+00 0.00000E+00 1.23466E-01 3.08666E-01 3.08666E-01 3.19088E-01 3.51240E-01 1.23466E-01 0.00000E+00 0.00000E+00 5.83945E-01
0.00000E+00 3.42671E-02 1.56254E-01 3.39175E-01 3.39219E-01 3.51158E-01 3.84053E-01 1.56254E-01 3.42671E-02 0.00000E+00 1.69875E+00
0.00000E+00 7.60351E-02 1.96611E-01 3.77359E-01 3.77448E-01 3.90906E-01 4.24529E-01 1.96611E-01 7.60351E-02 0.00000E+00 2.94896E+00
0.00000E+00 1.23175E-01 2.42392E-01 4.21050E-01 4.21185E-01 4.36172E-01 4.70515E-01 2.42392E-01 1.23175E-01 0.00000E+00 4.34572E+00
0.00000E+00 1.75721E-01 2.93627E-01 4.70266E-01 4.70447E-01 4.86976E-01 5.22033E-01 2.93627E-01 1.75721E-01 0.00000E+00 5.88099E+00
0.00000E+00 2.33903E-01 3.50540E-01 5.25226E-01 5.25454E-01 5.43540E-01 5.79309E-01 3.50540E-01 2.33903E-01 0.00000E+00 7.55119E+00
0.00000E+00 2.97603E-01 4.13008E-01 5.85796E-01 5.86072E-01 6.05733E-01 6.42212E-01 4.13008E-01 2.97603E-01 0.00000E+00 9.34340E+00
0.00000E+00 3.50334E-01 4.64806E-01 6.36159E-01 6.36473E-01 6.57364E-01 6.94393E-01 4.64806E-01 3.50334E-01 0.00000E+00 1.08009E+01
1.57707E-02 3.64988E-01 4.79193E-01 6.50134E-01 6.50459E-01 6.71713E-01 7.08902E-01 4.79193E-01 3.64988E-01 1.57707E-02 1.12268E+01
9.99232E-02 4.43869E-01 5.56817E-01 7.25822E-01 7.26201E-01 7.49192E-01 7.87150E-01 5.56817E-01 4.43869E-01 9.99232E-02 1.32414E+01
1.91878E-01 5.30622E-01 6.42332E-01 8.09433E-01 8.09869E-01 8.34634E-01 8.73371E-01 6.42332E-01 5.30622E-01 1.91878E-01 1.53424E+01
2.89857E-01 6.23455E-01 7.33948E-01 8.99172E-01 8.99665E-01 9.26245E-01 9.65772E-01 7.33948E-01 6.23455E-01 2.89857E-01 1.75311E+01
3.93653E-01 7.22159E-01 8.31450E-01 9.94823E-01 9.95377E-01 1.02381E+00 1.06414E+00 8.31450E-01 7.22159E-01 3.93653E-01 1.97926E+01
5.03150E-01 8.26615E-01 9.34720E-01 1.09627E+00 1.09688E+00 1.12721E+00 1.16836E+00 9.34720E-01 8.26615E-01 5.03150E-01 2.21115E+01
6.18055E-01 9.36525E-01 1.04346E+00 1.20320E+00 1.20388E+00 1.23614E+00 1.27812E+00 1.04346E+00 9.36525E-01 6.18055E-01 2.44699E+01
7.38000E-01 1.05152E+00 1.15730E+00 1.31526E+00 1.31601E+00 1.35024E+00 1.39306E+00 1.15730E+00 1.05152E+00 7.38000E-01 2.68499E+01
8.62623E-01 1.17123E+00 1.27587E+00 1.43207E+00 1.43289E+00 1.46913E+00 1.51282E+00 1.27587E+00 1.17123E+00 8.62623E-01 2.92344E+01
9.91516E-01 1.29526E+00 1.39877E+00 1.55322E+00 1.55411E+00 1.59240E+00 1.63697E+00 1.39877E+00 1.29526E+00 9.91516E-01 3.16063E+01
1.12423E+00 1.42314E+00 1.52553E+00 1.67826E+00 1.67923E+00 1.71960E+00 1.76506E+00 1.52553E+00 1.42314E+00 1.12423E+00 3.39489E+01
1.26026E+00 1.55439E+00 1.65567E+00 1.80670E+00 1.80774E+00 1.85023E+00 1.89661E+00 1.65567E+00 1.55439E+00 1.26026E+00 3.62463E+01
1.39910E+00 1.68847E+00 1.78866E+00 1.93799E+00 1.93912E+00 1.98376E+00 2.03107E+00 1.78866E+00 1.68847E+00 1.39910E+00 3.84833E+01
1.54017E+00 1.82483E+00 1.92394E+00 2.07160E+00 2.07280E+00 2.11963E+00 2.16788E+00 1.92394E+00 1.82483E+00 1.54017E+00 4.06456E+01
1.68291E+00 1.96289E+00 2.06092E+00 2.20692E+00 2.20821E+00 2.25726E+00 2.30648E+00 2.06092E+00 1.96289E+00 1.68291E+00 4.27201E+01
1.82671E+00 2.10205E+00 2.19902E+00 2.34337E+00 2.34475E+00 2.39604E+00 2.44625E+00 2.19902E+00 2.10205E+00 1.82671E+00 4.46949E+01
1.97097E+00 2.24170E+00 2.33761E+00 2.48033E+00 2.48180E+00 2.53536E+00 2.58658E+00 2.33761E+00 2.24170E+00 1.97097E+00 4.65575E+01
2.11503E+00 2.38119E+00 2.47606E+00 2.61717E+00 2.61873E+00 2.67459E+00 2.72683E+00 2.47606E+00 2.38119E+00 2.11503E+00 4.82994E+01
0.00000E+00 0.00000E+00 1.16817E-01 2.92043E-01 2.92043E-01 3.05329E-01 3.40015E-01 1.16817E-01 0.00000E+00 0.00000E+00 6.75060E-01
0.00000E+00 3.27898E-02 1.48230E-01 3.21326E-01 3.21378E-01 3.36438E-01 3.71881E-01 1.48230E-01 3.27898E-02 0.00000E+00 1.74571E+00
0.00000E+00 7.23946E-02 1.86521E-01 3.57586E-01 3.57690E-01 3.74521E-01 4.10710E-01 1.86521E-01 7.23946E-02 0.00000E+00 2.92959E+00
0.00000E+00 1.16709E-01 2.29572E-01 3.98682E-01 3.98839E-01 4.17446E-01 4.54374E-01 2.29572E-01 1.16709E-01 0.00000E+00 4.23576E+00
0.00000E+00 1.65711E-01 2.77352E-01 4.44573E-01 4.44785E-01 4.65177E-01 5.02841E-01 2.77352E-01 1.65711E-01 0.00000E+00 5.65494E+00
0.00000E+00 2.19536E-01 3.29995E-01 4.95390E-01 4.95656E-01 5.17845E-01 5.56244E-01 3.29995E-01 2.19536E-01 0.00000E+00 7.18146E+00
0.00000E+00 2.78024E-01 3.87334E-01 5.50953E-01 5.51275E-01 5.75276E-01 6.14411E-01 3.87334E-01 2.78024E-01 0.00000E+00 8.80224E+00
5.55112E-17 3.26156E-01 4.34597E-01 5.96872E-01 5.97237E-01 6.22651E-01 6.62357E-01 4.34597E-01 3.26156E-01 5.55112E-17 1.01095E+01
1.43661E-02 3.39458E-01 4.47651E-01 6.09540E-01 6.09919E-01 6.35747E-01 6.75620E-01 4.47651E-01 3.39458E-01 1.43661E-02 1.04886E+01
9.07801E-02 4.10851E-01 5.17871E-01 6.77947E-01 6.78388E-01 7.06202E-01 7.46876E-01 5.17871E-01 4.10851E-01 9.07801E-02 1.22718E+01
1.73705E-01 4.88816E-01 5.94682E-01 7.52974E-01 7.53480E-01 7.83316E-01 8.24803E-01 5.94682E-01 4.88816E-01 1.73705E-01 1.41120E+01
2.61451E-01 5.71651E-01 6.76380E-01 8.32913E-01 8.33486E-01 8.65381E-01 9.07696E-01 6.76380E-01 5.71651E-01 2.61451E-01 1.60098E+01
3.53765E-01 6.59103E-01 7.62710E-01 9.17506E-01 9.18149E-01 9.52142E-01 9.95300E-01 7.62710E-01 6.59103E-01 3.53765E-01 1.79512E+01
4.50473E-01 7.50992E-01 8.53491E-01 1.00657E+00 1.00729E+00 1.04342E+00 1.08743E+00 8.53491E-01 7.50992E-01 4.50473E-01 1.99215E+01
5.51256E-01 8.46998E-01 9.48403E-01 1.09979E+00 1.10058E+00 1.13888E+00 1.18378E+00 9.48403E-01 8.46998E-01 5.51256E-01 2.19050E+01
6.55744E-01 9.46747E-01 1.04707E+00 1.19678E+00 1.19765E+00 1.23816E+00 1.28395E+00 1.04707E+00 9.46747E-01 6.55744E-01 2.38863E+01
7.63570E-01 1.04987E+00 1.14913E+00 1.29718E+00 1.29813E+00 1.34088E+00 1.38759E+00 1.14913E+00 1.04987E+00 7.63570E-01 2.58508E+01
8.74334E-01 1.15597E+00 1.25417E+00 1.40058E+00 1.40162E+00 1.44665E+00 1.49428E+00 1.25417E+00 1.15597E+00 8.74334E-01 2.77843E+01
9.87603E-01 1.26461E+00 1.36176E+00 1.50655E+00 1.50767E+00 1.55501E+00 1.60360E+00 1.36176E+00 1.26461E+00 9.87603E-01 2.96730E+01
1.10292E+00 1.37533E+00 1.47145E+00 1.61463E+00 1.61584E+00 1.66551E+00 1.71507E+00 1.47145E+00 1.37533E+00 1.10292E+00 3.15042E+01
1.21980E+00 1.48765E+00 1.58274E+00 1.72432E+00 1.72562E+00 1.77767E+00 1.82822E+00 1.58274E+00 1.48765E+00 1.21980E+00 3.32660E+01
1.33774E+00 1.60107E+00 1.69514E+00 1.83514E+00 1.83654E+00 1.89098E+00 1.94254E+00 1.69514E+00 1.60107E+00 1.33774E+00 3.49476E+01
1.45624E+00 1.71508E+00 1.80814E+00 1.94657E+00 1.94807E+00 2.00493E+00 2.05752E+00 1.80814E+00 1.71508E+00 1.45624E+00 3.65394E+01
1.57478E+00 1.82916E+00 1.92122E+00 2.05809E+00 2.05969E+00 2.11900E+00 2.17265E+00 1.92122E+00 1.82916E+00 1.57478E+00 3.80327E+01
1.69283E+00 1.94278E+00 2.03385E+00 2.16917E+00 2.17088E+00 2.23265E+00 2.28737E+00 2.03385E+00 1.94278E+00 1.69283E+00 3.94185E+01
1.80985E+00 2.05541E+00 2.14549E+00 2.27929E+00 2.28110E+00 2.34535E+00 2.40117E+00 2.14549E+00 2.05541E+00 1.80985E+00 4.06916E+01
0.00000E+00 0.00000E+00 1.10725E-01 2.76814E-01 2.76814E-01 2.93698E-01 3.30892E-01 1.10725E-01 0.00000E+00 0.00000E+00 7.77671E-01
0.00000E+00 3.14506E-02 1.40893E-01 3.04987E-01 3.05047E-01 3.23997E-01 3.61964E-01 1.40893E-01 3.14506E-02 0.00000E+00 1.80573E+00
0.00000E+00 6.90668E-02 1.77285E-01 3.39476E-01 3.39597E-01 3.60600E-01 3.99333E-01 1.77285E-01 6.90668E-02 0.00000E+00 2.92592E+00
0.00000E+00 1.10768E-01 2.17807E-01 3.78167E-01 3.78349E-01 4.01405E-01 4.40899E-01 2.17807E-01 1.10768E-01 0.00000E+00 4.14569E+00
0.00000E+00 1.56481E-01 2.62381E-01 4.20972E-01 4.21216E-01 4.46328E-01 4.86583E-01 2.62381E-01 1.56481E-01 0.00000E+00 5.45504E+00
0.00000E+00 2.06267E-01 3.11065E-01 4.67943E-01 4.68250E-01 4.95424E-01 5.36443E-01 3.11065E-01 2.06267E-01 0.00000E+00 6.84677E+00
0.00000E+00 2.59933E-01 3.63660E-01 5.18872E-01 5.19245E-01 5.48490E-01 5.90275E-01 3.63660E-01 2.59933E-01 0.00000E+00 8.30817E+00
0.00000E+00 3.03824E-01 4.06739E-01 5.60691E-01 5.61114E-01 5.91969E-01 6.34351E-01 4.06739E-01 3.03824E-01 0.00000E+00 9.47675E+00
1.30818E-02 3.15883E-01 4.18566E-01 5.72156E-01 5.72595E-01 6.03922E-01 6.46479E-01 4.18566E-01 3.15883E-01 1.30818E-02 9.81284E+00
8.24328E-02 3.80406E-01 4.81993E-01 6.33881E-01 6.34393E-01 6.67973E-01 7.11370E-01 4.81993E-01 3.80406E-01 8.24328E-02 1.13846E+01
1.57151E-01 4.50350E-01 5.50860E-01 7.01072E-01 7.01660E-01 7.37526E-01 7.81778E-01 5.50860E-01 4.50350E-01 1.57151E-01 1.29890E+01
2.35640E-01 5.24112E-01 6.23559E-01 7.72116E-01 7.72783E-01 8.10969E-01 8.56095E-01 6.23559E-01 5.24112E-01 2.35640E-01 1.46260E+01
3.17624E-01 6.01411E-01 6.99809E-01 8.46734E-01 8.47482E-01 8.88023E-01 9.34040E-01 6.99809E-01 6.01411E-01 3.17624E-01 1.62831E+01
4.02892E-01 6.82034E-01 7.79395E-01 9.24707E-01 9.25540E-01 9.68468E-01 1.01540E+00 7.79395E-01 6.82034E-01 4.02892E-01 1.79470E+01
4.91120E-01 7.65655E-01 8.61992E-01 1.00571E+00 1.00663E+00 1.05198E+00 1.09984E+00 8.61992E-01 7.65655E-01 4.91120E-01 1.96041E+01
5.81949E-01 8.51913E-01 9.47237E-01 1.08937E+00 1.09038E+00 1.13819E+00 1.18700E+00 9.47237E-01 8.51913E-01 5.81949E-01 2.12417E+01
6.75024E-01 9.40453E-01 1.03477E+00 1.17535E+00 1.17645E+00 1.22673E+00 1.27652E+00 1.03477E+00 9.40453E-01 6.75024E-01 2.28476E+01
7.69967E-01 1.03089E+00 1.12422E+00 1.26325E+00 1.26445E+00 1.31724E+00 1.36802E+00 1.12422E+00 1.03089E+00 7.69967E-01 2.44101E+01
8.66379E-01 1.12284E+00 1.21518E+00 1.35267E+00 1.35397E+00 1.40930E+00 1.46110E+00 1.21518E+00 1.12284E+00 8.66379E-01 2.59186E+01
9.63845E-01 1.21587E+00 1.30724E+00 1.44320E+00 1.44461E+00 1.50249E+00 1.55534E+00 1.30724E+00 1.21587E+00 9.63845E-01 2.73632E+01
1.06194E+00 1.30956E+00 1.39996E+00 1.53441E+00 1.53592E+00 1.59639E+00 1.65030E+00 1.39996E+00 1.30956E+00 1.06194E+00 2.87349E+01
1.16022E+00 1.40347E+00 1.49291E+00 1.62586E+00 1.62749E+00 1.69055E+00 1.74555E+00 1.49291E+00 1.40347E+00 1.16022E+00 3.00258E+01
1.25826E+00 1.49717E+00 1.58566E+00 1.71712E+00 1.71885E+00 1.78454E+00 1.84064E+00 1.58566E+00 1.49717E+00 1.25826E+00 3.12292E+01
1.35561E+00 1.59022E+00 1.67776E+00 1.80774E+00 1.80959E+00 1.87791E+00 1.93515E+00 1.67776E+00 1.59022E+00 1.35561E+00 3.23395E+01
1.45183E+00 1.68216E+00 1.76877E+00 1.89727E+00 1.89925E+00 1.97021E+00 2.02860E+00 1.76877E+00 1.68216E+00 1.45183E+00 3.33501E+01
1.54648E+00 1.77258E+00 1.85825E+00 1.98529E+00 1.98739E+00 2.06101E+00 2.12058E+00 1.85825E+00 1.77258E+00 1.54648E+00 3.42587E+01
0.00000E+00 0.00000E+00 1.05061E-01 2.62653E-01 2.62654E-01 2.84036E-01 3.23679E-01 1.05061E-01 0.00000E+00 0.00000E+00 8.92769E-01
0.00000E+00 3.02491E-02 1.34111E-01 2.89829E-01 2.89899E-01 3.13673E-01 3.54112E-01 1.34111E-01 3.02491E-02 0.00000E+00 1.87943E+00
0.00000E+00 6.60072E-02 1.68725E-01 3.22656E-01 3.22796E-01 3.48937E-01 3.90168E-01 1.68725E-01 6.60072E-02 0.00000E+00 2.93702E+00
0.00000E+00 1.05223E-01 2.06840E-01 3.59049E-01 3.59261E-01 3.87759E-01 4.29782E-01 2.06840E-01 1.05223E-01 0.00000E+00 4.07203E+00
0.00000E+00 1.47791E-01 2.48345E-01 3.98891E-01 3.99175E-01 4.30025E-01 4.72843E-01 2.48345E-01 1.47791E-01 0.00000E+00 5.27426E+00
0.00000E+00 1.93714E-01 2.93237E-01 4.42173E-01 4.42531E-01 4.75731E-01 5.19349E-01 2.93237E-01 1.93714E-01 0.00000E+00 6.53565E+00
0.00000E+00 2.42780E-01 3.41302E-01 4.88673E-01 4.89107E-01 5.24658E-01 5.69083E-01 3.41302E-01 2.42780E-01 0.00000E+00 7.84430E+00
0.00000E+00 2.82638E-01 3.80402E-01 5.26586E-01 5.27081E-01 5.64453E-01 6.09507E-01 3.80402E-01 2.82638E-01 0.00000E+00 8.88098E+00
1.18748E-02 2.93519E-01 3.91065E-01 5.36910E-01 5.37422E-01 5.75326E-01 6.20566E-01 3.91065E-01 2.93519E-01 1.18748E-02 9.17641E+00
7.46006E-02 3.51549E-01 4.48071E-01 5.92314E-01 5.92912E-01 6.33353E-01 6.79483E-01 4.48071E-01 3.51549E-01 7.46006E-02 1.05492E+01
1.41653E-01 4.13960E-01 5.09474E-01 6.52139E-01 6.52826E-01 6.95831E-01 7.42870E-01 5.09474E-01 4.13960E-01 1.41653E-01 1.19336E+01
2.11540E-01 4.79252E-01 5.73771E-01 7.14878E-01 7.15657E-01 7.61255E-01 8.09224E-01 5.73771E-01 4.79252E-01 2.11540E-01 1.33299E+01
2.83978E-01 5.47136E-01 6.40673E-01 7.80240E-01 7.81115E-01 8.29333E-01 8.78256E-01 6.40673E-01 5.47136E-01 2.83978E-01 1.47271E+01
3.58734E-01 6.17380E-01 7.09945E-01 8.47990E-01 8.48964E-01 8.99829E-01 9.49728E-01 7.09945E-01 6.17380E-01 3.58734E-01 1.61134E+01
4.35494E-01 6.89666E-01 7.81270E-01 9.17808E-01 9.18885E-01 9.72422E-01 1.02332E+00 7.81270E-01 6.89666E-01 4.35494E-01 1.74776E+01
5.13923E-01 7.63657E-01 8.54310E-01 9.89354E-01 9.90537E-01 1.04677E+00 1.09870E+00 8.54310E-01 7.63657E-01 5.13923E-01 1.88095E+01
5.93689E-01 8.39020E-01 9.28731E-01 1.06229E+00 1.06359E+00 1.12254E+00 1.17551E+00 9.28731E-01 8.39020E-01 5.93689E-01 2.00992E+01
6.74445E-01 9.15408E-01 1.00418E+00 1.13628E+00 1.13769E+00 1.19938E+00 1.25343E+00 1.00418E+00 9.15408E-01 6.74445E-01 2.13377E+01
7.55833E-01 9.92462E-01 1.08031E+00 1.21095E+00 1.21247E+00 1.27692E+00 1.33207E+00 1.08031E+00 9.92462E-01 7.55833E-01 2.25170E+01
8.37487E-01 1.06982E+00 1.15675E+00 1.28594E+00 1.28758E+00 1.35480E+00 1.41107E+00 1.15675E+00 1.06982E+00 8.37487E-01 2.36298E+01
9.19037E-01 1.14710E+00 1.23312E+00 1.36087E+00 1.36263E+00 1.43264E+00 1.49006E+00 1.23312E+00 1.14710E+00 9.19037E-01 2.46697E+01
1.00011E+00 1.22394E+00 1.30905E+00 1.43537E+00 1.43727E+00 1.51006E+00 1.56866E+00 1.30905E+00 1.22394E+00 1.00011E+00 2.56315E+01
1.08035E+00 1.29998E+00 1.38419E+00 1.50909E+00 1.51111E+00 1.58671E+00 1.64651E+00 1.38419E+00 1.29998E+00 1.08035E+00 2.65107E+01
1.15940E+00 1.37486E+00 1.45817E+00 1.58165E+00 1.58381E+00 1.66221E+00 1.72324E+00 1.45817E+00 1.37486E+00 1.15940E+00 2.73042E+01
1.23686E+00 1.44819E+00 1.53061E+00 1.65268E+00 1.65498E+00 1.73619E+00 1.79846E+00 1.53061E+00 1.44819E+00 1.23686E+00 2.80080E+01
1.31242E+00 1.51966E+00 1.60119E+00 1.72186E+00 1.72430E+00 1.80830E+00 1.87186E+00 1.60119E+00 1.51966E+00 1.31242E+00 2.86214E+01
0.00000E+00 0.00000E+00 9.95227E-02 2.48806E-01 2.48807E-01 2.75763E-01 3.17816E-01 9.95227E-02 0.00000E+00 0.00000E+00 1.02171E+00
0.00000E+00 2.90015E-02 1.27417E-01 2.74958E-01 2.75041E-01 3.04746E-01 3.47628E-01 1.27417E-01 2.90015E-02 0.00000E+00 1.96308E+00
0.00000E+00 6.28439E-02 1.60204E-01 3.06081E-01 3.06246E-01 3.38661E-01 3.82371E-01 1.60204E-01 6.28439E-02 0.00000E+00 2.95421E+00
0.00000E+00 9.95195E-02 1.95862E-01 3.40137E-01 3.40387E-01 3.75487E-01 4.20030E-01 1.95862E-01 9.95195E-02 0.00000E+00 4.00111E+00
0.00000E+00 1.38902E-01 2.34261E-01 3.76987E-01 3.77323E-01 4.15091E-01 4.60474E-01 2.34261E-01 1.38902E-01 0.00000E+00 5.09380E+00
0.00000E+00 1.80943E-01 2.75349E-01 4.16573E-01 4.16997E-01 4.57421E-01 5.03652E-01 2.75349E-01 1.80943E-01 0.00000E+00 6.22377E+00
0.00000E+00 2.25426E-01 3.18905E-01 4.58670E-01 4.59183E-01 5.02254E-01 5.49345E-01 3.18905E-01 2.25426E-01 0.00000E+00 7.38028E+00
0.00000E+00 2.61290E-01 3.54066E-01 4.92723E-01 4.93307E-01 5.38422E-01 5.86186E-01 3.54066E-01 2.61290E-01 0.00000E+00 8.28673E+00
1.06820E-02 2.71009E-01 3.63584E-01 5.01923E-01 5.02528E-01 5.48238E-01 5.96201E-01 3.63584E-01 2.71009E-01 1.06820E-02 8.54230E+00
6.68832E-02 3.22663E-01 4.14289E-01 5.51129E-01 5.51836E-01 6.00379E-01 6.49296E-01 4.14289E-01 3.22663E-01 6.68832E-02 9.72102E+00
1.26440E-01 3.77727E-01 4.68416E-01 6.03778E-01 6.04591E-01 6.55984E-01 7.05880E-01 4.68416E-01 3.77727E-01 1.26440E-01 1.08930E+01
1.87974E-01 4.34812E-01 5.24576E-01 6.58478E-01 6.59399E-01 7.13664E-01 7.64564E-01 5.24576E-01 4.34812E-01 1.87974E-01 1.20589E+01
2.51203E-01 4.93634E-01 5.82483E-01 7.14940E-01 7.15974E-01 7.73129E-01 8.25060E-01 5.82483E-01 4.93634E-01 2.51203E-01 1.32093E+01
3.15886E-01 5.53951E-01 6.41894E-01 7.72918E-01 7.74069E-01 8.34133E-01 8.87122E-01 6.41894E-01 5.53951E-01 3.15886E-01 1.43344E+01
3.81727E-01 6.15463E-01 7.02509E-01 8.32114E-01 8.33384E-01 8.96373E-01 9.50448E-01 7.02509E-01 6.15463E-01 3.81727E-01 1.54251E+01
4.48421E-01 6.77865E-01 7.64021E-01 8.92216E-01 8.93611E-01 9.59538E-01 1.01473E+00 7.64021E-01 6.77865E-01 4.48421E-01 1.64737E+01
5.15665E-01 7.40853E-01 8.26126E-01 9.52921E-01 9.54444E-01 1.02332E+00 1.07965E+00 8.26126E-01 7.40853E-01 5.15665E-01 1.74728E+01
5.83151E-01 8.04118E-01 8.88514E-01 1.01392E+00 1.01557E+00 1.08741E+00 1.14491E+00 8.88514E-01 8.04118E-01 5.83151E-01 1.84157E+01
6.50568E-01 8.67347E-01 9.50872E-01 1.07489E+00 1.07668E+00 1.15149E+00 1.21019E+00 9.50872E-01 8.67347E-01 6.50568E-01 1.92969E+01
7.17601E-01 9.30228E-01 1.01289E+00 1.13553E+00 1.13746E+00 1.21523E+00 1.27516E+00 1.01289E+00 9.30228E-01 7.17601E-01 2.01114E+01
7.83943E-01 9.92451E-01 1.07425E+00 1.19552E+00 1.19759E+00 1.27833E+00 1.33952E+00 1.07425E+00 9.92451E-01 7.83943E-01 2.08553E+01
8.49288E-01 1.05371E+00 1.13465E+00 1.25456E+00 1.25678E+00 1.34049E+00 1.40296E+00 1.13465E+00 1.05371E+00 8.49288E-01 2.15257E+01
9.13343E-01 1.11372E+00 1.19380E+00 1.31235E+00 1.31472E+00 1.40139E+00 1.46517E+00 1.19380E+00 1.11372E+00 9.13343E-01 2.21203E+01
9.75827E-01 1.17219E+00 1.25142E+00 1.36860E+00 1.37113E+00 1.46075E+00 1.52587E+00 1.25142E+00 1.17219E+00 9.75827E-01 2.26379E+01
1.03643E+00 1.22881E+00 1.30719E+00 1.42303E+00 1.42571E+00 1.51827E+00 1.58475E+00 1.30719E+00 1.22881E+00 1.03643E+00 2.30766E+01
1.09492E+00 1.28336E+00 1.36089E+00 1.47537E+00 1.47822E+00 1.57370E+00 1.64157E+00 1.36089E+00 1.28336E+00 1.09492E+00 2.34375E+01
0.00000E+00 0.00000E+00 9.48232E-02 2.37057E-01 2.37059E-01 2.70863E-01 3.15016E-01 9.48232E-02 0.00000E+00 0.00000E+00 1.16085E+00
0.00000E+00 2.78375E-02 1.21644E-01 2.62263E-01 2.62362E-01 2.99288E-01 3.44316E-01 1.21644E-01 2.78375E-02 0.00000E+00 2.05585E+00
0.00000E+00 5.99006E-02 1.52736E-01 2.91810E-01 2.92009E-01 3.31996E-01 3.77904E-01 1.52736E-01 5.99006E-02 0.00000E+00 2.98177E+00
0.00000E+00 9.42415E-02 1.86140E-01 3.23725E-01 3.24024E-01 3.67034E-01 4.13831E-01 1.86140E-01 9.42415E-02 0.00000E+00 3.94491E+00
0.00000E+00 1.30731E-01 2.21723E-01 3.57866E-01 3.58268E-01 4.04267E-01 4.51965E-01 2.21723E-01 1.30731E-01 0.00000E+00 4.93617E+00
0.00000E+00 1.69295E-01 2.59407E-01 3.94150E-01 3.94656E-01 4.43617E-01 4.92230E-01 2.59407E-01 1.69295E-01 0.00000E+00 5.94741E+00
0.00000E+00 2.09729E-01 2.98984E-01 4.32362E-01 4.32975E-01 4.84875E-01 5.34418E-01 2.98984E-01 2.09729E-01 0.00000E+00 6.96946E+00
0.00000E+00 2.42101E-01 3.30704E-01 4.63046E-01 4.63743E-01 5.17905E-01 5.68179E-01 3.30704E-01 2.42101E-01 0.00000E+00 7.76270E+00
9.64712E-03 2.50814E-01 3.39230E-01 4.71274E-01 4.71997E-01 5.26815E-01 5.77305E-01 3.39230E-01 2.50814E-01 9.64712E-03 7.98409E+00
6.02231E-02 2.96981E-01 3.84516E-01 5.15154E-01 5.15997E-01 5.73935E-01 6.25463E-01 3.84516E-01 2.96981E-01 6.02231E-02 8.99803E+00
1.13401E-01 3.45803E-01 4.32467E-01 5.61716E-01 5.62683E-01 6.23746E-01 6.76343E-01 4.32467E-01 3.45803E-01 1.13401E-01 9.99322E+00
1.67922E-01 3.96012E-01 4.81813E-01 6.09685E-01 6.10782E-01 6.74978E-01 7.28673E-01 4.81813E-01 3.96012E-01 1.67922E-01 1.09710E+01
2.23520E-01 4.47341E-01 5.32286E-01 6.58794E-01 6.60023E-01 7.27359E-01 7.82184E-01 5.32286E-01 4.47341E-01 2.23520E-01 1.19238E+01
2.79968E-01 4.99560E-01 5.83656E-01 7.08808E-01 7.10174E-01 7.80656E-01 8.36643E-01 5.83656E-01 4.99560E-01 2.79968E-01 1.28436E+01
3.37001E-01 5.52402E-01 6.35656E-01 7.59459E-01 7.60966E-01 8.34598E-01 8.91778E-01 6.35656E-01 5.52402E-01 3.37001E-01 1.37236E+01
3.94353E-01 6.05601E-01 6.88016E-01 8.10479E-01 8.12131E-01 8.88913E-01 9.47319E-01 6.88016E-01 6.05601E-01 3.94353E-01 1.45579E+01
4.51763E-01 6.58894E-01 7.40475E-01 8.61603E-01 8.63404E-01 9.43334E-01 1.00300E+00 7.40475E-01 6.58894E-01 4.51763E-01 1.53414E+01
5.08967E-01 7.12017E-01 7.92767E-01 9.12564E-01 9.14519E-01 9.97592E-01 1.05855E+00 7.92767E-01 7.12017E-01 5.08967E-01 1.60693E+01
5.65703E-01 7.64707E-01 8.44630E-01 9.63100E-01 9.65212E-01 1.05142E+00 1.11369E+00 8.44630E-01 7.64707E-01 5.65703E-01 1.67379E+01
6.21713E-01 8.16707E-01 8.95804E-01 1.01295E+00 1.01522E+00 1.10456E+00 1.16818E+00 8.95804E-01 8.16707E-01 6.21713E-01 1.73443E+01
6.76745E-01 8.67763E-01 9.46037E-01 1.06186E+00 1.06430E+00 1.15674E+00 1.22175E+00 9.46037E-01 8.67763E-01 6.76745E-01 1.78862E+01
7.30556E-01 9.17635E-01 9.95086E-01 1.10959E+00 1.11220E+00 1.20773E+00 1.27415E+00 9.95086E-01 9.17635E-01 7.30556E-01 1.83621E+01
7.82917E-01 9.66091E-01 1.04272E+00 1.15590E+00 1.15868E+00 1.25729E+00 1.32515E+00 1.04272E+00 9.66091E-01 7.82917E-01 1.87714E+01
8.33607E-01 1.01291E+00 1.08872E+00 1.20058E+00 1.20354E+00 1.30519E+00 1.37452E+00 1.08872E+00 1.01291E+00 8.33607E-01 1.91141E+01
8.82389E-01 1.05786E+00 1.13285E+00 1.24339E+00 1.24653E+00 1.35120E+00 1.42202E+00 1.13285E+00 1.05786E+00 8.82389E-01 1.93895E+01
9.29092E-01 1.10077E+00 1.17494E+00 1.28416E+00 1.28747E+00 1.39513E+00 1.46746E+00 1.17494E+00 1.10077E+00 9.29092E-01 1.95997E+01
0.00000E+00 0.00000E+00 9.07955E-02 2.26987E-01 2.26990E-01 2.69114E-01 3.15055E-01 9.07955E-02 0.00000E+00 0.00000E+00 1.30975E+00
0.00000E+00 2.66779E-02 1.16540E-01 2.51231E-01 2.51352E-01 2.96978E-01 3.43866E-01 1.16540E-01 2.66779E-02 0.00000E+00 2.15514E+00
0.00000E+00 5.70159E-02 1.45984E-01 2.79237E-01 2.79477E-01 3.28519E-01 3.76365E-01 1.45984E-01 5.70159E-02 0.00000E+00 3.01502E+00
0.00000E+00 8.91390E-02 1.77243E-01 3.09106E-01 3.09467E-01 3.61865E-01 4.10684E-01 1.77243E-01 8.91390E-02 0.00000E+00 3.89643E+00
0.00000E+00 1.22927E-01 2.10193E-01 3.40706E-01 3.41190E-01 3.96893E-01 4.46702E-01 2.10193E-01 1.22927E-01 0.00000E+00 4.79159E+00
0.00000E+00 1.58296E-01 2.44745E-01 3.73944E-01 3.74554E-01 4.33516E-01 4.84334E-01 2.44745E-01 1.58296E-01 0.00000E+00 5.69320E+00
0.00000E+00 1.95060E-01 2.80712E-01 4.08627E-01 4.09365E-01 4.71547E-01 5.23394E-01 2.80712E-01 1.95060E-01 0.00000E+00 6.59387E+00
0.00000E+00 2.24302E-01 3.09347E-01 4.36285E-01 4.37123E-01 5.01775E-01 5.54430E-01 3.09347E-01 2.24302E-01 0.00000E+00 7.28663E+00
8.72725E-03 2.32122E-01 3.16993E-01 4.43649E-01 4.44517E-01 5.09883E-01 5.62778E-01 3.16993E-01 2.32122E-01 8.72725E-03 7.47813E+00
5.43330E-02 2.73447E-01 3.57493E-01 4.82819E-01 4.83830E-01 5.52582E-01 6.06630E-01 3.57493E-01 2.73447E-01 5.43330E-02 8.34924E+00
1.01946E-01 3.16832E-01 4.00061E-01 5.24068E-01 5.25227E-01 5.97355E-01 6.52591E-01 4.00061E-01 3.16832E-01 1.01946E-01 9.19425E+00
1.50425E-01 3.61128E-01 4.43544E-01 5.66241E-01 5.67552E-01 6.43048E-01 6.99508E-01 4.43544E-01 3.61128E-01 1.50425E-01 1.00153E+01
1.99533E-01 4.06095E-01 4.87704E-01 6.09096E-01 6.10563E-01 6.89421E-01 7.47140E-01 4.87704E-01 4.06095E-01 1.99533E-01 1.08067E+01
2.49066E-01 4.51528E-01 5.32333E-01 6.52426E-01 6.54054E-01 7.36262E-01 7.95276E-01 5.32333E-01 4.51528E-01 2.49066E-01 1.15622E+01
2.98797E-01 4.97199E-01 5.77202E-01 6.95999E-01 6.97793E-01 7.83339E-01 8.43684E-01 5.77202E-01 4.97199E-01 2.98797E-01 1.22767E+01
3.48504E-01 5.42884E-01 6.22088E-01 7.39592E-01 7.41555E-01 8.30423E-01 8.92135E-01 6.22088E-01 5.42884E-01 3.48504E-01 1.29463E+01
3.97969E-01 5.88364E-01 6.66770E-01 7.82982E-01 7.85119E-01 8.77290E-01 9.40404E-01 6.66770E-01 5.88364E-01 3.97969E-01 1.35673E+01
4.46974E-01 6.33422E-01 7.11030E-01 8.25950E-01 8.28265E-01 9.23719E-01 9.88269E-01 7.11030E-01 6.33422E-01 4.46974E-01 1.41367E+01
4.95307E-01 6.77844E-01 7.54656E-01 8.68283E-01 8.70780E-01 9.69491E-01 1.03551E+00 7.54656E-01 6.77844E-01 4.95307E-01 1.46523E+01
5.42761E-01 7.21424E-01 7.97438E-01 9.09772E-01 9.12454E-01 1.01439E+00 1.08192E+00 7.97438E-01 7.21424E-01 5.42761E-01 1.51124E+01
5.89137E-01 7.63963E-01 8.39178E-01 9.50216E-01 9.53088E-01 1.05823E+00 1.12728E+00 8.39178E-01 7.63963E-01 5.89137E-01 1.55160E+01
6.34246E-01 8.05272E-01 8.79687E-01 9.89427E-01 9.92492E-01 1.10079E+00 1.17141E+00 8.79687E-01 8.05272E-01 6.34246E-01 1.58627E+01
6.77911E-01 8.45174E-01 9.18788E-01 1.02723E+00 1.03049E+00 1.14191E+00 1.21412E+00 9.18788E-01 8.45174E-01 6.77911E-01 1.61526E+01
7.19967E-01 8.83507E-01 9.56317E-01 1.06345E+00 1.06691E+00 1.18141E+00 1.25524E+00 9.56317E-01 8.83507E-01 7.19967E-01 1.63866E+01
7.60232E-01 9.20086E-01 9.92091E-01 1.09792E+00 1.10158E+00 1.21911E+00 1.29458E+00 9.92091E-01 9.20086E-01 7.60232E-01 1.65647E+01
7.98584E-01 9.54793E-01 1.02599E+00 1.13050E+00 1.13437E+00 1.25488E+00 1.33201E+00 1.02599E+00 9.54793E-01 7.98584E-01 1.66893E+01
0.00000E+00 0.00000E+00 8.69310E-02 2.17324E-01 2.17331E-01 2.69447E-01 3.16982E-01 8.69310E-02 0.00000E+00 0.00000E+00 1.46856E+00
0.00000E+00 2.53782E-02 1.11447E-01 2.40434E-01 2.40584E-01 2.96576E-01 3.45175E-01 1.11447E-01 2.53782E-02 0.00000E+00 2.25749E+00
0.00000E+00 5.38693E-02 1.39109E-01 2.66744E-01 2.67038E-01 3.26794E-01 3.76472E-01 1.39109E-01 5.38693E-02 0.00000E+00 3.04607E+00
0.00000E+00 8.36790E-02 1.68115E-01 2.94438E-01 2.94878E-01 3.58314E-01 4.09092E-01 1.68115E-01 8.36790E-02 0.00000E+00 3.84194E+00
0.00000E+00 1.14694E-01 1.98347E-01 3.23393E-01 3.23981E-01 3.91024E-01 4.42923E-01 1.98347E-01 1.14694E-01 0.00000E+00 4.63859E+00
0.00000E+00 1.46818E-01 2.29706E-01 3.53504E-01 3.54243E-01 4.24826E-01 4.77869E-01 2.29706E-01 1.46818E-01 0.00000E+00 5.42952E+00
0.00000E+00 1.79885E-01 2.62024E-01 3.84598E-01 3.85489E-01 4.59554E-01 5.13766E-01 2.62024E-01 1.79885E-01 0.00000E+00 6.20899E+00
0.00000E+00 2.05987E-01 2.87554E-01 4.09194E-01 4.10205E-01 4.86931E-01 5.42062E-01 2.87554E-01 2.05987E-01 0.00000E+00 6.80210E+00
7.80834E-03 2.12915E-01 2.94316E-01 4.15687E-01 4.16734E-01 4.94226E-01 5.49629E-01 2.94316E-01 2.12915E-01 7.80834E-03 6.96408E+00
4.84566E-02 2.49406E-01 3.30027E-01 4.50120E-01 4.51338E-01 5.32456E-01 5.89171E-01 3.30027E-01 2.49406E-01 4.84566E-02 7.69463E+00
9.05354E-02 2.87382E-01 3.67225E-01 4.86048E-01 4.87441E-01 5.72157E-01 6.30221E-01 3.67225E-01 2.87382E-01 9.05354E-02 8.39254E+00
1.33017E-01 3.25805E-01 4.04874E-01 5.22429E-01 5.24002E-01 6.12292E-01 6.71746E-01 4.04874E-01 3.25805E-01 1.33017E-01 9.06069E+00
1.75690E-01 3.64464E-01 4.42759E-01 5.59049E-01 5.60807E-01 6.52642E-01 7.13526E-01 4.42759E-01 3.64464E-01 1.75690E-01 9.69481E+00
2.18370E-01 4.03171E-01 4.80694E-01 5.95718E-01 5.97665E-01 6.93018E-01 7.55371E-01 4.80694E-01 4.03171E-01 2.18370E-01 1.02903E+01
2.60864E-01 4.41733E-01 5.18483E-01 6.32241E-01 6.34382E-01 7.33221E-01 7.97083E-01 5.18483E-01 4.41733E-01 2.60864E-01 1.08437E+01
3.02988E-01 4.79965E-01 5.55941E-01 6.68431E-01 6.70770E-01 7.73060E-01 8.38468E-01 5.55941E-01 4.79965E-01 3.02988E-01 1.13527E+01
3.44561E-01 5.17685E-01 5.92885E-01 7.04104E-01 7.06646E-01 8.12348E-01 8.79340E-01 5.92885E-01 5.17685E-01 3.44561E-01 1.18150E+01
3.85405E-01 5.54714E-01 6.29137E-01 7.39081E-01 7.41830E-01 8.50905E-01 9.19515E-01 6.29137E-01 5.54714E-01 3.85405E-01 1.22290E+01
4.25350E-01 5.90884E-01 6.64527E-01 7.73192E-01 7.76151E-01 8.88554E-01 9.58818E-01 6.64527E-01 5.90884E-01 4.25350E-01 1.25938E+01
4.64234E-01 6.26032E-01 6.98892E-01 8.06273E-01 8.09445E-01 9.25129E-01 9.97077E-01 6.98892E-01 6.26032E-01 4.64234E-01 1.29088E+01
5.01904E-01 6.60004E-01 7.32079E-01 8.38170E-01 8.41559E-01 9.60471E-01 1.03414E+00 7.32079E-01 6.60004E-01 5.01904E-01 1.31741E+01
5.38217E-01 6.92660E-01 7.63945E-01 8.68740E-01 8.72350E-01 9.94435E-01 1.06984E+00 7.63945E-01 6.92660E-01 5.38217E-01 1.33902E+01
5.73045E-01 7.23871E-01 7.94362E-01 8.97855E-01 9.01687E-01 1.02689E+00 1.10406E+00 7.94362E-01 7.23871E-01 5.73045E-01 1.35581E+01
6.06269E-01 7.53518E-01 8.23211E-01 9.25395E-01 9.29452E-01 1.05770E+00 1.13667E+00 8.23211E-01 7.53518E-01 6.06269E-01 1.36791E+01
6.37754E-01 7.81467E-01 8.50358E-01 9.51227E-01 9.55511E-01 1.08674E+00 1.16753E+00 8.50358E-01 7.81467E-01 6.37754E-01 1.37542E+01
6.67424E-01 8.07645E-01 8.75729E-01 9.75275E-01 9.79788E-01 1.11393E+00 1.19655E+00 8.75729E-01 8.07645E-01 6.67424E-01 1.37859E+01
0.00000E+00 0.00000E+00 8.35491E-02 2.08864E-01 2.08881E-01 2.72819E-01 3.21681E-01 8.35491E-02 0.00000E+00 0.00000E+00 1.63239E+00
0.00000E+00 2.40396E-02 1.06782E-01 2.30760E-01 2.30950E-01 2.99114E-01 3.49213E-01 1.06782E-01 2.40396E-02 0.00000E+00 2.36080E+00
0.00000E+00 5.06842E-02 1.32647E-01 2.55334E-01 2.55699E-01 3.27943E-01 3.79298E-01 1.32647E-01 5.06842E-02 0.00000E+00 3.07630E+00
0.00000E+00 7.82291E-02 1.59433E-01 2.80862E-01 2.81404E-01 3.57619E-01 4.10254E-01 1.59433E-01 7.82291E-02 0.00000E+00 3.78728E+00
0.00000E+00 1.06573E-01 1.87035E-01 3.07234E-01 3.07955E-01 3.88043E-01 4.41982E-01 1.87035E-01 1.06573E-01 0.00000E+00 4.48857E+00
0.00000E+00 1.35616E-01 2.15350E-01 3.34342E-01 3.35245E-01 4.19115E-01 4.74385E-01 2.15350E-01 1.35616E-01 0.00000E+00 5.17467E+00
0.00000E+00 1.65215E-01 2.44232E-01 3.62036E-01 3.63123E-01 4.50695E-01 5.07323E-01 2.44232E-01 1.65215E-01 0.00000E+00 5.84141E+00
0.00000E+00 1.88398E-01 2.66868E-01 3.83762E-01 3.84993E-01 4.75381E-01 5.33077E-01 2.66868E-01 1.88398E-01 0.00000E+00 6.34309E+00
6.96102E-03 1.94502E-01 2.72813E-01 3.89443E-01 3.90717E-01 4.81914E-01 5.39926E-01 2.72813E-01 1.94502E-01 6.96102E-03 6.47829E+00
4.30584E-02 2.26556E-01 3.04114E-01 4.19495E-01 4.20972E-01 5.15985E-01 5.75515E-01 3.04114E-01 2.26556E-01 4.30584E-02 7.08220E+00
8.01042E-02 2.59613E-01 3.36419E-01 4.50552E-01 4.52238E-01 5.51016E-01 6.12108E-01 3.36419E-01 2.59613E-01 8.01042E-02 7.64962E+00
1.17182E-01 2.92750E-01 3.68803E-01 4.81686E-01 4.83586E-01 5.86084E-01 6.48779E-01 3.68803E-01 2.92750E-01 1.17182E-01 8.18406E+00
1.54110E-01 3.25781E-01 4.01080E-01 5.12711E-01 5.14829E-01 6.20998E-01 6.85340E-01 4.01080E-01 3.25781E-01 1.54110E-01 8.68265E+00
1.90725E-01 3.58545E-01 4.33087E-01 5.43462E-01 5.45803E-01 6.55593E-01 7.21623E-01 4.33087E-01 3.58545E-01 1.90725E-01 9.14214E+00
2.26870E-01 3.90882E-01 4.64664E-01 5.73777E-01 5.76345E-01 6.89702E-01 7.57462E-01 4.64664E-01 3.90882E-01 2.26870E-01 9.56055E+00
2.62397E-01 4.22643E-01 4.95662E-01 6.03507E-01 6.06307E-01 7.23175E-01 7.92701E-01 4.95662E-01 4.22643E-01 2.62397E-01 9.93674E+00
2.97161E-01 4.53683E-01 5.25934E-01 6.32504E-01 6.35540E-01 7.55860E-01 8.27189E-01 5.25934E-01 4.53683E-01 2.97161E-01 1.02697E+01
3.31021E-01 4.83861E-01 5.55340E-01 6.60629E-01 6.63903E-01 7.87613E-01 8.60779E-01 5.55340E-01 4.83861E-01 3.31021E-01 1.05589E+01
3.63848E-01 5.13048E-01 5.83750E-01 6.87749E-01 6.91266E-01 8.18299E-01 8.93335E-01 5.83750E-01 5.13048E-01 3.63848E-01 1.08042E+01
3.95518E-01 5.41120E-01 6.11040E-01 7.13741E-01 7.17503E-01 8.47790E-01 9.24724E-01 6.11040E-01 5.41120E-01 3.95518E-01 1.10061E+01
4.25919E-01 5.67965E-01 6.37097E-01 7.38492E-01 7.42501E-01 8.75970E-01 9.54830E-01 6.37097E-01 5.67965E-01 4.25919E-01 1.11654E+01
4.54949E-01 5.93482E-01 6.61821E-01 7.61900E-01 7.66160E-01 9.02731E-01 9.83542E-01 6.61821E-01 5.93482E-01 4.54949E-01 1.12832E+01
4.82517E-01 6.17582E-01 6.85121E-01 7.83876E-01 7.88387E-01 9.27981E-01 1.01076E+00 6.85121E-01 6.17582E-01 4.82517E-01 1.13609E+01
5.08546E-01 6.40186E-01 7.06919E-01 8.04341E-01 8.09104E-01 9.51637E-01 1.03641E+00 7.06919E-01 6.40186E-01 5.08546E-01 1.14003E+01
5.32938E-01 6.61199E-01 7.27121E-01 8.23200E-01 8.28216E-01 9.73598E-01 1.06037E+00 7.27121E-01 6.61199E-01 5.32938E-01 1.14028E+01
5.55656E-01 6.80583E-01 7.45687E-01 8.40415E-01 8.45685E-01 9.93823E-01 1.08261E+00 7.45687E-01 6.80583E-01 5.55656E-01 1.13709E+01
0.00000E+00 0.00000E+00 8.05299E-02 2.01306E-01 2.01344E-01 2.79032E-01 3.29087E-01 8.05299E-02 0.00000E+00 0.00000E+00 1.79716E+00
0.00000E+00 2.26481E-02 1.02410E-01 2.21889E-01 2.22140E-01 3.04354E-01 3.55892E-01 1.02410E-01 2.26481E-02 0.00000E+00 2.46108E+00
0.00000E+00 4.74220E-02 1.26438E-01 2.44659E-01 2.45123E-01 3.31685E-01 3.84725E-01 1.26438E-01 4.74220E-02 0.00000E+00 3.10155E+00
0.00000E+00 7.27150E-02 1.51002E-01 2.67991E-01 2.68671E-01 3.59440E-01 4.14007E-01 1.51002E-01 7.27150E-02 0.00000E+00 3.72768E+00
0.00000E+00 9.84422E-02 1.76012E-01 2.91792E-01 2.92690E-01 3.87542E-01 4.43661E-01 1.76012E-01 9.84422E-02 0.00000E+00 4.33565E+00
0.00000E+00 1.24506E-01 2.01370E-01 3.15958E-01 3.17076E-01 4.15894E-01 4.73593E-01 2.01370E-01 1.24506E-01 0.00000E+00 4.92104E+00
0.00000E+00 1.50789E-01 2.26955E-01 3.40364E-01 3.41705E-01 4.44383E-01 5.03688E-01 2.26955E-01 1.50789E-01 0.00000E+00 5.48120E+00
0.00000E+00 1.71205E-01 2.46834E-01 3.59339E-01 3.60853E-01 4.66457E-01 5.27022E-01 2.46834E-01 1.71205E-01 0.00000E+00 5.89739E+00
6.16288E-03 1.76533E-01 2.52007E-01 3.64249E-01 3.65814E-01 4.72254E-01 5.33191E-01 2.52007E-01 1.76533E-01 6.16288E-03 6.00780E+00
3.79905E-02 2.04426E-01 2.79160E-01 3.90153E-01 3.91964E-01 5.02338E-01 5.65060E-01 2.79160E-01 2.04426E-01 3.79905E-02 6.49521E+00
7.03540E-02 2.32913E-01 3.06905E-01 4.16647E-01 4.18706E-01 5.32942E-01 5.97490E-01 3.06905E-01 2.32913E-01 7.03540E-02 6.94413E+00
1.02446E-01 2.61180E-01 3.34425E-01 4.42910E-01 4.45223E-01 5.63249E-01 6.29669E-01 3.34425E-01 2.61180E-01 1.02446E-01 7.35864E+00
1.34114E-01 2.89070E-01 3.61566E-01 4.68786E-01 4.71357E-01 5.93103E-01 6.61436E-01 3.61566E-01 2.89070E-01 1.34114E-01 7.73709E+00
1.65222E-01 3.16450E-01 3.88190E-01 4.94137E-01 4.96971E-01 6.22362E-01 6.92648E-01 3.88190E-01 3.16450E-01 1.65222E-01 8.07748E+00
1.95643E-01 3.43190E-01 4.14169E-01 5.18835E-01 5.21935E-01 6.50893E-01 7.23171E-01 4.14169E-01 3.43190E-01 1.95643E-01 8.37901E+00
2.25267E-01 3.69178E-01 4.39391E-01 5.42765E-01 5.46136E-01 6.78582E-01 7.52887E-01 4.39391E-01 3.69178E-01 2.25267E-01 8.64157E+00
2.53981E-01 3.94304E-01 4.63743E-01 5.65816E-01 5.69459E-01 7.05311E-01 7.81676E-01 4.63743E-01 3.94304E-01 2.53981E-01 8.86509E+00
2.81681E-01 4.18461E-01 4.87120E-01 5.87882E-01 5.91801E-01 7.30973E-01 8.09426E-01 4.87120E-01 4.18461E-01 2.81681E-01 9.04993E+00
3.08273E-01 4.41556E-01 5.09427E-01 6.08867E-01 6.13064E-01 7.55467E-01 8.36036E-01 5.09427E-01 4.41556E-01 3.08273E-01 9.19676E+00
3.33668E-01 4.63500E-01 5.30577E-01 6.28684E-01 6.33160E-01 7.78703E-01 8.61410E-01 5.30577E-01 4.63500E-01 3.33668E-01 9.30663E+00
3.57790E-01 4.84219E-01 5.50494E-01 6.47257E-01 6.52014E-01 8.00599E-01 8.85465E-01 5.50494E-01 4.84219E-01 3.57790E-01 9.38083E+00
3.80572E-01 5.03645E-01 5.69110E-01 6.64519E-01 6.69557E-01 8.21086E-01 9.08125E-01 5.69110E-01 5.03645E-01 3.80572E-01 9.42093E+00
4.01958E-01 5.21722E-01 5.86370E-01 6.80414E-01 6.85733E-01 8.40103E-01 9.29329E-01 5.86370E-01 5.21722E-01 4.01958E-01 9.42871E+00
4.21902E-01 5.38405E-01 6.02228E-01 6.94897E-01 7.00497E-01 8.57602E-01 9.49022E-01 6.02228E-01 5.38405E-01 4.21902E-01 9.40610E+00
4.40342E-01 5.53634E-01 6.16625E-01 7.07908E-01 7.13788E-01 8.73517E-01 9.67134E-01 6.16625E-01 5.53634E-01 4.40342E-01 9.35469E+00
4.57268E-01 5.67399E-01 6.29550E-01 7.19437E-01 7.25595E-01 8.87835E-01 9.83649E-01 6.29550E-01 5.67399E-01 4.57268E-01 9.27702E+00
0.00000E+00 0.00000E+00 7.78691E-02 1.94632E-01 1.94714E-01 2.88084E-01 3.39393E-01 7.78691E-02 0.00000E+00 0.00000E+00 1.95700E+00
0.00000E+00 2.11935E-02 9.83160E-02 2.13791E-01 2.14137E-01 3.12258E-01 3.65382E-01 9.83160E-02 2.11935E-02 0.00000E+00 2.55274E+00
0.00000E+00 4.40667E-02 1.20461E-01 2.34680E-01 2.35290E-01 3.37947E-01 3.92900E-01 1.20461E-01 4.40667E-02 0.00000E+00 3.11666E+00
0.00000E+00 6.71211E-02 1.42799E-01 2.55783E-01 2.56658E-01 3.63683E-01 4.20485E-01 1.42799E-01 6.71211E-02 0.00000E+00 3.65856E+00
0.00000E+00 9.02919E-02 1.65262E-01 2.77029E-01 2.78170E-01 3.89409E-01 4.48083E-01 1.65262E-01 9.02919E-02 0.00000E+00 4.17599E+00
0.00000E+00 1.13490E-01 1.87760E-01 2.98323E-01 2.99732E-01 4.15038E-01 4.75608E-01 1.87760E-01 1.13490E-01 0.00000E+00 4.66562E+00
0.00000E+00 1.36625E-01 2.10200E-01 3.19566E-01 3.21245E-01 4.40489E-01 5.02976E-01 2.10200E-01 1.36625E-01 0.00000E+00 5.12619E+00
0.00000E+00 1.54440E-01 2.27479E-01 3.35924E-01 3.37813E-01 4.60026E-01 5.24011E-01 2.27479E-01 1.54440E-01 0.00000E+00 5.46356E+00
5.41602E-03 1.59045E-01 2.31928E-01 3.40106E-01 3.42056E-01 4.65114E-01 5.29540E-01 2.31928E-01 1.59045E-01 5.41602E-03 5.55137E+00
3.32678E-02 1.83079E-01 2.55219E-01 3.62121E-01 3.64365E-01 4.91387E-01 5.57922E-01 2.55219E-01 1.83079E-01 3.32678E-02 5.93335E+00
6.13162E-02 2.07372E-01 2.78764E-01 3.84383E-01 3.86924E-01 5.17811E-01 5.86495E-01 2.78764E-01 2.07372E-01 6.13162E-02 6.27670E+00
8.88597E-02 2.31215E-01 3.01853E-01 4.06180E-01 4.09022E-01 5.43677E-01 6.14551E-01 3.01853E-01 2.31215E-01 8.88597E-02 6.58594E+00
1.15776E-01 2.54484E-01 3.24360E-01 4.27385E-01 4.30532E-01 5.68859E-01 6.41958E-01 3.24360E-01 2.54484E-01 1.15776E-01 6.86046E+00
1.41954E-01 2.77069E-01 3.46176E-01 4.47886E-01 4.51342E-01 5.93241E-01 6.68601E-01 3.46176E-01 2.77069E-01 1.41954E-01 7.09934E+00
1.67302E-01 2.98875E-01 3.67205E-01 4.67588E-01 4.71355E-01 6.16724E-01 6.94377E-01 3.67205E-01 2.98875E-01 1.67302E-01 7.30269E+00
1.91739E-01 3.19821E-01 3.87367E-01 4.86411E-01 4.90491E-01 6.39226E-01 7.19199E-01 3.87367E-01 3.19821E-01 1.91739E-01 7.47122E+00
2.15185E-01 3.39828E-01 4.06580E-01 5.04273E-01 5.08667E-01 6.60663E-01 7.42980E-01 4.06580E-01 3.39828E-01 2.15185E-01 7.60560E+00
2.37568E-01 3.58823E-01 4.24772E-01 5.21101E-01 5.25812E-01 6.80957E-01 7.65640E-01 4.24772E-01 3.58823E-01 2.37568E-01 7.70679E+00
2.58824E-01 3.76741E-01 4.41878E-01 5.36832E-01 5.41858E-01 7.00042E-01 7.87106E-01 4.41878E-01 3.76741E-01 2.58824E-01 7.77600E+00
2.78898E-01 3.93527E-01 4.57844E-01 5.51409E-01 5.56752E-01 7.17859E-01 8.07315E-01 4.57844E-01 3.93527E-01 2.78898E-01 7.81468E+00
2.97741E-01 4.09135E-01 4.72623E-01 5.64787E-01 5.70445E-01 7.34357E-01 8.26214E-01 4.72623E-01 4.09135E-01 2.97741E-01 7.82445E+00
3.15317E-01 4.23527E-01 4.86177E-01 5.76929E-01 5.82900E-01 7.49496E-01 8.43756E-01 4.86177E-01 4.23527E-01 3.15317E-01 7.80711E+00
3.31598E-01 4.36675E-01 4.98479E-01 5.87808E-01 5.94089E-01 7.63245E-01 8.59906E-01 4.98479E-01 4.36675E-01 3.31598E-01 7.76455E+00
3.46563E-01 4.48561E-01 5.09510E-01 5.97404E-01 6.03994E-01 7.75582E-01 8.74638E-01 5.09510E-01 4.48561E-01 3.46563E-01 7.69874E+00
3.60178E-01 4.59151E-01 5.19236E-01 6.05686E-01 6.12580E-01 7.86470E-01 8.87907E-01 5.19236E-01 4.59151E-01 3.60178E-01 7.61137E+00
3.72456E-01 4.68457E-01 5.27671E-01 6.12666E-01 6.19860E-01 7.95919E-01 8.99721E-01 5.27671E-01 4.68457E-01 3.72456E-01 7.50478E+00
0.00000E+00 0.00000E+00 7.55718E-02 1.88843E-01 1.89016E-01 2.99860E-01 3.52767E-01 7.55718E-02 0.00000E+00 0.00000E+00 2.10375E+00
0.00000E+00 1.96770E-02 9.45046E-02 2.06462E-01 2.06964E-01 3.22679E-01 3.77826E-01 9.45046E-02 1.96770E-02 0.00000E+00 2.62855E+00
0.00000E+00 4.06311E-02 1.14728E-01 2.25398E-01 2.26228E-01 3.46562E-01 4.03951E-01 1.14728E-01 4.06311E-02 0.00000E+00 3.11562E+00
0.00000E+00 6.14804E-02 1.34856E-01 2.44255E-01 2.45412E-01 3.70166E-01 4.29807E-01 1.34856E-01 6.14804E-02 0.00000E+00 3.57535E+00
0.00000E+00 8.21827E-02 1.54842E-01 2.62983E-01 2.64467E-01 3.93460E-01 4.55366E-01 1.54842E-01 8.21827E-02 0.00000E+00 4.00654E+00
0.00000E+00 1.02662E-01 1.74610E-01 2.81501E-01 2.83312E-01 4.16371E-01 4.80555E-01 1.74610E-01 1.02662E-01 0.00000E+00 4.40695E+00
0.00000E+00 1.22855E-01 1.94093E-01 2.99740E-01 3.01878E-01 4.38847E-01 5.05322E-01 1.94093E-01 1.22855E-01 0.00000E+00 4.77652E+00
0.00000E+00 1.38266E-01 2.08956E-01 3.13642E-01 3.16034E-01 4.55934E-01 5.24191E-01 2.08956E-01 1.38266E-01 0.00000E+00 5.04292E+00
4.72727E-03 1.42211E-01 2.12740E-01 3.17147E-01 3.19612E-01 4.60343E-01 5.29121E-01 2.12740E-01 1.42211E-01 4.72727E-03 5.11063E+00
2.89332E-02 1.62732E-01 2.32498E-01 3.35572E-01 3.38389E-01 4.83000E-01 5.54267E-01 2.32498E-01 1.62732E-01 2.89332E-02 5.39974E+00
5.30728E-02 1.83255E-01 2.52250E-01 3.53979E-01 3.57151E-01 5.05517E-01 5.79302E-01 2.52250E-01 1.83255E-01 5.30728E-02 5.65174E+00
7.65443E-02 2.03170E-01 2.71385E-01 3.71757E-01 3.75285E-01 5.27285E-01 6.03620E-01 2.71385E-01 2.03170E-01 7.65443E-02 5.87144E+00
9.92541E-02 2.22382E-01 2.89808E-01 3.88810E-01 3.92697E-01 5.48207E-01 6.27119E-01 2.89808E-01 2.22382E-01 9.92541E-02 6.05908E+00
1.21118E-01 2.40806E-01 3.07433E-01 4.05051E-01 4.09298E-01 5.68195E-01 6.49706E-01 3.07433E-01 2.40806E-01 1.21118E-01 6.21456E+00
1.42073E-01 2.58378E-01 3.24196E-01 4.20416E-01 4.25023E-01 5.87179E-01 6.71310E-01 3.24196E-01 2.58378E-01 1.42073E-01 6.33870E+00
1.62067E-01 2.75045E-01 3.40045E-01 4.34853E-01 4.39820E-01 6.05108E-01 6.91873E-01 3.40045E-01 2.75045E-01 1.62067E-01 6.43277E+00
1.81048E-01 2.90755E-01 3.54926E-01 4.48309E-01 4.53636E-01 6.21925E-01 7.11334E-01 3.54926E-01 2.90755E-01 1.81048E-01 6.49791E+00
1.98971E-01 3.05463E-01 3.68794E-01 4.60739E-01 4.66423E-01 6.37581E-01 7.29640E-01 3.68794E-01 3.05463E-01 1.98971E-01 6.53548E+00
2.15798E-01 3.19130E-01 3.81612E-01 4.72105E-01 4.78145E-01 6.52038E-01 7.46746E-01 3.81612E-01 3.19130E-01 2.15798E-01 6.54701E+00
2.31500E-01 3.31727E-01 3.93350E-01 4.82379E-01 4.88771E-01 6.65261E-01 7.62614E-01 3.93350E-01 3.31727E-01 2.31500E-01 6.53414E+00
2.46052E-01 3.43231E-01 4.03986E-01 4.91538E-01 4.98278E-01 6.77227E-01 7.77214E-01 4.03986E-01 3.43231E-01 2.46052E-01 6.49865E+00
2.59442E-01 3.53629E-01 4.13505E-01 4.99571E-01 5.06654E-01 6.87919E-01 7.90525E-01 4.13505E-01 3.53629E-01 2.59442E-01 6.44234E+00
2.71662E-01 3.62913E-01 4.21901E-01 5.06469E-01 5.13890E-01 6.97329E-01 8.02532E-01 4.21901E-01 3.62913E-01 2.71662E-01 6.36710E+00
2.82713E-01 3.71083E-01 4.29175E-01 5.12237E-01 5.19988E-01 7.05455E-01 8.13229E-01 4.29175E-01 3.71083E-01 2.82713E-01 6.27479E+00
2.92580E-01 3.78128E-01 4.35316E-01 5.16862E-01 5.24937E-01 7.12282E-01 8.22593E-01 4.35316E-01 3.78128E-01 2.92580E-01 6.16706E+00
3.01291E-01 3.84074E-01 4.40349E-01 5.20372E-01 5.28763E-01 7.17836E-01 8.30646E-01 4.40349E-01 3.84074E-01 3.01291E-01 6.04596E+00
0.00000E+00 0.00000E+00 7.35734E-02 1.83755E-01 1.84112E-01 3.13946E-01 3.69229E-01 7.35734E-02 0.00000E+00 0.00000E+00 2.22999E+00
0.00000E+00 1.80988E-02 9.09062E-02 1.99703E-01 2.00472E-01 3.35170E-01 3.93210E-01 9.09062E-02 1.80988E-02 0.00000E+00 2.68227E+00
0.00000E+00 3.71166E-02 1.09169E-01 2.16604E-01 2.17781E-01 3.57060E-01 4.17835E-01 1.09169E-01 3.71166E-02 0.00000E+00 3.09319E+00
0.00000E+00 5.57944E-02 1.27098E-01 2.33186E-01 2.34766E-01 3.78399E-01 4.41901E-01 1.27098E-01 5.57944E-02 0.00000E+00 3.47355E+00
0.00000E+00 7.41137E-02 1.44672E-01 2.49422E-01 2.51404E-01 3.99182E-01 4.65406E-01 1.44672E-01 7.41137E-02 0.00000E+00 3.82326E+00
0.00000E+00 9.20139E-02 1.61829E-01 2.65249E-01 2.67629E-01 4.19354E-01 4.88296E-01 1.61829E-01 9.20139E-02 0.00000E+00 4.14109E+00
0.00000E+00 1.09459E-01 1.78531E-01 2.80624E-01 2.83401E-01 4.38891E-01 5.10548E-01 1.78531E-01 1.09459E-01 0.00000E+00 4.42798E+00
0.00000E+00 1.22650E-01 1.91146E-01 2.92214E-01 2.95296E-01 4.53592E-01 5.27348E-01 1.91146E-01 1.22650E-01 0.00000E+00 4.63079E+00
4.09188E-03 1.25991E-01 1.94318E-01 2.95088E-01 2.98257E-01 4.57344E-01 5.31711E-01 1.94318E-01 1.25991E-01 4.09188E-03 4.68075E+00
2.49530E-02 1.43318E-01 2.10843E-01 3.10188E-01 3.13777E-01 4.76542E-01 5.53814E-01 2.10843E-01 1.43318E-01 2.49530E-02 4.88849E+00
4.55490E-02 1.60454E-01 2.27166E-01 3.25073E-01 3.29082E-01 4.95373E-01 5.75566E-01 2.27166E-01 1.60454E-01 4.55490E-02 5.06188E+00
6.53713E-02 1.76881E-01 2.42771E-01 3.39227E-01 3.43654E-01 5.13325E-01 5.96454E-01 2.42771E-01 1.76881E-01 6.53713E-02 5.20589E+00
8.43537E-02 1.92533E-01 2.57589E-01 3.52580E-01 3.57424E-01 5.30328E-01 6.16403E-01 2.57589E-01 1.92533E-01 8.43537E-02 5.32137E+00
1.02437E-01 2.07350E-01 2.71560E-01 3.65072E-01 3.70331E-01 5.46319E-01 6.35345E-01 2.71560E-01 2.07350E-01 1.02437E-01 5.40887E+00
1.19582E-01 2.21291E-01 2.84645E-01 3.76663E-01 3.82335E-01 5.61256E-01 6.53233E-01 2.84645E-01 2.21291E-01 1.19582E-01 5.46969E+00
1.35763E-01 2.34329E-01 2.96816E-01 3.87327E-01 3.93407E-01 5.75112E-01 6.70036E-01 2.96816E-01 2.34329E-01 1.35763E-01 5.50542E+00
1.50952E-01 2.46436E-01 3.08045E-01 3.97035E-01 4.03519E-01 5.87856E-01 6.85716E-01 3.08045E-01 2.46436E-01 1.50952E-01 5.51751E+00
1.65126E-01 2.57588E-01 3.18308E-01 4.05766E-01 4.12648E-01 5.99463E-01 7.00243E-01 3.18308E-01 2.57588E-01 1.65126E-01 5.50753E+00
1.78270E-01 2.67769E-01 3.27590E-01 4.13504E-01 4.20778E-01 6.09916E-01 7.13594E-01 3.27590E-01 2.67769E-01 1.78270E-01 5.47713E+00
1.90372E-01 2.76970E-01 3.35881E-01 4.20240E-01 4.27898E-01 6.19203E-01 7.25752E-01 3.35881E-01 2.76970E-01 1.90372E-01 5.42802E+00
2.01431E-01 2.85187E-01 3.43179E-01 4.25973E-01 4.34007E-01 6.27321E-01 7.36707E-01 3.43179E-01 2.85187E-01 2.01431E-01 5.36194E+00
2.11448E-01 2.92423E-01 3.49487E-01 4.30707E-01 4.39108E-01 6.34271E-01 7.46454E-01 3.49487E-01 2.92423E-01 2.11448E-01 5.28062E+00
2.20434E-01 2.98687E-01 3.54814E-01 4.34453E-01 4.43210E-01 6.40062E-01 7.54997E-01 3.54814E-01 2.98687E-01 2.20434E-01 5.18581E+00
2.28403E-01 3.03993E-01 3.59175E-01 4.37226E-01 4.46330E-01 6.44709E-01 7.62343E-01 3.59175E-01 3.03993E-01 2.28403E-01 5.07919E+00
2.35356E-01 3.08346E-01 3.62574E-01 4.39032E-01 4.48469E-01 6.48211E-01 7.68486E-01 3.62574E-01 3.08346E-01 2.35356E-01 4.96226E+00
2.41330E-01 3.11779E-01 3.65048E-01 4.39909E-01 4.49667E-01 6.50607E-01 7.73459E-01 3.65048E-01 3.11779E-01 2.41330E-01 4.83674E+00
0.00000E+00 0.00000E+00 7.18248E-02 1.79208E-01 1.79916E-01 3.29805E-01 3.88725E-01 7.18248E-02 0.00000E+00 0.00000E+00 2.32687E+00
0.00000E+00 1.64733E-02 8.74843E-02 1.93362E-01 1.94586E-01 3.49187E-01 4.11457E-01 8.74843E-02 1.64733E-02 0.00000E+00 2.70672E+00
0.00000E+00 3.35579E-02 1.03765E-01 2.08162E-01 2.09891E-01 3.68894E-01 4.34457E-01 1.03765E-01 3.35579E-02 0.00000E+00 3.04382E+00
0.00000E+00 5.01224E-02 1.19530E-01 2.22461E-01 2.24686E-01 3.87839E-01 4.56661E-01 1.19530E-01 5.01224E-02 0.00000E+00 3.34917E+00
0.00000E+00 6.61709E-02 1.34782E-01 2.36257E-01 2.38971E-01 4.06044E-01 4.78091E-01 1.34782E-01 6.61709E-02 0.00000E+00 3.62359E+00
0.00000E+00 8.16598E-02 1.49475E-01 2.49502E-01 2.52698E-01 4.23469E-01 4.98712E-01 1.49475E-01 8.16598E-02 0.00000E+00 3.86673E+00
0.00000E+00 9.65784E-02 1.63597E-01 2.62181E-01 2.65851E-01 4.40119E-01 5.18530E-01 1.63597E-01 9.65784E-02 0.00000E+00 4.08029E+00
0.00000E+00 1.07753E-01 1.74154E-01 2.71622E-01 2.75656E-01 4.52509E-01 5.33354E-01 1.74154E-01 1.07753E-01 0.00000E+00 4.22758E+00
3.51361E-03 1.10550E-01 1.76771E-01 2.73915E-01 2.78053E-01 4.55629E-01 5.37179E-01 1.76771E-01 1.10550E-01 3.51361E-03 4.26225E+00
2.13487E-02 1.25025E-01 1.90385E-01 2.85981E-01 2.90612E-01 4.71535E-01 5.56424E-01 1.90385E-01 1.25025E-01 2.13487E-02 4.40070E+00
3.87804E-02 1.39175E-01 2.03663E-01 2.97700E-01 3.02820E-01 4.86914E-01 5.75134E-01 2.03663E-01 1.39175E-01 3.87804E-02 4.50850E+00
5.53852E-02 1.52570E-01 2.16175E-01 3.08640E-01 3.14244E-01 5.01340E-01 5.92881E-01 2.16175E-01 1.52570E-01 5.53852E-02 4.59059E+00
7.11210E-02 1.65166E-01 2.27877E-01 3.18756E-01 3.24837E-01 5.14768E-01 6.09615E-01 2.27877E-01 1.65166E-01 7.11210E-02 4.64827E+00
8.59499E-02 1.76925E-01 2.38729E-01 3.28011E-01 3.34562E-01 5.27156E-01 6.25290E-01 2.38729E-01 1.76925E-01 8.59499E-02 4.68249E+00
9.98552E-02 1.87827E-01 2.48714E-01 3.36386E-01 3.43400E-01 5.38486E-01 6.39881E-01 2.48714E-01 1.87827E-01 9.98552E-02 4.69482E+00
1.12831E-01 1.97866E-01 2.57824E-01 3.43876E-01 3.51343E-01 5.48751E-01 6.53376E-01 2.57824E-01 1.97866E-01 1.12831E-01 4.68702E+00
1.24868E-01 2.07031E-01 2.66050E-01 3.50471E-01 3.58381E-01 5.57941E-01 6.65759E-01 2.66050E-01 2.07031E-01 1.24868E-01 4.66064E+00
1.35961E-01 2.15317E-01 2.73387E-01 3.56168E-01 3.64510E-01 5.66050E-01 6.77017E-01 2.73387E-01 2.15317E-01 1.35961E-01 4.61730E+00
1.46111E-01 2.22725E-01 2.79835E-01 3.60968E-01 3.69730E-01 5.73078E-01 6.87144E-01 2.79835E-01 2.22725E-01 1.46111E-01 4.55863E+00
1.55324E-01 2.29259E-01 2.85400E-01 3.64879E-01 3.74047E-01 5.79031E-01 6.96140E-01 2.85400E-01 2.29259E-01 1.55324E-01 4.48627E+00
1.63610E-01 2.34930E-01 2.90094E-01 3.67911E-01 3.77473E-01 5.83919E-01 7.04008E-01 2.90094E-01 2.34930E-01 1.63610E-01 4.40182E+00
1.70985E-01 2.39752E-01 2.93931E-01 3.70084E-01 3.80024E-01 5.87758E-01 7.10758E-01 2.93931E-01 2.39752E-01 1.70985E-01 4.30687E+00
1.77468E-01 2.43746E-01 2.96932E-01 3.71417E-01 3.81720E-01 5.90569E-01 7.16406E-01 2.96932E-01 2.43746E-01 1.77468E-01 4.20292E+00
1.83084E-01 2.46934E-01 2.99121E-01 3.71937E-01 3.82586E-01 5.92377E-01 7.20968E-01 2.99121E-01 2.46934E-01 1.83084E-01 4.09143E+00
1.87844E-01 2.49331E-01 3.00512E-01 3.71659E-01 3.82637E-01 5.93193E-01 7.24450E-01 3.00512E-01 2.49331E-01 1.87844E-01 3.97368E+00
1.91790E-01 2.50975E-01 3.01146E-01 3.70626E-01 3.81914E-01 5.93062E-01 7.26891E-01 3.01146E-01 2.50975E-01 1.91790E-01 3.85108E+00
0.00000E+00 0.00000E+00 7.00706E-02 1.74496E-01 1.75857E-01 3.46466E-01 4.10891E-01 7.00706E-02 0.00000E+00 0.00000E+00 2.39470E+00
0.00000E+00 1.47787E-02 8.39704E-02 1.86736E-01 1.88735E-01 3.63775E-01 4.32175E-01 8.39704E-02 1.47787E-02 0.00000E+00 2.70173E+00
0.00000E+00 2.98931E-02 9.82158E-02 1.99349E-01 2.01966E-01 3.81107E-01 4.53383E-01 9.82158E-02 2.98931E-02 0.00000E+00 2.96613E+00
0.00000E+00 4.43438E-02 1.11802E-01 2.11322E-01 2.14539E-01 3.97510E-01 4.73588E-01 1.11802E-01 4.43438E-02 0.00000E+00 3.19887E+00
0.00000E+00 5.81561E-02 1.24752E-01 2.22671E-01 2.26475E-01 4.13026E-01 4.92841E-01 1.24752E-01 5.81561E-02 0.00000E+00 3.40154E+00
0.00000E+00 7.13033E-02 1.37038E-01 2.33367E-01 2.37743E-01 4.27634E-01 5.11121E-01 1.37038E-01 7.13033E-02 0.00000E+00 3.57455E+00
0.00000E+00 8.37971E-02 1.48669E-01 2.43418E-01 2.48351E-01 4.41364E-01 5.28463E-01 1.48669E-01 8.37971E-02 0.00000E+00 3.72018E+00
0.00000E+00 9.30531E-02 1.57257E-01 2.50786E-01 2.56141E-01 4.51440E-01 5.41298E-01 1.57257E-01 9.30531E-02 0.00000E+00 3.81656E+00
2.95793E-03 9.53398E-02 1.59349E-01 2.52522E-01 2.57999E-01 4.53930E-01 5.44582E-01 1.59349E-01 9.53398E-02 2.95793E-03 3.83738E+00
1.78984E-02 1.07134E-01 1.70211E-01 2.61697E-01 2.67741E-01 4.66582E-01 5.60983E-01 1.70211E-01 1.07134E-01 1.78984E-02 3.91349E+00
3.23327E-02 1.18505E-01 1.80640E-01 2.70429E-01 2.77029E-01 4.78583E-01 5.76695E-01 1.80640E-01 1.18505E-01 3.23327E-02 3.96311E+00
4.59181E-02 1.29102E-01 1.90285E-01 2.78368E-01 2.85512E-01 4.89590E-01 5.91372E-01 1.90285E-01 1.29102E-01 4.59181E-02 3.99104E+00
5.86341E-02 1.38905E-01 1.99123E-01 2.85490E-01 2.93165E-01 4.99581E-01 6.04988E-01 1.99123E-01 1.38905E-01 5.86341E-02 3.99884E+00
7.04625E-02 1.47893E-01 2.07135E-01 2.91778E-01 2.99970E-01 5.08533E-01 6.17514E-01 2.07135E-01 1.47893E-01 7.04625E-02 3.98778E+00
8.14052E-02 1.56066E-01 2.14322E-01 2.97234E-01 3.05927E-01 5.16448E-01 6.28946E-01 2.14322E-01 1.56066E-01 8.14052E-02 3.95958E+00
9.14733E-02 1.63435E-01 2.20694E-01 3.01868E-01 3.11046E-01 5.23339E-01 6.39290E-01 2.20694E-01 1.63435E-01 9.14733E-02 3.91602E+00
1.00673E-01 1.70003E-01 2.26256E-01 3.05686E-01 3.15334E-01 5.29212E-01 6.48546E-01 2.26256E-01 1.70003E-01 1.00673E-01 3.85870E+00
1.09015E-01 1.75781E-01 2.31019E-01 3.08702E-01 3.18799E-01 5.34077E-01 6.56718E-01 2.31019E-01 1.75781E-01 1.09015E-01 3.78919E+00
1.16513E-01 1.80782E-01 2.34996E-01 3.10929E-01 3.21458E-01 5.37949E-01 6.63815E-01 2.34996E-01 1.80782E-01 1.16513E-01 3.70904E+00
1.23186E-01 1.85023E-01 2.38206E-01 3.12389E-01 3.23329E-01 5.40848E-01 6.69849E-01 2.38206E-01 1.85023E-01 1.23186E-01 3.61975E+00
1.29055E-01 1.88525E-01 2.40670E-01 3.13103E-01 3.24435E-01 5.42795E-01 6.74837E-01 2.40670E-01 1.88525E-01 1.29055E-01 3.52276E+00
1.34144E-01 1.91313E-01 2.42414E-01 3.13098E-01 3.24800E-01 5.43819E-01 6.78799E-01 2.42414E-01 1.91313E-01 1.34144E-01 3.41943E+00
1.38482E-01 1.93413E-01 2.43465E-01 3.12404E-01 3.24454E-01 5.43949E-01 6.81760E-01 2.43465E-01 1.93413E-01 1.38482E-01 3.31104E+00
1.42098E-01 1.94854E-01 2.43854E-01 3.11053E-01 3.23429E-01 5.43217E-01 6.83745E-01 2.43854E-01 1.94854E-01 1.42098E-01 3.19880E+00
1.45014E-01 1.95659E-01 2.43602E-01 3.09069E-01 3.21747E-01 5.41644E-01 6.84769E-01 2.43602E-01 1.95659E-01 1.45014E-01 3.08377E+00
1.47272E-01 1.95869E-01 2.42753E-01 3.06495E-01 3.19452E-01 5.39280E-01 6.84874E-01 2.42753E-01 1.95869E-01 1.47272E-01 2.96702E+00
0.00000E+00 0.00000E+00 6.84857E-02 1.69996E-01 1.72433E-01 3.63380E-01 4.35563E-01 6.84857E-02 0.00000E+00 0.00000E+00 2.41489E+00
0.00000E+00 1.31110E-02 8.06297E-02 1.80283E-01 1.83493E-01 3.78423E-01 4.55214E-01 8.06297E-02 1.31110E-02 0.00000E+00 2.65395E+00
0.00000E+00 2.63533E-02 9.29165E-02 1.90751E-01 1.94699E-01 3.93271E-01 4.74514E-01 9.29165E-02 2.63533E-02 0.00000E+00 2.85287E+00
0.00000E+00 3.88564E-02 1.04470E-01 2.00510E-01 2.05170E-01 4.07098E-01 4.92675E-01 1.04470E-01 3.88564E-02 0.00000E+00 3.02228E+00
0.00000E+00 5.06629E-02 1.15330E-01 2.09596E-01 2.14943E-01 4.19967E-01 5.09768E-01 1.15330E-01 5.06629E-02 0.00000E+00 3.16424E+00
0.00000E+00 6.17623E-02 1.25485E-01 2.17995E-01 2.24003E-01 4.31873E-01 5.25790E-01 1.25485E-01 6.17623E-02 0.00000E+00 3.27971E+00
0.00000E+00 7.21841E-02 1.34964E-01 2.25732E-01 2.32377E-01 4.42863E-01 5.40797E-01 1.34964E-01 7.21841E-02 0.00000E+00 3.37121E+00
0.00000E+00 7.98295E-02 1.41879E-01 2.31307E-01 2.38432E-01 4.50804E-01 5.51786E-01 1.41879E-01 7.98295E-02 0.00000E+00 3.42797E+00
2.48436E-03 8.16951E-02 1.43532E-01 2.32571E-01 2.39831E-01 4.52719E-01 5.54572E-01 1.43532E-01 8.16951E-02 2.48436E-03 3.43830E+00
1.49798E-02 9.12940E-02 1.52115E-01 2.39309E-01 2.47202E-01 4.62433E-01 5.68388E-01 1.52115E-01 9.12940E-02 1.49798E-02 3.46809E+00
2.69319E-02 1.00435E-01 1.60231E-01 2.45577E-01 2.54083E-01 4.71446E-01 5.81424E-01 1.60231E-01 1.00435E-01 2.69319E-02 3.47604E+00
3.80656E-02 1.08835E-01 1.67596E-01 2.51092E-01 2.60189E-01 4.79480E-01 5.93404E-01 1.67596E-01 1.08835E-01 3.80656E-02 3.46662E+00
4.83772E-02 1.16489E-01 1.74206E-01 2.55848E-01 2.65513E-01 4.86532E-01 6.04319E-01 1.74206E-01 1.16489E-01 4.83772E-02 3.44146E+00
5.78630E-02 1.23393E-01 1.80055E-01 2.59842E-01 2.70053E-01 4.92595E-01 6.14155E-01 1.80055E-01 1.23393E-01 5.78630E-02 3.40190E+00
6.65380E-02 1.29558E-01 1.85158E-01 2.63089E-01 2.73821E-01 4.97686E-01 6.22923E-01 1.85158E-01 1.29558E-01 6.65380E-02 3.34960E+00
7.44242E-02 1.35005E-01 1.89533E-01 2.65610E-01 2.76839E-01 5.01828E-01 6.30641E-01 1.89533E-01 1.35005E-01 7.44242E-02 3.28621E+00
8.15380E-02 1.39748E-01 1.93199E-01 2.67424E-01 2.79123E-01 5.05040E-01 6.37322E-01 1.93199E-01 1.39748E-01 8.15380E-02 3.21318E+00
8.78989E-02 1.43807E-01 1.96173E-01 2.68549E-01 2.80693E-01 5.07342E-01 6.42979E-01 1.96173E-01 1.43807E-01 8.78989E-02 3.13192E+00
9.35289E-02 1.47201E-01 1.98477E-01 2.69011E-01 2.81573E-01 5.08759E-01 6.47631E-01 1.98477E-01 1.47201E-01 9.35289E-02 3.04377E+00
9.84523E-02 1.49955E-01 2.00136E-01 2.68834E-01 2.81786E-01 5.09317E-01 6.51298E-01 2.00136E-01 1.49955E-01 9.84523E-02 2.95000E+00
1.02696E-01 1.52094E-01 2.01177E-01 2.68048E-01 2.81362E-01 5.09047E-01 6.54005E-01 2.01177E-01 1.52094E-01 1.02696E-01 2.85181E+00
1.06289E-01 1.53646E-01 2.01627E-01 2.66682E-01 2.80330E-01 5.07979E-01 6.55777E-01 2.01627E-01 1.53646E-01 1.06289E-01 2.75030E+00
1.09261E-01 1.54641E-01 2.01519E-01 2.64768E-01 2.78721E-01 5.06149E-01 6.56644E-01 2.01519E-01 1.54641E-01 1.09261E-01 2.64648E+00
1.11644E-01 1.55108E-01 2.00882E-01 2.62340E-01 2.76570E-01 5.03591E-01 6.56636E-01 2.00882E-01 1.55108E-01 1.11644E-01 2.54128E+00
1.13462E-01 1.55072E-01 1.99743E-01 2.59426E-01 2.73903E-01 5.00332E-01 6.55771E-01 1.99743E-01 1.55072E-01 1.13462E-01 2.43554E+00
1.14755E-01 1.54572E-01 1.98141E-01 2.56065E-01 2.70760E-01 4.96419E-01 6.54094E-01 1.98141E-01 1.54572E-01 1.14755E-01 2.33003E+00
0.00000E+00 0.00000E+00 6.70576E-02 1.65593E-01 1.69695E-01 3.79832E-01 4.62428E-01 6.70576E-02 0.00000E+00 0.00000E+00 2.37830E+00
0.00000E+00 1.15238E-02 7.75021E-02 1.73947E-01 1.78959E-01 3.92455E-01 4.80259E-01 7.75021E-02 1.15238E-02 0.00000E+00 2.55734E+00
0.00000E+00 2.30578E-02 8.79725E-02 1.82379E-01 1.88249E-01 4.04764E-01 4.97554E-01 8.79725E-02 2.30578E-02 0.00000E+00 2.70115E+00
0.00000E+00 3.38526E-02 9.77125E-02 1.90117E-01 1.96804E-01 4.16050E-01 5.13650E-01 9.77125E-02 3.38526E-02 0.00000E+00 2.81966E+00
0.00000E+00 4.39632E-02 1.06775E-01 1.97209E-01 2.04673E-01 4.26387E-01 5.28636E-01 1.06775E-01 4.39632E-02 0.00000E+00 2.91506E+00
0.00000E+00 5.33931E-02 1.15162E-01 2.03655E-01 2.11858E-01 4.35785E-01 5.42525E-01 1.15162E-01 5.33931E-02 0.00000E+00 2.98857E+00
0.00000E+00 6.21830E-02 1.22913E-01 2.09490E-01 2.18394E-01 4.44302E-01 5.55386E-01 1.22913E-01 6.21830E-02 0.00000E+00 3.04264E+00
0.00000E+00 6.85950E-02 1.28522E-01 2.13631E-01 2.23057E-01 4.50358E-01 5.64714E-01 1.28522E-01 6.85950E-02 0.00000E+00 3.07325E+00
2.11238E-03 7.01480E-02 1.29842E-01 2.14526E-01 2.24098E-01 4.51769E-01 5.67055E-01 1.29842E-01 7.01480E-02 2.11238E-03 3.07703E+00
1.27138E-02 7.81339E-02 1.36716E-01 2.19389E-01 2.29639E-01 4.58964E-01 5.78605E-01 1.36716E-01 7.81339E-02 1.27138E-02 3.07911E+00
2.28034E-02 8.56927E-02 1.43156E-01 2.23827E-01 2.34722E-01 4.65480E-01 5.89353E-01 1.43156E-01 8.56927E-02 2.28034E-02 3.06427E+00
3.21577E-02 9.25942E-02 1.48932E-01 2.27606E-01 2.39113E-01 4.71093E-01 5.99075E-01 1.48932E-01 9.25942E-02 3.21577E-02 3.03647E+00
4.07834E-02 9.88424E-02 1.54048E-01 2.30733E-01 2.42819E-01 4.75810E-01 6.07774E-01 1.54048E-01 9.88424E-02 4.07834E-02 2.99717E+00
4.86861E-02 1.04441E-01 1.58509E-01 2.33212E-01 2.45843E-01 4.79636E-01 6.15447E-01 1.58509E-01 1.04441E-01 4.86861E-02 2.94755E+00
5.58865E-02 1.09410E-01 1.62334E-01 2.35067E-01 2.48207E-01 4.82594E-01 6.22112E-01 1.62334E-01 1.09410E-01 5.58865E-02 2.88900E+00
6.24109E-02 1.13771E-01 1.65547E-01 2.36320E-01 2.49936E-01 4.84714E-01 6.27796E-01 1.65547E-01 1.13771E-01 6.24109E-02 2.82284E+00
6.82794E-02 1.17545E-01 1.68169E-01 2.36995E-01 2.51050E-01 4.86019E-01 6.32514E-01 1.68169E-01 1.17545E-01 6.82794E-02 2.75026E+00
7.35138E-02 1.20750E-01 1.70220E-01 2.37114E-01 2.51573E-01 4.86533E-01 6.36287E-01 1.70220E-01 1.20750E-01 7.35138E-02 2.67234E+00
7.81377E-02 1.23409E-01 1.71723E-01 2.36701E-01 2.51528E-01 4.86284E-01 6.39137E-01 1.71723E-01 1.23409E-01 7.81377E-02 2.59014E+00
8.21755E-02 1.25546E-01 1.72703E-01 2.35782E-01 2.50943E-01 4.85301E-01 6.41086E-01 1.72703E-01 1.25546E-01 8.21755E-02 2.50461E+00
8.56533E-02 1.27184E-01 1.73187E-01 2.34385E-01 2.49843E-01 4.83612E-01 6.42160E-01 1.73187E-01 1.27184E-01 8.56533E-02 2.41663E+00
8.85978E-02 1.28350E-01 1.73199E-01 2.32537E-01 2.48258E-01 4.81252E-01 6.42387E-01 1.73199E-01 1.28350E-01 8.85978E-02 2.32702E+00
9.10367E-02 1.29071E-01 1.72768E-01 2.30269E-01 2.46217E-01 4.78251E-01 6.41795E-01 1.72768E-01 1.29071E-01 9.10367E-02 2.23651E+00
9.29982E-02 1.29372E-01 1.71923E-01 2.27610E-01 2.43749E-01 4.74644E-01 6.40415E-01 1.71923E-01 1.29372E-01 9.29982E-02 2.14575E+00
9.45035E-02 1.29276E-01 1.70685E-01 2.24583E-01 2.40880E-01 4.70455E-01 6.38265E-01 1.70685E-01 1.29276E-01 9.45035E-02 2.05534E+00
9.55869E-02 1.28814E-01 1.69088E-01 2.21224E-01 2.37644E-01 4.65728E-01 6.35386E-01 1.69088E-01 1.28814E-01 9.55869E-02 1.96581E+00
0.00000E+00 0.00000E+00 6.53504E-02 1.60052E-01 1.66700E-01 3.94908E-01 4.90523E-01 6.53504E-02 0.00000E+00 0.00000E+00 2.30689E+00
0.00000E+00 9.97747E-03 7.41235E-02 1.66498E-01 1.74160E-01 4.05050E-01 5.06360E-01 7.41235E-02 9.97747E-03 0.00000E+00 2.43148E+00
0.00000E+00 1.98666E-02 8.28302E-02 1.72948E-01 1.81554E-01 4.14790E-01 5.21506E-01 8.28302E-02 1.98666E-02 0.00000E+00 2.52592E+00
0.00000E+00 2.90319E-02 9.08270E-02 1.78741E-01 1.88231E-01 4.23528E-01 5.35415E-01 9.08270E-02 2.90319E-02 0.00000E+00 2.59923E+00
0.00000E+00 3.75360E-02 9.81741E-02 1.83931E-01 1.94249E-01 4.31346E-01 5.48189E-01 9.81741E-02 3.75360E-02 0.00000E+00 2.65360E+00
0.00000E+00 4.53929E-02 1.04884E-01 1.88527E-01 1.99619E-01 4.38263E-01 5.59849E-01 1.04884E-01 4.53929E-02 0.00000E+00 2.69036E+00
0.00000E+00 5.26507E-02 1.11003E-01 1.92571E-01 2.04387E-01 4.44344E-01 5.70478E-01 1.11003E-01 5.26507E-02 0.00000E+00 2.71179E+00
0.00000E+00 5.79066E-02 1.15382E-01 1.95367E-01 2.07713E-01 4.48547E-01 5.78083E-01 1.15382E-01 5.79066E-02 0.00000E+00 2.71966E+00
1.75993E-03 5.91670E-02 1.16388E-01 1.95917E-01 2.08410E-01 4.49463E-01 5.79959E-01 1.16388E-01 5.91670E-02 1.75993E-03 2.71779E+00
1.05670E-02 6.56424E-02 1.21654E-01 1.99030E-01 2.12196E-01 4.54187E-01 5.89158E-01 1.21654E-01 6.56424E-02 1.05670E-02 2.69610E+00
1.88920E-02 7.17181E-02 1.26519E-01 2.01761E-01 2.15555E-01 4.58258E-01 5.97533E-01 1.26519E-01 7.17181E-02 1.88920E-02 2.66178E+00
2.65579E-02 7.72106E-02 1.30797E-01 2.03924E-01 2.18302E-01 4.61498E-01 6.04909E-01 1.30797E-01 7.72106E-02 2.65579E-02 2.61825E+00
3.35791E-02 8.21315E-02 1.34501E-01 2.05533E-01 2.20448E-01 4.63925E-01 6.11297E-01 1.34501E-01 8.21315E-02 3.35791E-02 2.56676E+00
3.99678E-02 8.64914E-02 1.37643E-01 2.06600E-01 2.22008E-01 4.65550E-01 6.16704E-01 1.37643E-01 8.64914E-02 3.99678E-02 2.50837E+00
4.57492E-02 9.03131E-02 1.40245E-01 2.07150E-01 2.23005E-01 4.66402E-01 6.21155E-01 1.40245E-01 9.03131E-02 4.57492E-02 2.44419E+00
5.09519E-02 9.36225E-02 1.42336E-01 2.07211E-01 2.23470E-01 4.66516E-01 6.24680E-01 1.42336E-01 9.36225E-02 5.09519E-02 2.37529E+00
5.55988E-02 9.64406E-02 1.43936E-01 2.06806E-01 2.23424E-01 4.65918E-01 6.27303E-01 1.43936E-01 9.64406E-02 5.55988E-02 2.30260E+00
5.97134E-02 9.87893E-02 1.45070E-01 2.05960E-01 2.22894E-01 4.64636E-01 6.29046E-01 1.45070E-01 9.87893E-02 5.97134E-02 2.22697E+00
6.33199E-02 1.00691E-01 1.45760E-01 2.04697E-01 2.21905E-01 4.62700E-01 6.29936E-01 1.45760E-01 1.00691E-01 6.33199E-02 2.14917E+00
6.64430E-02 1.02170E-01 1.46031E-01 2.03044E-01 2.20482E-01 4.60140E-01 6.29999E-01 1.46031E-01 1.02170E-01 6.64430E-02 2.06994E+00
6.91076E-02 1.03248E-01 1.45908E-01 2.01026E-01 2.18654E-01 4.56986E-01 6.29261E-01 1.45908E-01 1.03248E-01 6.91076E-02 1.98990E+00
7.13394E-02 1.03950E-01 1.45416E-01 1.98670E-01 2.16447E-01 4.53270E-01 6.27754E-01 1.45416E-01 1.03950E-01 7.13394E-02 1.90965E+00
7.31636E-02 1.04301E-01 1.44581E-01 1.96001E-01 2.13889E-01 4.49025E-01 6.25505E-01 1.44581E-01 1.04301E-01 7.31636E-02 1.82968E+00
7.46060E-02 1.04324E-01 1.43427E-01 1.93048E-01 2.11007E-01 4.44283E-01 6.22547E-01 1.43427E-01 1.04324E-01 7.46060E-02 1.75045E+00
7.56858E-02 1.04038E-01 1.41974E-01 1.89831E-01 2.07824E-01 4.39069E-01 6.18898E-01 1.41974E-01 1.04038E-01 7.56858E-02 1.67237E+00
7.64329E-02 1.03471E-01 1.40253E-01 1.86381E-01 2.04372E-01 4.33421E-01 6.14600E-01 1.40253E-01 1.03471E-01 7.64329E-02 1.59578E+00
0.00000E+00 0.00000E+00 6.33819E-02 1.53375E-01 1.63535E-01 4.07901E-01 5.19220E-01 6.33819E-02 0.00000E+00 0.00000E+00 2.19468E+00
0.00000E+00 8.54033E-03 7.05832E-02 1.58023E-01 1.69250E-01 4.15564E-01 5.32914E-01 7.05832E-02 8.54033E-03 0.00000E+00 2.27373E+00
0.00000E+00 1.69301E-02 7.76643E-02 1.62646E-01 1.74845E-01 4.22786E-01 5.45808E-01 7.76643E-02 1.69301E-02 0.00000E+00 2.32789E+00
0.00000E+00 2.46353E-02 8.40820E-02 1.66678E-01 1.79771E-01 4.29061E-01 5.57462E-01 8.40820E-02 2.46353E-02 0.00000E+00 2.36514E+00
0.00000E+00 3.17212E-02 8.98986E-02 1.70174E-01 1.84088E-01 4.34472E-01 5.67980E-01 8.98986E-02 3.17212E-02 0.00000E+00 2.38746E+00
0.00000E+00 3.82077E-02 9.51323E-02 1.73149E-01 1.87814E-01 4.39044E-01 5.77394E-01 9.51323E-02 3.82077E-02 0.00000E+00 2.39613E+00
0.00000E+00 4.41454E-02 9.98316E-02 1.75644E-01 1.90995E-01 4.42843E-01 5.85789E-01 9.98316E-02 4.41454E-02 0.00000E+00 2.39314E+00
0.00000E+00 4.84132E-02 1.03149E-01 1.77288E-01 1.93131E-01 4.45321E-01 5.91677E-01 1.03149E-01 4.84132E-02 0.00000E+00 2.38429E+00
1.45303E-03 4.94261E-02 1.03887E-01 1.77546E-01 1.93523E-01 4.45777E-01 5.93088E-01 1.03887E-01 4.94261E-02 1.45303E-03 2.37839E+00
8.70249E-03 5.46236E-02 1.07781E-01 1.79179E-01 1.95764E-01 4.48216E-01 5.99956E-01 1.07781E-01 5.46236E-02 8.70249E-03 2.34021E+00
1.55060E-02 5.94531E-02 1.11311E-01 1.80483E-01 1.97616E-01 4.50042E-01 6.05990E-01 1.11311E-01 5.94531E-02 1.55060E-02 2.29290E+00
2.17243E-02 6.37694E-02 1.14330E-01 1.81310E-01 1.98934E-01 4.51113E-01 6.11053E-01 1.14330E-01 6.37694E-02 2.17243E-02 2.23936E+00
2.73757E-02 6.75878E-02 1.16855E-01 1.81675E-01 1.99735E-01 4.51452E-01 6.15166E-01 1.16855E-01 6.75878E-02 2.73757E-02 2.18062E+00
3.24762E-02 7.09226E-02 1.18900E-01 1.81595E-01 2.00036E-01 4.51075E-01 6.18338E-01 1.18900E-01 7.09226E-02 3.24762E-02 2.11753E+00
3.70524E-02 7.37980E-02 1.20491E-01 1.81095E-01 1.99863E-01 4.50016E-01 6.20601E-01 1.20491E-01 7.37980E-02 3.70524E-02 2.05099E+00
4.11332E-02 7.62400E-02 1.21654E-01 1.80204E-01 1.99247E-01 4.48308E-01 6.21989E-01 1.21654E-01 7.62400E-02 4.11332E-02 1.98182E+00
4.47420E-02 7.82702E-02 1.22413E-01 1.78945E-01 1.98212E-01 4.45982E-01 6.22527E-01 1.22413E-01 7.82702E-02 4.47420E-02 1.91073E+00
4.79025E-02 7.99105E-02 1.22791E-01 1.77341E-01 1.96783E-01 4.43067E-01 6.22244E-01 1.22791E-01 7.99105E-02 4.79025E-02 1.83837E+00
5.06384E-02 8.11829E-02 1.22809E-01 1.75417E-01 1.94986E-01 4.39594E-01 6.21167E-01 1.22809E-01 8.11829E-02 5.06384E-02 1.76532E+00
5.29733E-02 8.21094E-02 1.22493E-01 1.73196E-01 1.92847E-01 4.35591E-01 6.19325E-01 1.22493E-01 8.21094E-02 5.29733E-02 1.69211E+00
5.49309E-02 8.27122E-02 1.21864E-01 1.70703E-01 1.90391E-01 4.31092E-01 6.16748E-01 1.21864E-01 8.27122E-02 5.49309E-02 1.61920E+00
5.65347E-02 8.30135E-02 1.20947E-01 1.67962E-01 1.87644E-01 4.26126E-01 6.13466E-01 1.20947E-01 8.30135E-02 5.65347E-02 1.54701E+00
5.78082E-02 8.30350E-02 1.19763E-01 1.64995E-01 1.84632E-01 4.20726E-01 6.09511E-01 1.19763E-01 8.30350E-02 5.78082E-02 1.47588E+00
5.87743E-02 8.27984E-02 1.18337E-01 1.61828E-01 1.81380E-01 4.14922E-01 6.04914E-01 1.18337E-01 8.27984E-02 5.87743E-02 1.40611E+00
5.94510E-02 8.23210E-02 1.16685E-01 1.58479E-01 1.77908E-01 4.08740E-01 5.99698E-01 1.16685E-01 8.23210E-02 5.94510E-02 1.33801E+00
5.98639E-02 8.16268E-02 1.14834E-01 1.54973E-01 1.74245E-01 4.02215E-01 5.93903E-01 1.14834E-01 8.16268E-02 5.98639E-02 1.27176E+00
0.00000E+00 0.00000E+00 6.11500E-02 1.45555E-01 1.60196E-01 4.18550E-01 5.47890E-01 6.11500E-02 0.00000E+00 0.00000E+00 2.04521E+00
0.00000E+00 7.25161E-03 6.69255E-02 1.48594E-01 1.64262E-01 4.23793E-01 5.59325E-01 6.69255E-02 7.25161E-03 0.00000E+00 2.08890E+00
0.00000E+00 1.43292E-02 7.25681E-02 1.51620E-01 1.68202E-01 4.28604E-01 5.69903E-01 7.25681E-02 1.43292E-02 0.00000E+00 2.11305E+00
0.00000E+00 2.07865E-02 7.76205E-02 1.54149E-01 1.71550E-01 4.32559E-01 5.79272E-01 7.76205E-02 2.07865E-02 0.00000E+00 2.12448E+00
0.00000E+00 2.66868E-02 8.21424E-02 1.56234E-01 1.74366E-01 4.35736E-01 5.87536E-01 8.21424E-02 2.66868E-02 0.00000E+00 2.12481E+00
0.00000E+00 3.20523E-02 8.61542E-02 1.57888E-01 1.76667E-01 4.38160E-01 5.94730E-01 8.61542E-02 3.20523E-02 0.00000E+00 2.11516E+00
0.00000E+00 3.69322E-02 8.97024E-02 1.59150E-01 1.78500E-01 4.39895E-01 6.00942E-01 8.97024E-02 3.69322E-02 0.00000E+00 2.09709E+00
0.00000E+00 4.04210E-02 9.21735E-02 1.59894E-01 1.79641E-01 4.40828E-01 6.05164E-01 9.21735E-02 4.04210E-02 0.00000E+00 2.07846E+00
1.20442E-03 4.12427E-02 9.27017E-02 1.59930E-01 1.79781E-01 4.40873E-01 6.06121E-01 9.27017E-02 4.12427E-02 1.20442E-03 2.07043E+00
7.20099E-03 4.54567E-02 9.55277E-02 1.60441E-01 1.80754E-01 4.41292E-01 6.10745E-01 9.55277E-02 4.54567E-02 7.20099E-03 2.02430E+00
1.28006E-02 4.93458E-02 9.80394E-02 1.60688E-01 1.81396E-01 4.41153E-01 6.14544E-01 9.80394E-02 4.93458E-02 1.28006E-02 1.97187E+00
1.78922E-02 5.27932E-02 1.00119E-01 1.60550E-01 1.81587E-01 4.40346E-01 6.17413E-01 1.00119E-01 5.27932E-02 1.78922E-02 1.91550E+00
2.24951E-02 5.58154E-02 1.01783E-01 1.60044E-01 1.81346E-01 4.38895E-01 6.19375E-01 1.01783E-01 5.58154E-02 2.24951E-02 1.85598E+00
2.66258E-02 5.84273E-02 1.03048E-01 1.59187E-01 1.80693E-01 4.36818E-01 6.20444E-01 1.03048E-01 5.84273E-02 2.66258E-02 1.79397E+00
3.03101E-02 6.06519E-02 1.03938E-01 1.58002E-01 1.79653E-01 4.34148E-01 6.20654E-01 1.03938E-01 6.06519E-02 3.03101E-02 1.73011E+00
3.35748E-02 6.25134E-02 1.04477E-01 1.56514E-01 1.78254E-01 4.30920E-01 6.20041E-01 1.04477E-01 6.25134E-02 3.35748E-02 1.66501E+00
3.64419E-02 6.40321E-02 1.04687E-01 1.54745E-01 1.76520E-01 4.27163E-01 6.18633E-01 1.04687E-01 6.40321E-02 3.64419E-02 1.59917E+00
3.89333E-02 6.52278E-02 1.04590E-01 1.52716E-01 1.74475E-01 4.22907E-01 6.16458E-01 1.04590E-01 6.52278E-02 3.89333E-02 1.53308E+00
4.10705E-02 6.61205E-02 1.04205E-01 1.50447E-01 1.72142E-01 4.18179E-01 6.13548E-01 1.04205E-01 6.61205E-02 4.10705E-02 1.46713E+00
4.28749E-02 6.67300E-02 1.03553E-01 1.47961E-01 1.69545E-01 4.13011E-01 6.09932E-01 1.03553E-01 6.67300E-02 4.28749E-02 1.40171E+00
4.43678E-02 6.70759E-02 1.02656E-01 1.45277E-01 1.66708E-01 4.07432E-01 6.05640E-01 1.02656E-01 6.70759E-02 4.43678E-02 1.33713E+00
4.55698E-02 6.71775E-02 1.01533E-01 1.42416E-01 1.63653E-01 4.01472E-01 6.00706E-01 1.01533E-01 6.71775E-02 4.55698E-02 1.27368E+00
4.65014E-02 6.70537E-02 1.00205E-01 1.39398E-01 1.60403E-01 3.95160E-01 5.95161E-01 1.00205E-01 6.70537E-02 4.65014E-02 1.21160E+00
4.71826E-02 6.67232E-02 9.86907E-02 1.36243E-01 1.56981E-01 3.88527E-01 5.89037E-01 9.86907E-02 6.67232E-02 4.71826E-02 1.15110E+00
4.76291E-02 6.62011E-02 9.70065E-02 1.32967E-01 1.53404E-01 3.81596E-01 5.82358E-01 9.70065E-02 6.62011E-02 4.76291E-02 1.09237E+00
4.78628E-02 6.55074E-02 9.51731E-02 1.29591E-01 1.49698E-01 3.74400E-01 5.75165E-01 9.51731E-02 6.55074E-02 4.78628E-02 1.03554E+00
0.00000E+00 0.00000E+00 5.85173E-02 1.36300E-01 1.56287E-01 4.26901E-01 5.75834E-01 5.85173E-02 0.00000E+00 0.00000E+00 1.87751E+00
0.00000E+00 6.09417E-03 6.30091E-02 1.37952E-01 1.58797E-01 4.29833E-01 5.84927E-01 6.30091E-02 6.09417E-03 0.00000E+00 1.89390E+00
0.00000E+00 1.20025E-02 6.73683E-02 1.39616E-01 1.61194E-01 4.32362E-01 5.93130E-01 6.73683E-02 1.20025E-02 0.00000E+00 1.89531E+00
0.00000E+00 1.73550E-02 7.12119E-02 1.40878E-01 1.63083E-01 4.34129E-01 6.00166E-01 7.12119E-02 1.73550E-02 0.00000E+00 1.88744E+00
0.00000E+00 2.22111E-02 7.45950E-02 1.41782E-01 1.64519E-01 4.35208E-01 6.06138E-01 7.45950E-02 2.22111E-02 0.00000E+00 1.87156E+00
0.00000E+00 2.65933E-02 7.75381E-02 1.42343E-01 1.65522E-01 4.35621E-01 6.11081E-01 7.75381E-02 2.65933E-02 0.00000E+00 1.84860E+00
0.00000E+00 3.05482E-02 8.00840E-02 1.42593E-01 1.66132E-01 4.35430E-01 6.15083E-01 8.00840E-02 3.05482E-02 0.00000E+00 1.81977E+00
0.00000E+00 3.33568E-02 8.18203E-02 1.42604E-01 1.66374E-01 4.34923E-01 6.17619E-01 8.18203E-02 3.33568E-02 0.00000E+00 1.79426E+00
9.85028E-04 3.40120E-02 8.21673E-02 1.42461E-01 1.66286E-01 4.34584E-01 6.18115E-01 8.21673E-02 3.40120E-02 9.85028E-04 1.78481E+00
5.87652E-03 3.73687E-02 8.40700E-02 1.42067E-01 1.66121E-01 4.33123E-01 6.20470E-01 8.40700E-02 3.73687E-02 5.87652E-03 1.73375E+00
1.04152E-02 4.04381E-02 8.57038E-02 1.41468E-01 1.65679E-01 4.31162E-01 6.22013E-01 8.57038E-02 4.04381E-02 1.04152E-02 1.67855E+00
1.45142E-02 4.31282E-02 8.69750E-02 1.40566E-01 1.64865E-01 4.28613E-01 6.22667E-01 8.69750E-02 4.31282E-02 1.45142E-02 1.62114E+00
1.81930E-02 4.54556E-02 8.79011E-02 1.39378E-01 1.63701E-01 4.25502E-01 6.22458E-01 8.79011E-02 4.54556E-02 1.81930E-02 1.56210E+00
2.14686E-02 4.74357E-02 8.84982E-02 1.37919E-01 1.62205E-01 4.21850E-01 6.21404E-01 8.84982E-02 4.74357E-02 2.14686E-02 1.50193E+00
2.43652E-02 4.90902E-02 8.87887E-02 1.36212E-01 1.60403E-01 4.17690E-01 6.19540E-01 8.87887E-02 4.90902E-02 2.43652E-02 1.44112E+00
2.69080E-02 5.04417E-02 8.87959E-02 1.34278E-01 1.58319E-01 4.13056E-01 6.16906E-01 8.87959E-02 5.04417E-02 2.69080E-02 1.38010E+00
2.91177E-02 5.15091E-02 8.85395E-02 1.32136E-01 1.55978E-01 4.07977E-01 6.13531E-01 8.85395E-02 5.15091E-02 2.91177E-02 1.31925E+00
3.10146E-02 5.23109E-02 8.80388E-02 1.29805E-01 1.53401E-01 4.02482E-01 6.09448E-01 8.80388E-02 5.23109E-02 3.10146E-02 1.25891E+00
3.26185E-02 5.28654E-02 8.73130E-02 1.27304E-01 1.50611E-01 3.96600E-01 6.04688E-01 8.73130E-02 5.28654E-02 3.26185E-02 1.19936E+00
3.39491E-02 5.31906E-02 8.63808E-02 1.24652E-01 1.47629E-01 3.90360E-01 5.99284E-01 8.63808E-02 5.31906E-02 3.39491E-02 1.14088E+00
3.50254E-02 5.33040E-02 8.52607E-02 1.21865E-01 1.44476E-01 3.83792E-01 5.93269E-01 8.52607E-02 5.33040E-02 3.50254E-02 1.08368E+00
3.58660E-02 5.32229E-02 8.39705E-02 1.18962E-01 1.41173E-01 3.76923E-01 5.86676E-01 8.39705E-02 5.32229E-02 3.58660E-02 1.02796E+00
3.64891E-02 5.29640E-02 8.25276E-02 1.15960E-01 1.37741E-01 3.69783E-01 5.79539E-01 8.25276E-02 5.29640E-02 3.64891E-02 9.73878E-01
3.69123E-02 5.25435E-02 8.09491E-02 1.12874E-01 1.34197E-01 3.62399E-01 5.71891E-01 8.09491E-02 5.25435E-02 3.69123E-02 9.21552E-01
3.71496E-02 5.19748E-02 7.92492E-02 1.09719E-01 1.30561E-01 3.54796E-01 5.63760E-01 7.92492E-02 5.19748E-02 3.71496E-02 8.71120E-01
3.72197E-02 5.12751E-02 7.74453E-02 1.06511E-01 1.26851E-01 3.47004E-01 5.55185E-01 7.74453E-02 5.12751E-02 3.72197E-02 8.22638E-01
0.00000E+00 0.00000E+00 5.55329E-02 1.25948E-01 1.51717E-01 4.32734E-01 6.02522E-01 5.55329E-02 0.00000E+00 0.00000E+00 1.69486E+00
0.00000E+00 5.09857E-03 5.89197E-02 1.26484E-01 1.52809E-01 4.33489E-01 6.09209E-01 5.89197E-02 5.09857E-03 0.00000E+00 1.69271E+00
0.00000E+00 1.00162E-02 6.21917E-02 1.27067E-01 1.53823E-01 4.33894E-01 6.15006E-01 6.21917E-02 1.00162E-02 0.00000E+00 1.67942E+00
0.00000E+00 1.44465E-02 6.50274E-02 1.27345E-01 1.54427E-01 4.33644E-01 6.19695E-01 6.50274E-02 1.44465E-02 0.00000E+00 1.65965E+00
0.00000E+00 1.84427E-02 6.74751E-02 1.27351E-01 1.54665E-01 4.32801E-01 6.23373E-01 6.74751E-02 1.84427E-02 0.00000E+00 1.63434E+00
0.00000E+00 2.20262E-02 6.95536E-02 1.27099E-01 1.54555E-01 4.31389E-01 6.26076E-01 6.95536E-02 2.20262E-02 0.00000E+00 1.60417E+00
0.00000E+00 2.52391E-02 7.13004E-02 1.26612E-01 1.54134E-01 4.29459E-01 6.27887E-01 7.13004E-02 2.52391E-02 0.00000E+00 1.57006E+00
2.77556E-17 2.75077E-02 7.24577E-02 1.26099E-01 1.53626E-01 4.27661E-01 6.28760E-01 7.24577E-02 2.75077E-02 2.77556E-17 1.54155E+00
8.06835E-04 2.80324E-02 7.26642E-02 1.25833E-01 1.53350E-01 4.26977E-01 6.28797E-01 7.26642E-02 2.80324E-02 8.06835E-04 1.53168E+00
4.80447E-03 3.07185E-02 7.38524E-02 1.24812E-01 1.52252E-01 4.23840E-01 6.28919E-01 7.38524E-02 3.07185E-02 4.80447E-03 1.48002E+00
8.49335E-03 3.31544E-02 7.48169E-02 1.23641E-01 1.50936E-01 4.20266E-01 6.28254E-01 7.48169E-02 3.31544E-02 8.49335E-03 1.42575E+00
1.18049E-02 3.52668E-02 7.54824E-02 1.22241E-01 1.49327E-01 4.16185E-01 6.26744E-01 7.54824E-02 3.52668E-02 1.18049E-02 1.37042E+00
1.47578E-02 3.70718E-02 7.58655E-02 1.20624E-01 1.47444E-01 4.11623E-01 6.24420E-01 7.58655E-02 3.70718E-02 1.47578E-02 1.31446E+00
1.73681E-02 3.85838E-02 7.59814E-02 1.18807E-01 1.45305E-01 4.06603E-01 6.21302E-01 7.59814E-02 3.85838E-02 1.73681E-02 1.25824E+00
1.96582E-02 3.98230E-02 7.58506E-02 1.16807E-01 1.42934E-01 4.01155E-01 6.17427E-01 7.58506E-02 3.98230E-02 1.96582E-02 1.20213E+00
2.16509E-02 4.08096E-02 7.54936E-02 1.14643E-01 1.40354E-01 3.95314E-01 6.12837E-01 7.54936E-02 4.08096E-02 2.16509E-02 1.14643E+00
2.33649E-02 4.15609E-02 7.49284E-02 1.12332E-01 1.37585E-01 3.89107E-01 6.07564E-01 7.49284E-02 4.15609E-02 2.33649E-02 1.09142E+00
2.48189E-02 4.20936E-02 7.41721E-02 1.09890E-01 1.34649E-01 3.82562E-01 6.01643E-01 7.41721E-02 4.20936E-02 2.48189E-02 1.03734E+00
2.60306E-02 4.24241E-02 7.32418E-02 1.07332E-01 1.31565E-01 3.75709E-01 5.95107E-01 7.32418E-02 4.24241E-02 2.60306E-02 9.84408E-01
2.70175E-02 4.25685E-02 7.21539E-02 1.04675E-01 1.28351E-01 3.68575E-01 5.87991E-01 7.21539E-02 4.25685E-02 2.70175E-02 9.32802E-01
2.77967E-02 4.25422E-02 7.09247E-02 1.01933E-01 1.25028E-01 3.61189E-01 5.80329E-01 7.09247E-02 4.25422E-02 2.77967E-02 8.82682E-01
2.83845E-02 4.23606E-02 6.95696E-02 9.91202E-02 1.21612E-01 3.53577E-01 5.72157E-01 6.95696E-02 4.23606E-02 2.83845E-02 8.34175E-01
2.87970E-02 4.20380E-02 6.81037E-02 9.62508E-02 1.18120E-01 3.45768E-01 5.63510E-01 6.81037E-02 4.20380E-02 2.87970E-02 7.87382E-01
2.90494E-02 4.15887E-02 6.65413E-02 9.33381E-02 1.14571E-01 3.37786E-01 5.54423E-01 6.65413E-02 4.15887E-02 2.90494E-02 7.42382E-01
2.91540E-02 4.10243E-02 6.48951E-02 9.03943E-02 1.10978E-01 3.29657E-01 5.44925E-01 6.48951E-02 4.10243E-02 2.91540E-02 6.99263E-01
2.91270E-02 4.03594E-02 6.31793E-02 8.74320E-02 1.07358E-01 3.21408E-01 5.35056E-01 6.31793E-02 4.03594E-02 2.91270E-02 6.58040E-01
0.00000E+00 0.00000E+00 5.22024E-02 1.14785E-01 1.46227E-01 4.36246E-01 6.27537E-01 5.22024E-02 0.00000E+00 0.00000E+00 1.51013E+00
0.00000E+00 4.25146E-03 5.46583E-02 1.14481E-01 1.46048E-01 4.34966E-01 6.31770E-01 5.46583E-02 4.25146E-03 0.00000E+00 1.49627E+00
0.00000E+00 8.33316E-03 5.70233E-02 1.14259E-01 1.45843E-01 4.33400E-01 6.35135E-01 5.70233E-02 8.33316E-03 0.00000E+00 1.47423E+00
0.00000E+00 1.19915E-02 5.90269E-02 1.13816E-01 1.45325E-01 4.31287E-01 6.37459E-01 5.90269E-02 1.19915E-02 0.00000E+00 1.44777E+00
0.00000E+00 1.52733E-02 6.07100E-02 1.13176E-01 1.44530E-01 4.28679E-01 6.38832E-01 6.07100E-02 1.52733E-02 0.00000E+00 1.41754E+00
0.00000E+00 1.81982E-02 6.20890E-02 1.12350E-01 1.43474E-01 4.25595E-01 6.39289E-01 6.20890E-02 1.81982E-02 0.00000E+00 1.38406E+00
0.00000E+00 2.08033E-02 6.31958E-02 1.11355E-01 1.42186E-01 4.22082E-01 6.38911E-01 6.31958E-02 2.08033E-02 0.00000E+00 1.34798E+00
0.00000E+00 2.26321E-02 6.38933E-02 1.10486E-01 1.41054E-01 4.19110E-01 6.38124E-01 6.38933E-02 2.26321E-02 0.00000E+00 1.31869E+00
6.59356E-04 2.30513E-02 6.39898E-02 1.10141E-01 1.40623E-01 4.18112E-01 6.37702E-01 6.39898E-02 2.30513E-02 6.59356E-04 1.30894E+00
3.91888E-03 2.51956E-02 6.46184E-02 1.08711E-01 1.38762E-01 4.13461E-01 6.35601E-01 6.46184E-02 2.51956E-02 3.91888E-03 1.25892E+00
6.90979E-03 2.71229E-02 6.50642E-02 1.07178E-01 1.36742E-01 4.08436E-01 6.32746E-01 6.50642E-02 2.71229E-02 6.90979E-03 1.20734E+00
9.57819E-03 2.87752E-02 6.52671E-02 1.05474E-01 1.34503E-01 4.02983E-01 6.29097E-01 6.52671E-02 2.87752E-02 9.57819E-03 1.15544E+00
1.19415E-02 3.01674E-02 6.52420E-02 1.03613E-01 1.32062E-01 3.97128E-01 6.24685E-01 6.52420E-02 3.01674E-02 1.19415E-02 1.10355E+00
1.40147E-02 3.13132E-02 6.50031E-02 1.01607E-01 1.29436E-01 3.90894E-01 6.19536E-01 6.50031E-02 3.13132E-02 1.40147E-02 1.05196E+00
1.58181E-02 3.22306E-02 6.45685E-02 9.94723E-02 1.26647E-01 3.84311E-01 6.13688E-01 6.45685E-02 3.22306E-02 1.58181E-02 1.00093E+00
1.73721E-02 3.29381E-02 6.39566E-02 9.72239E-02 1.23714E-01 3.77411E-01 6.07185E-01 6.39566E-02 3.29381E-02 1.73721E-02 9.50686E-01
1.86939E-02 3.34511E-02 6.31830E-02 9.48759E-02 1.20656E-01 3.70222E-01 6.00062E-01 6.31830E-02 3.34511E-02 1.86939E-02 9.01443E-01
1.98001E-02 3.37847E-02 6.22631E-02 9.24420E-02 1.17490E-01 3.62771E-01 5.92355E-01 6.22631E-02 3.37847E-02 1.98001E-02 8.53378E-01
2.07066E-02 3.39535E-02 6.12117E-02 8.99354E-02 1.14234E-01 3.55085E-01 5.84100E-01 6.12117E-02 3.39535E-02 2.07066E-02 8.06647E-01
2.14290E-02 3.39718E-02 6.00433E-02 8.73688E-02 1.10905E-01 3.47193E-01 5.75335E-01 6.00433E-02 3.39718E-02 2.14290E-02 7.61382E-01
2.19823E-02 3.38532E-02 5.87718E-02 8.47547E-02 1.07518E-01 3.39121E-01 5.66095E-01 5.87718E-02 3.38532E-02 2.19823E-02 7.17690E-01
2.23811E-02 3.36111E-02 5.74104E-02 8.21049E-02 1.04089E-01 3.30894E-01 5.56417E-01 5.74104E-02 3.36111E-02 2.23811E-02 6.75655E-01
2.26391E-02 3.32581E-02 5.59721E-02 7.94307E-02 1.00632E-01 3.22539E-01 5.46339E-01 5.59721E-02 3.32581E-02 2.26391E-02 6.35340E-01
2.27697E-02 3.28065E-02 5.44689E-02 7.67426E-02 9.71600E-02 3.14080E-01 5.35897E-01 5.44689E-02 3.28065E-02 2.27697E-02 5.96787E-01
2.27838E-02 3.22663E-02 5.29116E-02 7.40510E-02 9.36869E-02 3.05541E-01 5.25121E-01 5.29116E-02 3.22663E-02 2.27838E-02 5.60051E-01
2.26948E-02 3.16499E-02 5.13120E-02 7.13655E-02 9.02248E-02 2.96946E-01 5.14052E-01 5.13120E-02 3.16499E-02 2.26948E-02 5.25119E-01
0.00000E+00 0.00000E+00 4.86021E-02 1.03366E-01 1.39645E-01 4.37498E-01 6.50478E-01 4.86021E-02 0.00000E+00 0.00000E+00 1.33214E+00
0.00000E+00 3.54671E-03 5.02999E-02 1.02480E-01 1.38374E-01 4.34330E-01 6.52219E-01 5.02999E-02 3.54671E-03 0.00000E+00 1.31203E+00
0.00000E+00 6.93776E-03 5.19328E-02 1.01703E-01 1.37136E-01 4.30952E-01 6.53132E-01 5.19328E-02 6.93776E-03 0.00000E+00 1.28585E+00
0.00000E+00 9.96263E-03 5.32716E-02 1.00773E-01 1.35682E-01 4.27133E-01 6.53077E-01 5.32716E-02 9.96263E-03 0.00000E+00 1.25663E+00
0.00000E+00 1.26621E-02 5.43500E-02 9.97087E-02 1.34037E-01 4.22914E-01 6.52140E-01 5.43500E-02 1.26621E-02 0.00000E+00 1.22483E+00
0.00000E+00 1.50536E-02 5.51820E-02 9.85150E-02 1.32215E-01 4.18315E-01 6.50354E-01 5.51820E-02 1.50536E-02 0.00000E+00 1.19081E+00
0.00000E+00 1.71697E-02 5.57941E-02 9.72049E-02 1.30235E-01 4.13370E-01 6.47796E-01 5.57941E-02 1.71697E-02 0.00000E+00 1.15506E+00
0.00000E+00 1.86465E-02 5.61396E-02 9.61232E-02 1.28613E-01 4.09342E-01 6.45359E-01 5.61396E-02 1.86465E-02 0.00000E+00 1.12651E+00
5.39561E-04 1.89820E-02 5.61535E-02 9.57359E-02 1.28063E-01 4.08062E-01 6.44479E-01 5.61535E-02 1.89820E-02 5.39561E-04 1.11724E+00
3.20088E-03 2.06961E-02 5.63608E-02 9.40761E-02 1.25616E-01 4.02055E-01 6.40177E-01 5.63608E-02 2.06961E-02 3.20088E-03 1.07026E+00
5.62917E-03 2.22225E-02 5.64216E-02 9.23488E-02 1.23068E-01 3.95739E-01 6.35164E-01 5.64216E-02 2.22225E-02 5.62917E-03 1.02238E+00
7.78205E-03 2.35150E-02 5.62872E-02 9.04991E-02 1.20368E-01 3.89073E-01 6.29413E-01 5.62872E-02 2.35150E-02 7.78205E-03 9.74615E-01
9.67551E-03 2.45874E-02 5.59713E-02 8.85375E-02 1.17533E-01 3.82082E-01 6.22958E-01 5.59713E-02 2.45874E-02 9.67551E-03 9.27231E-01
1.13235E-02 2.54524E-02 5.54865E-02 8.64750E-02 1.14577E-01 3.74787E-01 6.15827E-01 5.54865E-02 2.54524E-02 1.13235E-02 8.80458E-01
1.27441E-02 2.61263E-02 5.48489E-02 8.43246E-02 1.11518E-01 3.67220E-01 6.08063E-01 5.48489E-02 2.61263E-02 1.27441E-02 8.34505E-01
1.39559E-02 2.66256E-02 5.40744E-02 8.20992E-02 1.08374E-01 3.59410E-01 5.99710E-01 5.40744E-02 2.66256E-02 1.39559E-02 7.89548E-01
1.49740E-02 2.69640E-02 5.31768E-02 7.98106E-02 1.05160E-01 3.51383E-01 5.90806E-01 5.31768E-02 2.69640E-02 1.49740E-02 7.45750E-01
1.58134E-02 2.71552E-02 5.21695E-02 7.74701E-02 1.01891E-01 3.43168E-01 5.81390E-01 5.21695E-02 2.71552E-02 1.58134E-02 7.03249E-01
1.64884E-02 2.72122E-02 5.10654E-02 7.50886E-02 9.85813E-02 3.34790E-01 5.71499E-01 5.10654E-02 2.72122E-02 1.64884E-02 6.62164E-01
1.70127E-02 2.71476E-02 4.98768E-02 7.26768E-02 9.52454E-02 3.26275E-01 5.61173E-01 4.98768E-02 2.71476E-02 1.70127E-02 6.22590E-01
1.73995E-02 2.69733E-02 4.86158E-02 7.02448E-02 9.18959E-02 3.17648E-01 5.50450E-01 4.86158E-02 2.69733E-02 1.73995E-02 5.84602E-01
1.76616E-02 2.67012E-02 4.72937E-02 6.78021E-02 8.85453E-02 3.08934E-01 5.39368E-01 4.72937E-02 2.67012E-02 1.76616E-02 5.48253E-01
1.78110E-02 2.63420E-02 4.59211E-02 6.53580E-02 8.52050E-02 3.00158E-01 5.27964E-01 4.59211E-02 2.63420E-02 1.78110E-02 5.13579E-01
1.78592E-02 2.59064E-02 4.45084E-02 6.29208E-02 8.18860E-02 2.91342E-01 5.16277E-01 4.45084E-02 2.59064E-02 1.78592E-02 4.80597E-01
1.78156E-02 2.54032E-02 4.30644E-02 6.04989E-02 7.85988E-02 2.82509E-01 5.04339E-01 4.30644E-02 2.54032E-02 1.78156E-02 4.49336E-01
1.76917E-02 2.48427E-02 4.15989E-02 5.80998E-02 7.53526E-02 2.73680E-01 4.92191E-01 4.15989E-02 2.48427E-02 1.76917E-02 4.19765E-01
0.00000E+00 0.00000E+00 4.47510E-02 9.19546E-02 1.31801E-01 4.36536E-01 6.71281E-01 4.47510E-02 0.00000E+00 0.00000E+00 1.16486E+00
0.00000E+00 2.96577E-03 4.58474E-02 9.07092E-02 1.29626E-01 4.31610E-01 6.70459E-01 4.58474E-02 2.96577E-03 0.00000E+00 1.14264E+00
0.00000E+00 5.79034E-03 4.69036E-02 8.95907E-02 1.27548E-01 4.26555E-01 6.68869E-01 4.69036E-02 5.79034E-03 0.00000E+00 1.11570E+00
0.00000E+00 8.29832E-03 4.77243E-02 8.83717E-02 1.25344E-01 4.21164E-01 6.66395E-01 4.77243E-02 8.29832E-03 0.00000E+00 1.08654E+00
0.00000E+00 1.05250E-02 4.83367E-02 8.70642E-02 1.23032E-01 4.15470E-01 6.63115E-01 4.83367E-02 1.05250E-02 0.00000E+00 1.05546E+00
0.00000E+00 1.24857E-02 4.87524E-02 8.56714E-02 1.20619E-01 4.09486E-01 6.59061E-01 4.87524E-02 1.24857E-02 0.00000E+00 1.02276E+00
0.00000E+00 1.42090E-02 4.89927E-02 8.42015E-02 1.18119E-01 4.03242E-01 6.54307E-01 4.89927E-02 1.42090E-02 0.00000E+00 9.88812E-01
0.00000E+00 1.54043E-02 4.90769E-02 8.30192E-02 1.16136E-01 3.98259E-01 6.50216E-01 4.90769E-02 1.54043E-02 0.00000E+00 9.61929E-01
4.42507E-04 1.56733E-02 4.90312E-02 8.26182E-02 1.15501E-01 3.96724E-01 6.48875E-01 4.90312E-02 1.56733E-02 4.42507E-04 9.53326E-01
2.62015E-03 1.70461E-02 4.89324E-02 8.08685E-02 1.12638E-01 3.89498E-01 6.42373E-01 4.89324E-02 1.70461E-02 2.62015E-03 9.10117E-01
4.59576E-03 1.82562E-02 4.87183E-02 7.90781E-02 1.09727E-01 3.82032E-01 6.35214E-01 4.87183E-02 1.82562E-02 4.59576E-03 8.66387E-01
6.33606E-03 1.92672E-02 4.83495E-02 7.72016E-02 1.06727E-01 3.74291E-01 6.27382E-01 4.83495E-02 1.92672E-02 6.33606E-03 8.22997E-01
7.85566E-03 2.00917E-02 4.78379E-02 7.52476E-02 1.03649E-01 3.66300E-01 6.18913E-01 4.78379E-02 2.00917E-02 7.85566E-03 7.80168E-01
9.16735E-03 2.07415E-02 4.71951E-02 7.32256E-02 1.00508E-01 3.58081E-01 6.09841E-01 4.71951E-02 2.07415E-02 9.16735E-03 7.38104E-01
1.02875E-02 2.12311E-02 4.64349E-02 7.11465E-02 9.73178E-02 3.49664E-01 6.00209E-01 4.64349E-02 2.12311E-02 1.02875E-02 6.96984E-01
1.12326E-02 2.15754E-02 4.55711E-02 6.90211E-02 9.40921E-02 3.41077E-01 5.90063E-01 4.55711E-02 2.15754E-02 1.12326E-02 6.56955E-01
1.20162E-02 2.17868E-02 4.46157E-02 6.68590E-02 9.08438E-02 3.32345E-01 5.79444E-01 4.46157E-02 2.17868E-02 1.20162E-02 6.18153E-01
1.26518E-02 2.18773E-02 4.35804E-02 6.46698E-02 8.75851E-02 3.23495E-01 5.68393E-01 4.35804E-02 2.18773E-02 1.26518E-02 5.80690E-01
1.31519E-02 2.18586E-02 4.24761E-02 6.24626E-02 8.43277E-02 3.14551E-01 5.56949E-01 4.24761E-02 2.18586E-02 1.31519E-02 5.44658E-01
1.35289E-02 2.17418E-02 4.13135E-02 6.02461E-02 8.10824E-02 3.05538E-01 5.45153E-01 4.13135E-02 2.17418E-02 1.35289E-02 5.10131E-01
1.37942E-02 2.15376E-02 4.01027E-02 5.80285E-02 7.78594E-02 2.96479E-01 5.33044E-01 4.01027E-02 2.15376E-02 1.37942E-02 4.77158E-01
1.39591E-02 2.12559E-02 3.88533E-02 5.58178E-02 7.46684E-02 2.87399E-01 5.20661E-01 3.88533E-02 2.12559E-02 1.39591E-02 4.45772E-01
1.40338E-02 2.09064E-02 3.75740E-02 5.36210E-02 7.15180E-02 2.78318E-01 5.08043E-01 3.75740E-02 2.09064E-02 1.40338E-02 4.15987E-01
1.40284E-02 2.04981E-02 3.62733E-02 5.14451E-02 6.84163E-02 2.69258E-01 4.95229E-01 3.62733E-02 2.04981E-02 1.40284E-02 3.87801E-01
1.39510E-02 2.00385E-02 3.49588E-02 4.92968E-02 6.53715E-02 2.60240E-01 4.82252E-01 3.49588E-02 2.00385E-02 1.39510E-02 3.61228E-01
1.38113E-02 1.95364E-02 3.36381E-02 4.71816E-02 6.23899E-02 2.51284E-01 4.69151E-01 3.36381E-02 1.95364E-02 1.38113E-02 3.36220E-01
0.00000E+00 0.00000E+00 4.07731E-02 8.11617E-02 1.22704E-01 4.33528E-01 6.89579E-01 4.07731E-02 0.00000E+00 0.00000E+00 1.01538E+00
0.00000E+00 2.48848E-03 4.14054E-02 7.97198E-02 1.19838E-01 4.26974E-01 6.86131E-01 4.14054E-02 2.48848E-03 0.00000E+00 9.93311E-01
0.00000E+00 4.84798E-03 4.20180E-02 7.84113E-02 1.17129E-01 4.20376E-01 6.81994E-01 4.20180E-02 4.84798E-03 0.00000E+00 9.67314E-01
0.00000E+00 6.93208E-03 4.24434E-02 7.70393E-02 1.14374E-01 4.13544E-01 6.77066E-01 4.24434E-02 6.93208E-03 0.00000E+00 9.39462E-01
0.00000E+00 8.77161E-03 4.27037E-02 7.56114E-02 1.11583E-01 4.06502E-01 6.71420E-01 4.27037E-02 8.77161E-03 0.00000E+00 9.10030E-01
0.00000E+00 1.03802E-02 4.28081E-02 7.41293E-02 1.08760E-01 3.99262E-01 6.65088E-01 4.28081E-02 1.03802E-02 0.00000E+00 8.79281E-01
0.00000E+00 1.17833E-02 4.27741E-02 7.25981E-02 1.05911E-01 3.91844E-01 6.58137E-01 4.27741E-02 1.17833E-02 0.00000E+00 8.47548E-01
0.00000E+00 1.27497E-02 4.26679E-02 7.13848E-02 1.03694E-01 3.86003E-01 6.52396E-01 4.26679E-02 1.27497E-02 0.00000E+00 8.22528E-01
3.63116E-04 1.29648E-02 4.25802E-02 7.09870E-02 1.03008E-01 3.84239E-01 6.50596E-01 4.25802E-02 1.29648E-02 3.63116E-04 8.14608E-01
2.14560E-03 1.40612E-02 4.22637E-02 6.92306E-02 9.98920E-02 3.75927E-01 6.41915E-01 4.22637E-02 1.40612E-02 2.14560E-03 7.75081E-01
3.75250E-03 1.50163E-02 4.18581E-02 6.74527E-02 9.67762E-02 3.67442E-01 6.32643E-01 4.18581E-02 1.50163E-02 3.75250E-03 7.35272E-01
5.15796E-03 1.58016E-02 4.13312E-02 6.56157E-02 9.36234E-02 3.58758E-01 6.22774E-01 4.13312E-02 1.58016E-02 5.15796E-03 6.95925E-01
6.37543E-03 1.64287E-02 4.06938E-02 6.37269E-02 9.04437E-02 3.49898E-01 6.12348E-01 4.06938E-02 1.64287E-02 6.37543E-03 6.57246E-01
7.41669E-03 1.69086E-02 3.99561E-02 6.17948E-02 8.72480E-02 3.40886E-01 6.01400E-01 3.99561E-02 1.69086E-02 7.41669E-03 6.19425E-01
8.29655E-03 1.72544E-02 3.91303E-02 5.98285E-02 8.40479E-02 3.31748E-01 5.89976E-01 3.91303E-02 1.72544E-02 8.29655E-03 5.82623E-01
9.02969E-03 1.74795E-02 3.82281E-02 5.78371E-02 8.08537E-02 3.22512E-01 5.78124E-01 3.82281E-02 1.74795E-02 9.02969E-03 5.46969E-01
9.62849E-03 1.75950E-02 3.72601E-02 5.58287E-02 7.76755E-02 3.13200E-01 5.65887E-01 3.72601E-02 1.75950E-02 9.62849E-03 5.12579E-01
1.01048E-02 1.76118E-02 3.62360E-02 5.38115E-02 7.45226E-02 3.03839E-01 5.53305E-01 3.62360E-02 1.76118E-02 1.01048E-02 4.79546E-01
1.04699E-02 1.75402E-02 3.51655E-02 5.17930E-02 7.14037E-02 2.94451E-01 5.40421E-01 3.51655E-02 1.75402E-02 1.04699E-02 4.47942E-01
1.07346E-02 1.73899E-02 3.40574E-02 4.97804E-02 6.83272E-02 2.85060E-01 5.27275E-01 3.40574E-02 1.73899E-02 1.07346E-02 4.17818E-01
1.09091E-02 1.71704E-02 3.29202E-02 4.77805E-02 6.53004E-02 2.75686E-01 5.13909E-01 3.29202E-02 1.71704E-02 1.09091E-02 3.89207E-01
1.10030E-02 1.68904E-02 3.17619E-02 4.57996E-02 6.23303E-02 2.66352E-01 5.00360E-01 3.17619E-02 1.68904E-02 1.10030E-02 3.62121E-01
1.10253E-02 1.65581E-02 3.05897E-02 4.38435E-02 5.94229E-02 2.57077E-01 4.86669E-01 3.05897E-02 1.65581E-02 1.10253E-02 3.36557E-01
1.09846E-02 1.61811E-02 2.94104E-02 4.19175E-02 5.65838E-02 2.47880E-01 4.72872E-01 2.94104E-02 1.61811E-02 1.09846E-02 3.12499E-01
1.08879E-02 1.57662E-02 2.82304E-02 4.00271E-02 5.38191E-02 2.38781E-01 4.59005E-01 2.82304E-02 1.57662E-02 1.08879E-02 2.89941E-01
1.07433E-02 1.53204E-02 2.70552E-02 3.81763E-02 5.11322E-02 2.29797E-01 4.45104E-01 2.70552E-02 1.53204E-02 1.07433E-02 2.68827E-01
0.00000E+00 0.00000E+00 3.67357E-02 7.11725E-02 1.12506E-01 4.28496E-01 7.05059E-01 3.67357E-02 0.00000E+00 0.00000E+00 8.84807E-01
0.00000E+00 2.10146E-03 3.70264E-02 6.96580E-02 1.09167E-01 4.20439E-01 6.98920E-01 3.70264E-02 2.10146E-03 0.00000E+00 8.64312E-01
0.00000E+00 4.08393E-03 3.73133E-02 6.82749E-02 1.06036E-01 4.12428E-01 6.92193E-01 3.73133E-02 4.08393E-03 0.00000E+00 8.40232E-01
0.00000E+00 5.82469E-03 3.74518E-02 6.68525E-02 1.02927E-01 4.04283E-01 6.84784E-01 3.74518E-02 5.82469E-03 0.00000E+00 8.14380E-01
0.00000E+00 7.35108E-03 3.74598E-02 6.53959E-02 9.98429E-02 3.96020E-01 6.76758E-01 3.74598E-02 7.35108E-03 0.00000E+00 7.87045E-01
0.00000E+00 8.67562E-03 3.73450E-02 6.39059E-02 9.67844E-02 3.87648E-01 6.68146E-01 3.73450E-02 8.67562E-03 0.00000E+00 7.58503E-01
0.00000E+00 9.82114E-03 3.71217E-02 6.23859E-02 9.37511E-02 3.79182E-01 6.59011E-01 3.71217E-02 9.82114E-03 0.00000E+00 7.29092E-01
0.00000E+00 1.06039E-02 3.68866E-02 6.11925E-02 9.14204E-02 3.72579E-01 6.51638E-01 3.68866E-02 1.06039E-02 0.00000E+00 7.05944E-01
2.99064E-04 1.07760E-02 3.67723E-02 6.08099E-02 9.07151E-02 3.70612E-01 6.49384E-01 3.67723E-02 1.07760E-02 2.99064E-04 6.98674E-01
1.76322E-03 1.16519E-02 3.63147E-02 5.91071E-02 8.75020E-02 3.61344E-01 6.38562E-01 3.63147E-02 1.16519E-02 1.76322E-03 6.62576E-01
3.07426E-03 1.24049E-02 3.57894E-02 5.73958E-02 8.43276E-02 3.51974E-01 6.27232E-01 3.57894E-02 1.24049E-02 3.07426E-03 6.26344E-01
4.21228E-03 1.30125E-02 3.51702E-02 5.56451E-02 8.11597E-02 3.42479E-01 6.15392E-01 3.51702E-02 1.30125E-02 4.21228E-03 5.90643E-01
5.18972E-03 1.34858E-02 3.44666E-02 5.38615E-02 7.80054E-02 3.32883E-01 6.03086E-01 3.44666E-02 1.34858E-02 5.18972E-03 5.55673E-01
6.01751E-03 1.38349E-02 3.36879E-02 5.20526E-02 7.48736E-02 3.23208E-01 5.90351E-01 3.36879E-02 1.38349E-02 6.01751E-03 5.21620E-01
6.70908E-03 1.40718E-02 3.28445E-02 5.02263E-02 7.17726E-02 3.13479E-01 5.77235E-01 3.28445E-02 1.40718E-02 6.70908E-03 4.88636E-01
7.27762E-03 1.42084E-02 3.19466E-02 4.83902E-02 6.87096E-02 3.03721E-01 5.63787E-01 3.19466E-02 1.42084E-02 7.27762E-03 4.56834E-01
7.73428E-03 1.42548E-02 3.10032E-02 4.65515E-02 6.56920E-02 2.93958E-01 5.50050E-01 3.10032E-02 1.42548E-02 7.73428E-03 4.26316E-01
8.08966E-03 1.42209E-02 3.00227E-02 4.47169E-02 6.27265E-02 2.84210E-01 5.36066E-01 3.00227E-02 1.42209E-02 8.08966E-03 3.97157E-01
8.35380E-03 1.41156E-02 2.90131E-02 4.28928E-02 5.98192E-02 2.74501E-01 5.21878E-01 2.90131E-02 1.41156E-02 8.35380E-03 3.69411E-01
8.53620E-03 1.39476E-02 2.79821E-02 4.10852E-02 5.69759E-02 2.64850E-01 5.07526E-01 2.79821E-02 1.39476E-02 8.53620E-03 3.43113E-01
8.64578E-03 1.37252E-02 2.69366E-02 3.92996E-02 5.42014E-02 2.55279E-01 4.93050E-01 2.69366E-02 1.37252E-02 8.64578E-03 3.18275E-01
8.69092E-03 1.34558E-02 2.58830E-02 3.75411E-02 5.15004E-02 2.45805E-01 4.78491E-01 2.58830E-02 1.34558E-02 8.69092E-03 2.94895E-01
8.67941E-03 1.31466E-02 2.48272E-02 3.58143E-02 4.88765E-02 2.36445E-01 4.63884E-01 2.48272E-02 1.31466E-02 8.67941E-03 2.72954E-01
8.61851E-03 1.28041E-02 2.37747E-02 3.41233E-02 4.63330E-02 2.27218E-01 4.49267E-01 2.37747E-02 1.28041E-02 8.61851E-03 2.52421E-01
8.51426E-03 1.24338E-02 2.27306E-02 3.24724E-02 4.38740E-02 2.18140E-01 4.34674E-01 2.27306E-02 1.24338E-02 8.51426E-03 2.33278E-01
8.37345E-03 1.20418E-02 2.16991E-02 3.08646E-02 4.15008E-02 2.09224E-01 4.20141E-01 2.16991E-02 1.20418E-02 8.37345E-03 2.15460E-01
0.00000E+00 0.00000E+00 3.27302E-02 6.22077E-02 1.01444E-01 4.21577E-01 7.17454E-01 3.27302E-02 0.00000E+00 0.00000E+00 7.73982E-01
0.00000E+00 1.78150E-03 3.27754E-02 6.06859E-02 9.78448E-02 4.12130E-01 7.08562E-01 3.27754E-02 1.78150E-03 0.00000E+00 7.55207E-01
0.00000E+00 3.45164E-03 3.28275E-02 5.92881E-02 9.44912E-02 4.02822E-01 6.99207E-01 3.28275E-02 3.45164E-03 0.00000E+00 7.32969E-01
0.00000E+00 4.90769E-03 3.27616E-02 5.78668E-02 9.12139E-02 3.93479E-01 6.89296E-01 3.27616E-02 4.90769E-03 0.00000E+00 7.08926E-01
0.00000E+00 6.17446E-03 3.25926E-02 5.64258E-02 8.80088E-02 3.84110E-01 6.78886E-01 3.25926E-02 6.17446E-03 0.00000E+00 6.83416E-01
0.00000E+00 7.26375E-03 3.23272E-02 5.49659E-02 8.48735E-02 3.74722E-01 6.68007E-01 3.23272E-02 7.26375E-03 0.00000E+00 6.56756E-01
0.00000E+00 8.19643E-03 3.19775E-02 5.34895E-02 8.18027E-02 3.65322E-01 6.56716E-01 3.19775E-02 8.19643E-03 0.00000E+00 6.29313E-01
2.77556E-17 8.82785E-03 3.16587E-02 5.23381E-02 7.94658E-02 3.58045E-01 6.47742E-01 3.16587E-02 8.82785E-03 2.77556E-17 6.07753E-01
2.46176E-04 8.96467E-03 3.15290E-02 5.19752E-02 7.87695E-02 3.55900E-01 6.45044E-01 3.15290E-02 8.96467E-03 2.46176E-04 6.01034E-01
1.44783E-03 9.65983E-03 3.09858E-02 5.03500E-02 7.55931E-02 3.45800E-01 6.32140E-01 3.09858E-02 9.65983E-03 1.44783E-03 5.67848E-01
2.51573E-03 1.02479E-02 3.03922E-02 4.87260E-02 7.24850E-02 3.35669E-01 6.18826E-01 3.03922E-02 1.02479E-02 2.51573E-03 5.34671E-01
3.43489E-03 1.07119E-02 2.97273E-02 4.70779E-02 6.94166E-02 3.25489E-01 6.05103E-01 2.97273E-02 1.07119E-02 3.43489E-03 5.02104E-01
4.21690E-03 1.10619E-02 2.89992E-02 4.54117E-02 6.63926E-02 3.15280E-01 5.91017E-01 2.89992E-02 1.10619E-02 4.21690E-03 4.70344E-01
4.87194E-03 1.13074E-02 2.82164E-02 4.37342E-02 6.34196E-02 3.05066E-01 5.76609E-01 2.82164E-02 1.13074E-02 4.87194E-03 4.39572E-01
5.41223E-03 1.14595E-02 2.73880E-02 4.20525E-02 6.05030E-02 2.94870E-01 5.61926E-01 2.73880E-02 1.14595E-02 5.41223E-03 4.09924E-01
5.84964E-03 1.15288E-02 2.65225E-02 4.03729E-02 5.76476E-02 2.84713E-01 5.47015E-01 2.65225E-02 1.15288E-02 5.84964E-03 3.81500E-01
6.19419E-03 1.15245E-02 2.56277E-02 3.87017E-02 5.48581E-02 2.74617E-01 5.31921E-01 2.56277E-02 1.15245E-02 6.19419E-03 3.54381E-01
6.45537E-03 1.14551E-02 2.47108E-02 3.70445E-02 5.21389E-02 2.64602E-01 5.16686E-01 2.47108E-02 1.14551E-02 6.45537E-03 3.28626E-01
6.64207E-03 1.13289E-02 2.37785E-02 3.54067E-02 4.94939E-02 2.54687E-01 5.01351E-01 2.37785E-02 1.13289E-02 6.64207E-03 3.04269E-01
6.76262E-03 1.11534E-02 2.28369E-02 3.37932E-02 4.69266E-02 2.44891E-01 4.85956E-01 2.28369E-02 1.11534E-02 6.76262E-03 2.81325E-01
6.82483E-03 1.09356E-02 2.18918E-02 3.22085E-02 4.44397E-02 2.35231E-01 4.70540E-01 2.18918E-02 1.09356E-02 6.82483E-03 2.59789E-01
6.83590E-03 1.06820E-02 2.09485E-02 3.06565E-02 4.20357E-02 2.25723E-01 4.55141E-01 2.09485E-02 1.06820E-02 6.83590E-03 2.39642E-01
6.80253E-03 1.03988E-02 2.00114E-02 2.91408E-02 3.97164E-02 2.16383E-01 4.39794E-01 2.00114E-02 1.03988E-02 6.80253E-03 2.20851E-01
6.73086E-03 1.00912E-02 1.90850E-02 2.76644E-02 3.74832E-02 2.07223E-01 4.24532E-01 1.90850E-02 1.00912E-02 6.73086E-03 2.03371E-01
6.62602E-03 9.76423E-03 1.81730E-02 2.62308E-02 3.53384E-02 1.98259E-01 4.09391E-01 1.81730E-02 9.76423E-03 6.62602E-03 1.87174E-01
6.49365E-03 9.42256E-03 1.72789E-02 2.48418E-02 3.32817E-02 1.89502E-01 3.94401E-01 1.72789E-02 9.42256E-03 6.49365E-03 1.72183E-01
0.00000E+00 0.00000E+00 2.88301E-02 5.42551E-02 8.98955E-02 4.12828E-01 7.26358E-01 2.88301E-02 0.00000E+00 0.00000E+00 6.81579E-01
0.00000E+00 1.51663E-03 2.87092E-02 5.27644E-02 8.62306E-02 4.02101E-01 7.14679E-01 2.87092E-02 1.51663E-03 0.00000E+00 6.64196E-01
0.00000E+00 2.92794E-03 2.86018E-02 5.13883E-02 8.28348E-02 3.91611E-01 7.02690E-01 2.86018E-02 2.92794E-03 0.00000E+00 6.43392E-01
0.00000E+00 4.14813E-03 2.83999E-02 4.99992E-02 7.95532E-02 3.81186E-01 6.90289E-01 2.83999E-02 4.14813E-03 0.00000E+00 6.20732E-01
0.00000E+00 5.20014E-03 2.81164E-02 4.86006E-02 7.63773E-02 3.70828E-01 6.77525E-01 2.81164E-02 5.20014E-03 0.00000E+00 5.96624E-01
0.00000E+00 6.09540E-03 2.77573E-02 4.71937E-02 7.33026E-02 3.60540E-01 6.64428E-01 2.77573E-02 6.09540E-03 0.00000E+00 5.71438E-01
0.00000E+00 6.85323E-03 2.73328E-02 4.57805E-02 7.03197E-02 3.50324E-01 6.51043E-01 2.73328E-02 6.85323E-03 0.00000E+00 5.45574E-01
0.00000E+00 7.36088E-03 2.69675E-02 4.46843E-02 6.80666E-02 3.42466E-01 6.40525E-01 2.69675E-02 7.36088E-03 0.00000E+00 5.25312E-01
2.02722E-04 7.46896E-03 2.68315E-02 4.43436E-02 6.74030E-02 3.40168E-01 6.37401E-01 2.68315E-02 7.46896E-03 2.02722E-04 5.19052E-01
1.18910E-03 8.01741E-03 2.62482E-02 4.28101E-02 6.43743E-02 3.29361E-01 6.22512E-01 2.62482E-02 8.01741E-03 1.18910E-03 4.88303E-01
2.05855E-03 8.47279E-03 2.56285E-02 4.12854E-02 6.14343E-02 3.18596E-01 6.07324E-01 2.56285E-02 8.47279E-03 2.05855E-03 4.57723E-01
2.80010E-03 8.82220E-03 2.49554E-02 3.97490E-02 5.85571E-02 3.07857E-01 5.91844E-01 2.49554E-02 8.82220E-03 2.80010E-03 4.27855E-01
3.42458E-03 9.07534E-03 2.42364E-02 3.82064E-02 5.57455E-02 2.97164E-01 5.76114E-01 2.42364E-02 9.07534E-03 3.42458E-03 3.98887E-01
3.94149E-03 9.24096E-03 2.34789E-02 3.66637E-02 5.30039E-02 2.86537E-01 5.60178E-01 2.34789E-02 9.24096E-03 3.94149E-03 3.70988E-01
4.36193E-03 9.32909E-03 2.26908E-02 3.51271E-02 5.03357E-02 2.75998E-01 5.44083E-01 2.26908E-02 9.32909E-03 4.36193E-03 3.44278E-01
4.69657E-03 9.34934E-03 2.18794E-02 3.36021E-02 4.77431E-02 2.65566E-01 5.27874E-01 2.18794E-02 9.34934E-03 4.69657E-03 3.18836E-01
4.95442E-03 9.30991E-03 2.10512E-02 3.20939E-02 4.52289E-02 2.55259E-01 5.11594E-01 2.10512E-02 9.30991E-03 4.95442E-03 2.94723E-01
5.14391E-03 9.21843E-03 2.02123E-02 3.06072E-02 4.27954E-02 2.45094E-01 4.95283E-01 2.02123E-02 9.21843E-03 5.14391E-03 2.71975E-01
5.27289E-03 9.08203E-03 1.93681E-02 2.91465E-02 4.04446E-02 2.35090E-01 4.78982E-01 1.93681E-02 9.08203E-03 5.27289E-03 2.50605E-01
5.34864E-03 8.90731E-03 1.85238E-02 2.77157E-02 3.81782E-02 2.25260E-01 4.62729E-01 1.85238E-02 8.90731E-03 5.34864E-03 2.30610E-01
5.37791E-03 8.70031E-03 1.76839E-02 2.63183E-02 3.59971E-02 2.15620E-01 4.46559E-01 1.76839E-02 8.70031E-03 5.37791E-03 2.11966E-01
5.36689E-03 8.46661E-03 1.68524E-02 2.49572E-02 3.39023E-02 2.06183E-01 4.30508E-01 1.68524E-02 8.46661E-03 5.36689E-03 1.94639E-01
5.32128E-03 8.21125E-03 1.60331E-02 2.36352E-02 3.18939E-02 1.96960E-01 4.14608E-01 1.60331E-02 8.21125E-03 5.32128E-03 1.78582E-01
5.24623E-03 7.93880E-03 1.52290E-02 2.23543E-02 2.99718E-02 1.87962E-01 3.98890E-01 1.52290E-02 7.93880E-03 5.24623E-03 1.63740E-01
5.14608E-03 7.65321E-03 1.44432E-02 2.11171E-02 2.81372E-02 1.79203E-01 3.83386E-01 1.44432E-02 7.65321E-03 5.14608E-03 1.50071E-01
5.02544E-03 7.35839E-03 1.36780E-02 1.99247E-02 2.63882E-02 1.70688E-01 3.68121E-01 1.36780E-02 7.35839E-03 5.02544E-03 1.37497E-01
0.00000E+00 0.00000E+00 2.51024E-02 4.72580E-02 7.82540E-02 4.02321E-01 7.31427E-01 2.51024E-02 0.00000E+00 0.00000E+00 6.05662E-01
0.00000E+00 1.29412E-03 2.48772E-02 4.58146E-02 7.46881E-02 3.90425E-01 7.16966E-01 2.48772E-02 1.29412E-03 0.00000E+00 5.88951E-01
0.00000E+00 2.48808E-03 2.46685E-02 4.44764E-02 7.14003E-02 3.78867E-01 7.02373E-01 2.46685E-02 2.48808E-03 0.00000E+00 5.68901E-01
0.00000E+00 3.51052E-03 2.43834E-02 4.31336E-02 6.82499E-02 3.67475E-01 6.87534E-01 2.43834E-02 3.51052E-03 0.00000E+00 5.47018E-01
0.00000E+00 4.38303E-03 2.40333E-02 4.17894E-02 6.52254E-02 3.56244E-01 6.72485E-01 2.40333E-02 4.38303E-03 0.00000E+00 5.23778E-01
0.00000E+00 5.11685E-03 2.36239E-02 4.04456E-02 6.23207E-02 3.45175E-01 6.57253E-01 2.36239E-02 5.11685E-03 0.00000E+00 4.99598E-01
0.00000E+00 5.73003E-03 2.31642E-02 3.91040E-02 5.95241E-02 3.34261E-01 6.41874E-01 2.31642E-02 5.73003E-03 0.00000E+00 4.74902E-01
0.00000E+00 6.13584E-03 2.27807E-02 3.80684E-02 5.74244E-02 3.25913E-01 6.29898E-01 2.27807E-02 6.13584E-03 0.00000E+00 4.55652E-01
1.66736E-04 6.22048E-03 2.26453E-02 3.77505E-02 5.68114E-02 3.23489E-01 6.26375E-01 2.26453E-02 6.22048E-03 1.66736E-04 4.49763E-01
9.75252E-04 6.64944E-03 2.20559E-02 3.63139E-02 5.40141E-02 3.12102E-01 6.09633E-01 2.20559E-02 6.64944E-03 9.75252E-04 4.21026E-01
1.68169E-03 6.99782E-03 2.14412E-02 3.48928E-02 5.13169E-02 3.00833E-01 5.92718E-01 2.14412E-02 6.99782E-03 1.68169E-03 3.92650E-01
2.27835E-03 7.25617E-03 2.07877E-02 3.34703E-02 4.86965E-02 2.89664E-01 5.75636E-01 2.07877E-02 7.25617E-03 2.27835E-03 3.65117E-01
2.77532E-03 7.43356E-03 2.01019E-02 3.20516E-02 4.61541E-02 2.78613E-01 5.58430E-01 2.01019E-02 7.43356E-03 2.77532E-03 3.38600E-01
3.18145E-03 7.53810E-03 1.93904E-02 3.06421E-02 4.36925E-02 2.67700E-01 5.41142E-01 1.93904E-02 7.53810E-03 3.18145E-03 3.13248E-01
3.50680E-03 7.57890E-03 1.86599E-02 2.92472E-02 4.13130E-02 2.56943E-01 5.23818E-01 1.86599E-02 7.57890E-03 3.50680E-03 2.89156E-01
3.76093E-03 7.56452E-03 1.79168E-02 2.78715E-02 3.90162E-02 2.46357E-01 5.06499E-01 1.79168E-02 7.56452E-03 3.76093E-03 2.66377E-01
3.95188E-03 7.50223E-03 1.71663E-02 2.65191E-02 3.68031E-02 2.35958E-01 4.89226E-01 1.71663E-02 7.50223E-03 3.95188E-03 2.44948E-01
4.08710E-03 7.39877E-03 1.64135E-02 2.51941E-02 3.46746E-02 2.25760E-01 4.72036E-01 1.64135E-02 7.39877E-03 4.08710E-03 2.24881E-01
4.17346E-03 7.26033E-03 1.56628E-02 2.38998E-02 3.26311E-02 2.15778E-01 4.54968E-01 1.56628E-02 7.26033E-03 4.17346E-03 2.06168E-01
4.21729E-03 7.09258E-03 1.49184E-02 2.26392E-02 3.06728E-02 2.06022E-01 4.38054E-01 1.49184E-02 7.09258E-03 4.21729E-03 1.88784E-01
4.22438E-03 6.90067E-03 1.41837E-02 2.14151E-02 2.87995E-02 1.96506E-01 4.21330E-01 1.41837E-02 6.90067E-03 4.22438E-03 1.72689E-01
4.20000E-03 6.68928E-03 1.34620E-02 2.02295E-02 2.70106E-02 1.87237E-01 4.04824E-01 1.34620E-02 6.68928E-03 4.20000E-03 1.57835E-01
4.14894E-03 6.46261E-03 1.27558E-02 1.90841E-02 2.53054E-02 1.78226E-01 3.88567E-01 1.27558E-02 6.46261E-03 4.14894E-03 1.44161E-01
4.07550E-03 6.22440E-03 1.20676E-02 1.79804E-02 2.36827E-02 1.69478E-01 3.72584E-01 1.20676E-02 6.22440E-03 4.07550E-03 1.31604E-01
3.98329E-03 5.97790E-03 1.13995E-02 1.69201E-02 2.21424E-02 1.61005E-01 3.56905E-01 1.13995E-02 5.97790E-03 3.98329E-03 1.20114E-01
3.87606E-03 5.72620E-03 1.07531E-02 1.59035E-02 2.06821E-02 1.52808E-01 3.41549E-01 1.07531E-02 5.72620E-03 3.87606E-03 1.09608E-01
0.00000E+00 0.00000E+00 2.16374E-02 4.11347E-02 6.70523E-02 3.90247E-01 7.32348E-01 2.16374E-02 0.00000E+00 0.00000E+00 5.43940E-01
0.00000E+00 1.10501E-03 2.13534E-02 3.97427E-02 6.37085E-02 3.77303E-01 7.15188E-01 2.13534E-02 1.10501E-03 0.00000E+00 5.27034E-01
0.00000E+00 2.11481E-03 2.10866E-02 3.84486E-02 6.06387E-02 3.64801E-01 6.98095E-01 2.10866E-02 2.11481E-03 0.00000E+00 5.07001E-01
0.00000E+00 2.97046E-03 2.07573E-02 3.71575E-02 5.77160E-02 3.52569E-01 6.80937E-01 2.07573E-02 2.97046E-03 0.00000E+00 4.85289E-01
0.00000E+00 3.69242E-03 2.03759E-02 3.58728E-02 5.49276E-02 3.40592E-01 6.63737E-01 2.03759E-02 3.69242E-03 0.00000E+00 4.62418E-01
0.00000E+00 4.29179E-03 1.99481E-02 3.45964E-02 5.22667E-02 3.28868E-01 6.46519E-01 1.99481E-02 4.29179E-03 0.00000E+00 4.38839E-01
0.00000E+00 4.78548E-03 1.94818E-02 3.33300E-02 4.97205E-02 3.17383E-01 6.29305E-01 1.94818E-02 4.78548E-03 0.00000E+00 4.14976E-01
0.00000E+00 5.10780E-03 1.91002E-02 3.23576E-02 4.78180E-02 3.08644E-01 6.15999E-01 1.91002E-02 5.10780E-03 0.00000E+00 3.96515E-01
1.36894E-04 5.17341E-03 1.89702E-02 3.20623E-02 4.72663E-02 3.06121E-01 6.12114E-01 1.89702E-02 5.17341E-03 1.36894E-04 3.90932E-01
7.98334E-04 5.50570E-03 1.83988E-02 3.07243E-02 4.47504E-02 2.94289E-01 5.93708E-01 1.83988E-02 5.50570E-03 7.98334E-04 3.63884E-01
1.37093E-03 5.76860E-03 1.78108E-02 2.94077E-02 4.23382E-02 2.82648E-01 5.75263E-01 1.78108E-02 5.76860E-03 1.37093E-03 3.37417E-01
1.84958E-03 5.95544E-03 1.71953E-02 2.80989E-02 4.00091E-02 2.71181E-01 5.56784E-01 1.71953E-02 5.95544E-03 1.84958E-03 3.11948E-01
2.24365E-03 6.07460E-03 1.65582E-02 2.68022E-02 3.77629E-02 2.59903E-01 5.38311E-01 1.65582E-02 6.07460E-03 2.24365E-03 2.87623E-01
2.56131E-03 6.13357E-03 1.59053E-02 2.55227E-02 3.56012E-02 2.48832E-01 5.19886E-01 1.59053E-02 6.13357E-03 2.56131E-03 2.64563E-01
2.81162E-03 6.14053E-03 1.52424E-02 2.42645E-02 3.35240E-02 2.37981E-01 5.01549E-01 1.52424E-02 6.14053E-03 2.81162E-03 2.42833E-01
3.00311E-03 6.10305E-03 1.45746E-02 2.30314E-02 3.15306E-02 2.27362E-01 4.83339E-01 1.45746E-02 6.10305E-03 3.00311E-03 2.22455E-01
3.14288E-03 6.02753E-03 1.39063E-02 2.18268E-02 2.96207E-02 2.16986E-01 4.65291E-01 1.39063E-02 6.02753E-03 3.14288E-03 2.03439E-01
3.23749E-03 5.91983E-03 1.32417E-02 2.06536E-02 2.77940E-02 2.06867E-01 4.47440E-01 1.32417E-02 5.91983E-03 3.23749E-03 1.85773E-01
3.29290E-03 5.78529E-03 1.25844E-02 1.95145E-02 2.60500E-02 1.97012E-01 4.29820E-01 1.25844E-02 5.78529E-03 3.29290E-03 1.69426E-01
3.31455E-03 5.62872E-03 1.19374E-02 1.84115E-02 2.43878E-02 1.87432E-01 4.12459E-01 1.19374E-02 5.62872E-03 3.31455E-03 1.54355E-01
3.30738E-03 5.45447E-03 1.13035E-02 1.73465E-02 2.28063E-02 1.78133E-01 3.95388E-01 1.13035E-02 5.45447E-03 3.30738E-03 1.40504E-01
3.27582E-03 5.26640E-03 1.06851E-02 1.63209E-02 2.13041E-02 1.69123E-01 3.78632E-01 1.06851E-02 5.26640E-03 3.27582E-03 1.27810E-01
3.22387E-03 5.06797E-03 1.00840E-02 1.53356E-02 1.98796E-02 1.60405E-01 3.62214E-01 1.00840E-02 5.06797E-03 3.22387E-03 1.16206E-01
3.15510E-03 4.86221E-03 9.50199E-03 1.43913E-02 1.85310E-02 1.51984E-01 3.46157E-01 9.50199E-03 4.86221E-03 3.15510E-03 1.05620E-01
3.07247E-03 4.65175E-03 8.94056E-03 1.34891E-02 1.72576E-02 1.43867E-01 3.30486E-01 8.94056E-03 4.65175E-03 3.07247E-03 9.59957E-02
2.97900E-03 4.43899E-03 8.40054E-03 1.26286E-02 1.60563E-02 1.36053E-01 3.15215E-01 8.40054E-03 4.43899E-03 2.97900E-03 8.72488E-02
0.00000E+00 0.00000E+00 1.84060E-02 3.56283E-02 5.64017E-02 3.76397E-01 7.28920E-01 1.84060E-02 0.00000E+00 0.00000E+00 4.92465E-01
0.00000E+00 9.39679E-04 1.80963E-02 3.42939E-02 5.33681E-02 3.62515E-01 7.09149E-01 1.80963E-02 9.39679E-04 0.00000E+00 4.74607E-01
0.00000E+00 1.78949E-03 1.78029E-02 3.30520E-02 5.05934E-02 3.49187E-01 6.89665E-01 1.78029E-02 1.78949E-03 0.00000E+00 4.53994E-01
0.00000E+00 2.50132E-03 1.74582E-02 3.18208E-02 4.79653E-02 3.36233E-01 6.70313E-01 1.74582E-02 2.50132E-03 0.00000E+00 4.31999E-01
0.00000E+00 3.09453E-03 1.70717E-02 3.06033E-02 4.54706E-02 3.23632E-01 6.51102E-01 1.70717E-02 3.09453E-03 0.00000E+00 4.09158E-01
0.00000E+00 3.58003E-03 1.66491E-02 2.94018E-02 4.31024E-02 3.11377E-01 6.32049E-01 1.66491E-02 3.58003E-03 0.00000E+00 3.85928E-01
0.00000E+00 3.97361E-03 1.61975E-02 2.82174E-02 4.08478E-02 2.99445E-01 6.13162E-01 1.61975E-02 3.97361E-03 0.00000E+00 3.62713E-01
0.00000E+00 4.22666E-03 1.58329E-02 2.73127E-02 3.91702E-02 2.90410E-01 5.98657E-01 1.58329E-02 4.22666E-03 0.00000E+00 3.44924E-01
1.11699E-04 4.27672E-03 1.57118E-02 2.70409E-02 3.86864E-02 2.87815E-01 5.94449E-01 1.57118E-02 4.27672E-03 1.11699E-04 3.39614E-01
6.49384E-04 4.53013E-03 1.51760E-02 2.58067E-02 3.64817E-02 2.75670E-01 5.74569E-01 1.51760E-02 4.53013E-03 6.49384E-04 3.14086E-01
1.11032E-03 4.72441E-03 1.46304E-02 2.45991E-02 3.43784E-02 2.63789E-01 5.54793E-01 1.46304E-02 4.72441E-03 1.11032E-03 2.89376E-01
1.49146E-03 4.85507E-03 1.40664E-02 2.34071E-02 3.23583E-02 2.52155E-01 5.35121E-01 1.40664E-02 4.85507E-03 1.49146E-03 2.65831E-01
1.80141E-03 4.92979E-03 1.34891E-02 2.22343E-02 3.04206E-02 2.40778E-01 5.15591E-01 1.34891E-02 4.92979E-03 1.80141E-03 2.43560E-01
2.04763E-03 4.95538E-03 1.29036E-02 2.10848E-02 2.85658E-02 2.29674E-01 4.96241E-01 1.29036E-02 4.95538E-03 2.04763E-03 2.22648E-01
2.23821E-03 4.93908E-03 1.23147E-02 1.99620E-02 2.67929E-02 2.18852E-01 4.77107E-01 1.23147E-02 4.93908E-03 2.23821E-03 2.03124E-01
2.38064E-03 4.88750E-03 1.17266E-02 1.88687E-02 2.51004E-02 2.08318E-01 4.58220E-01 1.17266E-02 4.88750E-03 2.38064E-03 1.84978E-01
2.48117E-03 4.80622E-03 1.11429E-02 1.78073E-02 2.34871E-02 1.98081E-01 4.39612E-01 1.11429E-02 4.80622E-03 2.48117E-03 1.68193E-01
2.54547E-03 4.70025E-03 1.05668E-02 1.67801E-02 2.19522E-02 1.88149E-01 4.21313E-01 1.05668E-02 4.70025E-03 2.54547E-03 1.52730E-01
2.57866E-03 4.57412E-03 1.00012E-02 1.57887E-02 2.04941E-02 1.78527E-01 4.03350E-01 1.00012E-02 4.57412E-03 2.57866E-03 1.38539E-01
2.58536E-03 4.43185E-03 9.44848E-03 1.48345E-02 1.91114E-02 1.69221E-01 3.85749E-01 9.44848E-03 4.43185E-03 2.58536E-03 1.25559E-01
2.56973E-03 4.27704E-03 8.91059E-03 1.39186E-02 1.78024E-02 1.60234E-01 3.68532E-01 8.91059E-03 4.27704E-03 2.56973E-03 1.13720E-01
2.53545E-03 4.11286E-03 8.38922E-03 1.30415E-02 1.65652E-02 1.51568E-01 3.51721E-01 8.38922E-03 4.11286E-03 2.53545E-03 1.02951E-01
2.48581E-03 3.94207E-03 7.88567E-03 1.22037E-02 1.53977E-02 1.43226E-01 3.35333E-01 7.88567E-03 3.94207E-03 2.48581E-03 9.31741E-02
2.42372E-03 3.76709E-03 7.40099E-03 1.14053E-02 1.42978E-02 1.35206E-01 3.19384E-01 7.40099E-03 3.76709E-03 2.42372E-03 8.43150E-02
2.35158E-03 3.59000E-03 6.93629E-03 1.06466E-02 1.32642E-02 1.27514E-01 3.03896E-01 6.93629E-03 3.59000E-03 2.35158E-03 7.63126E-02
2.27181E-03 3.41265E-03 6.49186E-03 9.92694E-03 1.22938E-02 1.20144E-01 2.88876E-01 6.49186E-03 3.41265E-03 2.27181E-03 6.90839E-02
0.00000E+00 0.00000E+00 1.54832E-02 3.07028E-02 4.67130E-02 3.60984E-01 7.21058E-01 1.54832E-02 0.00000E+00 0.00000E+00 4.49349E-01
0.00000E+00 7.95624E-04 1.51715E-02 2.94336E-02 4.40365E-02 3.46305E-01 6.98857E-01 1.51715E-02 7.95624E-04 0.00000E+00 4.29971E-01
0.00000E+00 1.50735E-03 1.48744E-02 2.82530E-02 4.15963E-02 3.32292E-01 6.77175E-01 1.48744E-02 1.50735E-03 0.00000E+00 4.08370E-01
0.00000E+00 2.09631E-03 1.45348E-02 2.70904E-02 3.92942E-02 3.18761E-01 6.55834E-01 1.45348E-02 2.09631E-03 0.00000E+00 3.85816E-01
0.00000E+00 2.58077E-03 1.41619E-02 2.59485E-02 3.71179E-02 3.05677E-01 6.34823E-01 1.41619E-02 2.58077E-03 0.00000E+00 3.62822E-01
0.00000E+00 2.97126E-03 1.37610E-02 2.48293E-02 3.50609E-02 2.93032E-01 6.14152E-01 1.37610E-02 2.97126E-03 0.00000E+00 3.39829E-01
0.00000E+00 3.28241E-03 1.33385E-02 2.37336E-02 3.31110E-02 2.80793E-01 5.93812E-01 1.33385E-02 3.28241E-03 0.00000E+00 3.17188E-01
2.77556E-17 3.47912E-03 1.30009E-02 2.29012E-02 3.16651E-02 2.71568E-01 5.78281E-01 1.30009E-02 3.47912E-03 2.77556E-17 3.00033E-01
9.06964E-05 3.51674E-03 1.28909E-02 2.26534E-02 3.12499E-02 2.68933E-01 5.73801E-01 1.28909E-02 3.51674E-03 9.06964E-05 2.94980E-01
5.25628E-04 3.70730E-03 1.24020E-02 2.15274E-02 2.93598E-02 2.56616E-01 5.52687E-01 1.24020E-02 3.70730E-03 5.25628E-04 2.70889E-01
8.94764E-04 3.84798E-03 1.19083E-02 2.04324E-02 2.75643E-02 2.44636E-01 5.31823E-01 1.19083E-02 3.84798E-03 8.94764E-04 2.47850E-01
1.19661E-03 3.93595E-03 1.14032E-02 1.93590E-02 2.58480E-02 2.32971E-01 5.11203E-01 1.14032E-02 3.93595E-03 1.19661E-03 2.26135E-01
1.43897E-03 3.97815E-03 1.08910E-02 1.83101E-02 2.42094E-02 2.21628E-01 4.90859E-01 1.08910E-02 3.97815E-03 1.43897E-03 2.05809E-01
1.62857E-03 3.98068E-03 1.03761E-02 1.72892E-02 2.26483E-02 2.10618E-01 4.70826E-01 1.03761E-02 3.98068E-03 1.62857E-03 1.86920E-01
1.77256E-03 3.94987E-03 9.86247E-03 1.62986E-02 2.11633E-02 1.99945E-01 4.51132E-01 9.86247E-03 3.94987E-03 1.77256E-03 1.69457E-01
1.87746E-03 3.89143E-03 9.35349E-03 1.53402E-02 1.97522E-02 1.89612E-01 4.31803E-01 9.35349E-03 3.89143E-03 1.87746E-03 1.53379E-01
1.94867E-03 3.81012E-03 8.85207E-03 1.44157E-02 1.84135E-02 1.79623E-01 4.12864E-01 8.85207E-03 3.81012E-03 1.94867E-03 1.38640E-01
1.99107E-03 3.71019E-03 8.36069E-03 1.35264E-02 1.71457E-02 1.69981E-01 3.94339E-01 8.36069E-03 3.71019E-03 1.99107E-03 1.25181E-01
2.00899E-03 3.59542E-03 7.88148E-03 1.26734E-02 1.59471E-02 1.60687E-01 3.76250E-01 7.88148E-03 3.59542E-03 2.00899E-03 1.12932E-01
2.00632E-03 3.46913E-03 7.41618E-03 1.18573E-02 1.48156E-02 1.51744E-01 3.58615E-01 7.41618E-03 3.46913E-03 2.00632E-03 1.01818E-01
1.98649E-03 3.33425E-03 6.96623E-03 1.10784E-02 1.37494E-02 1.43150E-01 3.41452E-01 6.96623E-03 3.33425E-03 1.98649E-03 9.17595E-02
1.95256E-03 3.19333E-03 6.53274E-03 1.03369E-02 1.27463E-02 1.34904E-01 3.24775E-01 6.53274E-03 3.19333E-03 1.95256E-03 8.26756E-02
1.90719E-03 3.04855E-03 6.11654E-03 9.63251E-03 1.18041E-02 1.27003E-01 3.08597E-01 6.11654E-03 3.04855E-03 1.90719E-03 7.44868E-02
1.85273E-03 2.90181E-03 5.71823E-03 8.96493E-03 1.09203E-02 1.19445E-01 2.92927E-01 5.71823E-03 2.90181E-03 1.85273E-03 6.71155E-02
1.79111E-03 2.75472E-03 5.33848E-03 8.33415E-03 1.00937E-02 1.12231E-01 2.77783E-01 5.33848E-03 2.75472E-03 1.79111E-03 6.04992E-02
1.72421E-03 2.60867E-03 4.97729E-03 7.73900E-03 9.32107E-03 1.05351E-01 2.63164E-01 4.97729E-03 2.60867E-03 1.72421E-03 5.45578E-02
0.00000E+00 0.00000E+00 1.28709E-02 2.62420E-02 3.81124E-02 3.44003E-01 7.08786E-01 1.28709E-02 0.00000E+00 0.00000E+00 4.11892E-01
0.00000E+00 6.68682E-04 1.25726E-02 2.50490E-02 3.58075E-02 3.28683E-01 6.84378E-01 1.25726E-02 6.68682E-04 0.00000E+00 3.90683E-01
0.00000E+00 1.26019E-03 1.22869E-02 2.39415E-02 3.37118E-02 3.14142E-01 6.60731E-01 1.22869E-02 1.26019E-03 0.00000E+00 3.67919E-01
0.00000E+00 1.74359E-03 1.19662E-02 2.28585E-02 3.17411E-02 3.00186E-01 6.37635E-01 1.19662E-02 1.74359E-03 0.00000E+00 3.44731E-01
0.00000E+00 2.13582E-03 1.16189E-02 2.18022E-02 2.98844E-02 2.86773E-01 6.15064E-01 1.16189E-02 2.13582E-03 0.00000E+00 3.21577E-01
0.00000E+00 2.44695E-03 1.12503E-02 2.07744E-02 2.81358E-02 2.73887E-01 5.93016E-01 1.12503E-02 2.44695E-03 0.00000E+00 2.98852E-01
0.00000E+00 2.69031E-03 1.08661E-02 1.97750E-02 2.64841E-02 2.61486E-01 5.71466E-01 1.08661E-02 2.69031E-03 0.00000E+00 2.76835E-01
1.38778E-17 2.84134E-03 1.05615E-02 1.90200E-02 2.52630E-02 2.52182E-01 5.55096E-01 1.05615E-02 2.84134E-03 1.38778E-17 2.60354E-01
7.31178E-05 2.86911E-03 1.04638E-02 1.87972E-02 2.49137E-02 2.49536E-01 5.50397E-01 1.04638E-02 2.86911E-03 7.31178E-05 2.55566E-01
4.22416E-04 3.00994E-03 1.00280E-02 1.77845E-02 2.33249E-02 2.37196E-01 5.28307E-01 1.00280E-02 3.00994E-03 4.22416E-04 2.32921E-01
7.15874E-04 3.10922E-03 9.59109E-03 1.68057E-02 2.18215E-02 2.25258E-01 5.06610E-01 9.59109E-03 3.10922E-03 7.15874E-04 2.11543E-01
9.53119E-04 3.16535E-03 9.14796E-03 1.58529E-02 2.03902E-02 2.13699E-01 4.85294E-01 9.14796E-03 3.16535E-03 9.53119E-04 1.91627E-01
1.14113E-03 3.18448E-03 8.70236E-03 1.49282E-02 1.90295E-02 2.02520E-01 4.64385E-01 8.70236E-03 3.18448E-03 1.14113E-03 1.73190E-01
1.28589E-03 3.17198E-03 8.25793E-03 1.40342E-02 1.77389E-02 1.91728E-01 4.43912E-01 8.25793E-03 3.17198E-03 1.28589E-03 1.56239E-01
1.39361E-03 3.13333E-03 7.81789E-03 1.31725E-02 1.65164E-02 1.81323E-01 4.23897E-01 7.81789E-03 3.13333E-03 1.39361E-03 1.40728E-01
1.46991E-03 3.07336E-03 7.38490E-03 1.23442E-02 1.53597E-02 1.71301E-01 4.04357E-01 7.38490E-03 3.07336E-03 1.46991E-03 1.26584E-01
1.51941E-03 2.99608E-03 6.96121E-03 1.15501E-02 1.42672E-02 1.61663E-01 3.85310E-01 6.96121E-03 2.99608E-03 1.51941E-03 1.13737E-01
1.54620E-03 2.90504E-03 6.54871E-03 1.07909E-02 1.32370E-02 1.52406E-01 3.66774E-01 6.54871E-03 2.90504E-03 1.54620E-03 1.02109E-01
1.55394E-03 2.80334E-03 6.14894E-03 1.00671E-02 1.22672E-02 1.43529E-01 3.48763E-01 6.14894E-03 2.80334E-03 1.55394E-03 9.16161E-02
1.54585E-03 2.69368E-03 5.76316E-03 9.37864E-03 1.13557E-02 1.35028E-01 3.31291E-01 5.76316E-03 2.69368E-03 1.54585E-03 8.21716E-02
1.52473E-03 2.57840E-03 5.39229E-03 8.72540E-03 1.05005E-02 1.26900E-01 3.14368E-01 5.39229E-03 2.57840E-03 1.52473E-03 7.36891E-02
1.49307E-03 2.45950E-03 5.03705E-03 8.10701E-03 9.69937E-03 1.19138E-01 2.98002E-01 5.03705E-03 2.45950E-03 1.49307E-03 6.60842E-02
1.45300E-03 2.33871E-03 4.69788E-03 7.52288E-03 8.95006E-03 1.11738E-01 2.82200E-01 4.69788E-03 2.33871E-03 1.45300E-03 5.92756E-02
1.40640E-03 2.21747E-03 4.37505E-03 6.97228E-03 8.25029E-03 1.04691E-01 2.66964E-01 4.37505E-03 2.21747E-03 1.40640E-03 5.31862E-02
1.35479E-03 2.09701E-03 4.06894E-03 6.45487E-03 7.59856E-03 9.79978E-02 2.52306E-01 4.06894E-03 2.09701E-03 1.35479E-03 4.77543E-02
1.29962E-03 1.97833E-03 3.77930E-03 5.96927E-03 6.99198E-03 9.16448E-02 2.38221E-01 3.77930E-03 1.97833E-03 1.29962E-03 4.29041E-02
0.00000E+00 0.00000E+00 1.05731E-02 2.21934E-02 3.06719E-02 3.25535E-01 6.92272E-01 1.05731E-02 0.00000E+00 0.00000E+00 3.78072E-01
0.00000E+00 5.56742E-04 1.02975E-02 2.10897E-02 2.87272E-02 3.09751E-01 6.65929E-01 1.02975E-02 5.56742E-04 0.00000E+00 3.55002E-01
0.00000E+00 1.04373E-03 1.00326E-02 2.00682E-02 2.69632E-02 2.94855E-01 6.40587E-01 1.00326E-02 1.04373E-03 0.00000E+00 3.31138E-01
0.00000E+00 1.43669E-03 9.73914E-03 1.90765E-02 2.53088E-02 2.80646E-01 6.16008E-01 9.73914E-03 1.43669E-03 0.00000E+00 3.07436E-01
0.00000E+00 1.75112E-03 9.42483E-03 1.81160E-02 2.37544E-02 2.67068E-01 5.92145E-01 9.42483E-03 1.75112E-03 0.00000E+00 2.84269E-01
0.00000E+00 1.99640E-03 9.09453E-03 1.71879E-02 2.22951E-02 2.54100E-01 5.68987E-01 9.09453E-03 1.99640E-03 0.00000E+00 2.61965E-01
0.00000E+00 2.18451E-03 8.75337E-03 1.62918E-02 2.09211E-02 2.41691E-01 5.46487E-01 8.75337E-03 2.18451E-03 0.00000E+00 2.40713E-01
1.38778E-17 2.29889E-03 8.48471E-03 1.56184E-02 1.99080E-02 2.32420E-01 5.29477E-01 8.48471E-03 2.29889E-03 1.38778E-17 2.25000E-01
5.84580E-05 2.31898E-03 8.39957E-03 1.54213E-02 1.96191E-02 2.29796E-01 5.24617E-01 8.39957E-03 2.31898E-03 5.84580E-05 2.20496E-01
3.36665E-04 2.42105E-03 8.01908E-03 1.45255E-02 1.83063E-02 2.17581E-01 5.01818E-01 8.01908E-03 2.42105E-03 3.36665E-04 1.99365E-01
5.68017E-04 2.48898E-03 7.64016E-03 1.36649E-02 1.70685E-02 2.05828E-01 4.79552E-01 7.64016E-03 2.48898E-03 5.68017E-04 1.79680E-01
7.52911E-04 2.52203E-03 7.25879E-03 1.28329E-02 1.58945E-02 1.94510E-01 4.57799E-01 7.25879E-03 2.52203E-03 7.52911E-04 1.61559E-01
8.97489E-04 2.52556E-03 6.87814E-03 1.20309E-02 1.47827E-02 1.83623E-01 4.36575E-01 6.87814E-03 2.52556E-03 8.97489E-04 1.44972E-01
1.00698E-03 2.50423E-03 6.50121E-03 1.12606E-02 1.37324E-02 1.73168E-01 4.15905E-01 6.50121E-03 2.50423E-03 1.00698E-03 1.29887E-01
1.08671E-03 2.46268E-03 6.13056E-03 1.05229E-02 1.27415E-02 1.63142E-01 3.95802E-01 6.13056E-03 2.46268E-03 1.08671E-03 1.16225E-01
1.14145E-03 2.40494E-03 5.76822E-03 9.81809E-03 1.18078E-02 1.53534E-01 3.76274E-01 5.76822E-03 2.40494E-03 1.14145E-03 1.03889E-01
1.17508E-03 2.33436E-03 5.41589E-03 9.14659E-03 1.09294E-02 1.44340E-01 3.57333E-01 5.41589E-03 2.33436E-03 1.17508E-03 9.27871E-02
1.19103E-03 2.25381E-03 5.07496E-03 8.50848E-03 1.01046E-02 1.35555E-01 3.38989E-01 5.07496E-03 2.25381E-03 1.19103E-03 8.28271E-02
1.19231E-03 2.16582E-03 4.74652E-03 7.90360E-03 9.33124E-03 1.27171E-01 3.21250E-01 4.74652E-03 2.16582E-03 1.19231E-03 7.39142E-02
1.18154E-03 2.07255E-03 4.43139E-03 7.33159E-03 8.60744E-03 1.19182E-01 3.04122E-01 4.43139E-03 2.07255E-03 1.18154E-03 6.59554E-02
1.16101E-03 1.97582E-03 4.13015E-03 6.79192E-03 7.93110E-03 1.11580E-01 2.87609E-01 4.13015E-03 1.97582E-03 1.16101E-03 5.88611E-02
1.13269E-03 1.87721E-03 3.84317E-03 6.28387E-03 7.30013E-03 1.04356E-01 2.71712E-01 3.84317E-03 1.87721E-03 1.13269E-03 5.25457E-02
1.09829E-03 1.77802E-03 3.57065E-03 5.80658E-03 6.71239E-03 9.75004E-02 2.56431E-01 3.57065E-03 1.77802E-03 1.09829E-03 4.69292E-02
1.05926E-03 1.67933E-03 3.31261E-03 5.35909E-03 6.16576E-03 9.10038E-02 2.41763E-01 3.31261E-03 1.67933E-03 1.05926E-03 4.19374E-02
1.01681E-03 1.58207E-03 3.06920E-03 4.94084E-03 5.65876E-03 8.48617E-02 2.27716E-01 3.06920E-03 1.58207E-03 1.01681E-03 3.75109E-02
9.72052E-04 1.48696E-03 2.84004E-03 4.55035E-03 5.18881E-03 7.90592E-02 2.14276E-01 2.84004E-03 1.48696E-03 9.72052E-04 3.35799E-02
0.00000E+00 0.00000E+00 8.57621E-03 1.85290E-02 2.43521E-02 3.05649E-01 6.71737E-01 8.57621E-03 0.00000E+00 0.00000E+00 3.46398E-01
0.00000E+00 4.58242E-04 8.32865E-03 1.75269E-02 2.27415E-02 2.89600E-01 6.43757E-01 8.32865E-03 4.58242E-04 0.00000E+00 3.21680E-01
0.00000E+00 8.54655E-04 8.09014E-03 1.66029E-02 2.12837E-02 2.74539E-01 6.17015E-01 8.09014E-03 8.54655E-04 0.00000E+00 2.96964E-01
0.00000E+00 1.17049E-03 7.82868E-03 1.57123E-02 1.99194E-02 2.60257E-01 5.91243E-01 7.82868E-03 1.17049E-03 0.00000E+00 2.73012E-01
0.00000E+00 1.41966E-03 7.55114E-03 1.48555E-02 1.86409E-02 2.46687E-01 5.66370E-01 7.55114E-03 1.41966E-03 0.00000E+00 2.50084E-01
0.00000E+00 1.61072E-03 7.26198E-03 1.40336E-02 1.74439E-02 2.33803E-01 5.42377E-01 7.26198E-03 1.61072E-03 0.00000E+00 2.28427E-01
0.00000E+00 1.75423E-03 6.96564E-03 1.32451E-02 1.63201E-02 2.21541E-01 5.19198E-01 6.96564E-03 1.75423E-03 0.00000E+00 2.08130E-01
0.00000E+00 1.83958E-03 6.73367E-03 1.26558E-02 1.54935E-02 2.12420E-01 5.01751E-01 6.73367E-03 1.83958E-03 0.00000E+00 1.93308E-01
4.62867E-05 1.85377E-03 6.66093E-03 1.24846E-02 1.52584E-02 2.09850E-01 4.96787E-01 6.66093E-03 1.85377E-03 4.62867E-05 1.89115E-01
2.65750E-04 1.92615E-03 6.33537E-03 1.17068E-02 1.41913E-02 1.97908E-01 4.73550E-01 6.33537E-03 1.92615E-03 2.65750E-04 1.69590E-01
4.46406E-04 1.97088E-03 6.01311E-03 1.09641E-02 1.31885E-02 1.86480E-01 4.50978E-01 6.01311E-03 1.97088E-03 4.46406E-04 1.51644E-01
5.89132E-04 1.98782E-03 5.69106E-03 1.02508E-02 1.22408E-02 1.75533E-01 4.29040E-01 5.69106E-03 1.98782E-03 5.89132E-04 1.35320E-01
6.99239E-04 1.98155E-03 5.37180E-03 9.56762E-03 1.13465E-02 1.65058E-01 4.07746E-01 5.37180E-03 1.98155E-03 6.99239E-04 1.20548E-01
7.81216E-04 1.95604E-03 5.05777E-03 8.91564E-03 1.05048E-02 1.55053E-01 3.87112E-01 5.05777E-03 1.95604E-03 7.81216E-04 1.07259E-01
8.39572E-04 1.91514E-03 4.75093E-03 8.29514E-03 9.71383E-03 1.45507E-01 3.67143E-01 4.75093E-03 1.91514E-03 8.39572E-04 9.53480E-02
8.78277E-04 1.86217E-03 4.45280E-03 7.70591E-03 8.97133E-03 1.36406E-01 3.47839E-01 4.45280E-03 1.86217E-03 8.78277E-04 8.46953E-02
9.00556E-04 1.79985E-03 4.16463E-03 7.14782E-03 8.27557E-03 1.27741E-01 3.29205E-01 4.16463E-03 1.79985E-03 9.00556E-04 7.51970E-02
9.09222E-04 1.73050E-03 3.88740E-03 6.62055E-03 7.62473E-03 1.19501E-01 3.11241E-01 3.88740E-03 1.73050E-03 9.09222E-04 6.67492E-02
9.06721E-04 1.65613E-03 3.62182E-03 6.12359E-03 7.01695E-03 1.11677E-01 2.93950E-01 3.62182E-03 1.65613E-03 9.06721E-04 5.92516E-02
8.95167E-04 1.57842E-03 3.36841E-03 5.65627E-03 6.45034E-03 1.04257E-01 2.77330E-01 3.36841E-03 1.57842E-03 8.95167E-04 5.26086E-02
8.76383E-04 1.49879E-03 3.12746E-03 5.21779E-03 5.92299E-03 9.72300E-02 2.61378E-01 3.12746E-03 1.49879E-03 8.76383E-04 4.67302E-02
8.51930E-04 1.41844E-03 2.89913E-03 4.80723E-03 5.43296E-03 9.05844E-02 2.46090E-01 2.89913E-03 1.41844E-03 8.51930E-04 4.15330E-02
8.23138E-04 1.33833E-03 2.68340E-03 4.42357E-03 4.97830E-03 8.43076E-02 2.31458E-01 2.68340E-03 1.33833E-03 8.23138E-04 3.69406E-02
7.91136E-04 1.25927E-03 2.48016E-03 4.06575E-03 4.55712E-03 7.83873E-02 2.17475E-01 2.48016E-03 1.25927E-03 7.91136E-04 3.28833E-02
7.56845E-04 1.18194E-03 2.28940E-03 3.73306E-03 4.16803E-03 7.28165E-02 2.04141E-01 2.28940E-03 1.18194E-03 7.56845E-04 2.93057E-02
7.21106E-04 1.10682E-03 2.11067E-03 3.42402E-03 3.80879E-03 6.75779E-02 1.91439E-01 2.11067E-03 1.10682E-03 7.21106E-04 2.61448E-02
0.00000E+00 0.00000E+00 6.86838E-03 1.52469E-02 1.90950E-02 2.84541E-01 6.47533E-01 6.86838E-03 0.00000E+00 0.00000E+00 3.15880E-01
0.00000E+00 3.72278E-04 6.65097E-03 1.43558E-02 1.77822E-02 2.68438E-01 6.18243E-01 6.65097E-03 3.72278E-04 0.00000E+00 2.89929E-01
0.00000E+00 6.90881E-04 6.44129E-03 1.35375E-02 1.65961E-02 2.53414E-01 5.90417E-01 6.44129E-03 6.90881E-04 0.00000E+00 2.64761E-01
0.00000E+00 9.41572E-04 6.21355E-03 1.27543E-02 1.54886E-02 2.39249E-01 5.63756E-01 6.21355E-03 9.41572E-04 0.00000E+00 2.40923E-01
0.00000E+00 1.13659E-03 5.97378E-03 1.20060E-02 1.44530E-02 2.25866E-01 5.38170E-01 5.97378E-03 1.13659E-03 0.00000E+00 2.18557E-01
0.00000E+00 1.28352E-03 5.72590E-03 1.12928E-02 1.34859E-02 2.13231E-01 5.13626E-01 5.72590E-03 1.28352E-03 0.00000E+00 1.97814E-01
0.00000E+00 1.39151E-03 5.47368E-03 1.06131E-02 1.25805E-02 2.01271E-01 4.90040E-01 5.47368E-03 1.39151E-03 0.00000E+00 1.78683E-01
0.00000E+00 1.45421E-03 5.27733E-03 1.01077E-02 1.19161E-02 1.92413E-01 4.72361E-01 5.27733E-03 1.45421E-03 0.00000E+00 1.64881E-01
3.62659E-05 1.46397E-03 5.21632E-03 9.96186E-03 1.17276E-02 1.89927E-01 4.67349E-01 5.21632E-03 1.46397E-03 3.62659E-05 1.61024E-01
2.07595E-04 1.51408E-03 4.94303E-03 9.29978E-03 1.08729E-02 1.78401E-01 4.43944E-01 4.94303E-03 1.51408E-03 2.07595E-04 1.43199E-01
3.47228E-04 1.54215E-03 4.67405E-03 8.67134E-03 1.00723E-02 1.67429E-01 4.21321E-01 4.67405E-03 1.54215E-03 3.47228E-04 1.27028E-01
4.56295E-04 1.54840E-03 4.40702E-03 8.07152E-03 9.31820E-03 1.56975E-01 3.99445E-01 4.40702E-03 1.54840E-03 4.56295E-04 1.12494E-01
5.39306E-04 1.53667E-03 4.14398E-03 7.50058E-03 8.60912E-03 1.47023E-01 3.78313E-01 4.14398E-03 1.53667E-03 5.39306E-04 9.94875E-02
6.00050E-04 1.51028E-03 3.88685E-03 6.95907E-03 7.94418E-03 1.37566E-01 3.57937E-01 3.88685E-03 1.51028E-03 6.00050E-04 8.79138E-02
6.42271E-04 1.47238E-03 3.63713E-03 6.44677E-03 7.32160E-03 1.28590E-01 3.38311E-01 3.63713E-03 1.47238E-03 6.42271E-04 7.76438E-02
6.69230E-04 1.42564E-03 3.39591E-03 5.96312E-03 6.73935E-03 1.20074E-01 3.19427E-01 3.39591E-03 1.42564E-03 6.69230E-04 6.85461E-02
6.83558E-04 1.37224E-03 3.16406E-03 5.50764E-03 6.19579E-03 1.12007E-01 3.01280E-01 3.16406E-03 1.37224E-03 6.83558E-04 6.05066E-02
6.87531E-04 1.31401E-03 2.94223E-03 5.07972E-03 5.68926E-03 1.04373E-01 2.83867E-01 2.94223E-03 1.31401E-03 6.87531E-04 5.34168E-02
6.83105E-04 1.25253E-03 2.73087E-03 4.67861E-03 5.21805E-03 9.71587E-02 2.67180E-01 2.73087E-03 1.25253E-03 6.83105E-04 4.71745E-02
6.71960E-04 1.18908E-03 2.53025E-03 4.30346E-03 4.78044E-03 9.03503E-02 2.51211E-01 2.53025E-03 1.18908E-03 6.71960E-04 4.16850E-02
6.55527E-04 1.12474E-03 2.34047E-03 3.95333E-03 4.37472E-03 8.39332E-02 2.35951E-01 2.34047E-03 1.12474E-03 6.55527E-04 3.68614E-02
6.35020E-04 1.06041E-03 2.16154E-03 3.62721E-03 3.99916E-03 7.78927E-02 2.21389E-01 2.16154E-03 1.06041E-03 6.35020E-04 3.26246E-02
6.11466E-04 9.96791E-04 1.99331E-03 3.32403E-03 3.65205E-03 7.22143E-02 2.07513E-01 1.99331E-03 9.96791E-04 6.11466E-04 2.89035E-02
5.85724E-04 9.34466E-04 1.83558E-03 3.04269E-03 3.33173E-03 6.68831E-02 1.94307E-01 1.83558E-03 9.34466E-04 5.85724E-04 2.56345E-02
5.58495E-04 8.73916E-04 1.68824E-03 2.78243E-03 3.03697E-03 6.18901E-02 1.81770E-01 1.68824E-03 8.73916E-04 5.58495E-04 2.27670E-02
5.30402E-04 8.15470E-04 1.55084E-03 2.54187E-03 2.76587E-03 5.72165E-02 1.69876E-01 1.55084E-03 8.15470E-04 5.30402E-04 2.02456E-02
0.00000E+00 0.00000E+00 5.42878E-03 1.23485E-02 1.47955E-02 2.62443E-01 6.20055E-01 5.42878E-03 0.00000E+00 0.00000E+00 2.85927E-01
0.00000E+00 2.98035E-04 5.24148E-03 1.15732E-02 1.37400E-02 2.46510E-01 5.89796E-01 5.24148E-03 2.98035E-04 0.00000E+00 2.59301E-01
0.00000E+00 5.50498E-04 5.06092E-03 1.08646E-02 1.27884E-02 2.31728E-01 5.61212E-01 5.06092E-03 5.50498E-04 0.00000E+00 2.34171E-01
0.00000E+00 7.46759E-04 4.86658E-03 1.01908E-02 1.19017E-02 2.17870E-01 5.33975E-01 4.86658E-03 7.46759E-04 0.00000E+00 2.10868E-01
0.00000E+00 8.97330E-04 4.66355E-03 9.55123E-03 1.10744E-02 2.04850E-01 5.07973E-01 4.66355E-03 8.97330E-04 0.00000E+00 1.89410E-01
0.00000E+00 1.00879E-03 4.45523E-03 8.94568E-03 1.03040E-02 1.92626E-01 4.83162E-01 4.45523E-03 1.00879E-03 0.00000E+00 1.69853E-01
0.00000E+00 1.08889E-03 4.24468E-03 8.37209E-03 9.58452E-03 1.81115E-01 4.59438E-01 4.24468E-03 1.08889E-03 0.00000E+00 1.52091E-01
0.00000E+00 1.13420E-03 4.08163E-03 7.94762E-03 9.05780E-03 1.72626E-01 4.41726E-01 4.08163E-03 1.13420E-03 0.00000E+00 1.39425E-01
2.80885E-05 1.14072E-03 4.03139E-03 7.82590E-03 8.90876E-03 1.70253E-01 4.36723E-01 4.03139E-03 1.14072E-03 2.80885E-05 1.35927E-01
1.60326E-04 1.17449E-03 3.80621E-03 7.27385E-03 8.23360E-03 1.59275E-01 4.13407E-01 3.80621E-03 1.17449E-03 1.60326E-04 1.19872E-01
2.67056E-04 1.19098E-03 3.58580E-03 6.75284E-03 7.60311E-03 1.48878E-01 3.90981E-01 3.58580E-03 1.19098E-03 2.67056E-04 1.05493E-01
3.49500E-04 1.19060E-03 3.36835E-03 6.25854E-03 7.01128E-03 1.39023E-01 3.69397E-01 3.36835E-03 1.19060E-03 3.49500E-04 9.27179E-02
4.11412E-04 1.17653E-03 3.15544E-03 5.79080E-03 6.45670E-03 1.29689E-01 3.48646E-01 3.15544E-03 1.17653E-03 4.11412E-04 8.14114E-02
4.55932E-04 1.15146E-03 2.94855E-03 5.34978E-03 5.93850E-03 1.20866E-01 3.28731E-01 2.94855E-03 1.15146E-03 4.55932E-04 7.14557E-02
4.86116E-04 1.11792E-03 2.74877E-03 4.93493E-03 5.45508E-03 1.12532E-01 3.09639E-01 2.74877E-03 1.11792E-03 4.86116E-04 6.27083E-02
5.04597E-04 1.07804E-03 2.55686E-03 4.54545E-03 5.00462E-03 1.04666E-01 2.91350E-01 2.55686E-03 1.07804E-03 5.04597E-04 5.50304E-02
5.13487E-04 1.03352E-03 2.37339E-03 4.18067E-03 4.58566E-03 9.72489E-02 2.73853E-01 2.37339E-03 1.03352E-03 5.13487E-04 4.83043E-02
5.14596E-04 9.85785E-04 2.19878E-03 3.83979E-03 4.19669E-03 9.02648E-02 2.57138E-01 2.19878E-03 9.85785E-04 5.14596E-04 4.24211E-02
5.09468E-04 9.36037E-04 2.03327E-03 3.52196E-03 3.83621E-03 8.36962E-02 2.41189E-01 2.03327E-03 9.36037E-04 5.09468E-04 3.72806E-02
4.99413E-04 8.85254E-04 1.87695E-03 3.22625E-03 3.50269E-03 7.75264E-02 2.25993E-01 1.87695E-03 8.85254E-04 4.99413E-04 3.27924E-02
4.85540E-04 8.34241E-04 1.72982E-03 2.95166E-03 3.19464E-03 7.17385E-02 2.11534E-01 1.72982E-03 8.34241E-04 4.85540E-04 2.88748E-02
4.68780E-04 7.83645E-04 1.59175E-03 2.69720E-03 2.91058E-03 6.63158E-02 1.97795E-01 1.59175E-03 7.83645E-04 4.68780E-04 2.54549E-02
4.49912E-04 7.33980E-04 1.46256E-03 2.46180E-03 2.64902E-03 6.12417E-02 1.84757E-01 1.46256E-03 7.33980E-04 4.49912E-04 2.24684E-02
4.29583E-04 6.85648E-04 1.34200E-03 2.24443E-03 2.40857E-03 5.64997E-02 1.72403E-01 1.34200E-03 6.85648E-04 4.29583E-04 1.98583E-02
4.08317E-04 6.38987E-04 1.22990E-03 2.04433E-03 2.18814E-03 5.20792E-02 1.60723E-01 1.22990E-03 6.38987E-04 4.08317E-04 1.75800E-02
3.86573E-04 5.94207E-04 1.12582E-03 1.86025E-03 1.98617E-03 4.79603E-02 1.49688E-01 1.12582E-03 5.94207E-04 3.86573E-04 1.55854E-02
0.00000E+00 0.00000E+00 4.23194E-03 9.83224E-03 1.13275E-02 2.39633E-01 5.89719E-01 4.23194E-03 0.00000E+00 0.00000E+00 2.56299E-01
0.00000E+00 2.34723E-04 4.07331E-03 9.17279E-03 1.04896E-02 2.24093E-01 5.58841E-01 4.07331E-03 2.34723E-04 0.00000E+00 2.29632E-01
0.00000E+00 4.31650E-04 3.92071E-03 8.57280E-03 9.73575E-03 2.09756E-01 5.29827E-01 3.92071E-03 4.31650E-04 0.00000E+00 2.05065E-01
0.00000E+00 5.82979E-04 3.75800E-03 8.00611E-03 9.03489E-03 1.96390E-01 5.02324E-01 3.75800E-03 5.82979E-04 0.00000E+00 1.82724E-01
0.00000E+00 6.97520E-04 3.58937E-03 7.47147E-03 8.38273E-03 1.83899E-01 4.76200E-01 3.58937E-03 6.97520E-04 0.00000E+00 1.62509E-01
0.00000E+00 7.80833E-04 3.41760E-03 6.96845E-03 7.77698E-03 1.72235E-01 4.51398E-01 3.41760E-03 7.80833E-04 0.00000E+00 1.44385E-01
0.00000E+00 8.39320E-04 3.24515E-03 6.49479E-03 7.21294E-03 1.61310E-01 4.27796E-01 3.24515E-03 8.39320E-04 0.00000E+00 1.28163E-01
1.38778E-17 8.71493E-04 3.11229E-03 6.14590E-03 6.80097E-03 1.53286E-01 4.10242E-01 3.11229E-03 8.71493E-04 1.38778E-17 1.16723E-01
2.14791E-05 8.75700E-04 3.07166E-03 6.04642E-03 6.68470E-03 1.51052E-01 4.05302E-01 3.07166E-03 8.75700E-04 2.14791E-05 1.13600E-01
1.22266E-04 8.97771E-04 2.88954E-03 5.59576E-03 6.15855E-03 1.40736E-01 3.82320E-01 2.88954E-03 8.97771E-04 1.22266E-04 9.93523E-02
2.02851E-04 9.06528E-04 2.71224E-03 5.17277E-03 5.66878E-03 1.31017E-01 3.60319E-01 2.71224E-03 9.06528E-04 2.02851E-04 8.67503E-02
2.64426E-04 9.02459E-04 2.53836E-03 4.77375E-03 5.21061E-03 1.21851E-01 3.39242E-01 2.53836E-03 9.02459E-04 2.64426E-04 7.56793E-02
3.10059E-04 8.88124E-04 2.36910E-03 4.39831E-03 4.78277E-03 1.13214E-01 3.19072E-01 2.36910E-03 8.88124E-04 3.10059E-04 6.59850E-02
3.42301E-04 8.65681E-04 2.20557E-03 4.04629E-03 4.38445E-03 1.05091E-01 2.99803E-01 2.20557E-03 8.65681E-04 3.42301E-04 5.75355E-02
3.63600E-04 8.37122E-04 2.04852E-03 3.71698E-03 4.01422E-03 9.74557E-02 2.81412E-01 2.04852E-03 8.37122E-04 3.63600E-04 5.01820E-02
3.76047E-04 8.04100E-04 1.89846E-03 3.40945E-03 3.67049E-03 9.02835E-02 2.63873E-01 1.89846E-03 8.04100E-04 3.76047E-04 4.37845E-02
3.81309E-04 7.67928E-04 1.75575E-03 3.12292E-03 3.35199E-03 8.35539E-02 2.47167E-01 1.75575E-03 7.67928E-04 3.81309E-04 3.82268E-02
3.80802E-04 7.29695E-04 1.62062E-03 2.85656E-03 3.05739E-03 7.72470E-02 2.31276E-01 1.62062E-03 7.29695E-04 3.80802E-04 3.34033E-02
3.75721E-04 6.90297E-04 1.49316E-03 2.60947E-03 2.78538E-03 7.13435E-02 2.16178E-01 1.49316E-03 6.90297E-04 3.75721E-04 2.92194E-02
3.67076E-04 6.50463E-04 1.37337E-03 2.38072E-03 2.53468E-03 6.58243E-02 2.01855E-01 1.37337E-03 6.50463E-04 3.67076E-04 2.55910E-02
3.55711E-04 6.10778E-04 1.26114E-03 2.16936E-03 2.30399E-03 6.06708E-02 1.88283E-01 1.26114E-03 6.10778E-04 3.55711E-04 2.24437E-02
3.42330E-04 5.71708E-04 1.15633E-03 1.97444E-03 2.09205E-03 5.58647E-02 1.75442E-01 1.15633E-03 5.71708E-04 3.42330E-04 1.97121E-02
3.27515E-04 5.33612E-04 1.05870E-03 1.79499E-03 1.89765E-03 5.13882E-02 1.63307E-01 1.05870E-03 5.33612E-04 3.27515E-04 1.73391E-02
3.11746E-04 4.96765E-04 9.67999E-04 1.63007E-03 1.71960E-03 4.72238E-02 1.51856E-01 9.67999E-04 4.96765E-04 3.11746E-04 1.52752E-02
2.95410E-04 4.61398E-04 8.84038E-04 1.47896E-03 1.55701E-03 4.33595E-02 1.41075E-01 8.84038E-04 4.61398E-04 2.95410E-04 1.34816E-02
2.78837E-04 4.27639E-04 8.06424E-04 1.34060E-03 1.40858E-03 3.97752E-02 1.30932E-01 8.06424E-04 4.27639E-04 2.78837E-04 1.19176E-02
0.00000E+00 0.00000E+00 3.25300E-03 7.69391E-03 8.57110E-03 2.16496E-01 5.57036E-01 3.25300E-03 0.00000E+00 0.00000E+00 2.27131E-01
0.00000E+00 1.81657E-04 3.12075E-03 7.14522E-03 7.91355E-03 2.01561E-01 5.25887E-01 3.12075E-03 1.81657E-04 0.00000E+00 2.01063E-01
0.00000E+00 3.32723E-04 2.99402E-03 6.64844E-03 7.32345E-03 1.87856E-01 4.96769E-01 2.99402E-03 3.32723E-04 0.00000E+00 1.77564E-01
0.00000E+00 4.47561E-04 2.86025E-03 6.18224E-03 6.77628E-03 1.75149E-01 4.69304E-01 2.86025E-03 4.47561E-04 0.00000E+00 1.56574E-01
0.00000E+00 5.33365E-04 2.72275E-03 5.74505E-03 6.26855E-03 1.63337E-01 4.43342E-01 2.72275E-03 5.33365E-04 0.00000E+00 1.37888E-01
0.00000E+00 5.94708E-04 2.58375E-03 5.33620E-03 5.79837E-03 1.52366E-01 4.18813E-01 2.58375E-03 5.94708E-04 0.00000E+00 1.21391E-01
0.00000E+00 6.36765E-04 2.44512E-03 4.95339E-03 5.36189E-03 1.42141E-01 3.95578E-01 2.44512E-03 6.36765E-04 0.00000E+00 1.06829E-01
6.93889E-18 6.59219E-04 2.33886E-03 4.67269E-03 5.04388E-03 1.34663E-01 3.78362E-01 2.33886E-03 6.59219E-04 6.93889E-18 9.66683E-02
1.62097E-05 6.61825E-04 2.30659E-03 4.59307E-03 4.95437E-03 1.32588E-01 3.73532E-01 2.30659E-03 6.61825E-04 1.62097E-05 9.39232E-02
9.20345E-05 6.75771E-04 2.16199E-03 4.23284E-03 4.54976E-03 1.23029E-01 3.51111E-01 2.16199E-03 6.75771E-04 9.20345E-05 8.14761E-02
1.52119E-04 6.79637E-04 2.02197E-03 3.89651E-03 4.17440E-03 1.14068E-01 3.29744E-01 2.02197E-03 6.79637E-04 1.52119E-04 7.05975E-02
1.97553E-04 6.73913E-04 1.88545E-03 3.58098E-03 3.82447E-03 1.05660E-01 3.09368E-01 1.88545E-03 6.73913E-04 1.97553E-04 6.11435E-02
2.30794E-04 6.60621E-04 1.75329E-03 3.28569E-03 3.49887E-03 9.77752E-02 2.89955E-01 1.75329E-03 6.60621E-04 2.30794E-04 5.29497E-02
2.53871E-04 6.41452E-04 1.62631E-03 3.01031E-03 3.19685E-03 9.03960E-02 2.71492E-01 1.62631E-03 6.41452E-04 2.53871E-04 4.58777E-02
2.68714E-04 6.17945E-04 1.50502E-03 2.75404E-03 2.91717E-03 8.34947E-02 2.53948E-01 1.50502E-03 6.17945E-04 2.68714E-04 3.97789E-02
2.76953E-04 5.91361E-04 1.38971E-03 2.51595E-03 2.65848E-03 7.70425E-02 2.37289E-01 1.38971E-03 5.91361E-04 2.76953E-04 3.45179E-02
2.79880E-04 5.62692E-04 1.28060E-03 2.29523E-03 2.41966E-03 7.10172E-02 2.21490E-01 1.28060E-03 5.62692E-04 2.79880E-04 2.99834E-02
2.78584E-04 5.32754E-04 1.17779E-03 2.09107E-03 2.19960E-03 6.53968E-02 2.06525E-01 1.17779E-03 5.32754E-04 2.78584E-04 2.60770E-02
2.73978E-04 5.02205E-04 1.08128E-03 1.90260E-03 1.99717E-03 6.01604E-02 1.92367E-01 1.08128E-03 5.02205E-04 2.73978E-04 2.27118E-02
2.66825E-04 4.71577E-04 9.91003E-04 1.72896E-03 1.81130E-03 5.52875E-02 1.78992E-01 9.91003E-04 4.71577E-04 2.66825E-04 1.98117E-02
2.57760E-04 4.41290E-04 9.06817E-04 1.56928E-03 1.64091E-03 5.07583E-02 1.66372E-01 9.06817E-04 4.41290E-04 2.57760E-04 1.73106E-02
2.47306E-04 4.11668E-04 8.28540E-04 1.42271E-03 1.48497E-03 4.65538E-02 1.54481E-01 8.28540E-04 4.11668E-04 2.47306E-04 1.51513E-02
2.35892E-04 3.82959E-04 7.55950E-04 1.28840E-03 1.34246E-03 4.26554E-02 1.43291E-01 7.55950E-04 3.82959E-04 2.35892E-04 1.32846E-02
2.23869E-04 3.55347E-04 6.88800E-04 1.16552E-03 1.21242E-03 3.90451E-02 1.32774E-01 6.88800E-04 3.55347E-04 2.23869E-04 1.16680E-02
2.11520E-04 3.28985E-04 6.26908E-04 1.05345E-03 1.09412E-03 3.57102E-02 1.22914E-01 6.26908E-04 3.28985E-04 2.11520E-04 1.02687E-02
1.99079E-04 3.03944E-04 5.69932E-04 9.51286E-04 9.86528E-04 3.26308E-02 1.13676E-01 5.69932E-04 3.03944E-04 1.99079E-04 9.05289E-03
0.00000E+00 0.00000E+00 2.46205E-03 5.90863E-03 6.40162E-03 1.93337E-01 5.22377E-01 2.46205E-03 0.00000E+00 0.00000E+00 1.98605E-01
0.00000E+00 1.37818E-04 2.35351E-03 5.46230E-03 5.89181E-03 1.79199E-01 4.91300E-01 2.35351E-03 1.37818E-04 0.00000E+00 1.73734E-01
0.00000E+00 2.51531E-04 2.25010E-03 5.06025E-03 5.43565E-03 1.66295E-01 4.62392E-01 2.25010E-03 2.51531E-04 0.00000E+00 1.51750E-01
0.00000E+00 3.37123E-04 2.14215E-03 4.68534E-03 5.01402E-03 1.54395E-01 4.35257E-01 2.14215E-03 3.37123E-04 0.00000E+00 1.32437E-01
0.00000E+00 4.00306E-04 2.03217E-03 4.33585E-03 4.62405E-03 1.43389E-01 4.09726E-01 2.03217E-03 4.00306E-04 0.00000E+00 1.15504E-01
0.00000E+00 4.44731E-04 1.92186E-03 4.01094E-03 4.26413E-03 1.33221E-01 3.85719E-01 1.92186E-03 4.44731E-04 0.00000E+00 1.00772E-01
0.00000E+00 4.74477E-04 1.81259E-03 3.70840E-03 3.93111E-03 1.23791E-01 3.63080E-01 1.81259E-03 4.74477E-04 0.00000E+00 8.79368E-02
4.85723E-17 4.89866E-04 1.72926E-03 3.48753E-03 3.68914E-03 1.16923E-01 3.46366E-01 1.72926E-03 4.89866E-04 4.85723E-17 7.90716E-02
1.20522E-05 4.91404E-04 1.70413E-03 3.42518E-03 3.62121E-03 1.15024E-01 3.41693E-01 1.70413E-03 4.91404E-04 1.20522E-05 7.67002E-02
6.82668E-05 4.99879E-04 1.59155E-03 3.14351E-03 3.31458E-03 1.06294E-01 3.20039E-01 1.59155E-03 4.99879E-04 6.82668E-05 6.60085E-02
1.12437E-04 5.00869E-04 1.48312E-03 2.88187E-03 3.03112E-03 9.81508E-02 2.99496E-01 1.48312E-03 5.00869E-04 1.12437E-04 5.67706E-02
1.45508E-04 4.94818E-04 1.37800E-03 2.63771E-03 2.76782E-03 9.05468E-02 2.79992E-01 1.37800E-03 4.94818E-04 1.45508E-04 4.88258E-02
1.69405E-04 4.83286E-04 1.27680E-03 2.41039E-03 2.52373E-03 8.34516E-02 2.61492E-01 1.27680E-03 4.83286E-04 1.69405E-04 4.20075E-02
1.85712E-04 4.67571E-04 1.18008E-03 2.19949E-03 2.29817E-03 7.68435E-02 2.43975E-01 1.18008E-03 4.67571E-04 1.85712E-04 3.61777E-02
1.95918E-04 4.48837E-04 1.08817E-03 2.00423E-03 2.09008E-03 7.06929E-02 2.27403E-01 1.08817E-03 4.48837E-04 1.95918E-04 3.11937E-02
2.01271E-04 4.28025E-04 1.00123E-03 1.82371E-03 1.89834E-03 6.49698E-02 2.11734E-01 1.00123E-03 4.28025E-04 2.01271E-04 2.69287E-02
2.02754E-04 4.05872E-04 9.19361E-04 1.65717E-03 1.72199E-03 5.96503E-02 1.96936E-01 9.19361E-04 4.05872E-04 2.02754E-04 2.32802E-02
2.01189E-04 3.82975E-04 8.42583E-04 1.50386E-03 1.56011E-03 5.47113E-02 1.82979E-01 8.42583E-04 3.82975E-04 2.01189E-04 2.01587E-02
1.97262E-04 3.59811E-04 7.70844E-04 1.36300E-03 1.41177E-03 5.01309E-02 1.69832E-01 7.70844E-04 3.59811E-04 1.97262E-04 1.74867E-02
1.91540E-04 3.36759E-04 7.04038E-04 1.23383E-03 1.27607E-03 4.58881E-02 1.57462E-01 7.04038E-04 3.36759E-04 1.91540E-04 1.51974E-02
1.84490E-04 3.14111E-04 6.42016E-04 1.11558E-03 1.15215E-03 4.19625E-02 1.45840E-01 6.42016E-04 3.14111E-04 1.84490E-04 1.32335E-02
1.76497E-04 2.92092E-04 5.84596E-04 1.00754E-03 1.03915E-03 3.83347E-02 1.34934E-01 5.84596E-04 2.92092E-04 1.76497E-04 1.15461E-02
1.67873E-04 2.70869E-04 5.31574E-04 9.08969E-04 9.36281E-04 3.49862E-02 1.24713E-01 5.31574E-04 2.70869E-04 1.67873E-04 1.00936E-02
1.58871E-04 2.50560E-04 4.82728E-04 8.19189E-04 8.42762E-04 3.18990E-02 1.15147E-01 4.82728E-04 2.50560E-04 1.58871E-04 8.84057E-03
1.49691E-04 2.31262E-04 4.37894E-04 7.37667E-04 7.58005E-04 2.90603E-02 1.06216E-01 4.37894E-04 2.31262E-04 1.49691E-04 7.75981E-03
1.40500E-04 2.13015E-04 3.96786E-04 6.63671E-04 6.81204E-04 2.64507E-02 9.78829E-02 3.96786E-04 2.13015E-04 1.40500E-04 6.82361E-03
0.00000E+00 0.00000E+00 1.83904E-03 4.46414E-03 4.73106E-03 1.70779E-01 4.86599E-01 1.83904E-03 0.00000E+00 0.00000E+00 1.71378E-01
0.00000E+00 1.02640E-04 1.75115E-03 4.10823E-03 4.33958E-03 1.57592E-01 4.55917E-01 1.75115E-03 1.02640E-04 0.00000E+00 1.48196E-01
0.00000E+00 1.86772E-04 1.66803E-03 3.78933E-03 3.99051E-03 1.45620E-01 4.27515E-01 1.66803E-03 1.86772E-04 0.00000E+00 1.28068E-01
0.00000E+00 2.49555E-04 1.58232E-03 3.49383E-03 3.66909E-03 1.34635E-01 4.00978E-01 1.58232E-03 2.49555E-04 0.00000E+00 1.10655E-01
0.00000E+00 2.95400E-04 1.49582E-03 3.21998E-03 3.37291E-03 1.24527E-01 3.76122E-01 1.49582E-03 2.95400E-04 0.00000E+00 9.56024E-02
0.00000E+00 3.27142E-04 1.40978E-03 2.96687E-03 3.10058E-03 1.15236E-01 3.52858E-01 1.40978E-03 3.27142E-04 0.00000E+00 8.26844E-02
0.00000E+00 3.47915E-04 1.32514E-03 2.73244E-03 2.84950E-03 1.06661E-01 3.31016E-01 1.32514E-03 3.47915E-04 0.00000E+00 7.15677E-02
2.77556E-17 3.58323E-04 1.26092E-03 2.56203E-03 2.66760E-03 1.00439E-01 3.14947E-01 1.26092E-03 3.58323E-04 2.77556E-17 6.39625E-02
8.84955E-06 3.59184E-04 1.24168E-03 2.51414E-03 2.61669E-03 9.87255E-02 3.10468E-01 1.24168E-03 3.59184E-04 8.84955E-06 6.19471E-02
5.00192E-05 3.64148E-04 1.15555E-03 2.29811E-03 2.38716E-03 9.08614E-02 2.89754E-01 1.15555E-03 3.64148E-04 5.00192E-05 5.29079E-02
8.21181E-05 3.63643E-04 1.07303E-03 2.09845E-03 2.17575E-03 8.35618E-02 2.70190E-01 1.07303E-03 3.63643E-04 8.21181E-05 4.51823E-02
1.05932E-04 3.58047E-04 9.93469E-04 1.91306E-03 1.98012E-03 7.67779E-02 2.51695E-01 9.93469E-04 3.58047E-04 1.05932E-04 3.86034E-02
1.22940E-04 3.48539E-04 9.17283E-04 1.74133E-03 1.79945E-03 7.04780E-02 2.34228E-01 9.17283E-04 3.48539E-04 1.22940E-04 3.30096E-02
1.34357E-04 3.36095E-04 8.44847E-04 1.58279E-03 1.63314E-03 6.46385E-02 2.17761E-01 8.44847E-04 3.36095E-04 1.34357E-04 2.82687E-02
1.41311E-04 3.21581E-04 7.76354E-04 1.43671E-03 1.48031E-03 5.92289E-02 2.02249E-01 7.76354E-04 3.21581E-04 1.41311E-04 2.42487E-02
1.44741E-04 3.05687E-04 7.11874E-04 1.30229E-03 1.34000E-03 5.42184E-02 1.87645E-01 7.11874E-04 3.05687E-04 1.44741E-04 2.08343E-02
1.45384E-04 2.88950E-04 6.51438E-04 1.17887E-03 1.21146E-03 4.95825E-02 1.73910E-01 6.51438E-04 2.88950E-04 1.45384E-04 1.79335E-02
1.43851E-04 2.71800E-04 5.95015E-04 1.06576E-03 1.09390E-03 4.52979E-02 1.61010E-01 5.95015E-04 2.71800E-04 1.43851E-04 1.54673E-02
1.40648E-04 2.54577E-04 5.42527E-04 9.62308E-04 9.86587E-04 4.13423E-02 1.48908E-01 5.42527E-04 2.54577E-04 1.40648E-04 1.33685E-02
1.36193E-04 2.37545E-04 4.93860E-04 8.67862E-04 8.88789E-04 3.76946E-02 1.37570E-01 4.93860E-04 2.37545E-04 1.36193E-04 1.15796E-02
1.30825E-04 2.20909E-04 4.48867E-04 7.81789E-04 7.99809E-04 3.43348E-02 1.26960E-01 4.48867E-04 2.20909E-04 1.30825E-04 1.00522E-02
1.24823E-04 2.04819E-04 4.07384E-04 7.03476E-04 7.18980E-04 3.12436E-02 1.17045E-01 4.07384E-04 2.04819E-04 1.24823E-04 8.74540E-03
1.18410E-04 1.89385E-04 3.69232E-04 6.32337E-04 6.45664E-04 2.84030E-02 1.07792E-01 3.69232E-04 1.89385E-04 1.18410E-04 7.62466E-03
1.11767E-04 1.74681E-04 3.34224E-04 5.67814E-04 5.79259E-04 2.57956E-02 9.91665E-02 3.34224E-04 1.74681E-04 1.11767E-04 6.66110E-03
1.05035E-04 1.60770E-04 3.02217E-04 5.09473E-04 5.19298E-04 2.34087E-02 9.11472E-02 3.02217E-04 1.60770E-04 1.05035E-04 5.83249E-03
9.83323E-05 1.47668E-04 2.72982E-04 4.56736E-04 4.65164E-04 2.12241E-02 8.36951E-02 2.72982E-04 1.47668E-04 9.83323E-05 5.11661E-03
0.00000E+00 0.00000E+00 1.34768E-03 3.30041E-03 3.43798E-03 1.48801E-01 4.49553E-01 1.34768E-03 0.00000E+00 0.00000E+00 1.45383E-01
0.00000E+00 7.45063E-05 1.27772E-03 3.02321E-03 3.14184E-03 1.36701E-01 4.19582E-01 1.27772E-03 7.45063E-05 0.00000E+00 1.24300E-01
0.00000E+00 1.35267E-04 1.21219E-03 2.77624E-03 2.87888E-03 1.25772E-01 3.91969E-01 1.21219E-03 1.35267E-04 0.00000E+00 1.06295E-01
0.00000E+00 1.80286E-04 1.14552E-03 2.54888E-03 2.63785E-03 1.15796E-01 3.66287E-01 1.14552E-03 1.80286E-04 0.00000E+00 9.09426E-02
0.00000E+00 2.12851E-04 1.07894E-03 2.33944E-03 2.41670E-03 1.06661E-01 3.42341E-01 1.07894E-03 2.12851E-04 0.00000E+00 7.78497E-02
0.00000E+00 2.35086E-04 1.01329E-03 2.14699E-03 2.21421E-03 9.83066E-02 3.20031E-01 1.01329E-03 2.35086E-04 0.00000E+00 6.67590E-02
0.00000E+00 2.49327E-04 9.49196E-04 1.96971E-03 2.02828E-03 9.06336E-02 2.99175E-01 9.49196E-04 2.49327E-04 0.00000E+00 5.73269E-02
0.00000E+00 2.56238E-04 9.00821E-04 1.84137E-03 1.89401E-03 8.50873E-02 2.83886E-01 9.00821E-04 2.56238E-04 0.00000E+00 5.09332E-02
6.37697E-06 2.56684E-04 8.86415E-04 1.80547E-03 1.85655E-03 8.35650E-02 2.79637E-01 8.86415E-04 2.56684E-04 6.37697E-06 4.92539E-02
3.59750E-05 2.59454E-04 8.22002E-04 1.64375E-03 1.68789E-03 7.65933E-02 2.60027E-01 8.22002E-04 2.59454E-04 3.59750E-05 4.17595E-02
5.88887E-05 2.58318E-04 7.60627E-04 1.49502E-03 1.53315E-03 7.01531E-02 2.41587E-01 7.60627E-04 2.58318E-04 5.88887E-05 3.54208E-02
7.57450E-05 2.53577E-04 7.01778E-04 1.35762E-03 1.39053E-03 6.41963E-02 2.24231E-01 7.01778E-04 2.53577E-04 7.57450E-05 3.00738E-02
8.76539E-05 2.46101E-04 6.45720E-04 1.23095E-03 1.25934E-03 5.86905E-02 2.07911E-01 6.45720E-04 2.46101E-04 8.76539E-05 2.55677E-02
9.55225E-05 2.36606E-04 5.92693E-04 1.11459E-03 1.13905E-03 5.36113E-02 1.92591E-01 5.92693E-04 2.36606E-04 9.55225E-05 2.17806E-02
1.00187E-04 2.25718E-04 5.42797E-04 1.00787E-03 1.02895E-03 4.89279E-02 1.78222E-01 5.42797E-04 2.25718E-04 1.00187E-04 1.85939E-02
1.02339E-04 2.13933E-04 4.96043E-04 9.10131E-04 9.28275E-04 4.46100E-02 1.64751E-01 4.96043E-04 2.13933E-04 1.02339E-04 1.59061E-02
1.02519E-04 2.01635E-04 4.52419E-04 8.20788E-04 8.36392E-04 4.06331E-02 1.52137E-01 4.52419E-04 2.01635E-04 1.02519E-04 1.36372E-02
1.01171E-04 1.89126E-04 4.11870E-04 7.39280E-04 7.52687E-04 3.69742E-02 1.40338E-01 4.11870E-04 1.89126E-04 1.01171E-04 1.17195E-02
9.86629E-05 1.76641E-04 3.74311E-04 6.65058E-04 6.76566E-04 3.36115E-02 1.29316E-01 3.74311E-04 1.76641E-04 9.86629E-05 1.00959E-02
9.52935E-05 1.64364E-04 3.39630E-04 5.97590E-04 6.07460E-04 3.05244E-02 1.19033E-01 3.39630E-04 1.64364E-04 9.52935E-05 8.71862E-03
9.13066E-05 1.52432E-04 3.07698E-04 5.36365E-04 5.44822E-04 2.76936E-02 1.09451E-01 3.07698E-04 1.52432E-04 9.13066E-05 7.54751E-03
8.68995E-05 1.40944E-04 2.78373E-04 4.80896E-04 4.88136E-04 2.51008E-02 1.00533E-01 2.78373E-04 1.40944E-04 8.68995E-05 6.54918E-03
8.22300E-05 1.29971E-04 2.51508E-04 4.30717E-04 4.36909E-04 2.27286E-02 9.22449E-02 2.51508E-04 1.29971E-04 8.22300E-05 5.69576E-03
7.74242E-05 1.19558E-04 2.26950E-04 3.85391E-04 3.90682E-04 2.05607E-02 8.45514E-02 2.26950E-04 1.19558E-04 7.74242E-05 4.96412E-03
7.25820E-05 1.09745E-04 2.04582E-04 3.44577E-04 3.49096E-04 1.85851E-02 7.74285E-02 2.04582E-04 1.09745E-04 7.25820E-05 4.33656E-03
6.77827E-05 1.00536E-04 1.84226E-04 3.07831E-04 3.11688E-04 1.67846E-02 7.08367E-02 1.84226E-04 1.00536E-04 6.77827E-05 3.79559E-03
0.00000E+00 0.00000E+00 9.70427E-04 2.39219E-03 2.45994E-03 1.27947E-01 4.12029E-01 9.70427E-04 0.00000E+00 0.00000E+00 1.21256E-01
0.00000E+00 5.27287E-05 9.15615E-04 2.18089E-03 2.23900E-03 1.17022E-01 3.83056E-01 9.15615E-04 5.27287E-05 0.00000E+00 1.02537E-01
0.00000E+00 9.55942E-05 8.64862E-04 1.99375E-03 2.04378E-03 1.07204E-01 3.56487E-01 8.64862E-04 9.55942E-05 0.00000E+00 8.67963E-02
0.00000E+00 1.27190E-04 8.13998E-04 1.82263E-03 1.86579E-03 9.82870E-02 3.31890E-01 8.13998E-04 1.27190E-04 0.00000E+00 7.35555E-02
0.00000E+00 1.49877E-04 7.63776E-04 1.66597E-03 1.70327E-03 9.01618E-02 3.09056E-01 7.63776E-04 1.49877E-04 0.00000E+00 6.24068E-02
0.00000E+00 1.65189E-04 7.14725E-04 1.52288E-03 1.55517E-03 8.27668E-02 2.87878E-01 7.14725E-04 1.65189E-04 0.00000E+00 5.30793E-02
0.00000E+00 1.74812E-04 6.67199E-04 1.39177E-03 1.41978E-03 7.60070E-02 2.68167E-01 6.67199E-04 1.74812E-04 0.00000E+00 4.52352E-02
0.00000E+00 1.79346E-04 6.31530E-04 1.29726E-03 1.32234E-03 7.11393E-02 2.53767E-01 6.31530E-04 1.79346E-04 0.00000E+00 3.99642E-02
4.51772E-06 1.79558E-04 6.20972E-04 1.27093E-03 1.29525E-03 6.98078E-02 2.49778E-01 6.20972E-04 1.79558E-04 4.51772E-06 3.85914E-02
2.54446E-05 1.81043E-04 5.73826E-04 1.15254E-03 1.17345E-03 6.37219E-02 2.31401E-01 5.73826E-04 1.81043E-04 2.54446E-05 3.24933E-02
4.15447E-05 1.79794E-04 5.29151E-04 1.04420E-03 1.06217E-03 5.81266E-02 2.14195E-01 5.29151E-04 1.79794E-04 4.15447E-05 2.73866E-02
5.32999E-05 1.76041E-04 4.86549E-04 9.44591E-04 9.60025E-04 5.29755E-02 1.98072E-01 4.86549E-04 1.76041E-04 5.32999E-05 2.31172E-02
6.15235E-05 1.70408E-04 4.46177E-04 8.53204E-04 8.66451E-04 4.82365E-02 1.82976E-01 4.46177E-04 1.70408E-04 6.15235E-05 1.95491E-02
6.68783E-05 1.63408E-04 4.08178E-04 7.69647E-04 7.81011E-04 4.38850E-02 1.68868E-01 4.08178E-04 1.63408E-04 6.68783E-05 1.65737E-02
6.99709E-05 1.55485E-04 3.72591E-04 6.93376E-04 7.03117E-04 3.98912E-02 1.55692E-01 3.72591E-04 1.55485E-04 6.99709E-05 1.40878E-02
7.13003E-05 1.46989E-04 3.39395E-04 6.23829E-04 6.32173E-04 3.62256E-02 1.43392E-01 3.39395E-04 1.46989E-04 7.13003E-05 1.20044E-02
7.12542E-05 1.38186E-04 3.08556E-04 5.60538E-04 5.67678E-04 3.28648E-02 1.31923E-01 3.08556E-04 1.38186E-04 7.12542E-05 1.02558E-02
7.01511E-05 1.29285E-04 2.80011E-04 5.03047E-04 5.09152E-04 2.97865E-02 1.21241E-01 2.80011E-04 1.29285E-04 7.01511E-05 8.78550E-03
6.82516E-05 1.20447E-04 2.53679E-04 4.50918E-04 4.56132E-04 2.69700E-02 1.11304E-01 2.53679E-04 1.20447E-04 6.82516E-05 7.54642E-03
6.57675E-05 1.11797E-04 2.29461E-04 4.03731E-04 4.08181E-04 2.43959E-02 1.02072E-01 2.29461E-04 1.11797E-04 6.57675E-05 6.49952E-03
6.28702E-05 1.03425E-04 2.07250E-04 3.61088E-04 3.64882E-04 2.20458E-02 9.35054E-02 2.07250E-04 1.03425E-04 6.28702E-05 5.61251E-03
5.96976E-05 9.53952E-05 1.86928E-04 3.22611E-04 3.25843E-04 1.99028E-02 8.55665E-02 1.86928E-04 9.53952E-05 5.96976E-05 4.85867E-03
5.63596E-05 8.77532E-05 1.68380E-04 2.87944E-04 2.90694E-04 1.79507E-02 7.82187E-02 1.68380E-04 8.77532E-05 5.63596E-05 4.21599E-03
5.29431E-05 8.05267E-05 1.51485E-04 2.56752E-04 2.59091E-04 1.61745E-02 7.14265E-02 1.51485E-04 8.05267E-05 5.29431E-05 3.66630E-03
4.95169E-05 7.37380E-05 1.36152E-04 2.28778E-04 2.30765E-04 1.45630E-02 6.51648E-02 1.36152E-04 7.37380E-05 4.95169E-05 3.19579E-03
4.61350E-05 6.73872E-05 1.22245E-04 2.03688E-04 2.05376E-04 1.31007E-02 5.93941E-02 1.22245E-04 6.73872E-05 4.61350E-05 2.79096E-03
0.00000E+00 0.00000E+00 6.85662E-04 1.69833E-03 1.72998E-03 1.08499E-01 3.74467E-01 6.85662E-04 0.00000E+00 0.00000E+00 9.93119E-02
0.00000E+00 3.62695E-05 6.43437E-04 1.54068E-03 1.56769E-03 9.87962E-02 3.46752E-01 6.43437E-04 3.62695E-05 0.00000E+00 8.30895E-02
0.00000E+00 6.57360E-05 6.04856E-04 1.40197E-03 1.42510E-03 9.01207E-02 3.21457E-01 6.04856E-04 6.57360E-05 0.00000E+00 6.96451E-02
0.00000E+00 8.73980E-05 5.66826E-04 1.27604E-03 1.29589E-03 8.22789E-02 2.98143E-01 5.66826E-04 8.73980E-05 0.00000E+00 5.84807E-02
0.00000E+00 1.02878E-04 5.29740E-04 1.16150E-03 1.17856E-03 7.51676E-02 2.76597E-01 5.29740E-04 1.02878E-04 0.00000E+00 4.91936E-02
0.00000E+00 1.13239E-04 4.93888E-04 1.05751E-03 1.07221E-03 6.87267E-02 2.56703E-01 4.93888E-04 1.13239E-04 0.00000E+00 4.15145E-02
0.00000E+00 1.19655E-04 4.59434E-04 9.62753E-04 9.75447E-04 6.28663E-02 2.38267E-01 4.59434E-04 1.19655E-04 0.00000E+00 3.51253E-02
2.42861E-17 1.22604E-04 4.33725E-04 8.94744E-04 9.06067E-04 5.86619E-02 2.24845E-01 4.33725E-04 1.22604E-04 2.42861E-17 3.08673E-02
3.14241E-06 1.22694E-04 4.26161E-04 8.75877E-04 8.86843E-04 5.75157E-02 2.21139E-01 4.26161E-04 1.22694E-04 3.14241E-06 2.97672E-02
1.76751E-05 1.23474E-04 3.92435E-04 7.91184E-04 8.00564E-04 5.22869E-02 2.04095E-01 3.92435E-04 1.23474E-04 1.76751E-05 2.49017E-02
2.87968E-05 1.22381E-04 3.60657E-04 7.14057E-04 7.22080E-04 4.75020E-02 1.88209E-01 3.60657E-04 1.22381E-04 2.87968E-05 2.08652E-02
3.68649E-05 1.19580E-04 3.30518E-04 6.43496E-04 6.50351E-04 4.31172E-02 1.73386E-01 3.30518E-04 1.19580E-04 3.68649E-05 1.75186E-02
4.24604E-05 1.15509E-04 3.02102E-04 5.79064E-04 5.84917E-04 3.91016E-02 1.59568E-01 3.02102E-04 1.15509E-04 4.24604E-05 1.47435E-02
4.60561E-05 1.10527E-04 2.75486E-04 5.20426E-04 5.25422E-04 3.54314E-02 1.46710E-01 2.75486E-04 1.10527E-04 4.60561E-05 1.24459E-02
4.80825E-05 1.04941E-04 2.50675E-04 4.67144E-04 4.71405E-04 3.20782E-02 1.34755E-01 2.50675E-04 1.04941E-04 4.80825E-05 1.05387E-02
4.88918E-05 9.89916E-05 2.27631E-04 4.18773E-04 4.22404E-04 2.90144E-02 1.23641E-01 2.27631E-04 9.89916E-05 4.88918E-05 8.94940E-03
4.87569E-05 9.28611E-05 2.06312E-04 3.74943E-04 3.78033E-04 2.62177E-02 1.13323E-01 2.06312E-04 9.28611E-05 4.87569E-05 7.62234E-03
4.79011E-05 8.66911E-05 1.86660E-04 3.35297E-04 3.37926E-04 2.36676E-02 1.03753E-01 1.86660E-04 8.66911E-05 4.79011E-05 6.51148E-03
4.65062E-05 8.05904E-05 1.68601E-04 2.99498E-04 3.01732E-04 2.13446E-02 9.48889E-02 1.68601E-04 8.05904E-05 4.65062E-05 5.57896E-03
4.47193E-05 7.46407E-05 1.52054E-04 2.67225E-04 2.69121E-04 1.92308E-02 8.66884E-02 1.52054E-04 7.46407E-05 4.47193E-05 4.79375E-03
4.26591E-05 6.89014E-05 1.36934E-04 2.38177E-04 2.39785E-04 1.73094E-02 7.91112E-02 1.36934E-04 6.89014E-05 4.26591E-05 4.13037E-03
4.04204E-05 6.34145E-05 1.23150E-04 2.12070E-04 2.13433E-04 1.55650E-02 7.21189E-02 1.23150E-04 6.34145E-05 4.04204E-05 3.56800E-03
3.80785E-05 5.82078E-05 1.10611E-04 1.88640E-04 1.89793E-04 1.39828E-02 6.56744E-02 1.10611E-04 5.82078E-05 3.80785E-05 3.08956E-03
3.56927E-05 5.32979E-05 9.92298E-05 1.67639E-04 1.68615E-04 1.25496E-02 5.97424E-02 9.92298E-05 5.32979E-05 3.56927E-05 2.68112E-03
3.33097E-05 4.86980E-05 8.89348E-05 1.48877E-04 1.49702E-04 1.12548E-02 5.42971E-02 8.89348E-05 4.86980E-05 3.33097E-05 2.33209E-03
3.09658E-05 4.44060E-05 7.96282E-05 1.32113E-04 1.32809E-04 1.00850E-02 4.93000E-02 7.96282E-05 4.44060E-05 3.09658E-05 2.03226E-03
0.00000E+00 0.00000E+00 4.74617E-04 1.17957E-03 1.19351E-03 9.06761E-02 3.37288E-01 4.74617E-04 0.00000E+00 0.00000E+00 7.97691E-02
0.00000E+00 2.41519E-05 4.42669E-04 1.06453E-03 1.07636E-03 8.22037E-02 3.11062E-01 4.42669E-04 2.41519E-05 0.00000E+00 6.60547E-02
0.00000E+00 4.38283E-05 4.13920E-04 9.64017E-04 9.74095E-04 7.46654E-02 2.87236E-01 4.13920E-04 4.38283E-05 0.00000E+00 5.48440E-02
0.00000E+00 5.83037E-05 3.86091E-04 8.73468E-04 8.82072E-04 6.78841E-02 2.65376E-01 3.86091E-04 5.83037E-05 0.00000E+00 4.56479E-02
0.00000E+00 6.86356E-05 3.59321E-04 7.91668E-04 7.99027E-04 6.17632E-02 2.45263E-01 3.59321E-04 6.86356E-05 0.00000E+00 3.80861E-02
0.00000E+00 7.55220E-05 3.33727E-04 7.17879E-04 7.24188E-04 5.62457E-02 2.26775E-01 3.33727E-04 7.55220E-05 0.00000E+00 3.19032E-02
0.00000E+00 7.97495E-05 3.09346E-04 6.51029E-04 6.56447E-04 5.12483E-02 2.09717E-01 3.09346E-04 7.97495E-05 0.00000E+00 2.68108E-02
2.08167E-17 8.16622E-05 2.91264E-04 6.03259E-04 6.08072E-04 4.76762E-02 1.97341E-01 2.91264E-04 8.16622E-05 2.08167E-17 2.34438E-02
2.14315E-06 8.16983E-05 2.85975E-04 5.90062E-04 5.94718E-04 4.67055E-02 1.93934E-01 2.85975E-04 8.16983E-05 2.14315E-06 2.25804E-02
1.20427E-05 8.21224E-05 2.62437E-04 5.30928E-04 5.34889E-04 4.22861E-02 1.78298E-01 2.62437E-04 8.21224E-05 1.20427E-05 1.87772E-02
1.95870E-05 8.12912E-05 2.40388E-04 4.77346E-04 4.80716E-04 3.82605E-02 1.63787E-01 2.40388E-04 8.12912E-05 1.95870E-05 1.56498E-02
2.50312E-05 7.93181E-05 2.19590E-04 4.28563E-04 4.31428E-04 3.45883E-02 1.50308E-01 2.19590E-04 7.93181E-05 2.50312E-05 1.30770E-02
2.87797E-05 7.65014E-05 2.00079E-04 3.84228E-04 3.86660E-04 3.12405E-02 1.37797E-01 2.00079E-04 7.65014E-05 2.87797E-05 1.09588E-02
3.11613E-05 7.30850E-05 1.81891E-04 3.44067E-04 3.46132E-04 2.81946E-02 1.26206E-01 1.81891E-04 7.30850E-05 3.11613E-05 9.21642E-03
3.24741E-05 6.92773E-05 1.65012E-04 3.07737E-04 3.09488E-04 2.54242E-02 1.15476E-01 1.65012E-04 6.92773E-05 3.24741E-05 7.77835E-03
3.29613E-05 6.52398E-05 1.49400E-04 2.74898E-04 2.76382E-04 2.29042E-02 1.05545E-01 1.49400E-04 6.52398E-05 3.29613E-05 6.58604E-03
3.28109E-05 6.10946E-05 1.35015E-04 2.45267E-04 2.46523E-04 2.06140E-02 9.63635E-02 1.35015E-04 6.10946E-05 3.28109E-05 5.59479E-03
3.21761E-05 5.69360E-05 1.21805E-04 2.18575E-04 2.19638E-04 1.85348E-02 8.78853E-02 1.21805E-04 5.69360E-05 3.21761E-05 4.76814E-03
3.11814E-05 5.28358E-05 1.09710E-04 1.94571E-04 1.95470E-04 1.66492E-02 8.00658E-02 1.09710E-04 5.28358E-05 3.11814E-05 4.07642E-03
2.99271E-05 4.88476E-05 9.86676E-05 1.73018E-04 1.73776E-04 1.49408E-02 7.28627E-02 9.86676E-05 4.88476E-05 2.99271E-05 3.49553E-03
2.84940E-05 4.50100E-05 8.86115E-05 1.53694E-04 1.54333E-04 1.33947E-02 6.62357E-02 8.86115E-05 4.50100E-05 2.84940E-05 3.00587E-03
2.69462E-05 4.13495E-05 7.94747E-05 1.36393E-04 1.36931E-04 1.19970E-02 6.01463E-02 7.94747E-05 4.13495E-05 2.69462E-05 2.59155E-03
2.53346E-05 3.78836E-05 7.11905E-05 1.20924E-04 1.21377E-04 1.07349E-02 5.45581E-02 7.11905E-05 3.78836E-05 2.53346E-05 2.23964E-03
2.36990E-05 3.46223E-05 6.36940E-05 1.07111E-04 1.07492E-04 9.59640E-03 4.94363E-02 6.36940E-05 3.46223E-05 2.36990E-05 1.93964E-03
2.20709E-05 3.15733E-05 5.69343E-05 9.48153E-05 9.51359E-05 8.57240E-03 4.47550E-02 5.69343E-05 3.15733E-05 2.20709E-05 1.68362E-03
2.04742E-05 2.87342E-05 5.08421E-05 8.38690E-05 8.41383E-05 7.65126E-03 4.04775E-02 5.08421E-05 2.87342E-05 2.04742E-05 1.46396E-03
0.00000E+00 0.00000E+00 3.21345E-04 8.00465E-04 8.06261E-04 7.46306E-02 3.00897E-01 3.21345E-04 0.00000E+00 0.00000E+00 6.27453E-02
0.00000E+00 1.54928E-05 2.97641E-04 7.18418E-04 7.23309E-04 6.73605E-02 2.76354E-01 2.97641E-04 1.54928E-05 0.00000E+00 5.14445E-02
0.00000E+00 2.82110E-05 2.76671E-04 6.47287E-04 6.51431E-04 6.09233E-02 2.54162E-01 2.76671E-04 2.82110E-05 0.00000E+00 4.23273E-02
0.00000E+00 3.76178E-05 2.56771E-04 5.83740E-04 5.87259E-04 5.51595E-02 2.33893E-01 2.56771E-04 3.76178E-05 0.00000E+00 3.49353E-02
0.00000E+00 4.43553E-05 2.37913E-04 5.26752E-04 5.29745E-04 4.99811E-02 2.15325E-01 2.37913E-04 4.43553E-05 0.00000E+00 2.89238E-02
0.00000E+00 4.88541E-05 2.20100E-04 4.75693E-04 4.78245E-04 4.53350E-02 1.98337E-01 2.20100E-04 4.88541E-05 0.00000E+00 2.40608E-02
0.00000E+00 5.16153E-05 2.03290E-04 4.29712E-04 4.31893E-04 4.11457E-02 1.82730E-01 2.03290E-04 5.16153E-05 0.00000E+00 2.00936E-02
0.00000E+00 5.28615E-05 1.90905E-04 3.97004E-04 3.98934E-04 3.81620E-02 1.71447E-01 1.90905E-04 5.28615E-05 0.00000E+00 1.74901E-02
1.43146E-06 5.28797E-05 1.87303E-04 3.88005E-04 3.89870E-04 3.73539E-02 1.68350E-01 1.87303E-04 5.28797E-05 1.43146E-06 1.68272E-02
8.03888E-06 5.31444E-05 1.71308E-04 3.47765E-04 3.49343E-04 3.36814E-02 1.54166E-01 1.71308E-04 5.31444E-05 8.03888E-06 1.39182E-02
1.30598E-05 5.25864E-05 1.56414E-04 3.11488E-04 3.12823E-04 3.03514E-02 1.41063E-01 1.56414E-04 5.25864E-05 1.30598E-05 1.15456E-02
1.66692E-05 5.12791E-05 1.42442E-04 2.78623E-04 2.79751E-04 2.73274E-02 1.28944E-01 1.42442E-04 5.12791E-05 1.66692E-05 9.60759E-03
1.91406E-05 4.94200E-05 1.29400E-04 2.48894E-04 2.49847E-04 2.45828E-02 1.17745E-01 1.29400E-04 4.94200E-05 1.91406E-05 8.02215E-03
2.06966E-05 4.71705E-05 1.17299E-04 2.22088E-04 2.22892E-04 2.20970E-02 1.07417E-01 1.17299E-04 4.71705E-05 2.06966E-05 6.72556E-03
2.15385E-05 4.46682E-05 1.06115E-04 1.97946E-04 1.98625E-04 1.98461E-02 9.78973E-02 1.06115E-04 4.46682E-05 2.15385E-05 5.66069E-03
2.18303E-05 4.20193E-05 9.58127E-05 1.76216E-04 1.76788E-04 1.78076E-02 8.91252E-02 9.58127E-05 4.20193E-05 2.18303E-05 4.78150E-03
2.16986E-05 3.93039E-05 8.63550E-05 1.56690E-04 1.57172E-04 1.59631E-02 8.10508E-02 8.63550E-05 3.93039E-05 2.16986E-05 4.05316E-03
2.12463E-05 3.65839E-05 7.77006E-05 1.39173E-04 1.39578E-04 1.42959E-02 7.36273E-02 7.77006E-05 3.65839E-05 2.12463E-05 3.44756E-03
2.05569E-05 3.39060E-05 6.98040E-05 1.23480E-04 1.23821E-04 1.27904E-02 6.68104E-02 6.98040E-05 3.39060E-05 2.05569E-05 2.94203E-03
1.96978E-05 3.13048E-05 6.26179E-05 1.09444E-04 1.09730E-04 1.14323E-02 6.05582E-02 6.26179E-05 3.13048E-05 1.96978E-05 2.51832E-03
1.87227E-05 2.88052E-05 5.60940E-05 9.69072E-05 9.71468E-05 1.02085E-02 5.48311E-02 5.60940E-05 2.88052E-05 1.87227E-05 2.16174E-03
1.76745E-05 2.64243E-05 5.01844E-05 8.57241E-05 8.59248E-05 9.10702E-03 4.95915E-02 5.01844E-05 2.64243E-05 1.76745E-05 1.86041E-03
1.65871E-05 2.41729E-05 4.48420E-05 7.57614E-05 7.59294E-05 8.11658E-03 4.48041E-02 4.48420E-05 2.41729E-05 1.65871E-05 1.60476E-03
1.54868E-05 2.20572E-05 4.00212E-05 6.68969E-05 6.70374E-05 7.22699E-03 4.04353E-02 4.00212E-05 2.20572E-05 1.54868E-05 1.38704E-03
1.43945E-05 2.00821E-05 3.56865E-05 5.90344E-05 5.91518E-05 6.43034E-03 3.64599E-02 3.56865E-05 2.00821E-05 1.43945E-05 1.20144E-03
1.33260E-05 1.82454E-05 3.17904E-05 5.20586E-05 5.21566E-05 5.71677E-03 3.28433E-02 3.17904E-05 1.82454E-05 1.33260E-05 1.04236E-03
0.00000E+00 0.00000E+00 2.12378E-04 5.29813E-04 5.32078E-04 6.04439E-02 2.65662E-01 2.12378E-04 0.00000E+00 0.00000E+00 4.82526E-02
0.00000E+00 9.50671E-06 1.95162E-04 4.72695E-04 4.74595E-04 5.43171E-02 2.42961E-01 1.95162E-04 9.50671E-06 0.00000E+00 3.91876E-02
0.00000E+00 1.74263E-05 1.80216E-04 4.23599E-04 4.25200E-04 4.89180E-02 2.22530E-01 1.80216E-04 1.74263E-05 0.00000E+00 3.19655E-02
0.00000E+00 2.33536E-05 1.66337E-04 3.80134E-04 3.81487E-04 4.41062E-02 2.03955E-01 1.66337E-04 2.33536E-05 0.00000E+00 2.61752E-02
0.00000E+00 2.76407E-05 1.53399E-04 3.41464E-04 3.42608E-04 3.98025E-02 1.87016E-01 1.53399E-04 2.76407E-05 0.00000E+00 2.15156E-02
0.00000E+00 3.05305E-05 1.41340E-04 3.07068E-04 3.08039E-04 3.59591E-02 1.71589E-01 1.41340E-04 3.05305E-05 0.00000E+00 1.77842E-02
0.00000E+00 3.23234E-05 1.30075E-04 2.76289E-04 2.77114E-04 3.25089E-02 1.57478E-01 1.30075E-04 3.23234E-05 0.00000E+00 1.47677E-02
0.00000E+00 3.31448E-05 1.21832E-04 2.54499E-04 2.55226E-04 3.00604E-02 1.47314E-01 1.21832E-04 3.31448E-05 0.00000E+00 1.28017E-02
9.34913E-07 3.31614E-05 1.19449E-04 2.48530E-04 2.49232E-04 2.93994E-02 1.44533E-01 1.19449E-04 3.31614E-05 9.34913E-07 1.23045E-02
5.24966E-06 3.33640E-05 1.08893E-04 2.21891E-04 2.22482E-04 2.64009E-02 1.31820E-01 1.08893E-04 3.33640E-05 5.24966E-06 1.01299E-02
8.52376E-06 3.30394E-05 9.91241E-05 1.98002E-04 1.98499E-04 2.36943E-02 1.20129E-01 9.91241E-05 3.30394E-05 8.52376E-06 8.36956E-03
1.08722E-05 3.22324E-05 9.00100E-05 1.76467E-04 1.76885E-04 2.12472E-02 1.09364E-01 9.00100E-05 3.22324E-05 1.08722E-05 6.94072E-03
1.24745E-05 3.10693E-05 8.15437E-05 1.57080E-04 1.57430E-04 1.90362E-02 9.94617E-02 8.15437E-05 3.10693E-05 1.24745E-05 5.77834E-03
1.34767E-05 2.96540E-05 7.37228E-05 1.39678E-04 1.39973E-04 1.70426E-02 9.03705E-02 7.37228E-05 2.96540E-05 1.34767E-05 4.83235E-03
1.40114E-05 2.80749E-05 6.65245E-05 1.24075E-04 1.24322E-04 1.52453E-02 8.20288E-02 6.65245E-05 2.80749E-05 1.40114E-05 4.05856E-03
1.41863E-05 2.64005E-05 5.99175E-05 1.10089E-04 1.10296E-04 1.36247E-02 7.43762E-02 5.99175E-05 2.64005E-05 1.41863E-05 3.42180E-03
1.40846E-05 2.46825E-05 5.38732E-05 9.75723E-05 9.77457E-05 1.21647E-02 6.73636E-02 5.38732E-05 2.46825E-05 1.40846E-05 2.89570E-03
1.37741E-05 2.29605E-05 4.83600E-05 8.63866E-05 8.65316E-05 1.08508E-02 6.09449E-02 4.83600E-05 2.29605E-05 1.37741E-05 2.45917E-03
1.33097E-05 2.12646E-05 4.33450E-05 7.64047E-05 7.65258E-05 9.66934E-03 5.50768E-02 4.33450E-05 2.12646E-05 1.33097E-05 2.09536E-03
1.27356E-05 1.96173E-05 3.87943E-05 6.75092E-05 6.76103E-05 8.60822E-03 4.97188E-02 3.87943E-05 1.96173E-05 1.27356E-05 1.79081E-03
1.20870E-05 1.80343E-05 3.46745E-05 5.95924E-05 5.96767E-05 7.65615E-03 4.48325E-02 3.46745E-05 1.80343E-05 1.20870E-05 1.53476E-03
1.13921E-05 1.65269E-05 3.09524E-05 5.25554E-05 5.26256E-05 6.80284E-03 4.03820E-02 3.09524E-05 1.65269E-05 1.13921E-05 1.31855E-03
1.06731E-05 1.51019E-05 2.75961E-05 4.63080E-05 4.63664E-05 6.03886E-03 3.63337E-02 2.75961E-05 1.51019E-05 1.06731E-05 1.13525E-03
9.94733E-06 1.37634E-05 2.45750E-05 4.07679E-05 4.08165E-05 5.35561E-03 3.26557E-02 2.45750E-05 1.37634E-05 9.94733E-06 9.79251E-04
9.22834E-06 1.25146E-05 2.18651E-05 3.58706E-05 3.59109E-05 4.74637E-03 2.93241E-02 2.18651E-05 1.25146E-05 9.22834E-06 8.46370E-04
8.52641E-06 1.13542E-05 1.94351E-05 3.15397E-05 3.15732E-05 4.20299E-03 2.63066E-02 1.94351E-05 1.13542E-05 8.52641E-06 7.32589E-04
0.00000E+00 0.00000E+00 1.36699E-04 3.41334E-04 3.42162E-04 4.81342E-02 2.31931E-01 1.36699E-04 0.00000E+00 0.00000E+00 3.62121E-02
0.00000E+00 5.52371E-06 1.24485E-04 3.02581E-04 3.03272E-04 4.30665E-02 2.11189E-01 1.24485E-04 5.52371E-06 0.00000E+00 2.91447E-02
0.00000E+00 1.02450E-05 1.14097E-04 2.69585E-04 2.70164E-04 3.86216E-02 1.92612E-01 1.14097E-04 1.02450E-05 0.00000E+00 2.35814E-02
0.00000E+00 1.38540E-05 1.04676E-04 2.40665E-04 2.41152E-04 3.46782E-02 1.75800E-01 1.04676E-04 1.38540E-05 0.00000E+00 1.91687E-02
0.00000E+00 1.65125E-05 9.60522E-05 2.15157E-04 2.15566E-04 3.11671E-02 1.60539E-01 9.60522E-05 1.65125E-05 0.00000E+00 1.56530E-02
0.00000E+00 1.83391E-05 8.81309E-05 1.92646E-04 1.92991E-04 2.80459E-02 1.46704E-01 8.81309E-05 1.83391E-05 0.00000E+00 1.28645E-02
0.00000E+00 1.94995E-05 8.08133E-05 1.72638E-04 1.72930E-04 2.52561E-02 1.34106E-01 8.08133E-05 1.94995E-05 0.00000E+00 1.06292E-02
0.00000E+00 2.00496E-05 7.54990E-05 1.58545E-04 1.58801E-04 2.32833E-02 1.25065E-01 7.54990E-05 2.00496E-05 0.00000E+00 9.18164E-03
5.96098E-07 2.00700E-05 7.39719E-05 1.54701E-04 1.54948E-04 2.27524E-02 1.22600E-01 7.39719E-05 2.00700E-05 5.96098E-07 8.81776E-03
3.34845E-06 2.02497E-05 6.72254E-05 1.37585E-04 1.37792E-04 2.03486E-02 1.11350E-01 6.72254E-05 2.02497E-05 3.34845E-06 7.23136E-03
5.43756E-06 2.00993E-05 6.10224E-05 1.22320E-04 1.22493E-04 1.81884E-02 1.01052E-01 6.10224E-05 2.00993E-05 5.43756E-06 5.95562E-03
6.93544E-06 1.96438E-05 5.52668E-05 1.08629E-04 1.08773E-04 1.62440E-02 9.16143E-02 5.52668E-05 1.96438E-05 6.93544E-06 4.92573E-03
7.95581E-06 1.89613E-05 4.99455E-05 9.63612E-05 9.64820E-05 1.44949E-02 8.29715E-02 4.99455E-05 1.89613E-05 7.95581E-06 4.09179E-03
8.59181E-06 1.81166E-05 4.50506E-05 8.54010E-05 8.55018E-05 1.29247E-02 7.50737E-02 4.50506E-05 1.81166E-05 8.59181E-06 3.41569E-03
8.92803E-06 1.71651E-05 4.05621E-05 7.56155E-05 7.56996E-05 1.15154E-02 6.78603E-02 4.05621E-05 1.71651E-05 8.92803E-06 2.86434E-03
9.03351E-06 1.61499E-05 3.64561E-05 6.68802E-05 6.69503E-05 1.02501E-02 6.12728E-02 3.64561E-05 1.61499E-05 9.03351E-06 2.41168E-03
8.96165E-06 1.51038E-05 3.27112E-05 5.90931E-05 5.91514E-05 9.11512E-03 5.52636E-02 3.27112E-05 1.51038E-05 8.96165E-06 2.03830E-03
8.75599E-06 1.40518E-05 2.93049E-05 5.21603E-05 5.22088E-05 8.09804E-03 4.97883E-02 2.93049E-05 1.40518E-05 8.75599E-06 1.72887E-03
8.45181E-06 1.30133E-05 2.62145E-05 4.59961E-05 4.60364E-05 7.18749E-03 4.48054E-02 2.62145E-05 1.30133E-05 8.45181E-06 1.47120E-03
8.07755E-06 1.20025E-05 2.34171E-05 4.05221E-05 4.05556E-05 6.37316E-03 4.02763E-02 2.34171E-05 1.20025E-05 8.07755E-06 1.25562E-03
7.65604E-06 1.10298E-05 2.08902E-05 3.56670E-05 3.56947E-05 5.64564E-03 3.61648E-02 2.08902E-05 1.10298E-05 7.65604E-06 1.07443E-03
7.20540E-06 1.01024E-05 1.86124E-05 3.13658E-05 3.13887E-05 4.99637E-03 3.24370E-02 1.86124E-05 1.01024E-05 7.20540E-06 9.21483E-04
6.73996E-06 9.22503E-06 1.65626E-05 2.75595E-05 2.75784E-05 4.41754E-03 2.90614E-02 1.65626E-05 9.22503E-06 6.73996E-06 7.91864E-04
6.27087E-06 8.40044E-06 1.47213E-05 2.41948E-05 2.42104E-05 3.90207E-03 2.60086E-02 1.47213E-05 8.40044E-06 6.27087E-06 6.81612E-04
5.80695E-06 7.63080E-06 1.30730E-05 2.12297E-05 2.12427E-05 3.44443E-03 2.32561E-02 1.30730E-05 7.63080E-06 5.80695E-06 5.87762E-04
5.35480E-06 6.91553E-06 1.15977E-05 1.86156E-05 1.86263E-05 3.03799E-03 2.07745E-02 1.15977E-05 6.91553E-06 5.35480E-06 5.07477E-04
0.00000E+00 0.00000E+00 8.54535E-05 2.13493E-04 2.13775E-04 3.76558E-02 2.00005E-01 8.54535E-05 0.00000E+00 0.00000E+00 2.64616E-02
0.00000E+00 2.98946E-06 7.70101E-05 1.87924E-04 1.88158E-04 3.35447E-02 1.81301E-01 7.70101E-05 2.98946E-06 0.00000E+00 2.11175E-02
0.00000E+00 5.66010E-06 6.99874E-05 1.66381E-04 1.66576E-04 2.99555E-02 1.64631E-01 6.99874E-05 5.66010E-06 0.00000E+00 1.69594E-02
0.00000E+00 7.77430E-06 6.37800E-05 1.47707E-04 1.47870E-04 2.67857E-02 1.49616E-01 6.37800E-05 7.77430E-06 0.00000E+00 1.36945E-02
0.00000E+00 9.37875E-06 5.82113E-05 1.31392E-04 1.31528E-04 2.39758E-02 1.36050E-01 5.82113E-05 9.37875E-06 0.00000E+00 1.11179E-02
0.00000E+00 1.05156E-05 5.31790E-05 1.17117E-04 1.17231E-04 2.14891E-02 1.23810E-01 5.31790E-05 1.05156E-05 0.00000E+00 9.09234E-03
0.00000E+00 1.12656E-05 4.85873E-05 1.04522E-04 1.04618E-04 1.92762E-02 1.12716E-01 4.85873E-05 1.12656E-05 0.00000E+00 7.48107E-03
3.46945E-18 1.16398E-05 4.52800E-05 9.56980E-05 9.57821E-05 1.77168E-02 1.04783E-01 4.52800E-05 1.16398E-05 3.46945E-18 6.44369E-03
3.70308E-07 1.16635E-05 4.43353E-05 9.33023E-05 9.33833E-05 1.72985E-02 1.02627E-01 4.43353E-05 1.16635E-05 3.70308E-07 6.18434E-03
2.08213E-06 1.18297E-05 4.01755E-05 8.26603E-05 8.27277E-05 1.54078E-02 9.28089E-02 4.01755E-05 1.18297E-05 2.08213E-06 5.05675E-03
3.38427E-06 1.17939E-05 3.63768E-05 7.32230E-05 7.32791E-05 1.37162E-02 8.38638E-02 3.63768E-05 1.17939E-05 3.38427E-06 4.15508E-03
4.31935E-06 1.15684E-05 3.28713E-05 6.48023E-05 6.48489E-05 1.22003E-02 7.57042E-02 3.28713E-05 1.15684E-05 4.31935E-06 3.43032E-03
4.95678E-06 1.11998E-05 2.96452E-05 5.72939E-05 5.73326E-05 1.08425E-02 6.82669E-02 2.96452E-05 1.11998E-05 4.95678E-06 2.84550E-03
5.35390E-06 1.07270E-05 2.66891E-05 5.06161E-05 5.06482E-05 9.62908E-03 6.15030E-02 2.66891E-05 1.07270E-05 5.35390E-06 2.37264E-03
5.56309E-06 1.01839E-05 2.39875E-05 4.46795E-05 4.47061E-05 8.54468E-03 5.53543E-02 2.39875E-05 1.01839E-05 5.56309E-06 1.98776E-03
5.62733E-06 9.59715E-06 2.15231E-05 3.94010E-05 3.94231E-05 7.57528E-03 4.97652E-02 2.15231E-05 9.59715E-06 5.62733E-06 1.67214E-03
5.58001E-06 8.98702E-06 1.92812E-05 3.47132E-05 3.47314E-05 6.70946E-03 4.46906E-02 1.92812E-05 8.98702E-06 5.58001E-06 1.41199E-03
5.44842E-06 8.36935E-06 1.72465E-05 3.05546E-05 3.05697E-05 5.93688E-03 4.00884E-02 1.72465E-05 8.36935E-06 5.44842E-06 1.19645E-03
5.25477E-06 7.75630E-06 1.54042E-05 2.68698E-05 2.68822E-05 5.24819E-03 3.59196E-02 1.54042E-05 7.75630E-06 5.25477E-06 1.01697E-03
5.01701E-06 7.15709E-06 1.37397E-05 2.36083E-05 2.36186E-05 4.63490E-03 3.21481E-02 1.37397E-05 7.15709E-06 5.01701E-06 8.66794E-04
4.74957E-06 6.57847E-06 1.22387E-05 2.07248E-05 2.07332E-05 4.08933E-03 2.87403E-02 1.22387E-05 6.57847E-06 4.74957E-06 7.40560E-04
4.46396E-06 6.02526E-06 1.08877E-05 1.81780E-05 1.81849E-05 3.60450E-03 2.56650E-02 1.08877E-05 6.02526E-06 4.46396E-06 6.34003E-04
4.16926E-06 5.50071E-06 9.67392E-06 1.59309E-05 1.59366E-05 3.17411E-03 2.28933E-02 9.67392E-06 5.50071E-06 4.16926E-06 5.43713E-04
3.87259E-06 5.00682E-06 8.58511E-06 1.39502E-05 1.39549E-05 2.79247E-03 2.03984E-02 8.58511E-06 5.00682E-06 3.87259E-06 4.66944E-04
3.57956E-06 4.54521E-06 7.61180E-06 1.22097E-05 1.22136E-05 2.45509E-03 1.81596E-02 7.61180E-06 4.54521E-06 3.57956E-06 4.01644E-04
3.29435E-06 4.11577E-06 6.74189E-06 1.06795E-05 1.06826E-05 2.15674E-03 1.61506E-02 6.74189E-06 4.11577E-06 3.29435E-06 3.45841E-04
0.00000E+00 0.00000E+00 5.16574E-05 1.29099E-04 1.29188E-04 2.88965E-02 1.70091E-01 5.16574E-05 0.00000E+00 0.00000E+00 1.87658E-02
0.00000E+00 1.46053E-06 4.59919E-05 1.12752E-04 1.12826E-04 2.56297E-02 1.53468E-01 4.59919E-05 1.46053E-06 0.00000E+00 1.48597E-02
0.00000E+00 2.87279E-06 4.13914E-05 9.91390E-05 9.91996E-05 2.27907E-02 1.38725E-01 4.13914E-05 2.87279E-06 0.00000E+00 1.18542E-02
0.00000E+00 4.05654E-06 3.74374E-05 8.74834E-05 8.75338E-05 2.02946E-02 1.25511E-01 3.74374E-05 4.05654E-06 0.00000E+00 9.51694E-03
0.00000E+00 4.99654E-06 3.39692E-05 7.74072E-05 7.74491E-05 1.80916E-02 1.13629E-01 3.39692E-05 4.99654E-06 0.00000E+00 7.68856E-03
0.00000E+00 5.69283E-06 3.08923E-05 6.86741E-05 6.87090E-05 1.61508E-02 1.02961E-01 3.08923E-05 5.69283E-06 0.00000E+00 6.26279E-03
0.00000E+00 6.17630E-06 2.81237E-05 6.10300E-05 6.10592E-05 1.44310E-02 9.33371E-02 2.81237E-05 6.17630E-06 0.00000E+00 5.13639E-03
1.73472E-18 6.43334E-06 2.61476E-05 5.57063E-05 5.57318E-05 1.32234E-02 8.64817E-02 2.61476E-05 6.43334E-06 1.73472E-18 4.41480E-03
2.23396E-07 6.45773E-06 2.55866E-05 5.42677E-05 5.42921E-05 1.29004E-02 8.46251E-02 2.55866E-05 6.45773E-06 2.23396E-07 4.23526E-03
1.25813E-06 6.60735E-06 2.31262E-05 4.78942E-05 4.79145E-05 1.14434E-02 7.61870E-02 2.31262E-05 6.60735E-06 1.25813E-06 3.45643E-03
2.04861E-06 6.63621E-06 2.08956E-05 4.22762E-05 4.22929E-05 1.01456E-02 6.85367E-02 2.08956E-05 6.63621E-06 2.04861E-06 2.83639E-03
2.61832E-06 6.54917E-06 1.88484E-05 3.72903E-05 3.73041E-05 8.98755E-03 6.15917E-02 1.88484E-05 6.54917E-06 2.61832E-06 2.33951E-03
3.00787E-06 6.37278E-06 1.69724E-05 3.28662E-05 3.28776E-05 7.95485E-03 5.52922E-02 1.69724E-05 6.37278E-06 3.00787E-06 1.93945E-03
3.25116E-06 6.12972E-06 1.52595E-05 2.89495E-05 2.89589E-05 7.03596E-03 4.95910E-02 1.52595E-05 6.12972E-06 3.25116E-06 1.61641E-03
3.37956E-06 5.84010E-06 1.36984E-05 2.54820E-05 2.54898E-05 6.21837E-03 4.44335E-02 1.36984E-05 5.84010E-06 3.37956E-06 1.35362E-03
3.41901E-06 5.51998E-06 1.22776E-05 2.24107E-05 2.24171E-05 5.49062E-03 3.97680E-02 1.22776E-05 5.51998E-06 3.41901E-06 1.13814E-03
3.38976E-06 5.18176E-06 1.09873E-05 1.96929E-05 1.96981E-05 4.84341E-03 3.55523E-02 1.09873E-05 5.18176E-06 3.38976E-06 9.60468E-04
3.30850E-06 4.83528E-06 9.81804E-06 1.72900E-05 1.72943E-05 4.26838E-03 3.17474E-02 9.81804E-06 4.83528E-06 3.30850E-06 8.13173E-04
3.18886E-06 4.48823E-06 8.76067E-06 1.51675E-05 1.51711E-05 3.75797E-03 2.83175E-02 8.76067E-06 4.48823E-06 3.18886E-06 6.90435E-04
3.04192E-06 4.14651E-06 7.80632E-06 1.32946E-05 1.32975E-05 3.30539E-03 2.52294E-02 7.80632E-06 4.14651E-06 3.04192E-06 5.87669E-04
2.87662E-06 3.81457E-06 6.94655E-06 1.16433E-05 1.16457E-05 2.90449E-03 2.24526E-02 6.94655E-06 3.81457E-06 2.87662E-06 5.01247E-04
2.70012E-06 3.49567E-06 6.17335E-06 1.01889E-05 1.01908E-05 2.54975E-03 1.99589E-02 6.17335E-06 3.49567E-06 2.70012E-06 4.28281E-04
2.51808E-06 3.19209E-06 5.47916E-06 8.90896E-06 8.91055E-06 2.23619E-03 1.77222E-02 5.47916E-06 3.19209E-06 2.51808E-06 3.66460E-04
2.33494E-06 2.90535E-06 4.85692E-06 7.78362E-06 7.78492E-06 1.95932E-03 1.57186E-02 4.85692E-06 2.90535E-06 2.33494E-06 3.13923E-04
2.15422E-06 2.63665E-06 4.30110E-06 6.79723E-06 6.79829E-06 1.71563E-03 1.39295E-02 4.30110E-06 2.63665E-06 2.15422E-06 2.69275E-04
1.97854E-06 2.38619E-06 3.80470E-06 5.93202E-06 5.93288E-06 1.50105E-03 1.23319E-02 3.80470E-06 2.38619E-06 1.97854E-06 2.31169E-04
0.00000E+00 0.00000E+00 3.02246E-05 7.55485E-05 7.55744E-05 2.17849E-02 1.42659E-01 3.02246E-05 0.00000E+00 0.00000E+00 1.29175E-02
0.00000E+00 6.07256E-07 2.65334E-05 6.54121E-05 6.54333E-05 1.92386E-02 1.28098E-01 2.65334E-05 6.07256E-07 0.00000E+00 1.01591E-02
0.00000E+00 1.29411E-06 2.36113E-05 5.70784E-05 5.70959E-05 1.70358E-02 1.15251E-01 2.36113E-05 1.29411E-06 0.00000E+00 8.05885E-03
0.00000E+00 1.92656E-06 2.11748E-05 5.00400E-05 5.00545E-05 1.51075E-02 1.03793E-01 2.11748E-05 1.92656E-06 0.00000E+00 6.43992E-03
0.00000E+00 2.46303E-06 1.90907E-05 4.40263E-05 4.40382E-05 1.34131E-02 9.35399E-02 1.90907E-05 2.46303E-06 0.00000E+00 5.18342E-03
0.00000E+00 2.88445E-06 1.72801E-05 3.88686E-05 3.88785E-05 1.19268E-02 8.43807E-02 1.72801E-05 2.88445E-06 0.00000E+00 4.21046E-03
0.00000E+00 3.19556E-06 1.56764E-05 3.43935E-05 3.44017E-05 1.06154E-02 7.61583E-02 1.56764E-05 3.19556E-06 0.00000E+00 3.44615E-03
0.00000E+00 3.37252E-06 1.45436E-05 3.12967E-05 3.13038E-05 9.69766E-03 7.03240E-02 1.45436E-05 3.37252E-06 0.00000E+00 2.95844E-03
1.31145E-07 3.39508E-06 1.42240E-05 3.04640E-05 3.04708E-05 9.45296E-03 6.87495E-02 1.42240E-05 3.39508E-06 1.31145E-07 2.83755E-03
7.40321E-07 3.52259E-06 1.28290E-05 2.67858E-05 2.67914E-05 8.35109E-03 6.16082E-02 1.28290E-05 3.52259E-06 7.40321E-07 2.31407E-03
1.20875E-06 3.57923E-06 1.15741E-05 2.35642E-05 2.35688E-05 7.37390E-03 5.51660E-02 1.15741E-05 3.57923E-06 1.20875E-06 1.89851E-03
1.54829E-06 3.56599E-06 1.04287E-05 2.07208E-05 2.07246E-05 6.50572E-03 4.93468E-02 1.04287E-05 3.56599E-06 1.54829E-06 1.56599E-03
1.78168E-06 3.49735E-06 9.38317E-06 1.82103E-05 1.82134E-05 5.73481E-03 4.40945E-02 9.38317E-06 3.49735E-06 1.78168E-06 1.29840E-03
1.92823E-06 3.38606E-06 8.43124E-06 1.59977E-05 1.60003E-05 5.05183E-03 3.93649E-02 8.43124E-06 3.38606E-06 1.92823E-06 1.08230E-03
2.00609E-06 3.24378E-06 7.56537E-06 1.40467E-05 1.40488E-05 4.44677E-03 3.51078E-02 7.56537E-06 3.24378E-06 2.00609E-06 9.06371E-04
2.03047E-06 3.08006E-06 6.77832E-06 1.23248E-05 1.23266E-05 3.91049E-03 3.12758E-02 6.77832E-06 3.08006E-06 2.03047E-06 7.61942E-04
2.01336E-06 2.90241E-06 6.06417E-06 1.08061E-05 1.08075E-05 3.43558E-03 2.78303E-02 6.06417E-06 2.90241E-06 2.01336E-06 6.42690E-04
1.96472E-06 2.71688E-06 5.41731E-06 9.46737E-06 9.46852E-06 3.01543E-03 2.47360E-02 5.41731E-06 2.71688E-06 1.96472E-06 5.43693E-04
1.89273E-06 2.52833E-06 4.83245E-06 8.28816E-06 8.28910E-06 2.64407E-03 2.19604E-02 4.83245E-06 2.52833E-06 1.89273E-06 4.61096E-04
1.80411E-06 2.34055E-06 4.30458E-06 7.25024E-06 7.25100E-06 2.31619E-03 1.94739E-02 4.30458E-06 2.34055E-06 1.80411E-06 3.91870E-04
1.70428E-06 2.15649E-06 3.82897E-06 6.33736E-06 6.33797E-06 2.02699E-03 1.72491E-02 3.82897E-06 2.15649E-06 1.70428E-06 3.33615E-04
1.59764E-06 1.97837E-06 3.40116E-06 5.53509E-06 5.53559E-06 1.77218E-03 1.52610E-02 3.40116E-06 1.97837E-06 1.59764E-06 2.84420E-04
1.48764E-06 1.80781E-06 3.01700E-06 4.83058E-06 4.83099E-06 1.54790E-03 1.34868E-02 3.01700E-06 1.80781E-06 1.48764E-06 2.42748E-04
1.37703E-06 1.64594E-06 2.67260E-06 4.21242E-06 4.21275E-06 1.35070E-03 1.19053E-02 2.67260E-06 1.64594E-06 1.37703E-06 2.07359E-04
1.26798E-06 1.49368E-06 2.36492E-06 3.67166E-06 3.67193E-06 1.17789E-03 1.05004E-02 2.36492E-06 1.49368E-06 1.26798E-06 1.77320E-04
1.16208E-06 1.35133E-06 2.09013E-06 3.19823E-06 3.19845E-06 1.02636E-03 9.25211E-03 2.09013E-06 1.35133E-06 1.16208E-06 1.51724E-04
0.00000E+00 0.00000E+00 1.69166E-05 4.22882E-05 4.22950E-05 1.60585E-02 1.17517E-01 1.69166E-05 0.00000E+00 0.00000E+00 8.55649E-03
0.00000E+00 1.68993E-07 1.46043E-05 3.62546E-05 3.62601E-05 1.41199E-02 1.04989E-01 1.46043E-05 1.68993E-07 0.00000E+00 6.69137E-03
0.00000E+00 4.59834E-07 1.28227E-05 3.13646E-05 3.13692E-05 1.24504E-02 9.39955E-02 1.28227E-05 4.59834E-07 0.00000E+00 5.28515E-03
0.00000E+00 7.76374E-07 1.13857E-05 2.72978E-05 2.73015E-05 1.09952E-02 8.42407E-02 1.13857E-05 7.76374E-07 0.00000E+00 4.20974E-03
0.00000E+00 1.07180E-06 1.01913E-05 2.38690E-05 2.38720E-05 9.72202E-03 7.55563E-02 1.01913E-05 1.07180E-06 0.00000E+00 3.38071E-03
0.00000E+00 1.32169E-06 9.17875E-06 2.09630E-05 2.09656E-05 8.61021E-03 6.78392E-02 9.17875E-06 1.32169E-06 0.00000E+00 2.74240E-03
0.00000E+00 1.51918E-06 8.29859E-06 1.84666E-05 1.84687E-05 7.63336E-03 6.09463E-02 8.29859E-06 1.51918E-06 0.00000E+00 2.24306E-03
3.46945E-18 1.63919E-06 7.68448E-06 1.67515E-05 1.67533E-05 6.95208E-03 5.60754E-02 7.68448E-06 1.63919E-06 3.46945E-18 1.92528E-03
7.41416E-08 1.65815E-06 7.51234E-06 1.62927E-05 1.62945E-05 6.77098E-03 5.47656E-02 7.51234E-06 1.65815E-06 7.41416E-08 1.84672E-03
4.19867E-07 1.75983E-06 6.76548E-06 1.42732E-05 1.42746E-05 5.95700E-03 4.88382E-02 6.76548E-06 1.75983E-06 4.19867E-07 1.50690E-03
6.88135E-07 1.82102E-06 6.09952E-06 1.25167E-05 1.25178E-05 5.23827E-03 4.35189E-02 6.09952E-06 1.82102E-06 6.88135E-07 1.23740E-03
8.84149E-07 1.84092E-06 5.49489E-06 1.09754E-05 1.09763E-05 4.60248E-03 3.87389E-02 5.49489E-06 1.84092E-06 8.84149E-07 1.02165E-03
1.01989E-06 1.82702E-06 4.94492E-06 9.62139E-06 9.62216E-06 4.04036E-03 3.44470E-02 4.94492E-06 1.82702E-06 1.01989E-06 8.47831E-04
1.10579E-06 1.78615E-06 4.44517E-06 8.43337E-06 8.43400E-06 3.54454E-03 3.06025E-02 4.44517E-06 1.78615E-06 1.10579E-06 7.07187E-04
1.15191E-06 1.72488E-06 3.99096E-06 7.38982E-06 7.39033E-06 3.10718E-03 2.71601E-02 3.99096E-06 1.72488E-06 1.15191E-06 5.92433E-04
1.16685E-06 1.64875E-06 3.57808E-06 6.47187E-06 6.47228E-06 2.72120E-03 2.40774E-02 3.57808E-06 1.64875E-06 1.16685E-06 4.98005E-04
1.15743E-06 1.56223E-06 3.20322E-06 5.66454E-06 5.66488E-06 2.38087E-03 2.13200E-02 3.20322E-06 1.56223E-06 1.15743E-06 4.19862E-04
1.12942E-06 1.46899E-06 2.86334E-06 4.95472E-06 4.95499E-06 2.08106E-03 1.88565E-02 2.86334E-06 1.46899E-06 1.12942E-06 3.54858E-04
1.08759E-06 1.37206E-06 2.55563E-06 4.33087E-06 4.33109E-06 1.81722E-03 1.66583E-02 2.55563E-06 1.37206E-06 1.08759E-06 3.00534E-04
1.03588E-06 1.27386E-06 2.27750E-06 3.78287E-06 3.78305E-06 1.58526E-03 1.46992E-02 2.27750E-06 1.27386E-06 1.03588E-06 2.54951E-04
9.77512E-07 1.17633E-06 2.02653E-06 3.30175E-06 3.30190E-06 1.38155E-03 1.29554E-02 2.02653E-06 1.17633E-06 9.77512E-07 2.16568E-04
9.15090E-07 1.08095E-06 1.80045E-06 2.87962E-06 2.87974E-06 1.20284E-03 1.14053E-02 1.80045E-06 1.08095E-06 9.15090E-07 1.84153E-04
8.50690E-07 9.88870E-07 1.59714E-06 2.50949E-06 2.50958E-06 1.04621E-03 1.00291E-02 1.59714E-06 9.88870E-07 8.50690E-07 1.56710E-04
7.85951E-07 9.00905E-07 1.41463E-06 2.18517E-06 2.18525E-06 9.09105E-04 8.80895E-03 1.41463E-06 9.00905E-07 7.85951E-07 1.33430E-04
7.22172E-07 8.17723E-07 1.25139E-06 1.90185E-06 1.90192E-06 7.89475E-04 7.73070E-03 1.25139E-06 8.17723E-07 7.22172E-07 1.13702E-04
6.60318E-07 7.39649E-07 1.10545E-06 1.65413E-06 1.65418E-06 6.85037E-04 6.77773E-03 1.10545E-06 7.39649E-07 6.60318E-07 9.69289E-05
0.00000E+00 0.00000E+00 9.02476E-06 2.25612E-05 2.25626E-05 1.15829E-02 9.49747E-02 9.02476E-06 0.00000E+00 0.00000E+00 5.44132E-03
0.00000E+00 0.00000E+00 7.63571E-06 1.91228E-05 1.91240E-05 1.01400E-02 8.44009E-02 7.63571E-06 0.00000E+00 0.00000E+00 4.23827E-03
0.00000E+00 7.20249E-08 6.59554E-06 1.63803E-05 1.63813E-05 8.90297E-03 7.51730E-02 6.59554E-06 7.20249E-08 0.00000E+00 3.33919E-03
0.00000E+00 2.18338E-07 5.78673E-06 1.41389E-05 1.41397E-05 7.82947E-03 6.70291E-02 5.78673E-06 2.18338E-07 0.00000E+00 2.65604E-03
0.00000E+00 3.75149E-07 5.13634E-06 1.22778E-05 1.22784E-05 6.89424E-03 5.98175E-02 5.13634E-06 3.75149E-07 0.00000E+00 2.13212E-03
0.00000E+00 5.20055E-07 4.60097E-06 1.07221E-05 1.07226E-05 6.08115E-03 5.34440E-02 4.60097E-06 5.20055E-07 0.00000E+00 1.73022E-03
0.00000E+00 6.42920E-07 4.14619E-06 9.40086E-06 9.40129E-06 5.36978E-03 4.77812E-02 4.14619E-06 6.42920E-07 0.00000E+00 1.41650E-03
2.60209E-18 7.22190E-07 3.83363E-06 8.50059E-06 8.50097E-06 4.87535E-03 4.37966E-02 3.83363E-06 7.22190E-07 2.60209E-18 1.21701E-03
4.02804E-08 7.36816E-07 3.74665E-06 8.26121E-06 8.26157E-06 4.74433E-03 4.27292E-02 3.74665E-06 7.36816E-07 4.02804E-08 1.16776E-03
2.29054E-07 8.12536E-07 3.37221E-06 7.21156E-06 7.21185E-06 4.15647E-03 3.79098E-02 3.37221E-06 8.12536E-07 2.29054E-07 9.54749E-04
3.77277E-07 8.65700E-07 3.04174E-06 6.30567E-06 6.30590E-06 3.63969E-03 3.36084E-02 3.04174E-06 8.65700E-07 3.77277E-07 7.85583E-04
4.86688E-07 8.95008E-07 2.74334E-06 5.51575E-06 5.51594E-06 3.18451E-03 2.97640E-02 2.74334E-06 8.95008E-07 4.86688E-07 6.49790E-04
5.63172E-07 9.04062E-07 2.47266E-06 4.82547E-06 4.82562E-06 2.78383E-03 2.63308E-02 2.47266E-06 9.04062E-07 5.63172E-07 5.40028E-04
6.12054E-07 8.96372E-07 2.22683E-06 4.22245E-06 4.22258E-06 2.43196E-03 2.32724E-02 2.22683E-06 8.96372E-07 6.12054E-07 4.50893E-04
6.38661E-07 8.75516E-07 2.00320E-06 3.69466E-06 3.69476E-06 2.12295E-03 2.05487E-02 2.00320E-06 8.75516E-07 6.38661E-07 3.77902E-04
6.47640E-07 8.44648E-07 1.79950E-06 3.23173E-06 3.23181E-06 1.85141E-03 1.81229E-02 1.79950E-06 8.44648E-07 6.47640E-07 3.17637E-04
6.42760E-07 8.06361E-07 1.61405E-06 2.82554E-06 2.82561E-06 1.61302E-03 1.59648E-02 1.61405E-06 8.06361E-07 6.42760E-07 2.67617E-04
6.27232E-07 7.62867E-07 1.44537E-06 2.46908E-06 2.46914E-06 1.40394E-03 1.40472E-02 1.44537E-06 7.62867E-07 6.27232E-07 2.25907E-04
6.03759E-07 7.16016E-07 1.29213E-06 2.15628E-06 2.15632E-06 1.22074E-03 1.23453E-02 1.29213E-06 7.16016E-07 6.03759E-07 1.90988E-04
5.74590E-07 6.67337E-07 1.15314E-06 1.88183E-06 1.88187E-06 1.06038E-03 1.08369E-02 1.15314E-06 6.67337E-07 5.74590E-07 1.61657E-04
5.41577E-07 6.18068E-07 1.02730E-06 1.64112E-06 1.64115E-06 9.20162E-04 9.50153E-03 1.02730E-06 6.18068E-07 5.41577E-07 1.36952E-04
5.06227E-07 5.69195E-07 9.13557E-07 1.43009E-06 1.43011E-06 7.97692E-04 8.32097E-03 9.13557E-07 5.69195E-07 5.06227E-07 1.16095E-04
4.69744E-07 5.21484E-07 8.10963E-07 1.24517E-06 1.24519E-06 6.90835E-04 7.27860E-03 8.10963E-07 5.21484E-07 4.69744E-07 9.84556E-05
4.33084E-07 4.75516E-07 7.18610E-07 1.08324E-06 1.08326E-06 5.97703E-04 6.35947E-03 7.18610E-07 4.75516E-07 4.33084E-07 8.35173E-05
3.97002E-07 4.31756E-07 6.35800E-07 9.41861E-07 9.41872E-07 5.16809E-04 5.55177E-03 6.35800E-07 4.31756E-07 3.97002E-07 7.08872E-05
3.62061E-07 3.90477E-07 5.61612E-07 8.18309E-07 8.18318E-07 4.46501E-04 4.84184E-03 5.61612E-07 3.90477E-07 3.62061E-07 6.01777E-05
0.00000E+00 0.00000E+00 4.55665E-06 1.13915E-05 1.13918E-05 8.16359E-03 7.50888E-02 4.55665E-06 0.00000E+00 0.00000E+00 3.30200E-03
0.00000E+00 0.00000E+00 3.76161E-06 9.52758E-06 9.52779E-06 7.11500E-03 6.63556E-02 3.76161E-06 0.00000E+00 0.00000E+00 2.56788E-03
0.00000E+00 0.00000E+00 3.18368E-06 8.06693E-06 8.06710E-06 6.22000E-03 5.87784E-02 3.18368E-06 0.00000E+00 0.00000E+00 2.02318E-03
0.00000E+00 0.00000E+00 2.75196E-06 6.89656E-06 6.89670E-06 5.44671E-03 5.21292E-02 2.75196E-06 0.00000E+00 0.00000E+00 1.61106E-03
0.00000E+00 6.87064E-08 2.41799E-06 5.94185E-06 5.94196E-06 4.77592E-03 4.62739E-02 2.41799E-06 6.87064E-08 0.00000E+00 1.29583E-03
0.00000E+00 1.50345E-07 2.15288E-06 5.15664E-06 5.15673E-06 4.19532E-03 4.11289E-02 2.15288E-06 1.50345E-07 0.00000E+00 1.05424E-03
0.00000E+00 2.24479E-07 1.93422E-06 4.49880E-06 4.49887E-06 3.68950E-03 3.65827E-02 1.93422E-06 2.24479E-07 0.00000E+00 8.65513E-04
0.00000E+00 2.74838E-07 1.78688E-06 4.05491E-06 4.05497E-06 3.33917E-03 3.33982E-02 1.78688E-06 2.74838E-07 0.00000E+00 7.45319E-04
2.09138E-08 2.85235E-07 1.74622E-06 3.93766E-06 3.93772E-06 3.24662E-03 3.25485E-02 1.74622E-06 2.85235E-07 2.09138E-08 7.15621E-04
1.19552E-07 3.37756E-07 1.57306E-06 3.42600E-06 3.42605E-06 2.83212E-03 2.87213E-02 1.57306E-06 3.37756E-07 1.19552E-07 5.87073E-04
1.98164E-07 3.78079E-07 1.42219E-06 2.98833E-06 2.98837E-06 2.46936E-03 2.53252E-02 1.42219E-06 3.78079E-07 1.98164E-07 4.84540E-04
2.56921E-07 4.04984E-07 1.28672E-06 2.60931E-06 2.60934E-06 2.15125E-03 2.23070E-02 1.28672E-06 4.04984E-07 2.56921E-07 4.01795E-04
2.98462E-07 4.20068E-07 1.16400E-06 2.27989E-06 2.27991E-06 1.87245E-03 1.96269E-02 1.16400E-06 4.20068E-07 2.98462E-07 3.34544E-04
3.25321E-07 4.25036E-07 1.05236E-06 1.99333E-06 1.99335E-06 1.62872E-03 1.72533E-02 1.05236E-06 4.25036E-07 3.25321E-07 2.79636E-04
3.40168E-07 4.21778E-07 9.50388E-07 1.74329E-06 1.74331E-06 1.41562E-03 1.51516E-02 9.50388E-07 4.21778E-07 3.40168E-07 2.34451E-04
3.45409E-07 4.12040E-07 8.57012E-07 1.52446E-06 1.52448E-06 1.22920E-03 1.32904E-02 8.57012E-07 4.12040E-07 3.45409E-07 1.96989E-04
3.43037E-07 3.97300E-07 7.71474E-07 1.33273E-06 1.33274E-06 1.06626E-03 1.16440E-02 7.71474E-07 3.97300E-07 3.43037E-07 1.65791E-04
3.34779E-07 3.78850E-07 6.93155E-07 1.16461E-06 1.16462E-06 9.23984E-04 1.01893E-02 6.93155E-07 3.78850E-07 3.34779E-07 1.39713E-04
3.22110E-07 3.57801E-07 6.21533E-07 1.01713E-06 1.01713E-06 7.99876E-04 8.90577E-03 6.21533E-07 3.57801E-07 3.22110E-07 1.17847E-04
3.06271E-07 3.35088E-07 5.56146E-07 8.87729E-07 8.87734E-07 6.91731E-04 7.77459E-03 5.56146E-07 3.35088E-07 3.06271E-07 9.94680E-05
2.88292E-07 3.11483E-07 4.96572E-07 7.74203E-07 7.74207E-07 5.97596E-04 6.77898E-03 4.96572E-07 3.11483E-07 2.88292E-07 8.39912E-05
2.69014E-07 2.87614E-07 4.42421E-07 6.74629E-07 6.74632E-07 5.15745E-04 5.90384E-03 4.42421E-07 2.87614E-07 2.69014E-07 7.09392E-05
2.49115E-07 2.63977E-07 3.93318E-07 5.87328E-07 5.87330E-07 4.44653E-04 5.13561E-03 3.93318E-07 2.63977E-07 2.49115E-07 5.99204E-05
2.29132E-07 2.40959E-07 3.48909E-07 5.10832E-07 5.10834E-07 3.82975E-04 4.46210E-03 3.48909E-07 2.40959E-07 2.29132E-07 5.06111E-05
2.09488E-07 2.18869E-07 3.08922E-07 4.44002E-07 4.44003E-07 3.29650E-04 3.87374E-03 3.08922E-07 2.18869E-07 2.09488E-07 4.27638E-05
1.90500E-07 1.97907E-07 2.72972E-07 3.85568E-07 3.85569E-07 2.83517E-04 3.35960E-03 2.72972E-07 1.97907E-07 1.90500E-07 3.61329E-05
0.00000E+00 0.00000E+00 2.15745E-06 5.39360E-06 5.39363E-06 5.61344E-03 5.78698E-02 2.15745E-06 0.00000E+00 0.00000E+00 1.89782E-03
0.00000E+00 0.00000E+00 1.72727E-06 4.44010E-06 4.44013E-06 4.87018E-03 5.08351E-02 1.72727E-06 0.00000E+00 0.00000E+00 1.47884E-03
0.00000E+00 0.00000E+00 1.42388E-06 3.70723E-06 3.70725E-06 4.23865E-03 4.47691E-02 1.42388E-06 0.00000E+00 0.00000E+00 1.16934E-03
0.00000E+00 0.00000E+00 1.20698E-06 3.13312E-06 3.13314E-06 3.69541E-03 3.94777E-02 1.20698E-06 0.00000E+00 0.00000E+00 9.35339E-04
0.00000E+00 0.00000E+00 1.04672E-06 2.67448E-06 2.67450E-06 3.22624E-03 3.48458E-02 1.04672E-06 0.00000E+00 0.00000E+00 7.56114E-04
0.00000E+00 5.75857E-09 9.25296E-07 2.30460E-06 2.30461E-06 2.82198E-03 3.08003E-02 9.25296E-07 5.75857E-09 0.00000E+00 6.18285E-04
0.00000E+00 4.85813E-08 8.29084E-07 1.99983E-06 1.99984E-06 2.47132E-03 2.72466E-02 8.29084E-07 4.85813E-08 0.00000E+00 5.10091E-04
0.00000E+00 7.89589E-08 7.66042E-07 1.79666E-06 1.79667E-06 2.22931E-03 2.47691E-02 7.66042E-07 7.89589E-08 0.00000E+00 4.40849E-04
1.02901E-08 8.57703E-08 7.48832E-07 1.74342E-06 1.74343E-06 2.16557E-03 2.41108E-02 7.48832E-07 8.57703E-08 1.02901E-08 4.23684E-04
5.92158E-08 1.19576E-07 6.76732E-07 1.51246E-06 1.51247E-06 1.88068E-03 2.11534E-02 6.76732E-07 1.19576E-07 5.92158E-08 3.49228E-04
9.89352E-08 1.47030E-07 6.15023E-07 1.31701E-06 1.31702E-06 1.63247E-03 1.85450E-02 6.15023E-07 1.47030E-07 9.89352E-08 2.89368E-04
1.29072E-07 1.67205E-07 5.59949E-07 1.14906E-06 1.14907E-06 1.41579E-03 1.62408E-02 5.59949E-07 1.67205E-07 1.29072E-07 2.40661E-04
1.50661E-07 1.80730E-07 5.10013E-07 1.00393E-06 1.00394E-06 1.22676E-03 1.42071E-02 5.10013E-07 1.80730E-07 1.50661E-07 2.00767E-04
1.64803E-07 1.88383E-07 4.64306E-07 8.78188E-07 8.78191E-07 1.06227E-03 1.24169E-02 4.64306E-07 1.88383E-07 1.64803E-07 1.67968E-04
1.72754E-07 1.91123E-07 4.22163E-07 7.68722E-07 7.68724E-07 9.19111E-04 1.08415E-02 4.22163E-07 1.91123E-07 1.72754E-07 1.40821E-04
1.75693E-07 1.89885E-07 3.83136E-07 6.73012E-07 6.73014E-07 7.94445E-04 9.45466E-03 3.83136E-07 1.89885E-07 1.75693E-07 1.18211E-04
1.74624E-07 1.85483E-07 3.46950E-07 5.89149E-07 5.89150E-07 6.85984E-04 8.23534E-03 3.46950E-07 1.85483E-07 1.74624E-07 9.93207E-05
1.70438E-07 1.78649E-07 3.13410E-07 5.15550E-07 5.15551E-07 5.91715E-04 7.16458E-03 3.13410E-07 1.78649E-07 1.70438E-07 8.34971E-05
1.63905E-07 1.70027E-07 2.82373E-07 4.50891E-07 4.50892E-07 5.09866E-04 6.22547E-03 2.82373E-07 1.70027E-07 1.63905E-07 7.02175E-05
1.55683E-07 1.60165E-07 2.53720E-07 3.94052E-07 3.94052E-07 4.38877E-04 5.40287E-03 2.53720E-07 1.60165E-07 1.55683E-07 5.90577E-05
1.46321E-07 1.49526E-07 2.27346E-07 3.44074E-07 3.44075E-07 3.77376E-04 4.68328E-03 2.27346E-07 1.49526E-07 1.46321E-07 4.96702E-05
1.36271E-07 1.38491E-07 2.03149E-07 3.00136E-07 3.00136E-07 3.24153E-04 4.05462E-03 2.03149E-07 1.38491E-07 1.36271E-07 4.17690E-05
1.25898E-07 1.27364E-07 1.81027E-07 2.61522E-07 2.61522E-07 2.78145E-04 3.50614E-03 1.81027E-07 1.27364E-07 1.25898E-07 3.51163E-05
1.15490E-07 1.16387E-07 1.60876E-07 2.27609E-07 2.27609E-07 2.38420E-04 3.02824E-03 1.60876E-07 1.16387E-07 1.15490E-07 2.95143E-05
1.05276E-07 1.05751E-07 1.42616E-07 1.97914E-07 1.97914E-07 2.04243E-04 2.61337E-03 1.42616E-07 1.05751E-07 1.05276E-07 2.48105E-05
9.54239E-08 9.55914E-08 1.26114E-07 1.71899E-07 1.71899E-07 1.74819E-04 2.25307E-03 1.26114E-07 9.55914E-08 9.54239E-08 2.08527E-05
0.00000E+00 0.00000E+00 9.46047E-07 2.36512E-06 2.36512E-06 3.75764E-03 4.32723E-02 9.46047E-07 0.00000E+00 0.00000E+00 1.02292E-03
0.00000E+00 0.00000E+00 7.28202E-07 1.90963E-06 1.90963E-06 3.24461E-03 3.77696E-02 7.28202E-07 0.00000E+00 0.00000E+00 8.03067E-04
0.00000E+00 0.00000E+00 5.79057E-07 1.56676E-06 1.56676E-06 2.81073E-03 3.30559E-02 5.79057E-07 0.00000E+00 0.00000E+00 6.40555E-04
0.00000E+00 0.00000E+00 4.77387E-07 1.30502E-06 1.30503E-06 2.43921E-03 2.89702E-02 4.77387E-07 0.00000E+00 0.00000E+00 5.16999E-04
0.00000E+00 0.00000E+00 4.06319E-07 1.10113E-06 1.10113E-06 2.11981E-03 2.54162E-02 4.06319E-07 0.00000E+00 0.00000E+00 4.21629E-04
0.00000E+00 0.00000E+00 3.55737E-07 9.40688E-07 9.40690E-07 1.84587E-03 2.23324E-02 3.55737E-07 0.00000E+00 0.00000E+00 3.47547E-04
0.00000E+00 0.00000E+00 3.17983E-07 8.11319E-07 8.11320E-07 1.60933E-03 1.96402E-02 3.17983E-07 0.00000E+00 0.00000E+00 2.88761E-04
0.00000E+00 6.26054E-09 2.94331E-07 7.26436E-07 7.26437E-07 1.44668E-03 1.77729E-02 2.94331E-07 6.26054E-09 0.00000E+00 2.50787E-04
4.73350E-09 1.03599E-08 2.87984E-07 7.04419E-07 7.04420E-07 1.40399E-03 1.72790E-02 2.87984E-07 1.03599E-08 4.73350E-09 2.41311E-04
2.74771E-08 3.04408E-08 2.62134E-07 6.09672E-07 6.09673E-07 1.21353E-03 1.50659E-02 2.62134E-07 3.04408E-08 2.74771E-08 2.00062E-04
4.63765E-08 4.73803E-08 2.40670E-07 5.30603E-07 5.30604E-07 1.04838E-03 1.31267E-02 2.40670E-07 4.73803E-08 4.63765E-08 1.66500E-04
6.09807E-08 6.05659E-08 2.21664E-07 4.63310E-07 4.63311E-07 9.04900E-04 1.14247E-02 2.21664E-07 6.05659E-08 6.09807E-08 1.38884E-04
7.16074E-08 7.01968E-08 2.04332E-07 4.05533E-07 4.05534E-07 7.80322E-04 9.93210E-03 2.04332E-07 7.01968E-08 7.16074E-08 1.16046E-04
7.86734E-08 7.65977E-08 1.88219E-07 3.55651E-07 3.55652E-07 6.72442E-04 8.62684E-03 1.88219E-07 7.65977E-08 7.86734E-08 9.71186E-05
8.27207E-08 8.02299E-08 1.73047E-07 3.12271E-07 3.12272E-07 5.79011E-04 7.48563E-03 1.73047E-07 8.02299E-08 8.27207E-08 8.13578E-05
8.42906E-08 8.15715E-08 1.58665E-07 2.74304E-07 2.74305E-07 4.98042E-04 6.48753E-03 1.58665E-07 8.15715E-08 8.42906E-08 6.81757E-05
8.38601E-08 8.10517E-08 1.45012E-07 2.40952E-07 2.40952E-07 4.27941E-04 5.61564E-03 1.45012E-07 8.10517E-08 8.38601E-08 5.71326E-05
8.18626E-08 7.90665E-08 1.32069E-07 2.11573E-07 2.11574E-07 3.67312E-04 4.85493E-03 1.32069E-07 7.90665E-08 8.18626E-08 4.78718E-05
7.86812E-08 7.59692E-08 1.19840E-07 1.85647E-07 1.85647E-07 3.14931E-04 4.19207E-03 1.19840E-07 7.59692E-08 7.86812E-08 4.01010E-05
7.46464E-08 7.20672E-08 1.08337E-07 1.62742E-07 1.62742E-07 2.69726E-04 3.61523E-03 1.08337E-07 7.20672E-08 7.46464E-08 3.35790E-05
7.00367E-08 6.76217E-08 9.75721E-08 1.42498E-07 1.42498E-07 2.30759E-04 3.11392E-03 9.75721E-08 6.76217E-08 7.00367E-08 2.81052E-05
6.50827E-08 6.28496E-08 8.75525E-08 1.24607E-07 1.24607E-07 1.97207E-04 2.67882E-03 8.75525E-08 6.28496E-08 6.50827E-08 2.35123E-05
5.99706E-08 5.79270E-08 7.82779E-08 1.08804E-07 1.08804E-07 1.68352E-04 2.30170E-03 7.82779E-08 5.79270E-08 5.99706E-08 1.96597E-05
5.48476E-08 5.29940E-08 6.97401E-08 9.48591E-08 9.48592E-08 1.43564E-04 1.97528E-03 6.97401E-08 5.29940E-08 5.48476E-08 1.64297E-05
4.98303E-08 4.81615E-08 6.19346E-08 8.25942E-08 8.25942E-08 1.22350E-04 1.69379E-03 6.19346E-08 4.81615E-08 4.98303E-08 1.37307E-05
4.50035E-08 4.35108E-08 5.48289E-08 7.18060E-08 7.18061E-08 1.04180E-04 1.45096E-03 5.48289E-08 4.35108E-08 4.50035E-08 1.14716E-05
0.00000E+00 0.00000E+00 3.78124E-07 9.45309E-07 9.45309E-07 2.44159E-03 3.12079E-02 3.78124E-07 0.00000E+00 0.00000E+00 5.10541E-04
0.00000E+00 0.00000E+00 2.76169E-07 7.44778E-07 7.44778E-07 2.09747E-03 2.70514E-02 2.76169E-07 0.00000E+00 0.00000E+00 4.07311E-04
0.00000E+00 0.00000E+00 2.08208E-07 5.97057E-07 5.97057E-07 1.80790E-03 2.35159E-02 2.08208E-07 0.00000E+00 0.00000E+00 3.30167E-04
0.00000E+00 0.00000E+00 1.64147E-07 4.87571E-07 4.87571E-07 1.56114E-03 2.04726E-02 1.64147E-07 0.00000E+00 0.00000E+00 2.70493E-04
0.00000E+00 0.00000E+00 1.35359E-07 4.04882E-07 4.04882E-07 1.35002E-03 1.78433E-02 1.35359E-07 0.00000E+00 0.00000E+00 2.23551E-04
0.00000E+00 0.00000E+00 1.16615E-07 3.41891E-07 3.41891E-07 1.16986E-03 1.55777E-02 1.16615E-07 0.00000E+00 0.00000E+00 1.86333E-04
0.00000E+00 0.00000E+00 1.03960E-07 2.92601E-07 2.92601E-07 1.01504E-03 1.36131E-02 1.03960E-07 0.00000E+00 0.00000E+00 1.56223E-04
0.00000E+00 0.00000E+00 9.66947E-08 2.60994E-07 2.60994E-07 9.09010E-04 1.22579E-02 9.66947E-08 0.00000E+00 0.00000E+00 1.36476E-04
1.99360E-09 0.00000E+00 9.48157E-08 2.52919E-07 2.52919E-07 8.81278E-04 1.19012E-02 9.48157E-08 0.00000E+00 1.99360E-09 1.31498E-04
1.17134E-08 3.35426E-10 8.76300E-08 2.18572E-07 2.18572E-07 7.57812E-04 1.03075E-02 8.76300E-08 3.35426E-10 1.17134E-08 1.09712E-04
2.00449E-08 9.81454E-09 8.20845E-08 1.90489E-07 1.90489E-07 6.51310E-04 8.92076E-03 8.20845E-08 9.81454E-09 2.00449E-08 9.16985E-05
2.66358E-08 1.74863E-08 7.72569E-08 1.66913E-07 1.66913E-07 5.59252E-04 7.71205E-03 7.72569E-08 1.74863E-08 2.66358E-08 7.66728E-05
3.15259E-08 2.33825E-08 7.27636E-08 1.46835E-07 1.46835E-07 4.79735E-04 6.65948E-03 7.27636E-08 2.33825E-08 3.15259E-08 6.41115E-05
3.48375E-08 2.76205E-08 6.83941E-08 1.29554E-07 1.29554E-07 4.11239E-04 5.74549E-03 6.83941E-08 2.76205E-08 3.48375E-08 5.36165E-05
3.67776E-08 3.04066E-08 6.40463E-08 1.14506E-07 1.14506E-07 3.52231E-04 4.95198E-03 6.40463E-08 3.04066E-08 3.67776E-08 4.48294E-05
3.75731E-08 3.19699E-08 5.96907E-08 1.01272E-07 1.01272E-07 3.01361E-04 4.26279E-03 5.96907E-08 3.19699E-08 3.75731E-08 3.74565E-05
3.74337E-08 3.25229E-08 5.53384E-08 8.95616E-08 8.95617E-08 2.57554E-04 3.66495E-03 5.53384E-08 3.25229E-08 3.74337E-08 3.12719E-05
3.65564E-08 3.22666E-08 5.10216E-08 7.91541E-08 7.91541E-08 2.19868E-04 3.14698E-03 5.10216E-08 3.22666E-08 3.65564E-08 2.60869E-05
3.51193E-08 3.13835E-08 4.67813E-08 6.98781E-08 6.98781E-08 1.87484E-04 2.69881E-03 4.67813E-08 3.13835E-08 3.51193E-08 2.17433E-05
3.32781E-08 3.00342E-08 4.26599E-08 6.15985E-08 6.15985E-08 1.59689E-04 2.31154E-03 4.26599E-08 3.00342E-08 3.32781E-08 1.81079E-05
3.11653E-08 2.83563E-08 3.86959E-08 5.42053E-08 5.42054E-08 1.35861E-04 1.97734E-03 3.86959E-08 2.83563E-08 3.11653E-08 1.50679E-05
2.88910E-08 2.64650E-08 3.49218E-08 4.76070E-08 4.76070E-08 1.15457E-04 1.68934E-03 3.49218E-08 2.64650E-08 2.88910E-08 1.25285E-05
2.65445E-08 2.44546E-08 3.13627E-08 4.17248E-08 4.17248E-08 9.80075E-05 1.44149E-03 3.13627E-08 2.44546E-08 2.65445E-08 1.04092E-05
2.41961E-08 2.24000E-08 2.80360E-08 3.64899E-08 3.64899E-08 8.31021E-05 1.22848E-03 2.80360E-08 2.24000E-08 2.41961E-08 8.64212E-06
2.19014E-08 2.03608E-08 2.49564E-08 3.18499E-08 3.18499E-08 7.04189E-05 1.04613E-03 2.49564E-08 2.03608E-08 2.19014E-08 7.17446E-06
1.97002E-08 1.83814E-08 2.21253E-08 2.77412E-08 2.77412E-08 5.96180E-05 8.89935E-04 2.21253E-08 1.83814E-08 1.97002E-08 5.95361E-06
0.00000E+00 0.00000E+00 1.34241E-07 3.35603E-07 3.35603E-07 1.52963E-03 2.15028E-02 1.34241E-07 0.00000E+00 0.00000E+00 2.31215E-04
0.00000E+00 0.00000E+00 9.10036E-08 2.55929E-07 2.55929E-07 1.30660E-03 1.84977E-02 9.10036E-08 0.00000E+00 0.00000E+00 1.90135E-04
0.00000E+00 0.00000E+00 6.27282E-08 1.98419E-07 1.98419E-07 1.11994E-03 1.59612E-02 6.27282E-08 0.00000E+00 0.00000E+00 1.58333E-04
0.00000E+00 0.00000E+00 4.52794E-08 1.57186E-07 1.57186E-07 9.61722E-04 1.37942E-02 4.52794E-08 0.00000E+00 0.00000E+00 1.32681E-04
0.00000E+00 0.00000E+00 3.47715E-08 1.27245E-07 1.27245E-07 8.27075E-04 1.19359E-02 3.47715E-08 0.00000E+00 0.00000E+00 1.11686E-04
0.00000E+00 0.00000E+00 2.87977E-08 1.05452E-07 1.05452E-07 7.12809E-04 1.03469E-02 2.87977E-08 0.00000E+00 0.00000E+00 9.44070E-05
0.00000E+00 0.00000E+00 2.55056E-08 8.91689E-08 8.91689E-08 6.15145E-04 8.97915E-03 2.55056E-08 0.00000E+00 0.00000E+00 7.99841E-05
0.00000E+00 0.00000E+00 2.40264E-08 7.91163E-08 7.91163E-08 5.48551E-04 8.04127E-03 2.40264E-08 0.00000E+00 0.00000E+00 7.03131E-05
7.37790E-10 0.00000E+00 2.36952E-08 7.66160E-08 7.66160E-08 5.31203E-04 7.79574E-03 2.36952E-08 0.00000E+00 7.37790E-10 6.78395E-05
4.41952E-09 0.00000E+00 2.27463E-08 6.61904E-08 6.61905E-08 4.54144E-04 6.70213E-03 2.27463E-08 0.00000E+00 4.41952E-09 5.69432E-05
7.72489E-09 0.00000E+00 2.23259E-08 5.79754E-08 5.79755E-08 3.88055E-04 5.75783E-03 2.23259E-08 0.00000E+00 7.72489E-09 4.77544E-05
1.04288E-08 2.54566E-09 2.20264E-08 5.12474E-08 5.12475E-08 3.31256E-04 4.94100E-03 2.20264E-08 2.54566E-09 1.04288E-08 3.99749E-05
1.24898E-08 5.72223E-09 2.16718E-08 4.55961E-08 4.55961E-08 2.82479E-04 4.23509E-03 2.16718E-08 5.72223E-09 1.24898E-08 3.34015E-05
1.39210E-08 8.12025E-09 2.11705E-08 4.07457E-08 4.07458E-08 2.40711E-04 3.62686E-03 2.11705E-08 8.12025E-09 1.39210E-08 2.78711E-05
1.47859E-08 9.82193E-09 2.04906E-08 3.64935E-08 3.64936E-08 2.04941E-04 3.10286E-03 2.04906E-08 9.82193E-09 1.47859E-08 2.32230E-05
1.51676E-08 1.09274E-08 1.96377E-08 3.27032E-08 3.27033E-08 1.74288E-04 2.65122E-03 1.96377E-08 1.09274E-08 1.51676E-08 1.93180E-05
1.51485E-08 1.15331E-08 1.86351E-08 2.92882E-08 2.92882E-08 1.48048E-04 2.26243E-03 1.86351E-08 1.15331E-08 1.51485E-08 1.60446E-05
1.48100E-08 1.17328E-08 1.75157E-08 2.61899E-08 2.61899E-08 1.25610E-04 1.92817E-03 1.75157E-08 1.17328E-08 1.48100E-08 1.33066E-05
1.42277E-08 1.16132E-08 1.63154E-08 2.33687E-08 2.33687E-08 1.06447E-04 1.64116E-03 1.63154E-08 1.16132E-08 1.42277E-08 1.10211E-05
1.34689E-08 1.12513E-08 1.50696E-08 2.07969E-08 2.07969E-08 9.01008E-05 1.39508E-03 1.50696E-08 1.12513E-08 1.34689E-08 9.11699E-06
1.25915E-08 1.07139E-08 1.38100E-08 1.84541E-08 1.84541E-08 7.61739E-05 1.18436E-03 1.38100E-08 1.07139E-08 1.25915E-08 7.53337E-06
1.16440E-08 1.00568E-08 1.25638E-08 1.63244E-08 1.63244E-08 6.43235E-05 1.00418E-03 1.25638E-08 1.00568E-08 1.16440E-08 6.21843E-06
1.06656E-08 9.32612E-09 1.13533E-08 1.43942E-08 1.43942E-08 5.42526E-05 8.50318E-04 1.13533E-08 9.32612E-09 1.06656E-08 5.12816E-06
9.68728E-09 8.55864E-09 1.01956E-08 1.26510E-08 1.26510E-08 4.57049E-05 7.19122E-04 1.01956E-08 8.55864E-09 9.68728E-09 4.22538E-06
8.73326E-09 7.78331E-09 9.10430E-09 1.10858E-08 1.10858E-08 3.84790E-05 6.07703E-04 9.10430E-09 7.78331E-09 8.73326E-09 3.48103E-06
7.82086E-09 7.02235E-09 8.08727E-09 9.68463E-09 9.68464E-09 3.23654E-05 5.13018E-04 8.08727E-09 7.02235E-09 7.82086E-09 2.86644E-06
0.00000E+00 0.00000E+00 4.12591E-08 1.03148E-07 1.03148E-07 9.19451E-04 1.40250E-02 4.12591E-08 0.00000E+00 0.00000E+00 9.31230E-05
0.00000E+00 0.00000E+00 2.49155E-08 7.50890E-08 7.50890E-08 7.80245E-04 1.19636E-02 2.49155E-08 0.00000E+00 0.00000E+00 8.08338E-05
0.00000E+00 0.00000E+00 1.42492E-08 5.51145E-08 5.51145E-08 6.64472E-04 1.02386E-02 1.42492E-08 0.00000E+00 0.00000E+00 7.02074E-05
0.00000E+00 0.00000E+00 7.92190E-09 4.12868E-08 4.12868E-08 5.66949E-04 8.77699E-03 7.92190E-09 0.00000E+00 0.00000E+00 6.07138E-05
0.00000E+00 0.00000E+00 4.44516E-09 3.17402E-08 3.17402E-08 4.84469E-04 7.53389E-03 4.44516E-09 0.00000E+00 0.00000E+00 5.22955E-05
0.00000E+00 0.00000E+00 2.85140E-09 2.52544E-08 2.52544E-08 4.14921E-04 6.47986E-03 2.85140E-09 0.00000E+00 0.00000E+00 4.49106E-05
0.00000E+00 0.00000E+00 2.36224E-09 2.07863E-08 2.07864E-08 3.55847E-04 5.57994E-03 2.36224E-09 0.00000E+00 0.00000E+00 3.84550E-05
0.00000E+00 0.00000E+00 2.41084E-09 1.82298E-08 1.82298E-08 3.15772E-04 4.96693E-03 2.41084E-09 0.00000E+00 0.00000E+00 3.39975E-05
2.22510E-10 0.00000E+00 2.46824E-09 1.76328E-08 1.76328E-08 3.05380E-04 4.80740E-03 2.46824E-09 0.00000E+00 2.22510E-10 3.28372E-05
1.38568E-09 0.00000E+00 2.93416E-09 1.52512E-08 1.52512E-08 2.59343E-04 4.09927E-03 2.93416E-09 0.00000E+00 1.38568E-09 2.76885E-05
2.52066E-09 0.00000E+00 3.54658E-09 1.35458E-08 1.35458E-08 2.20122E-04 3.49300E-03 3.54658E-09 0.00000E+00 2.52066E-09 2.32547E-05
3.50215E-09 0.00000E+00 4.13895E-09 1.22461E-08 1.22461E-08 1.86636E-04 2.97296E-03 4.13895E-09 0.00000E+00 3.50215E-09 1.94483E-05
4.28272E-09 2.57649E-10 4.63403E-09 1.11986E-08 1.11986E-08 1.58072E-04 2.52732E-03 4.63403E-09 2.57649E-10 4.28272E-09 1.62045E-05
4.84635E-09 1.45190E-09 4.99294E-09 1.03045E-08 1.03045E-08 1.33780E-04 2.14662E-03 4.99294E-09 1.45190E-09 4.84635E-09 1.34636E-05
5.20366E-09 2.34437E-09 5.20663E-09 9.50000E-09 9.50001E-09 1.13118E-04 1.82142E-03 5.20663E-09 2.34437E-09 5.20366E-09 1.11579E-05
5.37873E-09 2.97374E-09 5.28387E-09 8.74906E-09 8.74907E-09 9.55327E-05 1.54349E-03 5.28387E-09 2.97374E-09 5.37873E-09 9.22369E-06
5.39927E-09 3.37935E-09 5.24101E-09 8.03348E-09 8.03349E-09 8.05825E-05 1.30626E-03 5.24101E-09 3.37935E-09 5.39927E-09 7.60785E-06
5.29472E-09 3.60073E-09 5.09862E-09 7.34545E-09 7.34545E-09 6.78877E-05 1.10402E-03 5.09862E-09 3.60073E-09 5.29472E-09 6.26275E-06
5.09367E-09 3.67511E-09 4.87839E-09 6.68330E-09 6.68330E-09 5.71216E-05 9.31858E-04 4.87839E-09 3.67511E-09 5.09367E-09 5.14653E-06
4.82225E-09 3.63607E-09 4.60112E-09 6.04868E-09 6.04869E-09 4.80028E-05 7.85497E-04 4.60112E-09 3.63607E-09 4.82225E-09 4.22279E-06
4.50327E-09 3.51285E-09 4.28556E-09 5.44463E-09 5.44464E-09 4.02894E-05 6.61245E-04 4.28556E-09 3.51285E-09 4.50327E-09 3.46014E-06
4.15596E-09 3.33019E-09 3.94788E-09 4.87442E-09 4.87442E-09 3.37732E-05 5.55913E-04 3.94788E-09 3.33019E-09 4.15596E-09 2.83182E-06
3.79598E-09 3.10847E-09 3.60142E-09 4.34083E-09 4.34083E-09 2.82759E-05 4.66745E-04 3.60142E-09 3.10847E-09 3.79598E-09 2.31509E-06
3.43563E-09 2.86406E-09 3.25678E-09 3.84587E-09 3.84587E-09 2.36442E-05 3.91370E-04 3.25678E-09 2.86406E-09 3.43563E-09 1.89081E-06
3.08456E-09 2.60974E-09 2.92238E-09 3.39133E-09 3.39134E-09 1.97581E-05 3.27921E-04 2.92238E-09 2.60974E-09 3.08456E-09 1.54404E-06
2.74956E-09 2.35557E-09 2.60412E-09 2.97694E-09 2.97694E-09 1.64947E-05 2.74472E-04 2.60412E-09 2.35557E-09 2.74956E-09 1.26023E-06
0.00000E+00 0.00000E+00 1.04099E-08 2.60248E-08 2.60248E-08 5.21513E-04 8.49996E-03 1.04099E-08 0.00000E+00 0.00000E+00 3.20254E-05
0.00000E+00 0.00000E+00 5.08122E-09 1.75762E-08 1.75762E-08 4.39090E-04 7.18171E-03 5.08122E-09 0.00000E+00 0.00000E+00 3.06101E-05
0.00000E+00 0.00000E+00 1.48723E-09 1.15333E-08 1.15333E-08 3.71060E-04 6.08912E-03 1.48723E-09 0.00000E+00 0.00000E+00 2.83034E-05
0.00000E+00 0.00000E+00 0.00000E+00 7.47818E-09 7.47819E-09 3.14180E-04 5.17201E-03 0.00000E+00 0.00000E+00 0.00000E+00 2.54871E-05
0.00000E+00 0.00000E+00 0.00000E+00 4.85422E-09 4.85422E-09 2.66432E-04 4.39924E-03 0.00000E+00 0.00000E+00 0.00000E+00 2.25308E-05
0.00000E+00 0.00000E+00 0.00000E+00 3.26288E-09 3.26288E-09 2.26479E-04 3.75023E-03 0.00000E+00 0.00000E+00 0.00000E+00 1.96539E-05
0.00000E+00 0.00000E+00 0.00000E+00 2.34141E-09 2.34142E-09 1.92795E-04 3.20116E-03 0.00000E+00 0.00000E+00 0.00000E+00 1.69787E-05
2.71051E-19 0.00000E+00 0.00000E+00 1.91727E-09 1.91727E-09 1.70084E-04 2.82995E-03 0.00000E+00 0.00000E+00 2.71051E-19 1.50676E-05
4.21610E-11 0.00000E+00 0.00000E+00 1.84117E-09 1.84117E-09 1.64227E-04 2.73399E-03 0.00000E+00 0.00000E+00 4.21610E-11 1.45611E-05
2.98098E-10 0.00000E+00 0.00000E+00 1.59631E-09 1.59631E-09 1.38364E-04 2.30968E-03 0.00000E+00 0.00000E+00 2.98098E-10 1.22987E-05
6.06060E-10 0.00000E+00 0.00000E+00 1.52580E-09 1.52580E-09 1.16504E-04 1.94987E-03 0.00000E+00 0.00000E+00 6.06060E-10 1.03138E-05
9.04388E-10 0.00000E+00 0.00000E+00 1.53896E-09 1.53896E-09 9.79883E-05 1.64416E-03 0.00000E+00 0.00000E+00 9.04388E-10 8.59241E-06
1.16071E-09 0.00000E+00 1.56627E-10 1.58259E-09 1.58259E-09 8.23200E-05 1.38468E-03 1.56627E-10 0.00000E+00 1.16071E-09 7.11917E-06
1.35850E-09 0.00000E+00 4.88127E-10 1.62421E-09 1.62421E-09 6.91036E-05 1.16515E-03 4.88127E-10 0.00000E+00 1.35850E-09 5.87439E-06
1.49390E-09 1.39809E-10 7.42419E-10 1.64633E-09 1.64634E-09 5.79543E-05 9.79425E-04 7.42419E-10 1.39809E-10 1.49390E-09 4.83045E-06
1.57063E-09 4.45769E-10 9.24307E-10 1.64211E-09 1.64211E-09 4.85419E-05 8.22206E-04 9.24307E-10 4.45769E-10 1.57063E-09 3.95924E-06
1.59565E-09 6.62520E-10 1.04177E-09 1.61065E-09 1.61065E-09 4.06057E-05 6.89291E-04 1.04177E-09 6.62520E-10 1.59565E-09 3.23624E-06
1.57767E-09 8.04686E-10 1.10463E-09 1.55454E-09 1.55455E-09 3.39225E-05 5.77073E-04 1.10463E-09 8.04686E-10 1.57767E-09 2.63905E-06
1.52583E-09 8.86423E-10 1.12314E-09 1.47821E-09 1.47821E-09 2.83020E-05 4.82460E-04 1.12314E-09 8.86423E-10 1.52583E-09 2.14771E-06
1.44886E-09 9.20696E-10 1.10710E-09 1.38671E-09 1.38671E-09 2.35816E-05 4.02806E-04 1.10710E-09 9.20696E-10 1.44886E-09 1.74480E-06
1.35456E-09 9.18916E-10 1.06538E-09 1.28507E-09 1.28507E-09 1.96225E-05 3.35841E-04 1.06538E-09 9.18916E-10 1.35456E-09 1.41535E-06
1.24963E-09 8.90803E-10 1.00561E-09 1.17782E-09 1.17782E-09 1.63067E-05 2.79626E-04 1.00561E-09 8.90803E-10 1.24963E-09 1.14659E-06
1.13955E-09 8.44403E-10 9.34183E-10 1.06885E-09 1.06885E-09 1.35334E-05 2.32504E-04 9.34183E-10 8.44403E-10 1.13955E-09 9.27789E-07
1.02863E-09 7.86210E-10 8.56247E-10 9.61303E-10 9.61303E-10 1.12172E-05 1.93063E-04 8.56247E-10 7.86210E-10 1.02863E-09 7.49974E-07
9.20256E-10 7.21281E-10 7.75837E-10 8.57672E-10 8.57672E-10 9.29109E-06 1.60195E-04 7.75837E-10 7.21281E-10 9.20256E-10 6.06165E-07
8.16814E-10 6.53674E-10 6.96080E-10 7.59689E-10 7.59689E-10 7.68795E-06 1.32781E-04 6.96080E-10 6.53674E-10 8.16814E-10 4.89685E-07
0.00000E+00 0.00000E+00 1.98920E-09 4.97299E-09 4.97299E-09 2.72313E-04 4.66216E-03 1.98920E-09 0.00000E+00 0.00000E+00 8.86188E-06
0.00000E+00 0.00000E+00 5.49325E-10 2.89294E-09 2.89294E-09 2.27061E-04 3.89562E-03 5.49325E-10 0.00000E+00 0.00000E+00 1.00822E-05
0.00000E+00 0.00000E+00 0.00000E+00 1.32765E-09 1.32765E-09 1.90064E-04 3.26734E-03 0.00000E+00 0.00000E+00 0.00000E+00 1.01668E-05
0.00000E+00 0.00000E+00 0.00000E+00 2.89734E-10 2.89734E-10 1.59415E-04 2.74565E-03 0.00000E+00 0.00000E+00 0.00000E+00 9.58926E-06
0.00000E+00 0.00000E+00 0.00000E+00 0.00000E+00 0.00000E+00 1.33923E-04 2.31078E-03 0.00000E+00 0.00000E+00 0.00000E+00 8.69175E-06
0.00000E+00 0.00000E+00 0.00000E+00 0.00000E+00 0.00000E+00 1.12796E-04 1.94957E-03 0.00000E+00 0.00000E+00 0.00000E+00 7.67458E-06
0.00000E+00 0.00000E+00 0.00000E+00 0.00000E+00 0.00000E+00 9.51481E-05 1.64722E-03 0.00000E+00 0.00000E+00 0.00000E+00 6.66069E-06
2.71051E-19 0.00000E+00 0.00000E+00 0.00000E+00 0.00000E+00 8.33388E-05 1.44457E-03 0.00000E+00 0.00000E+00 2.71051E-19 5.91302E-06
0.00000E+00 0.00000E+00 0.00000E+00 0.00000E+00 0.00000E+00 8.03139E-05 1.39259E-03 0.00000E+00 0.00000E+00 0.00000E+00 5.71213E-06
5.22856E-12 0.00000E+00 0.00000E+00 0.00000E+00 0.00000E+00 6.70084E-05 1.16376E-03 0.00000E+00 0.00000E+00 5.22856E-12 4.81141E-06
5.78479E-11 0.00000E+00 0.00000E+00 0.00000E+00 0.00000E+00 5.58727E-05 9.71884E-04 0.00000E+00 0.00000E+00 5.78479E-11 4.01219E-06
1.27834E-10 0.00000E+00 0.00000E+00 0.00000E+00 0.00000E+00 4.65321E-05 8.10637E-04 0.00000E+00 0.00000E+00 1.27834E-10 3.31697E-06
1.98270E-10 0.00000E+00 0.00000E+00 0.00000E+00 0.00000E+00 3.87054E-05 6.75283E-04 0.00000E+00 0.00000E+00 1.98270E-10 2.72323E-06
2.59187E-10 0.00000E+00 0.00000E+00 0.00000E+00 0.00000E+00 3.21695E-05 5.62052E-04 0.00000E+00 0.00000E+00 2.59187E-10 2.22448E-06
3.05940E-10 0.00000E+00 0.00000E+00 0.00000E+00 0.00000E+00 2.67109E-05 4.67325E-04 0.00000E+00 0.00000E+00 3.05940E-10 1.80958E-06
3.37459E-10 0.00000E+00 0.00000E+00 6.95390E-11 6.95392E-11 2.21485E-05 3.88024E-04 0.00000E+00 0.00000E+00 3.37459E-10 1.46661E-06
3.54517E-10 0.00000E+00 4.94713E-11 1.26705E-10 1.26705E-10 1.83402E-05 3.21726E-04 4.94713E-11 0.00000E+00 3.54517E-10 1.18498E-06
3.58951E-10 6.73785E-11 1.06816E-10 1.65972E-10 1.65972E-10 1.51657E-05 2.66376E-04 1.06816E-10 6.73785E-11 3.58951E-10 9.54963E-07
3.53063E-10 1.14967E-10 1.45049E-10 1.90173E-10 1.90173E-10 1.25231E-05 2.20233E-04 1.45049E-10 1.14967E-10 3.53063E-10 7.67926E-07
3.39238E-10 1.45096E-10 1.67941E-10 2.02209E-10 2.02209E-10 1.03265E-05 1.81822E-04 1.67941E-10 1.45096E-10 3.39238E-10 6.16392E-07
3.19712E-10 1.61642E-10 1.78908E-10 2.04806E-10 2.04806E-10 8.50331E-06 1.49896E-04 1.78908E-10 1.61642E-10 3.19712E-10 4.93990E-07
2.96447E-10 1.67936E-10 1.80917E-10 2.00387E-10 2.00387E-10 6.99223E-06 1.23399E-04 1.80917E-10 1.67936E-10 2.96447E-10 3.95368E-07
2.71083E-10 1.66755E-10 1.76458E-10 1.91012E-10 1.91012E-10 5.74170E-06 1.01443E-04 1.76458E-10 1.66755E-10 2.71083E-10 3.16070E-07
2.44930E-10 1.60356E-10 1.67562E-10 1.78372E-10 1.78372E-10 4.70833E-06 8.32755E-05 1.67562E-10 1.60356E-10 2.44930E-10 2.52424E-07
2.19007E-10 1.50491E-10 1.55814E-10 1.63797E-10 1.63797E-10 3.85834E-06 6.83132E-05 1.55814E-10 1.50491E-10 2.19007E-10 2.01595E-07
1.94056E-10 1.38611E-10 1.42513E-10 1.48366E-10 1.48366E-10 3.15845E-06 5.59782E-05 1.42513E-10 1.38611E-10 1.94056E-10 1.60933E-07
0.00000E+00 0.00000E+00 2.46762E-10 6.16905E-10 6.16905E-10 1.25230E-04 2.21371E-03 2.46762E-10 0.00000E+00 0.00000E+00 1.77660E-06
0.00000E+00 0.00000E+00 0.00000E+00 2.21779E-10 2.21779E-10 1.03137E-04 1.82516E-03 0.00000E+00 0.00000E+00 0.00000E+00 2.79303E-06
0.00000E+00 0.00000E+00 0.00000E+00 0.00000E+00 0.00000E+00 8.52927E-05 1.51091E-03 0.00000E+00 0.00000E+00 0.00000E+00 3.13152E-06
0.00000E+00 0.00000E+00 0.00000E+00 0.00000E+00 0.00000E+00 7.06843E-05 1.25335E-03 0.00000E+00 0.00000E+00 0.00000E+00 3.08579E-06
0.00000E+00 0.00000E+00 0.00000E+00 0.00000E+00 0.00000E+00 5.86769E-05 1.04141E-03 0.00000E+00 0.00000E+00 0.00000E+00 2.84735E-06
0.00000E+00 0.00000E+00 0.00000E+00 0.00000E+00 0.00000E+00 4.88460E-05 8.67686E-04 0.00000E+00 0.00000E+00 0.00000E+00 2.52554E-06
0.00000E+00 0.00000E+00 0.00000E+00 0.00000E+00 0.00000E+00 4.07298E-05 7.24118E-04 0.00000E+00 0.00000E+00 0.00000E+00 2.18655E-06
0.00000E+00 0.00000E+00 0.00000E+00 0.00000E+00 0.00000E+00 3.53512E-05 6.28895E-04 0.00000E+00 0.00000E+00 0.00000E+00 1.93187E-06
0.00000E+00 0.00000E+00 0.00000E+00 0.00000E+00 0.00000E+00 3.39853E-05 6.04697E-04 0.00000E+00 0.00000E+00 0.00000E+00 1.86322E-06
0.00000E+00 0.00000E+00 0.00000E+00 0.00000E+00 0.00000E+00 2.80069E-05 4.98739E-04 0.00000E+00 0.00000E+00 0.00000E+00 1.55578E-06
0.00000E+00 0.00000E+00 0.00000E+00 0.00000E+00 0.00000E+00 2.30657E-05 4.11077E-04 0.00000E+00 0.00000E+00 0.00000E+00 1.28322E-06
0.00000E+00 0.00000E+00 0.00000E+00 0.00000E+00 0.00000E+00 1.89719E-05 3.38381E-04 0.00000E+00 0.00000E+00 0.00000E+00 1.04776E-06
2.78867E-13 0.00000E+00 0.00000E+00 0.00000E+00 0.00000E+00 1.55843E-05 2.78170E-04 0.00000E+00 0.00000E+00 2.78867E-13 8.48746E-07
1.66709E-11 0.00000E+00 0.00000E+00 0.00000E+00 0.00000E+00 1.27911E-05 2.28481E-04 0.00000E+00 0.00000E+00 1.66709E-11 6.83715E-07
3.10407E-11 0.00000E+00 0.00000E+00 0.00000E+00 0.00000E+00 1.04878E-05 1.87470E-04 0.00000E+00 0.00000E+00 3.10407E-11 5.48350E-07
4.23621E-11 0.00000E+00 0.00000E+00 0.00000E+00 0.00000E+00 8.58692E-06 1.53596E-04 0.00000E+00 0.00000E+00 4.23621E-11 4.38084E-07
5.03723E-11 0.00000E+00 0.00000E+00 0.00000E+00 0.00000E+00 7.02027E-06 1.25657E-04 0.00000E+00 0.00000E+00 5.03723E-11 3.48897E-07
5.52566E-11 0.00000E+00 0.00000E+00 0.00000E+00 0.00000E+00 5.73098E-06 1.02646E-04 0.00000E+00 0.00000E+00 5.52566E-11 2.77160E-07
5.74338E-11 0.00000E+00 0.00000E+00 0.00000E+00 0.00000E+00 4.67152E-06 8.37229E-05 0.00000E+00 0.00000E+00 5.74338E-11 2.19719E-07
5.74159E-11 2.30418E-12 2.85741E-12 3.68726E-12 3.68727E-12 3.80226E-06 6.81856E-05 2.85741E-12 2.30418E-12 5.74159E-11 1.73889E-07
5.57217E-11 1.15425E-11 1.18025E-11 1.21927E-11 1.21927E-11 3.09016E-06 5.54484E-05 1.18025E-11 1.15425E-11 5.57217E-11 1.37430E-07
5.28279E-11 1.74640E-11 1.75295E-11 1.76278E-11 1.76278E-11 2.50771E-06 4.50232E-05 1.75295E-11 1.74640E-11 5.28279E-11 1.08494E-07
4.91446E-11 2.08777E-11 2.08194E-11 2.07319E-11 2.07319E-11 2.03207E-06 3.65038E-05 2.08194E-11 2.08777E-11 4.91446E-11 8.55728E-08
4.50076E-11 2.24451E-11 2.23129E-11 2.21146E-11 2.21146E-11 1.64425E-06 2.95530E-05 2.23129E-11 2.24451E-11 4.50076E-11 6.74442E-08
4.06804E-11 2.26796E-11 2.25086E-11 2.22522E-11 2.22522E-11 1.32958E-06 2.39096E-05 2.25086E-11 2.26796E-11 4.06804E-11 5.31776E-08
3.63664E-11 2.20186E-11 2.18322E-11 2.15525E-11 2.15525E-11 1.07396E-06 1.93226E-05 2.18322E-11 2.20186E-11 3.63664E-11 4.19254E-08
0.00000E+00 0.00000E+00 1.31874E-11 3.29686E-11 3.29686E-11 4.66328E-05 8.37849E-04 1.31874E-11 0.00000E+00 0.00000E+00 2.07350E-07
0.00000E+00 0.00000E+00 0.00000E+00 0.00000E+00 0.00000E+00 3.77782E-05 6.79056E-04 0.00000E+00 0.00000E+00 0.00000E+00 6.10339E-07
0.00000E+00 0.00000E+00 0.00000E+00 0.00000E+00 0.00000E+00 3.07413E-05 5.52798E-04 0.00000E+00 0.00000E+00 0.00000E+00 7.58438E-07
0.00000E+00 0.00000E+00 0.00000E+00 0.00000E+00 0.00000E+00 2.50715E-05 4.51018E-04 0.00000E+00 0.00000E+00 0.00000E+00 7.68693E-07
0.00000E+00 0.00000E+00 0.00000E+00 0.00000E+00 0.00000E+00 2.04845E-05 3.68639E-04 0.00000E+00 0.00000E+00 0.00000E+00 7.11975E-07
0.00000E+00 0.00000E+00 0.00000E+00 0.00000E+00 0.00000E+00 1.67898E-05 3.02253E-04 0.00000E+00 0.00000E+00 0.00000E+00 6.27214E-07
0.00000E+00 0.00000E+00 0.00000E+00 0.00000E+00 0.00000E+00 1.37871E-05 2.48278E-04 0.00000E+00 0.00000E+00 0.00000E+00 5.36761E-07
0.00000E+00 0.00000E+00 0.00000E+00 0.00000E+00 0.00000E+00 1.18226E-05 2.12956E-04 0.00000E+00 0.00000E+00 0.00000E+00 4.69111E-07
0.00000E+00 0.00000E+00 0.00000E+00 0.00000E+00 0.00000E+00 1.13296E-05 2.04087E-04 0.00000E+00 0.00000E+00 0.00000E+00 4.51087E-07
0.00000E+00 0.00000E+00 0.00000E+00 0.00000E+00 0.00000E+00 9.18528E-06 1.65514E-04 0.00000E+00 0.00000E+00 0.00000E+00 3.70984E-07
0.00000E+00 0.00000E+00 0.00000E+00 0.00000E+00 0.00000E+00 7.44236E-06 1.34147E-04 0.00000E+00 0.00000E+00 0.00000E+00 3.01110E-07
0.00000E+00 0.00000E+00 0.00000E+00 0.00000E+00 0.00000E+00 6.02196E-06 1.08576E-04 0.00000E+00 0.00000E+00 0.00000E+00 2.41836E-07
0.00000E+00 0.00000E+00 0.00000E+00 0.00000E+00 0.00000E+00 4.86596E-06 8.77574E-05 0.00000E+00 0.00000E+00 0.00000E+00 1.92706E-07
0.00000E+00 0.00000E+00 0.00000E+00 0.00000E+00 0.00000E+00 3.92883E-06 7.08744E-05 0.00000E+00 0.00000E+00 0.00000E+00 1.52779E-07
2.52018E-12 0.00000E+00 0.00000E+00 0.00000E+00 0.00000E+00 3.16896E-06 5.71805E-05 0.00000E+00 0.00000E+00 2.52018E-12 1.20674E-07
5.59004E-12 0.00000E+00 0.00000E+00 0.00000E+00 0.00000E+00 2.55226E-06 4.60631E-05 0.00000E+00 0.00000E+00 5.59004E-12 9.50188E-08
7.94558E-12 0.00000E+00 0.00000E+00 0.00000E+00 0.00000E+00 2.05248E-06 3.70510E-05 0.00000E+00 0.00000E+00 7.94558E-12 7.46505E-08
9.59483E-12 0.00000E+00 0.00000E+00 0.00000E+00 0.00000E+00 1.64809E-06 2.97568E-05 0.00000E+00 0.00000E+00 9.59483E-12 5.85579E-08
1.06107E-11 0.00000E+00 0.00000E+00 0.00000E+00 0.00000E+00 1.32139E-06 2.38624E-05 0.00000E+00 0.00000E+00 1.06107E-11 4.58897E-08
1.10949E-11 7.09956E-13 4.88345E-13 1.55928E-13 1.55929E-13 1.05789E-06 1.91070E-05 4.88345E-13 7.09956E-13 1.10949E-11 3.59441E-08
1.11564E-11 2.94079E-12 2.75708E-12 2.48152E-12 2.48152E-12 8.45691E-07 1.52766E-05 2.75708E-12 2.94079E-12 1.11564E-11 2.81511E-08
1.08982E-11 4.40010E-12 4.24962E-12 4.02391E-12 4.02391E-12 6.75090E-07 1.21965E-05 4.24962E-12 4.40010E-12 1.08982E-11 2.20527E-08
1.04112E-11 5.27166E-12 5.14979E-12 4.96698E-12 4.96698E-12 5.38152E-07 9.72353E-06 5.14979E-12 5.27166E-12 1.04112E-11 1.72843E-08
9.77143E-12 5.70584E-12 5.60820E-12 5.46175E-12 5.46175E-12 4.28409E-07 7.74137E-06 5.60820E-12 5.70584E-12 9.77143E-12 1.35573E-08
9.03961E-12 5.81923E-12 5.74179E-12 5.62563E-12 5.62563E-12 3.40912E-07 6.16072E-06 5.74179E-12 5.81923E-12 9.03961E-12 1.06555E-08
8.26530E-12 5.71203E-12 5.65125E-12 5.56007E-12 5.56007E-12 2.71047E-07 4.89843E-06 5.65125E-12 5.71203E-12 8.26530E-12 8.38784E-09
0.00000E+00 0.00000E+00 0.00000E+00 0.00000E+00 0.00000E+00 1.14303E-05 2.06070E-04 0.00000E+00 0.00000E+00 0.00000E+00 6.88363E-09
0.00000E+00 0.00000E+00 0.00000E+00 0.00000E+00 0.00000E+00 9.04560E-06 1.63087E-04 0.00000E+00 0.00000E+00 0.00000E+00 8.68143E-08
0.00000E+00 0.00000E+00 0.00000E+00 0.00000E+00 0.00000E+00 7.19417E-06 1.29710E-04 0.00000E+00 0.00000E+00 0.00000E+00 1.15000E-07
0.00000E+00 0.00000E+00 0.00000E+00 0.00000E+00 0.00000E+00 5.73606E-06 1.03421E-04 0.00000E+00 0.00000E+00 0.00000E+00 1.17148E-07
0.00000E+00 0.00000E+00 0.00000E+00 0.00000E+00 0.00000E+00 4.58306E-06 8.26302E-05 0.00000E+00 0.00000E+00 0.00000E+00 1.07582E-07
0.00000E+00 0.00000E+00 0.00000E+00 0.00000E+00 0.00000E+00 3.67590E-06 6.62714E-05 0.00000E+00 0.00000E+00 0.00000E+00 9.36878E-08
0.00000E+00 0.00000E+00 0.00000E+00 0.00000E+00 0.00000E+00 2.95512E-06 5.32726E-05 0.00000E+00 0.00000E+00 0.00000E+00 7.93211E-08
1.69407E-21 0.00000E+00 0.00000E+00 0.00000E+00 0.00000E+00 2.49227E-06 4.49252E-05 0.00000E+00 0.00000E+00 1.69407E-21 6.88372E-08
0.00000E+00 0.00000E+00 0.00000E+00 0.00000E+00 0.00000E+00 2.37802E-06 4.28647E-05 0.00000E+00 0.00000E+00 0.00000E+00 6.61080E-08
2.32073E-13 0.00000E+00 0.00000E+00 0.00000E+00 0.00000E+00 1.88569E-06 3.39856E-05 0.00000E+00 0.00000E+00 2.32073E-13 5.41024E-08
1.03841E-12 0.00000E+00 0.00000E+00 0.00000E+00 0.00000E+00 1.49499E-06 2.69395E-05 0.00000E+00 0.00000E+00 1.03841E-12 4.38608E-08
2.05288E-12 0.00000E+00 0.00000E+00 0.00000E+00 0.00000E+00 1.18397E-06 2.13306E-05 0.00000E+00 0.00000E+00 2.05288E-12 3.53265E-08
3.06065E-12 0.00000E+00 0.00000E+00 0.00000E+00 0.00000E+00 9.36743E-07 1.68724E-05 0.00000E+00 0.00000E+00 3.06065E-12 2.83536E-08
3.93587E-12 0.00000E+00 0.00000E+00 0.00000E+00 0.00000E+00 7.41032E-07 1.33437E-05 0.00000E+00 0.00000E+00 3.93587E-12 2.27442E-08
4.62079E-12 8.82819E-13 9.13184E-13 9.58730E-13 9.58730E-13 5.86014E-07 1.05490E-05 9.13184E-13 8.82819E-13 4.62079E-12 1.82571E-08
5.10259E-12 1.99629E-12 2.03186E-12 2.08520E-12 2.08520E-12 4.63058E-07 8.33274E-06 2.03186E-12 1.99629E-12 5.10259E-12 1.46725E-08
5.39083E-12 2.79554E-12 2.83382E-12 2.89124E-12 2.89124E-12 3.65654E-07 6.57743E-06 2.83382E-12 2.79554E-12 5.39083E-12 1.18136E-08
5.50798E-12 3.32896E-12 3.36804E-12 3.42665E-12 3.42665E-12 2.88587E-07 5.18894E-06 3.36804E-12 3.32896E-12 5.50798E-12 9.53339E-09
5.48216E-12 3.64465E-12 3.68310E-12 3.74078E-12 3.74078E-12 2.27680E-07 4.09192E-06 3.68310E-12 3.64465E-12 5.48216E-12 7.71283E-09
5.34266E-12 3.78731E-12 3.82412E-12 3.87933E-12 3.87933E-12 1.79597E-07 3.22616E-06 3.82412E-12 3.78731E-12 5.34266E-12 6.25649E-09
5.11721E-12 3.79657E-12 3.83106E-12 3.88278E-12 3.88278E-12 1.41674E-07 2.54359E-06 3.83106E-12 3.79657E-12 5.11721E-12 5.08865E-09
4.83059E-12 3.70645E-12 3.73819E-12 3.78581E-12 3.78581E-12 1.11788E-07 2.00590E-06 3.73819E-12 3.70645E-12 4.83059E-12 4.14953E-09
4.50398E-12 3.54530E-12 3.57410E-12 3.61728E-12 3.61728E-12 8.82505E-08 1.58263E-06 3.57410E-12 3.54530E-12 4.50398E-12 3.39207E-09
4.15487E-12 3.33624E-12 3.36203E-12 3.40071E-12 3.40071E-12 6.97221E-08 1.24960E-06 3.36203E-12 3.33624E-12 4.15487E-12 2.77922E-09
3.79729E-12 3.09741E-12 3.12025E-12 3.15452E-12 3.15452E-12 5.51946E-08 9.88620E-07 3.12025E-12 3.09741E-12 3.79729E-12 2.28349E-09
3.44240E-12 2.84378E-12 2.86382E-12 2.89389E-12 2.89389E-12 4.37661E-08 7.83434E-07 2.86382E-12 2.84378E-12 3.44240E-12 1.88011E-09
0.00000E+00 0.00000E+00 3.14757E-13 7.86893E-13 7.86893E-13 0.00000E+00 0.00000E+00 3.14757E-13 0.00000E+00 0.00000E+00 2.35776E-09
0.00000E+00 0.00000E+00 0.00000E+00 3.27185E-13 3.27185E-13 0.00000E+00 0.00000E+00 0.00000E+00 0.00000E+00 0.00000E+00 1.35080E-09
0.00000E+00 0.00000E+00 0.00000E+00 4.09396E-15 4.09402E-15 0.00000E+00 0.00000E+00 0.00000E+00 0.00000E+00 0.00000E+00 1.02139E-09
0.00000E+00 0.00000E+00 0.00000E+00 0.00000E+00 0.00000E+00 0.00000E+00 0.00000E+00 0.00000E+00 0.00000E+00 0.00000E+00 9.34233E-10
0.00000E+00 0.00000E+00 0.00000E+00 0.00000E+00 0.00000E+00 0.00000E+00 0.00000E+00 0.00000E+00 0.00000E+00 0.00000E+00 9.07046E-10
0.00000E+00 0.00000E+00 0.00000E+00 0.00000E+00 0.00000E+00 0.00000E+00 0.00000E+00 0.00000E+00 0.00000E+00 0.00000E+00 8.70458E-10
0.00000E+00 0.00000E+00 0.00000E+00 0.00000E+00 0.00000E+00 0.00000E+00 0.00000E+00 0.00000E+00 0.00000E+00 0.00000E+00 8.09080E-10
0.00000E+00 0.00000E+00 0.00000E+00 0.00000E+00 0.00000E+00 0.00000E+00 0.00000E+00 0.00000E+00 0.00000E+00 0.00000E+00 7.47784E-10
0.00000E+00 0.00000E+00 0.00000E+00 0.00000E+00 0.00000E+00 0.00000E+00 0.00000E+00 0.00000E+00 0.00000E+00 0.00000E+00 7.27282E-10
0.00000E+00 0.00000E+00 0.00000E+00 0.00000E+00 0.00000E+00 0.00000E+00 0.00000E+00 0.00000E+00 0.00000E+00 0.00000E+00 6.27634E-10
0.00000E+00 0.00000E+00 0.00000E+00 0.00000E+00 0.00000E+00 0.00000E+00 0.00000E+00 0.00000E+00 0.00000E+00 0.00000E+00 5.24794E-10
0.00000E+00 0.00000E+00 0.00000E+00 0.00000E+00 0.00000E+00 0.00000E+00 0.00000E+00 0.00000E+00 0.00000E+00 0.00000E+00 4.26107E-10
0.00000E+00 0.00000E+00 0.00000E+00 0.00000E+00 0.00000E+00 0.00000E+00 0.00000E+00 0.00000E+00 0.00000E+00 0.00000E+00 3.36128E-10
0.00000E+00 0.00000E+00 0.00000E+00 0.00000E+00 0.00000E+00 0.00000E+00 0.00000E+00 0.00000E+00 0.00000E+00 0.00000E+00 2.57659E-10
0.00000E+00 0.00000E+00 0.00000E+00 0.00000E+00 0.00000E+00 0.00000E+00 0.00000E+00 0.00000E+00 0.00000E+00 0.00000E+00 1.91572E-10
0.00000E+00 0.00000E+00 0.00000E+00 0.00000E+00 0.00000E+00 0.00000E+00 0.00000E+00 0.00000E+00 0.00000E+00 0.00000E+00 1.37416E-10
0.00000E+00 0.00000E+00 0.00000E+00 0.00000E+00 0.00000E+00 0.00000E+00 0.00000E+00 0.00000E+00 0.00000E+00 0.00000E+00 9.41696E-11
0.00000E+00 0.00000E+00 0.00000E+00 0.00000E+00 0.00000E+00 0.00000E+00 0.00000E+00 0.00000E+00 0.00000E+00 0.00000E+00 6.04653E-11
0.00000E+00 0.00000E+00 0.00000E+00 0.00000E+00 0.00000E+00 0.00000E+00 0.00000E+00 0.00000E+00 0.00000E+00 0.00000E+00 3.48283E-11
0.00000E+00 0.00000E+00 0.00000E+00 0.00000E+00 0.00000E+00 0.00000E+00 0.00000E+00 0.00000E+00 0.00000E+00 0.00000E+00 1.58270E-11
0.00000E+00 0.00000E+00 0.00000E+00 0.00000E+00 0.00000E+00 6.04222E-11 1.70508E-09 0.00000E+00 0.00000E+00 0.00000E+00 2.15690E-12
0.00000E+00 0.00000E+00 0.00000E+00 0.00000E+00 0.00000E+00 1.50189E-10 3.28317E-09 0.00000E+00 0.00000E+00 0.00000E+00 0.00000E+00
0.00000E+00 0.00000E+00 0.00000E+00 0.00000E+00 0.00000E+00 1.90686E-10 3.96424E-09 0.00000E+00 0.00000E+00 0.00000E+00 0.00000E+00
0.00000E+00 0.00000E+00 0.00000E+00 0.00000E+00 0.00000E+00 1.99423E-10 4.06878E-09 0.00000E+00 0.00000E+00 0.00000E+00 0.00000E+00
0.00000E+00 0.00000E+00 0.00000E+00 0.00000E+00 0.00000E+00 1.88621E-10 3.82051E-09 0.00000E+00 0.00000E+00 0.00000E+00 0.00000E+00
0.00000E+00 0.00000E+00 0.00000E+00 0.00000E+00 0.00000E+00 1.67251E-10 3.38344E-09 0.00000E+00 0.00000E+00 0.00000E+00 0.00000E+00
0.00000E+00 0.00000E+00 0.00000E+00 0.00000E+00 0.00000E+00 0.00000E+00 0.00000E+00 0.00000E+00 0.00000E+00 0.00000E+00 0.00000E+00
0.00000E+00 0.00000E+00 0.00000E+00 0.00000E+00 0.00000E+00 0.00000E+00 0.00000E+00 0.00000E+00 0.00000E+00 0.00000E+00 0.00000E+00
0.00000E+00 0.00000E+00 0.00000E+00 0.00000E+00 0.00000E+00 0.00000E+00 0.00000E+00 0.00000E+00 0.00000E+00 0.00000E+00 0.00000E+00
0.00000E+00 0.00000E+00 0.00000E+00 0.00000E+00 0.00000E+00 0.00000E+00 0.00000E+00 0.00000E+00 0.00000E+00 0.00000E+00 0.00000E+00
0.00000E+00 0.00000E+00 0.00000E+00 0.00000E+00 0.00000E+00 0.00000E+00 0.00000E+00 0.00000E+00 0.00000E+00 0.00000E+00 0.00000E+00
0.00000E+00 0.00000E+00 0.00000E+00 0.00000E+00 0.00000E+00 0.00000E+00 0.00000E+00 0.00000E+00 0.00000E+00 0.00000E+00 0.00000E+00
0.00000E+00 0.00000E+00 0.00000E+00 0.00000E+00 0.00000E+00 0.00000E+00 0.00000E+00 0.00000E+00 0.00000E+00 0.00000E+00 0.00000E+00
0.00000E+00 0.00000E+00 0.00000E+00 0.00000E+00 0.00000E+00 0.00000E+00 0.00000E+00 0.00000E+00 0.00000E+00 0.00000E+00 0.00000E+00
0.00000E+00 0.00000E+00 0.00000E+00 0.00000E+00 0.00000E+00 0.00000E+00 0.00000E+00 0.00000E+00 0.00000E+00 0.00000E+00 0.00000E+00
0.00000E+00 0.00000E+00 0.00000E+00 0.00000E+00 0.00000E+00 0.00000E+00 0.00000E+00 0.00000E+00 0.00000E+00 0.00000E+00 0.00000E+00
0.00000E+00 0.00000E+00 0.00000E+00 0.00000E+00 0.00000E+00 0.00000E+00 0.00000E+00 0.00000E+00 0.00000E+00 0.00000E+00 0.00000E+00
0.00000E+00 0.00000E+00 0.00000E+00 0.00000E+00 0.00000E+00 0.00000E+00 0.00000E+00 0.00000E+00 0.00000E+00 0.00000E+00 0.00000E+00
0.00000E+00 0.00000E+00 0.00000E+00 0.00000E+00 0.00000E+00 0.00000E+00 0.00000E+00 0.00000E+00 0.00000E+00 0.00000E+00 0.00000E+00
0.00000E+00 0.00000E+00 0.00000E+00 0.00000E+00 0.00000E+00 0.00000E+00 0.00000E+00 0.00000E+00 0.00000E+00 0.00000E+00 0.00000E+00
0.00000E+00 0.00000E+00 0.00000E+00 0.00000E+00 0.00000E+00 0.00000E+00 0.00000E+00 0.00000E+00 0.00000E+00 0.00000E+00 0.00000E+00
0.00000E+00 0.00000E+00 0.00000E+00 0.00000E+00 0.00000E+00 0.00000E+00 0.00000E+00 0.00000E+00 0.00000E+00 0.00000E+00 0.00000E+00
0.00000E+00 0.00000E+00 0.00000E+00 0.00000E+00 0.00000E+00 0.00000E+00 0.00000E+00 0.00000E+00 0.00000E+00 0.00000E+00 0.00000E+00
0.00000E+00 0.00000E+00 0.00000E+00 0.00000E+00 0.00000E+00 0.00000E+00 0.00000E+00 0.00000E+00 0.00000E+00 0.00000E+00 0.00000E+00
0.00000E+00 0.00000E+00 0.00000E+00 0.00000E+00 0.00000E+00 0.00000E+00 0.00000E+00 0.00000E+00 0.00000E+00 0.00000E+00 0.00000E+00
0.00000E+00 0.00000E+00 0.00000E+00 0.00000E+00 0.00000E+00 0.00000E+00 0.00000E+00 0.00000E+00 0.00000E+00 0.00000E+00 0.00000E+00
0.00000E+00 0.00000E+00 0.00000E+00 0.00000E+00 0.00000E+00 0.00000E+00 0.00000E+00 0.00000E+00 0.00000E+00 0.00000E+00 0.00000E+00
0.00000E+00 0.00000E+00 0.00000E+00 0.00000E+00 0.00000E+00 0.00000E+00 0.00000E+00 0.00000E+00 0.00000E+00 0.00000E+00 0.00000E+00
0.00000E+00 0.00000E+00 0.00000E+00 0.00000E+00 0.00000E+00 0.00000E+00 0.00000E+00 0.00000E+00 0.00000E+00 0.00000E+00 0.00000E+00
0.00000E+00 0.00000E+00 0.00000E+00 0.00000E+00 0.00000E+00 0.00000E+00 0.00000E+00 0.00000E+00 0.00000E+00 0.00000E+00 0.00000E+00
0.00000E+00 0.00000E+00 0.00000E+00 0.00000E+00 0.00000E+00 0.00000E+00 0.00000E+00 0.00000E+00 0.00000E+00 0.00000E+00 0.00000E+00
0.00000E+00 0.00000E+00 0.00000E+00 0.00000E+00 0.00000E+00 0.00000E+00 0.00000E+00 0.00000E+00 0.00000E+00 0.00000E+00 0.00000E+00
---
