PdfType: error
Format: lhagrid1
---
1.00000E-06 1.28121E-06 1.64152E-06 2.10317E-06 2.69463E-06 3.45242E-06 4.42329E-06 5.66715E-06 7.26076E-06 9.30241E-06 1.19180E-05 1.52689E-05 1.95617E-05 2.50609E-05 3.21053E-05 4.11287E-05 5.26863E-05 6.74889E-05 8.64459E-05 1.10720E-04 1.41800E-04 1.81585E-04 2.32503E-04 2.97652E-04 3.80981E-04 4.87518E-04 6.26039E-04 8.00452E-04 1.02297E-03 1.30657E-03 1.66759E-03 2.12729E-03 2.71054E-03 3.44865E-03 4.37927E-03 5.54908E-03 7.01192E-03 8.83064E-03 1.10763E-02 1.38266E-02 1.71641E-02 2.11717E-02 2.59364E-02 3.15062E-02 3.79623E-02 4.53425E-02 5.36750E-02 6.29705E-02 7.32221E-02 8.44039E-02 9.64793E-02 1.09332E-01 1.23067E-01 1.37507E-01 1.52639E-01 1.68416E-01 1.84794E-01 2.01731E-01 2.19016E-01 2.36948E-01 2.55242E-01 2.73927E-01 2.92954E-01 3.12340E-01 3.32036E-01 3.52019E-01 3.72282E-01 3.92772E-01 4.13533E-01 4.34326E-01 4.55495E-01 4.76836E-01 4.98342E-01 5.20006E-01 5.41818E-01 5.63773E-01 5.85861E-01 6.08077E-01 6.30459E-01 6.52800E-01 6.75387E-01 6.98063E-01 7.20830E-01 7.43683E-01 7.66623E-01 7.89636E-01 8.12791E-01 8.35940E-01 8.59175E-01 8.82485E-01 9.05866E-01 9.29311E-01 9.52817E-01 9.76387E-01 1.00000E+00
1.30000E+00 1.50159E+00 1.75516E+00 2.07810E+00 2.49495E+00 3.04086E+00 3.76715E+00 4.50000E+00 4.75000E+00 6.23113E+00 8.37423E+00 1.15549E+01 1.64076E+01 2.40380E+01 3.64361E+01 5.73145E+01 9.38707E+01 1.60654E+02 2.88438E+02 5.45587E+02 1.09231E+03 2.32646E+03 5.30043E+03 1.29956E+04 3.45140E+04 1.00000E+05
-5 -4 -3 -2 -1 1 2 3 4 5 21
0.00000E+00 0.00000E+00 4.65949E-01 1.16487E+00 1.16487E+00 1.16488E+00 1.16735E+00 4.65949E-01 0.00000E+00 0.00000E+00 1.02334E-02
0.00000E+00 3.97240E-02 4.99875E-01 1.19010E+00 1.19010E+00 1.19011E+00 1.19270E+00 4.99875E-01 3.97240E-02 0.00000E+00 1.45620E+00
0.00000E+00 1.15071E-01 5.69676E-01 1.25158E+00 1.25158E+00 1.25160E+00 1.25430E+00 5.69676E-01 1.15071E-01 0.00000E+00 3.86276E+00
0.00000E+00 2.29994E-01 6.79246E-01 1.35311E+00 1.35312E+00 1.35315E+00 1.35596E+00 6.79246E-01 2.29994E-01 0.00000E+00 7.49084E+00
0.00000E+00 3.90825E-01 8.34893E-01 1.50098E+00 1.50099E+00 1.50102E+00 1.50395E+00 8.34893E-01 3.90825E-01 0.00000E+00 1.26040E+01
0.00000E+00 6.07215E-01 1.04625E+00 1.70479E+00 1.70480E+00 1.70484E+00 1.70789E+00 1.04625E+00 6.07215E-01 0.00000E+00 1.95734E+01
0.00000E+00 8.86696E-01 1.32083E+00 1.97202E+00 1.97203E+00 1.97209E+00 1.97525E+00 1.32083E+00 8.86696E-01 0.00000E+00 2.86925E+01
0.00000E+00 1.14734E+00 1.57776E+00 2.22337E+00 2.22339E+00 2.22345E+00 2.22670E+00 1.57776E+00 1.14734E+00 0.00000E+00 3.72737E+01
8.20233E-02 1.22764E+00 1.65699E+00 2.30099E+00 2.30101E+00 2.30108E+00 2.30436E+00 1.65699E+00 1.22764E+00 8.20233E-02 4.01181E+01
5.48778E-01 1.68619E+00 2.11051E+00 2.74697E+00 2.74699E+00 2.74708E+00 2.75049E+00 2.11051E+00 1.68619E+00 5.48778E-01 5.48039E+01
1.12992E+00 2.25917E+00 2.67854E+00 3.30755E+00 3.30758E+00 3.30768E+00 3.31123E+00 2.67854E+00 2.25917E+00 1.12992E+00 7.28967E+01
1.83226E+00 2.95338E+00 3.36785E+00 3.98952E+00 3.98955E+00 3.98968E+00 3.99336E+00 3.36785E+00 2.95338E+00 1.83226E+00 9.49345E+01
2.67174E+00 3.78476E+00 4.19438E+00 4.80879E+00 4.80881E+00 4.80897E+00 4.81279E+00 4.19438E+00 3.78476E+00 2.67174E+00 1.21387E+02
3.66846E+00 4.77339E+00 5.17823E+00 5.78544E+00 5.78547E+00 5.78565E+00 5.78962E+00 5.17823E+00 4.77339E+00 3.66846E+00 1.52806E+02
4.84100E+00 5.93785E+00 6.33795E+00 6.93805E+00 6.93809E+00 6.93830E+00 6.94241E+00 6.33795E+00 5.93785E+00 4.84100E+00 1.89657E+02
6.20754E+00 7.29631E+00 7.69172E+00 8.28479E+00 8.28483E+00 8.28507E+00 8.28934E+00 7.69172E+00 7.29631E+00 6.20754E+00 2.32351E+02
7.78875E+00 8.86946E+00 9.26023E+00 9.84633E+00 9.84636E+00 9.84665E+00 9.85107E+00 9.26023E+00 8.86946E+00 7.78875E+00 2.81337E+02
9.60617E+00 1.06788E+01 1.10650E+01 1.16442E+01 1.16442E+01 1.16445E+01 1.16491E+01 1.10650E+01 1.06788E+01 9.60617E+00 3.37040E+02
1.16820E+01 1.27465E+01 1.31281E+01 1.37005E+01 1.37005E+01 1.37009E+01 1.37057E+01 1.31281E+01 1.27465E+01 1.16820E+01 3.99860E+02
1.40388E+01 1.50953E+01 1.54724E+01 1.60380E+01 1.60380E+01 1.60384E+01 1.60434E+01 1.54724E+01 1.50953E+01 1.40388E+01 4.70163E+02
1.66997E+01 1.77481E+01 1.81207E+01 1.86796E+01 1.86796E+01 1.86801E+01 1.86852E+01 1.81207E+01 1.77481E+01 1.66997E+01 5.48273E+02
1.96877E+01 2.07279E+01 2.10961E+01 2.16484E+01 2.16484E+01 2.16490E+01 2.16542E+01 2.10961E+01 2.07279E+01 1.96877E+01 6.34471E+02
2.30256E+01 2.40578E+01 2.44216E+01 2.49673E+01 2.49673E+01 2.49679E+01 2.49734E+01 2.44216E+01 2.40578E+01 2.30256E+01 7.28987E+02
2.67361E+01 2.77602E+01 2.81196E+01 2.86588E+01 2.86588E+01 2.86595E+01 2.86651E+01 2.81196E+01 2.77602E+01 2.67361E+01 8.31995E+02
3.08486E+01 3.18644E+01 3.22196E+01 3.27523E+01 3.27523E+01 3.27531E+01 3.27589E+01 3.22196E+01 3.18644E+01 3.08486E+01 9.43768E+02
3.53804E+01 3.63881E+01 3.67390E+01 3.72653E+01 3.72653E+01 3.72661E+01 3.72722E+01 3.67390E+01 3.63881E+01 3.53804E+01 1.06427E+03
0.00000E+00 0.00000E+00 4.61782E-01 1.15446E+00 1.15446E+00 1.15446E+00 1.15702E+00 4.61782E-01 0.00000E+00 0.00000E+00 1.09425E-02
0.00000E+00 3.99173E-02 4.95945E-01 1.17998E+00 1.17999E+00 1.18000E+00 1.18267E+00 4.95945E-01 3.99173E-02 0.00000E+00 1.45846E+00
0.00000E+00 1.15251E-01 5.65774E-01 1.24155E+00 1.24156E+00 1.24158E+00 1.24437E+00 5.65774E-01 1.15251E-01 0.00000E+00 3.86071E+00
0.00000E+00 2.29839E-01 6.75050E-01 1.34286E+00 1.34287E+00 1.34289E+00 1.34580E+00 6.75050E-01 2.29839E-01 0.00000E+00 7.47489E+00
0.00000E+00 3.89909E-01 8.29976E-01 1.49006E+00 1.49007E+00 1.49011E+00 1.49314E+00 8.29976E-01 3.89909E-01 0.00000E+00 1.25601E+01
0.00000E+00 6.04966E-01 1.04004E+00 1.69263E+00 1.69265E+00 1.69270E+00 1.69584E+00 1.04004E+00 6.04966E-01 0.00000E+00 1.94819E+01
0.00000E+00 8.82410E-01 1.31262E+00 1.95791E+00 1.95793E+00 1.95800E+00 1.96126E+00 1.31262E+00 8.82410E-01 0.00000E+00 2.85280E+01
0.00000E+00 1.14096E+00 1.56748E+00 2.20724E+00 2.20726E+00 2.20733E+00 2.21069E+00 1.56748E+00 1.14096E+00 0.00000E+00 3.70335E+01
8.13279E-02 1.22055E+00 1.64601E+00 2.28418E+00 2.28420E+00 2.28428E+00 2.28767E+00 1.64601E+00 1.22055E+00 8.13279E-02 3.98510E+01
5.43938E-01 1.67495E+00 2.09542E+00 2.72611E+00 2.72613E+00 2.72623E+00 2.72975E+00 2.09542E+00 1.67495E+00 5.43938E-01 5.43910E+01
1.11948E+00 2.24232E+00 2.65788E+00 3.28118E+00 3.28120E+00 3.28132E+00 3.28498E+00 2.65788E+00 2.24232E+00 1.11948E+00 7.22892E+01
1.81456E+00 2.92926E+00 3.33996E+00 3.95596E+00 3.95599E+00 3.95614E+00 3.95994E+00 3.33996E+00 2.92926E+00 1.81456E+00 9.40738E+01
2.64481E+00 3.75141E+00 4.15730E+00 4.76609E+00 4.76612E+00 4.76630E+00 4.77024E+00 4.15730E+00 3.75141E+00 2.64481E+00 1.20204E+02
3.62999E+00 4.72848E+00 5.12962E+00 5.73129E+00 5.73132E+00 5.73153E+00 5.73562E+00 5.12962E+00 4.72848E+00 3.62999E+00 1.51222E+02
4.78830E+00 5.87870E+00 6.27514E+00 6.86976E+00 6.86979E+00 6.87003E+00 6.87427E+00 6.27514E+00 5.87870E+00 4.78830E+00 1.87579E+02
6.13756E+00 7.21987E+00 7.61166E+00 8.19929E+00 8.19933E+00 8.19960E+00 8.20400E+00 7.61166E+00 7.21987E+00 6.13756E+00 2.29678E+02
7.69801E+00 8.77225E+00 9.15943E+00 9.74014E+00 9.74018E+00 9.74050E+00 9.74506E+00 9.15943E+00 8.77225E+00 7.69801E+00 2.77957E+02
9.49074E+00 1.05569E+01 1.09395E+01 1.15134E+01 1.15134E+01 1.15138E+01 1.15185E+01 1.09395E+01 1.05569E+01 9.49074E+00 3.32829E+02
1.15374E+01 1.25955E+01 1.29736E+01 1.35407E+01 1.35407E+01 1.35411E+01 1.35460E+01 1.29736E+01 1.25955E+01 1.15374E+01 3.94683E+02
1.38603E+01 1.49102E+01 1.52839E+01 1.58442E+01 1.58443E+01 1.58447E+01 1.58498E+01 1.52839E+01 1.49102E+01 1.38603E+01 4.63874E+02
1.64817E+01 1.75236E+01 1.78928E+01 1.84465E+01 1.84465E+01 1.84470E+01 1.84523E+01 1.78928E+01 1.75236E+01 1.64817E+01 5.40716E+02
1.94242E+01 2.04580E+01 2.08228E+01 2.13699E+01 2.13700E+01 2.13705E+01 2.13760E+01 2.08228E+01 2.04580E+01 1.94242E+01 6.25481E+02
2.27102E+01 2.37359E+01 2.40963E+01 2.46369E+01 2.46370E+01 2.46376E+01 2.46432E+01 2.40963E+01 2.37359E+01 2.27102E+01 7.18388E+02
2.63616E+01 2.73791E+01 2.77353E+01 2.82694E+01 2.82694E+01 2.82702E+01 2.82760E+01 2.77353E+01 2.73791E+01 2.63616E+01 8.19604E+02
3.04071E+01 3.14165E+01 3.17683E+01 3.22960E+01 3.22961E+01 3.22969E+01 3.23029E+01 3.17683E+01 3.14165E+01 3.04071E+01 9.29391E+02
3.48637E+01 3.58649E+01 3.62125E+01 3.67338E+01 3.67339E+01 3.67348E+01 3.67410E+01 3.62125E+01 3.58649E+01 3.48637E+01 1.04771E+03
0.00000E+00 0.00000E+00 4.56545E-01 1.14136E+00 1.14136E+00 1.14137E+00 1.14403E+00 4.56545E-01 0.00000E+00 0.00000E+00 1.18431E-02
0.00000E+00 4.01611E-02 4.91007E-01 1.16727E+00 1.16727E+00 1.16729E+00 1.17007E+00 4.91007E-01 4.01611E-02 0.00000E+00 1.46133E+00
0.00000E+00 1.15477E-01 5.60871E-01 1.22896E+00 1.22896E+00 1.22899E+00 1.23189E+00 5.60871E-01 1.15477E-01 0.00000E+00 3.85817E+00
0.00000E+00 2.29643E-01 6.69776E-01 1.32997E+00 1.32997E+00 1.33001E+00 1.33304E+00 6.69776E-01 2.29643E-01 0.00000E+00 7.45481E+00
0.00000E+00 3.88754E-01 8.23792E-01 1.47634E+00 1.47635E+00 1.47640E+00 1.47954E+00 8.23792E-01 3.88754E-01 0.00000E+00 1.25050E+01
0.00000E+00 6.02133E-01 1.03223E+00 1.67735E+00 1.67736E+00 1.67742E+00 1.68070E+00 1.03223E+00 6.02133E-01 0.00000E+00 1.93667E+01
0.00000E+00 8.77012E-01 1.30229E+00 1.94018E+00 1.94020E+00 1.94028E+00 1.94367E+00 1.30229E+00 8.77012E-01 0.00000E+00 2.83210E+01
0.00000E+00 1.13292E+00 1.55454E+00 2.18695E+00 2.18697E+00 2.18706E+00 2.19055E+00 1.55454E+00 1.13292E+00 0.00000E+00 3.67312E+01
8.04531E-02 1.21163E+00 1.63221E+00 2.26305E+00 2.26307E+00 2.26316E+00 2.26669E+00 1.63221E+00 1.21163E+00 8.04531E-02 3.95148E+01
5.37851E-01 1.66081E+00 2.07644E+00 2.69987E+00 2.69989E+00 2.70001E+00 2.70367E+00 2.07644E+00 1.66081E+00 5.37851E-01 5.38715E+01
1.10634E+00 2.22112E+00 2.63189E+00 3.24800E+00 3.24802E+00 3.24817E+00 3.25197E+00 2.63189E+00 2.22112E+00 1.10634E+00 7.15251E+01
1.79229E+00 2.89892E+00 3.30487E+00 3.91376E+00 3.91379E+00 3.91396E+00 3.91791E+00 3.30487E+00 2.89892E+00 1.79229E+00 9.29913E+01
2.61096E+00 3.70946E+00 4.11066E+00 4.71241E+00 4.71244E+00 4.71264E+00 4.71674E+00 4.11066E+00 3.70946E+00 2.61096E+00 1.18717E+02
3.58163E+00 4.67202E+00 5.06851E+00 5.66320E+00 5.66324E+00 5.66347E+00 5.66772E+00 5.06851E+00 4.67202E+00 3.58163E+00 1.49229E+02
4.72206E+00 5.80435E+00 6.19619E+00 6.78390E+00 6.78393E+00 6.78420E+00 6.78861E+00 6.19619E+00 5.80435E+00 4.72206E+00 1.84967E+02
6.04961E+00 7.12379E+00 7.51103E+00 8.09182E+00 8.09186E+00 8.09217E+00 8.09674E+00 7.51103E+00 7.12379E+00 6.04961E+00 2.26320E+02
7.58399E+00 8.65008E+00 9.03275E+00 9.60670E+00 9.60674E+00 9.60710E+00 9.61183E+00 9.03275E+00 8.65008E+00 7.58399E+00 2.73710E+02
9.34570E+00 1.04037E+01 1.07819E+01 1.13490E+01 1.13491E+01 1.13495E+01 1.13544E+01 1.07819E+01 1.04037E+01 9.34570E+00 3.27538E+02
1.13559E+01 1.24058E+01 1.27794E+01 1.33399E+01 1.33399E+01 1.33404E+01 1.33455E+01 1.27794E+01 1.24058E+01 1.13559E+01 3.88180E+02
1.36360E+01 1.46778E+01 1.50470E+01 1.56008E+01 1.56009E+01 1.56014E+01 1.56067E+01 1.50470E+01 1.46778E+01 1.36360E+01 4.55975E+02
1.62079E+01 1.72416E+01 1.76064E+01 1.81537E+01 1.81537E+01 1.81543E+01 1.81597E+01 1.76064E+01 1.72416E+01 1.62079E+01 5.31227E+02
1.90934E+01 2.01189E+01 2.04794E+01 2.10201E+01 2.10202E+01 2.10208E+01 2.10265E+01 2.04794E+01 2.01189E+01 1.90934E+01 6.14192E+02
2.23141E+01 2.33315E+01 2.36878E+01 2.42220E+01 2.42221E+01 2.42228E+01 2.42286E+01 2.36878E+01 2.33315E+01 2.23141E+01 7.05081E+02
2.58914E+01 2.69006E+01 2.72526E+01 2.77804E+01 2.77805E+01 2.77813E+01 2.77873E+01 2.72526E+01 2.69006E+01 2.58914E+01 8.04049E+02
2.98529E+01 3.08540E+01 3.12017E+01 3.17232E+01 3.17233E+01 3.17242E+01 3.17304E+01 3.12017E+01 3.08540E+01 2.98529E+01 9.11345E+02
3.42150E+01 3.52079E+01 3.55515E+01 3.60667E+01 3.60668E+01 3.60677E+01 3.60742E+01 3.55515E+01 3.52079E+01 3.42150E+01 1.02692E+03
0.00000E+00 0.00000E+00 4.50000E-01 1.12500E+00 1.12500E+00 1.12501E+00 1.12781E+00 4.50000E-01 0.00000E+00 0.00000E+00 1.29842E-02
0.00000E+00 4.04673E-02 4.84837E-01 1.15139E+00 1.15139E+00 1.15141E+00 1.15434E+00 4.84837E-01 4.04673E-02 0.00000E+00 1.46498E+00
0.00000E+00 1.15760E-01 5.54745E-01 1.21321E+00 1.21322E+00 1.21325E+00 1.21630E+00 5.54745E-01 1.15760E-01 0.00000E+00 3.85502E+00
0.00000E+00 2.29396E-01 6.63183E-01 1.31385E+00 1.31386E+00 1.31391E+00 1.31708E+00 6.63183E-01 2.29396E-01 0.00000E+00 7.42967E+00
0.00000E+00 3.87305E-01 8.16059E-01 1.45918E+00 1.45919E+00 1.45925E+00 1.46255E+00 8.16059E-01 3.87305E-01 0.00000E+00 1.24359E+01
0.00000E+00 5.98581E-01 1.02245E+00 1.65824E+00 1.65825E+00 1.65833E+00 1.66176E+00 1.02245E+00 5.98581E-01 0.00000E+00 1.92224E+01
0.00000E+00 8.70247E-01 1.28936E+00 1.91801E+00 1.91802E+00 1.91812E+00 1.92168E+00 1.28936E+00 8.70247E-01 0.00000E+00 2.80616E+01
0.00000E+00 1.12284E+00 1.53834E+00 2.16157E+00 2.16159E+00 2.16171E+00 2.16537E+00 1.53834E+00 1.12284E+00 0.00000E+00 3.63528E+01
7.93583E-02 1.20046E+00 1.61493E+00 2.23661E+00 2.23663E+00 2.23674E+00 2.24044E+00 1.61493E+00 1.20046E+00 7.93583E-02 3.90939E+01
5.30235E-01 1.64310E+00 2.05269E+00 2.66704E+00 2.66706E+00 2.66721E+00 2.67104E+00 2.05269E+00 1.64310E+00 5.30235E-01 5.32212E+01
1.08991E+00 2.19459E+00 2.59937E+00 3.20650E+00 3.20652E+00 3.20669E+00 3.21068E+00 2.59937E+00 2.19459E+00 1.08991E+00 7.05691E+01
1.76444E+00 2.86095E+00 3.26098E+00 3.86098E+00 3.86100E+00 3.86121E+00 3.86534E+00 3.26098E+00 2.86095E+00 1.76444E+00 9.16374E+01
2.56863E+00 3.65700E+00 4.05232E+00 4.64527E+00 4.64530E+00 4.64554E+00 4.64983E+00 4.05232E+00 3.65700E+00 2.56863E+00 1.16858E+02
3.52118E+00 4.60141E+00 4.99210E+00 5.57807E+00 5.57811E+00 5.57838E+00 5.58283E+00 4.99210E+00 4.60141E+00 3.52118E+00 1.46739E+02
4.63928E+00 5.71139E+00 6.09748E+00 6.67656E+00 6.67660E+00 6.67691E+00 6.68152E+00 6.09748E+00 5.71139E+00 4.63928E+00 1.81703E+02
5.93970E+00 7.00370E+00 7.38524E+00 7.95750E+00 7.95754E+00 7.95790E+00 7.96268E+00 7.38524E+00 7.00370E+00 5.93970E+00 2.22123E+02
7.44152E+00 8.49740E+00 8.87444E+00 9.43994E+00 9.43998E+00 9.44039E+00 9.44534E+00 8.87444E+00 8.49740E+00 7.44152E+00 2.68404E+02
9.16452E+00 1.02123E+01 1.05849E+01 1.11437E+01 1.11437E+01 1.11442E+01 1.11493E+01 1.05849E+01 1.02123E+01 9.16452E+00 3.20931E+02
1.11291E+01 1.21687E+01 1.25369E+01 1.30891E+01 1.30891E+01 1.30896E+01 1.30950E+01 1.25369E+01 1.21687E+01 1.11291E+01 3.80059E+02
1.33559E+01 1.43874E+01 1.47512E+01 1.52968E+01 1.52969E+01 1.52975E+01 1.53030E+01 1.47512E+01 1.43874E+01 1.33559E+01 4.46114E+02
1.58660E+01 1.68894E+01 1.72489E+01 1.77880E+01 1.77880E+01 1.77887E+01 1.77944E+01 1.72489E+01 1.68894E+01 1.58660E+01 5.19380E+02
1.86803E+01 1.96956E+01 2.00508E+01 2.05834E+01 2.05835E+01 2.05842E+01 2.05901E+01 2.00508E+01 1.96956E+01 1.86803E+01 6.00102E+02
2.18197E+01 2.28268E+01 2.31778E+01 2.37041E+01 2.37041E+01 2.37049E+01 2.37110E+01 2.31778E+01 2.28268E+01 2.18197E+01 6.88474E+02
2.53045E+01 2.63034E+01 2.66501E+01 2.71701E+01 2.71702E+01 2.71711E+01 2.71774E+01 2.66501E+01 2.63034E+01 2.53045E+01 7.84640E+02
2.91613E+01 3.01520E+01 3.04946E+01 3.10083E+01 3.10084E+01 3.10094E+01 3.10159E+01 3.04946E+01 3.01520E+01 2.91613E+01 8.88831E+02
3.34057E+01 3.43882E+01 3.47266E+01 3.52342E+01 3.52342E+01 3.52353E+01 3.52420E+01 3.47266E+01 3.43882E+01 3.34057E+01 1.00099E+03
0.00000E+00 0.00000E+00 4.41881E-01 1.10470E+00 1.10470E+00 1.10472E+00 1.10769E+00 4.41881E-01 0.00000E+00 0.00000E+00 1.44253E-02
0.00000E+00 4.08495E-02 4.77187E-01 1.13169E+00 1.13169E+00 1.13172E+00 1.13482E+00 4.77187E-01 4.08495E-02 0.00000E+00 1.46960E+00
0.00000E+00 1.16113E-01 5.47147E-01 1.19369E+00 1.19370E+00 1.19374E+00 1.19697E+00 5.47147E-01 1.16113E-01 0.00000E+00 3.85119E+00
0.00000E+00 2.29086E-01 6.55003E-01 1.29387E+00 1.29388E+00 1.29393E+00 1.29730E+00 6.55003E-01 2.29086E-01 0.00000E+00 7.39843E+00
0.00000E+00 3.85498E-01 8.06458E-01 1.43788E+00 1.43789E+00 1.43797E+00 1.44147E+00 8.06458E-01 3.85498E-01 0.00000E+00 1.23498E+01
0.00000E+00 5.94155E-01 1.01031E+00 1.63451E+00 1.63453E+00 1.63462E+00 1.63825E+00 1.01031E+00 5.94155E-01 0.00000E+00 1.90428E+01
0.00000E+00 8.61825E-01 1.27329E+00 1.89047E+00 1.89048E+00 1.89060E+00 1.89437E+00 1.27329E+00 8.61825E-01 0.00000E+00 2.77390E+01
0.00000E+00 1.11030E+00 1.51822E+00 2.13006E+00 2.13008E+00 2.13022E+00 2.13409E+00 1.51822E+00 1.11030E+00 0.00000E+00 3.58821E+01
7.79980E-02 1.18656E+00 1.59345E+00 2.20377E+00 2.20379E+00 2.20393E+00 2.20784E+00 1.59345E+00 1.18656E+00 7.79980E-02 3.85706E+01
5.20773E-01 1.62108E+00 2.02317E+00 2.62627E+00 2.62630E+00 2.62647E+00 2.63053E+00 2.02317E+00 1.62108E+00 5.20773E-01 5.24131E+01
1.06951E+00 2.16161E+00 2.55896E+00 3.15496E+00 3.15498E+00 3.15519E+00 3.15940E+00 2.55896E+00 2.16161E+00 1.06951E+00 6.93814E+01
1.72987E+00 2.81378E+00 3.20646E+00 3.79543E+00 3.79546E+00 3.79570E+00 3.80007E+00 3.20646E+00 2.81378E+00 1.72987E+00 8.99561E+01
2.51608E+00 3.59183E+00 3.97989E+00 4.56192E+00 4.56195E+00 4.56223E+00 4.56676E+00 3.97989E+00 3.59183E+00 2.51608E+00 1.14550E+02
3.44615E+00 4.51375E+00 4.89723E+00 5.47240E+00 5.47244E+00 5.47276E+00 5.47746E+00 4.89723E+00 4.51375E+00 3.44615E+00 1.43648E+02
4.53656E+00 5.59602E+00 5.97498E+00 6.54336E+00 6.54340E+00 6.54377E+00 6.54864E+00 5.97498E+00 5.59602E+00 4.53656E+00 1.77653E+02
5.80337E+00 6.85469E+00 7.22918E+00 7.79085E+00 7.79089E+00 7.79131E+00 7.79635E+00 7.22918E+00 6.85469E+00 5.80337E+00 2.16918E+02
7.26484E+00 8.30803E+00 8.67808E+00 9.23310E+00 9.23315E+00 9.23362E+00 9.23885E+00 8.67808E+00 8.30803E+00 7.26484E+00 2.61827E+02
8.93989E+00 9.97494E+00 1.03406E+01 1.08890E+01 1.08891E+01 1.08896E+01 1.08950E+01 1.03406E+01 9.97494E+00 8.93989E+00 3.12741E+02
1.08480E+01 1.18749E+01 1.22362E+01 1.27781E+01 1.27782E+01 1.27788E+01 1.27844E+01 1.22362E+01 1.18749E+01 1.08480E+01 3.69996E+02
1.30088E+01 1.40276E+01 1.43846E+01 1.49200E+01 1.49201E+01 1.49208E+01 1.49266E+01 1.43846E+01 1.40276E+01 1.30088E+01 4.33896E+02
1.54424E+01 1.64530E+01 1.68058E+01 1.73348E+01 1.73349E+01 1.73356E+01 1.73416E+01 1.68058E+01 1.64530E+01 1.54424E+01 5.04707E+02
1.81687E+01 1.91711E+01 1.95197E+01 2.00424E+01 2.00425E+01 2.00433E+01 2.00495E+01 1.95197E+01 1.91711E+01 1.81687E+01 5.82654E+02
2.12074E+01 2.22016E+01 2.25460E+01 2.30625E+01 2.30625E+01 2.30634E+01 2.30699E+01 2.25460E+01 2.22016E+01 2.12074E+01 6.67913E+02
2.45777E+01 2.55638E+01 2.59040E+01 2.64143E+01 2.64143E+01 2.64154E+01 2.64220E+01 2.59040E+01 2.55638E+01 2.45777E+01 7.60614E+02
2.83050E+01 2.92829E+01 2.96190E+01 3.01231E+01 3.01232E+01 3.01243E+01 3.01311E+01 2.96190E+01 2.92829E+01 2.83050E+01 8.60968E+02
3.24037E+01 3.33734E+01 3.37055E+01 3.42035E+01 3.42036E+01 3.42048E+01 3.42119E+01 3.37055E+01 3.33734E+01 3.24037E+01 9.68913E+02
0.00000E+00 0.00000E+00 4.31909E-01 1.07977E+00 1.07977E+00 1.07980E+00 1.08297E+00 4.31909E-01 0.00000E+00 0.00000E+00 1.62380E-02
0.00000E+00 4.13228E-02 4.67793E-01 1.10749E+00 1.10750E+00 1.10754E+00 1.11085E+00 4.67793E-01 4.13228E-02 0.00000E+00 1.47543E+00
0.00000E+00 1.16549E-01 5.37818E-01 1.16971E+00 1.16972E+00 1.16977E+00 1.17323E+00 5.37818E-01 1.16549E-01 0.00000E+00 3.84658E+00
0.00000E+00 2.28702E-01 6.44951E-01 1.26931E+00 1.26932E+00 1.26939E+00 1.27299E+00 6.44951E-01 2.28702E-01 0.00000E+00 7.35993E+00
0.00000E+00 3.83260E-01 7.94647E-01 1.41171E+00 1.41172E+00 1.41182E+00 1.41556E+00 7.94647E-01 3.83260E-01 0.00000E+00 1.22437E+01
0.00000E+00 5.88686E-01 9.95355E-01 1.60534E+00 1.60535E+00 1.60547E+00 1.60936E+00 9.95355E-01 5.88686E-01 0.00000E+00 1.88213E+01
0.00000E+00 8.51429E-01 1.25350E+00 1.85659E+00 1.85661E+00 1.85676E+00 1.86078E+00 1.25350E+00 8.51429E-01 0.00000E+00 2.73412E+01
0.00000E+00 1.09484E+00 1.49343E+00 2.09128E+00 2.09131E+00 2.09147E+00 2.09561E+00 1.49343E+00 1.09484E+00 0.00000E+00 3.53020E+01
7.63229E-02 1.16941E+00 1.56701E+00 2.16336E+00 2.16338E+00 2.16356E+00 2.16773E+00 1.56701E+00 1.16941E+00 7.63229E-02 3.79257E+01
5.09125E-01 1.59394E+00 1.98682E+00 2.57611E+00 2.57613E+00 2.57634E+00 2.58067E+00 1.98682E+00 1.59394E+00 5.09125E-01 5.14178E+01
1.04440E+00 2.12099E+00 2.50922E+00 3.09153E+00 3.09156E+00 3.09181E+00 3.09630E+00 2.50922E+00 2.12099E+00 1.04440E+00 6.79194E+01
1.68733E+00 2.75571E+00 3.13936E+00 3.71479E+00 3.71482E+00 3.71511E+00 3.71977E+00 3.13936E+00 2.75571E+00 1.68733E+00 8.78875E+01
2.45147E+00 3.51166E+00 3.89077E+00 4.45940E+00 4.45943E+00 4.45977E+00 4.46460E+00 3.89077E+00 3.51166E+00 2.45147E+00 1.11711E+02
3.35393E+00 4.40594E+00 4.78058E+00 5.34247E+00 5.34251E+00 5.34290E+00 5.34791E+00 4.78058E+00 4.40594E+00 3.35393E+00 1.39850E+02
4.41035E+00 5.45419E+00 5.82440E+00 6.37964E+00 6.37968E+00 6.38012E+00 6.38531E+00 5.82440E+00 5.45419E+00 4.41035E+00 1.72678E+02
5.63592E+00 6.67160E+00 7.03741E+00 7.58608E+00 7.58612E+00 7.58662E+00 7.59199E+00 7.03741E+00 6.67160E+00 5.63592E+00 2.10526E+02
7.04789E+00 8.07541E+00 8.43689E+00 8.97904E+00 8.97908E+00 8.97964E+00 8.98521E+00 8.43689E+00 8.07541E+00 7.04789E+00 2.53752E+02
8.66414E+00 9.68349E+00 1.00407E+01 1.05764E+01 1.05764E+01 1.05770E+01 1.05828E+01 1.00407E+01 9.68349E+00 8.66414E+00 3.02690E+02
1.05030E+01 1.15141E+01 1.18671E+01 1.23964E+01 1.23964E+01 1.23971E+01 1.24031E+01 1.18671E+01 1.15141E+01 1.05030E+01 3.57651E+02
1.25829E+01 1.35860E+01 1.39347E+01 1.44577E+01 1.44577E+01 1.44585E+01 1.44647E+01 1.39347E+01 1.35860E+01 1.25829E+01 4.18913E+02
1.49228E+01 1.59176E+01 1.62622E+01 1.67789E+01 1.67790E+01 1.67799E+01 1.67862E+01 1.62622E+01 1.59176E+01 1.49228E+01 4.86718E+02
1.75412E+01 1.85279E+01 1.88683E+01 1.93788E+01 1.93789E+01 1.93799E+01 1.93864E+01 1.88683E+01 1.85279E+01 1.75412E+01 5.61268E+02
2.04566E+01 2.14351E+01 2.17714E+01 2.22758E+01 2.22759E+01 2.22769E+01 2.22837E+01 2.17714E+01 2.14351E+01 2.04566E+01 6.42720E+02
2.36869E+01 2.46572E+01 2.49894E+01 2.54877E+01 2.54878E+01 2.54890E+01 2.54960E+01 2.49894E+01 2.46572E+01 2.36869E+01 7.31183E+02
2.72557E+01 2.82177E+01 2.85460E+01 2.90383E+01 2.90383E+01 2.90396E+01 2.90469E+01 2.85460E+01 2.82177E+01 2.72557E+01 8.26843E+02
3.11763E+01 3.21301E+01 3.24544E+01 3.29407E+01 3.29408E+01 3.29422E+01 3.29497E+01 3.24544E+01 3.21301E+01 3.11763E+01 9.29631E+02
0.00000E+00 0.00000E+00 4.19817E-01 1.04954E+00 1.04954E+00 1.04957E+00 1.05301E+00 4.19817E-01 0.00000E+00 0.00000E+00 1.85067E-02
0.00000E+00 4.19030E-02 4.56409E-01 1.07816E+00 1.07817E+00 1.07822E+00 1.08180E+00 4.56409E-01 4.19030E-02 0.00000E+00 1.48276E+00
0.00000E+00 1.17081E-01 5.26508E-01 1.14064E+00 1.14065E+00 1.14072E+00 1.14445E+00 5.26508E-01 1.17081E-01 0.00000E+00 3.84115E+00
0.00000E+00 2.28227E-01 6.32753E-01 1.23953E+00 1.23954E+00 1.23963E+00 1.24352E+00 6.32753E-01 2.28227E-01 0.00000E+00 7.31305E+00
0.00000E+00 3.80520E-01 7.80300E-01 1.37995E+00 1.37996E+00 1.38008E+00 1.38412E+00 7.80300E-01 3.80520E-01 0.00000E+00 1.21142E+01
0.00000E+00 5.82001E-01 9.77175E-01 1.56991E+00 1.56993E+00 1.57008E+00 1.57427E+00 9.77175E-01 5.82001E-01 0.00000E+00 1.85510E+01
0.00000E+00 8.38739E-01 1.22943E+00 1.81543E+00 1.81545E+00 1.81563E+00 1.81998E+00 1.22943E+00 8.38739E-01 0.00000E+00 2.68563E+01
0.00000E+00 1.07597E+00 1.46326E+00 2.04416E+00 2.04418E+00 2.04439E+00 2.04886E+00 1.46326E+00 1.07597E+00 0.00000E+00 3.45953E+01
7.42852E-02 1.14851E+00 1.53482E+00 2.11425E+00 2.11428E+00 2.11449E+00 2.11900E+00 1.53482E+00 1.14851E+00 7.42852E-02 3.71401E+01
4.94962E-01 1.56088E+00 1.94260E+00 2.51513E+00 2.51515E+00 2.51541E+00 2.52008E+00 1.94260E+00 1.56088E+00 4.94962E-01 5.02065E+01
1.01388E+00 2.07154E+00 2.44872E+00 3.01445E+00 3.01448E+00 3.01479E+00 3.01963E+00 2.44872E+00 2.07154E+00 1.01388E+00 6.61416E+01
1.63567E+00 2.68509E+00 3.05779E+00 3.61681E+00 3.61684E+00 3.61719E+00 3.62222E+00 3.05779E+00 2.68509E+00 1.63567E+00 8.53740E+01
2.37302E+00 3.41422E+00 3.78250E+00 4.33488E+00 4.33491E+00 4.33532E+00 4.34053E+00 3.78250E+00 3.41422E+00 2.37302E+00 1.08265E+02
3.24201E+00 4.27500E+00 4.63892E+00 5.18473E+00 5.18477E+00 5.18523E+00 5.19063E+00 4.63892E+00 4.27500E+00 3.24201E+00 1.35240E+02
4.25725E+00 5.28204E+00 5.64163E+00 6.18095E+00 6.18100E+00 6.18152E+00 6.18711E+00 5.64163E+00 5.28204E+00 4.25725E+00 1.66644E+02
5.43288E+00 6.44947E+00 6.80479E+00 7.33769E+00 7.33773E+00 7.33833E+00 7.34411E+00 6.80479E+00 6.44947E+00 5.43288E+00 2.02779E+02
6.78496E+00 7.79335E+00 8.14444E+00 8.67099E+00 8.67104E+00 8.67171E+00 8.67769E+00 8.14444E+00 7.79335E+00 6.78496E+00 2.43969E+02
8.33007E+00 9.33027E+00 9.67717E+00 1.01974E+01 1.01975E+01 1.01982E+01 1.02044E+01 9.67717E+00 9.33027E+00 8.33007E+00 2.90519E+02
1.00852E+01 1.10772E+01 1.14199E+01 1.19340E+01 1.19340E+01 1.19348E+01 1.19413E+01 1.14199E+01 1.10772E+01 1.00852E+01 3.42709E+02
1.20674E+01 1.30512E+01 1.33899E+01 1.38977E+01 1.38978E+01 1.38987E+01 1.39054E+01 1.33899E+01 1.30512E+01 1.20674E+01 4.00786E+02
1.42941E+01 1.52697E+01 1.56043E+01 1.61060E+01 1.61061E+01 1.61071E+01 1.61140E+01 1.56043E+01 1.52697E+01 1.42941E+01 4.64963E+02
1.67823E+01 1.77496E+01 1.80802E+01 1.85759E+01 1.85760E+01 1.85771E+01 1.85842E+01 1.80802E+01 1.77496E+01 1.67823E+01 5.35415E+02
1.95488E+01 2.05080E+01 2.08346E+01 2.13243E+01 2.13244E+01 2.13256E+01 2.13329E+01 2.08346E+01 2.05080E+01 1.95488E+01 6.12275E+02
2.26101E+01 2.35610E+01 2.38837E+01 2.43675E+01 2.43676E+01 2.43689E+01 2.43765E+01 2.38837E+01 2.35610E+01 2.26101E+01 6.95629E+02
2.59876E+01 2.69303E+01 2.72490E+01 2.77270E+01 2.77271E+01 2.77286E+01 2.77364E+01 2.72490E+01 2.69303E+01 2.59876E+01 7.85635E+02
2.96934E+01 3.06278E+01 3.09427E+01 3.14149E+01 3.14149E+01 3.14166E+01 3.14246E+01 3.09427E+01 3.06278E+01 2.96934E+01 8.82211E+02
0.00000E+00 0.00000E+00 4.05406E-01 1.01352E+00 1.01352E+00 1.01356E+00 1.01731E+00 4.05406E-01 0.00000E+00 0.00000E+00 2.13276E-02
0.00000E+00 4.26046E-02 4.42854E-01 1.04322E+00 1.04323E+00 1.04329E+00 1.04721E+00 4.42854E-01 4.26046E-02 0.00000E+00 1.49191E+00
0.00000E+00 1.17720E-01 5.13037E-01 1.10600E+00 1.10601E+00 1.10610E+00 1.11018E+00 5.13037E-01 1.17720E-01 0.00000E+00 3.83493E+00
0.00000E+00 2.27647E-01 6.18205E-01 1.20403E+00 1.20404E+00 1.20416E+00 1.20840E+00 6.18205E-01 2.27647E-01 0.00000E+00 7.25685E+00
0.00000E+00 3.77208E-01 7.63157E-01 1.34206E+00 1.34207E+00 1.34223E+00 1.34663E+00 7.63157E-01 3.77208E-01 0.00000E+00 1.19585E+01
0.00000E+00 5.73944E-01 9.55421E-01 1.52761E+00 1.52763E+00 1.52782E+00 1.53239E+00 9.55421E-01 5.73944E-01 0.00000E+00 1.82263E+01
0.00000E+00 8.23475E-01 1.20060E+00 1.76625E+00 1.76627E+00 1.76650E+00 1.77124E+00 1.20060E+00 8.23475E-01 0.00000E+00 2.62743E+01
0.00000E+00 1.05331E+00 1.42713E+00 1.98783E+00 1.98785E+00 1.98811E+00 1.99298E+00 1.42713E+00 1.05331E+00 0.00000E+00 3.37477E+01
7.18459E-02 1.12340E+00 1.49627E+00 2.05555E+00 2.05557E+00 2.05584E+00 2.06075E+00 1.49627E+00 1.12340E+00 7.18459E-02 3.61983E+01
4.78017E-01 1.52123E+00 1.88964E+00 2.44222E+00 2.44225E+00 2.44256E+00 2.44765E+00 1.88964E+00 1.52123E+00 4.78017E-01 4.87558E+01
9.77400E-01 2.01231E+00 2.37633E+00 2.92230E+00 2.92233E+00 2.92271E+00 2.92798E+00 2.37633E+00 2.01231E+00 9.77400E-01 6.40147E+01
1.57394E+00 2.60058E+00 2.96025E+00 3.49971E+00 3.49974E+00 3.50017E+00 3.50564E+00 2.96025E+00 2.60058E+00 1.57394E+00 8.23698E+01
2.27936E+00 3.29773E+00 3.65312E+00 4.18613E+00 4.18617E+00 4.18667E+00 4.19233E+00 3.65312E+00 3.29773E+00 2.27936E+00 1.04150E+02
3.10848E+00 4.11861E+00 4.46975E+00 4.99640E+00 4.99645E+00 4.99701E+00 5.00288E+00 4.46975E+00 4.11861E+00 3.10848E+00 1.29740E+02
4.07470E+00 5.07659E+00 5.42354E+00 5.94390E+00 5.94395E+00 5.94459E+00 5.95066E+00 5.42354E+00 5.07659E+00 4.07470E+00 1.59452E+02
5.19094E+00 6.18459E+00 6.52739E+00 7.04153E+00 7.04158E+00 7.04230E+00 7.04858E+00 6.52739E+00 6.18459E+00 5.19094E+00 1.93550E+02
6.47183E+00 7.45724E+00 7.79595E+00 8.30393E+00 8.30398E+00 8.30479E+00 8.31129E+00 7.79595E+00 7.45724E+00 6.47183E+00 2.32325E+02
7.93246E+00 8.90964E+00 9.24429E+00 9.74617E+00 9.74623E+00 9.74712E+00 9.75385E+00 9.24429E+00 8.90964E+00 7.93246E+00 2.76043E+02
9.58819E+00 1.05571E+01 1.08878E+01 1.13836E+01 1.13837E+01 1.13847E+01 1.13916E+01 1.08878E+01 1.05571E+01 9.58819E+00 3.24947E+02
1.14545E+01 1.24152E+01 1.27419E+01 1.32318E+01 1.32318E+01 1.32329E+01 1.32401E+01 1.27419E+01 1.24152E+01 1.14545E+01 3.79251E+02
1.35469E+01 1.44994E+01 1.48221E+01 1.53061E+01 1.53062E+01 1.53074E+01 1.53148E+01 1.48221E+01 1.44994E+01 1.35469E+01 4.39133E+02
1.58808E+01 1.68250E+01 1.71438E+01 1.76219E+01 1.76220E+01 1.76234E+01 1.76310E+01 1.71438E+01 1.68250E+01 1.58808E+01 5.04736E+02
1.84711E+01 1.94070E+01 1.97220E+01 2.01944E+01 2.01944E+01 2.01959E+01 2.02038E+01 1.97220E+01 1.94070E+01 1.84711E+01 5.76165E+02
2.13323E+01 2.22600E+01 2.25712E+01 2.30378E+01 2.30378E+01 2.30394E+01 2.30476E+01 2.25712E+01 2.22600E+01 2.13323E+01 6.53480E+02
2.44836E+01 2.54030E+01 2.57104E+01 2.61713E+01 2.61714E+01 2.61732E+01 2.61816E+01 2.57104E+01 2.54030E+01 2.44836E+01 7.36805E+02
2.79353E+01 2.88464E+01 2.91501E+01 2.96054E+01 2.96055E+01 2.96074E+01 2.96161E+01 2.91501E+01 2.88464E+01 2.79353E+01 8.26046E+02
0.00000E+00 0.00000E+00 3.88633E-01 9.71584E-01 9.71584E-01 9.71638E-01 9.75778E-01 3.88633E-01 0.00000E+00 0.00000E+00 2.48067E-02
0.00000E+00 4.34376E-02 4.27093E-01 1.00257E+00 1.00257E+00 1.00266E+00 1.00698E+00 4.27093E-01 4.34376E-02 0.00000E+00 1.50325E+00
0.00000E+00 1.18471E-01 4.97366E-01 1.06570E+00 1.06570E+00 1.06582E+00 1.07032E+00 4.97366E-01 1.18471E-01 0.00000E+00 3.82809E+00
0.00000E+00 2.26947E-01 6.01248E-01 1.16268E+00 1.16269E+00 1.16285E+00 1.16752E+00 6.01248E-01 2.26947E-01 0.00000E+00 7.19083E+00
0.00000E+00 3.73273E-01 7.43126E-01 1.29788E+00 1.29790E+00 1.29809E+00 1.30294E+00 7.43126E-01 3.73273E-01 0.00000E+00 1.17751E+01
0.00000E+00 5.64415E-01 9.29953E-01 1.47823E+00 1.47825E+00 1.47849E+00 1.48352E+00 9.29953E-01 5.64415E-01 0.00000E+00 1.78440E+01
0.00000E+00 8.05473E-01 1.16681E+00 1.70878E+00 1.70881E+00 1.70909E+00 1.71430E+00 1.16681E+00 8.05473E-01 0.00000E+00 2.55900E+01
0.00000E+00 1.02663E+00 1.38478E+00 1.92197E+00 1.92200E+00 1.92232E+00 1.92767E+00 1.38478E+00 1.02663E+00 0.00000E+00 3.27522E+01
6.89886E-02 1.09385E+00 1.45109E+00 1.98691E+00 1.98693E+00 1.98727E+00 1.99266E+00 1.45109E+00 1.09385E+00 6.89886E-02 3.50925E+01
4.58184E-01 1.47466E+00 1.82760E+00 2.35695E+00 2.35698E+00 2.35738E+00 2.36297E+00 1.82760E+00 1.47466E+00 4.58184E-01 4.70553E+01
9.34740E-01 1.94287E+00 2.29156E+00 2.81456E+00 2.81459E+00 2.81505E+00 2.82085E+00 2.29156E+00 1.94287E+00 9.34740E-01 6.15252E+01
1.50184E+00 2.50164E+00 2.84615E+00 3.36286E+00 3.36290E+00 3.36342E+00 3.36943E+00 2.84615E+00 2.50164E+00 1.50184E+00 7.88586E+01
2.17005E+00 3.16155E+00 3.50192E+00 4.01242E+00 4.01247E+00 4.01307E+00 4.01929E+00 3.50192E+00 3.16155E+00 2.17005E+00 9.93463E+01
2.95280E+00 3.93599E+00 4.27229E+00 4.77665E+00 4.77670E+00 4.77738E+00 4.78382E+00 4.27229E+00 3.93599E+00 2.95280E+00 1.23329E+02
3.86207E+00 4.83697E+00 5.16923E+00 5.66754E+00 5.66759E+00 5.66836E+00 5.67502E+00 5.16923E+00 4.83697E+00 3.86207E+00 1.51076E+02
4.90936E+00 5.87598E+00 6.20425E+00 6.69656E+00 6.69661E+00 6.69748E+00 6.70437E+00 6.20425E+00 5.87598E+00 4.90936E+00 1.82816E+02
6.10772E+00 7.06606E+00 7.39037E+00 7.87675E+00 7.87681E+00 7.87778E+00 7.88491E+00 7.39037E+00 7.06606E+00 6.10772E+00 2.18795E+02
7.47048E+00 8.42054E+00 8.74095E+00 9.22147E+00 9.22153E+00 9.22261E+00 9.22997E+00 8.74095E+00 8.42054E+00 7.47048E+00 2.59238E+02
9.01121E+00 9.95298E+00 1.02695E+01 1.07442E+01 1.07443E+01 1.07455E+01 1.07531E+01 1.02695E+01 9.95298E+00 9.01121E+00 3.04347E+02
1.07435E+01 1.16770E+01 1.19897E+01 1.24587E+01 1.24587E+01 1.24600E+01 1.24679E+01 1.19897E+01 1.16770E+01 1.07435E+01 3.54295E+02
1.26808E+01 1.36060E+01 1.39150E+01 1.43782E+01 1.43783E+01 1.43798E+01 1.43879E+01 1.39150E+01 1.36060E+01 1.26808E+01 4.09224E+02
1.48365E+01 1.57534E+01 1.60586E+01 1.65163E+01 1.65163E+01 1.65179E+01 1.65263E+01 1.60586E+01 1.57534E+01 1.48365E+01 4.69241E+02
1.72234E+01 1.81321E+01 1.84336E+01 1.88856E+01 1.88857E+01 1.88875E+01 1.88961E+01 1.84336E+01 1.81321E+01 1.72234E+01 5.34418E+02
1.98540E+01 2.07543E+01 2.10522E+01 2.14987E+01 2.14988E+01 2.15007E+01 2.15097E+01 2.10522E+01 2.07543E+01 1.98540E+01 6.04786E+02
2.27447E+01 2.36367E+01 2.39309E+01 2.43720E+01 2.43721E+01 2.43742E+01 2.43834E+01 2.39309E+01 2.36367E+01 2.27447E+01 6.80431E+02
2.59039E+01 2.67876E+01 2.70782E+01 2.75139E+01 2.75140E+01 2.75163E+01 2.75258E+01 2.70782E+01 2.67876E+01 2.59039E+01 7.61246E+02
0.00000E+00 0.00000E+00 3.69733E-01 9.24333E-01 9.24333E-01 9.24404E-01 9.29005E-01 3.69733E-01 0.00000E+00 0.00000E+00 2.90542E-02
0.00000E+00 4.44019E-02 4.09359E-01 9.56789E-01 9.56793E-01 9.56901E-01 9.61698E-01 4.09359E-01 4.44019E-02 0.00000E+00 1.51712E+00
0.00000E+00 1.19329E-01 4.79719E-01 1.02029E+00 1.02030E+00 1.02045E+00 1.02544E+00 4.79719E-01 1.19329E-01 0.00000E+00 3.82100E+00
0.00000E+00 2.26113E-01 5.82098E-01 1.11606E+00 1.11607E+00 1.11626E+00 1.12145E+00 5.82098E-01 2.26113E-01 0.00000E+00 7.11539E+00
0.00000E+00 3.68705E-01 7.20426E-01 1.24798E+00 1.24800E+00 1.24824E+00 1.25362E+00 7.20426E-01 3.68705E-01 0.00000E+00 1.15647E+01
0.00000E+00 5.53424E-01 9.01009E-01 1.42235E+00 1.42237E+00 1.42267E+00 1.42825E+00 9.01009E-01 5.53424E-01 0.00000E+00 1.74058E+01
0.00000E+00 7.84796E-01 1.12836E+00 1.64366E+00 1.64368E+00 1.64404E+00 1.64981E+00 1.12836E+00 7.84796E-01 0.00000E+00 2.48073E+01
0.00000E+00 9.96053E-01 1.33656E+00 1.84728E+00 1.84731E+00 1.84771E+00 1.85364E+00 1.33656E+00 9.96053E-01 0.00000E+00 3.16155E+01
6.57393E-02 1.06001E+00 1.39964E+00 1.90905E+00 1.90908E+00 1.90949E+00 1.91547E+00 1.39964E+00 1.06001E+00 6.57393E-02 3.38307E+01
4.35657E-01 1.42149E+00 1.75700E+00 2.26021E+00 2.26024E+00 2.26073E+00 2.26692E+00 1.75700E+00 1.42149E+00 4.35657E-01 4.51194E+01
8.86354E-01 1.86378E+00 2.19523E+00 2.69235E+00 2.69238E+00 2.69295E+00 2.69936E+00 2.19523E+00 1.86378E+00 8.86354E-01 5.86974E+01
1.42017E+00 2.38921E+00 2.71666E+00 3.20775E+00 3.20780E+00 3.20845E+00 3.21509E+00 2.71666E+00 2.38921E+00 1.42017E+00 7.48786E+01
2.04643E+00 3.00710E+00 3.33059E+00 3.81574E+00 3.81579E+00 3.81653E+00 3.82340E+00 3.33059E+00 3.00710E+00 2.04643E+00 9.39119E+01
2.77695E+00 3.72927E+00 4.04885E+00 4.52814E+00 4.52819E+00 4.52903E+00 4.53614E+00 4.04885E+00 3.72927E+00 2.77695E+00 1.16089E+02
3.62222E+00 4.56619E+00 4.88191E+00 5.35540E+00 5.35545E+00 5.35640E+00 5.36375E+00 4.88191E+00 4.56619E+00 3.62222E+00 1.41635E+02
4.59216E+00 5.52780E+00 5.83970E+00 6.30745E+00 6.30751E+00 6.30857E+00 6.31617E+00 5.83970E+00 5.52780E+00 4.59216E+00 1.70734E+02
5.69805E+00 6.62534E+00 6.93347E+00 7.39556E+00 7.39562E+00 7.39680E+00 7.40466E+00 6.93347E+00 6.62534E+00 5.69805E+00 2.03589E+02
6.95133E+00 7.87029E+00 8.17469E+00 8.63117E+00 8.63124E+00 8.63254E+00 8.64066E+00 8.17469E+00 7.87029E+00 6.95133E+00 2.40378E+02
8.36356E+00 9.27419E+00 9.57489E+00 1.00258E+01 1.00259E+01 1.00273E+01 1.00357E+01 9.57489E+00 9.27419E+00 8.36356E+00 2.81258E+02
9.94624E+00 1.08485E+01 1.11456E+01 1.15910E+01 1.15911E+01 1.15927E+01 1.16014E+01 1.11456E+01 1.08485E+01 9.94624E+00 3.26360E+02
1.17107E+01 1.26047E+01 1.28981E+01 1.33381E+01 1.33382E+01 1.33400E+01 1.33489E+01 1.28981E+01 1.26047E+01 1.17107E+01 3.75785E+02
1.36680E+01 1.45537E+01 1.48435E+01 1.52782E+01 1.52783E+01 1.52802E+01 1.52894E+01 1.48435E+01 1.45537E+01 1.36680E+01 4.29601E+02
1.58289E+01 1.67061E+01 1.69925E+01 1.74218E+01 1.74219E+01 1.74240E+01 1.74335E+01 1.69925E+01 1.67061E+01 1.58289E+01 4.87846E+02
1.82032E+01 1.90722E+01 1.93550E+01 1.97791E+01 1.97792E+01 1.97815E+01 1.97913E+01 1.93550E+01 1.90722E+01 1.82032E+01 5.50521E+02
2.08046E+01 2.16653E+01 2.19447E+01 2.23635E+01 2.23637E+01 2.23661E+01 2.23762E+01 2.19447E+01 2.16653E+01 2.08046E+01 6.17671E+02
2.36396E+01 2.44919E+01 2.47678E+01 2.51816E+01 2.51817E+01 2.51844E+01 2.51948E+01 2.47678E+01 2.44919E+01 2.36396E+01 6.89176E+02
0.00000E+00 0.00000E+00 3.49383E-01 8.73458E-01 8.73458E-01 8.73549E-01 8.78689E-01 3.49383E-01 0.00000E+00 0.00000E+00 3.41763E-02
0.00000E+00 4.54801E-02 3.90307E-01 9.07540E-01 9.07545E-01 9.07683E-01 9.13038E-01 3.90307E-01 4.54801E-02 0.00000E+00 1.53382E+00
0.00000E+00 1.20263E-01 4.60735E-01 9.71428E-01 9.71437E-01 9.71628E-01 9.77196E-01 4.60735E-01 1.20263E-01 0.00000E+00 3.81427E+00
0.00000E+00 2.25133E-01 5.61405E-01 1.06579E+00 1.06580E+00 1.06605E+00 1.07183E+00 5.61405E-01 2.25133E-01 0.00000E+00 7.03225E+00
0.00000E+00 3.63555E-01 6.95762E-01 1.19404E+00 1.19406E+00 1.19437E+00 1.20037E+00 6.95762E-01 3.63555E-01 0.00000E+00 1.13316E+01
0.00000E+00 5.41163E-01 8.69429E-01 1.36179E+00 1.36181E+00 1.36219E+00 1.36840E+00 8.69429E-01 5.41163E-01 0.00000E+00 1.69216E+01
0.00000E+00 7.61878E-01 1.08631E+00 1.57291E+00 1.57294E+00 1.57338E+00 1.57981E+00 1.08631E+00 7.61878E-01 0.00000E+00 2.39454E+01
4.44089E-16 9.62289E-01 1.28382E+00 1.76605E+00 1.76608E+00 1.76658E+00 1.77318E+00 1.28382E+00 9.62289E-01 4.44089E-16 3.03671E+01
6.21922E-02 1.02268E+00 1.34338E+00 1.82437E+00 1.82440E+00 1.82491E+00 1.83156E+00 1.34338E+00 1.02268E+00 6.21922E-02 3.24460E+01
4.11108E-01 1.36309E+00 1.67986E+00 2.15495E+00 2.15498E+00 2.15559E+00 2.16248E+00 1.67986E+00 1.36309E+00 4.11108E-01 4.30025E+01
8.33739E-01 1.77724E+00 2.09015E+00 2.55944E+00 2.55948E+00 2.56018E+00 2.56731E+00 2.09015E+00 1.77724E+00 8.33739E-01 5.56156E+01
1.33156E+00 2.26661E+00 2.57570E+00 3.03927E+00 3.03931E+00 3.04011E+00 3.04750E+00 2.57570E+00 2.26661E+00 1.33156E+00 7.05547E+01
1.91257E+00 2.83918E+00 3.14452E+00 3.60243E+00 3.60248E+00 3.60339E+00 3.61103E+00 3.14452E+00 2.83918E+00 1.91257E+00 8.80254E+01
2.58696E+00 3.50515E+00 3.80677E+00 4.25911E+00 4.25917E+00 4.26019E+00 4.26809E+00 3.80677E+00 3.50515E+00 2.58696E+00 1.08269E+02
3.36360E+00 4.27338E+00 4.57133E+00 5.01816E+00 5.01822E+00 5.01937E+00 5.02753E+00 4.57133E+00 4.27338E+00 3.36360E+00 1.31462E+02
4.25082E+00 5.15219E+00 5.44652E+00 5.88790E+00 5.88797E+00 5.88925E+00 5.89769E+00 5.44652E+00 5.15219E+00 4.25082E+00 1.57749E+02
5.25803E+00 6.15101E+00 6.44175E+00 6.87775E+00 6.87782E+00 6.87924E+00 6.88796E+00 6.44175E+00 6.15101E+00 5.25803E+00 1.87283E+02
6.39474E+00 7.27932E+00 7.56653E+00 7.99720E+00 7.99728E+00 7.99885E+00 8.00785E+00 7.56653E+00 7.27932E+00 6.39474E+00 2.20198E+02
7.67043E+00 8.54664E+00 8.83034E+00 9.25575E+00 9.25584E+00 9.25757E+00 9.26686E+00 8.83034E+00 8.54664E+00 7.67043E+00 2.56605E+02
9.09447E+00 9.96229E+00 1.02425E+01 1.06627E+01 1.06628E+01 1.06647E+01 1.06743E+01 1.02425E+01 9.96229E+00 9.09447E+00 2.96591E+02
1.06760E+01 1.15354E+01 1.18122E+01 1.22273E+01 1.22274E+01 1.22295E+01 1.22394E+01 1.18122E+01 1.15354E+01 1.06760E+01 3.40215E+02
1.24237E+01 1.32748E+01 1.35482E+01 1.39582E+01 1.39583E+01 1.39606E+01 1.39708E+01 1.35482E+01 1.32748E+01 1.24237E+01 3.87511E+02
1.43460E+01 1.51887E+01 1.54588E+01 1.58637E+01 1.58639E+01 1.58663E+01 1.58769E+01 1.54588E+01 1.51887E+01 1.43460E+01 4.38480E+02
1.64506E+01 1.72849E+01 1.75517E+01 1.79516E+01 1.79518E+01 1.79545E+01 1.79653E+01 1.75517E+01 1.72849E+01 1.64506E+01 4.93094E+02
1.87479E+01 1.95739E+01 1.98374E+01 2.02325E+01 2.02326E+01 2.02355E+01 2.02467E+01 1.98374E+01 1.95739E+01 1.87479E+01 5.51360E+02
2.12425E+01 2.20602E+01 2.23204E+01 2.27106E+01 2.27108E+01 2.27139E+01 2.27254E+01 2.23204E+01 2.20602E+01 2.12425E+01 6.13144E+02
0.00000E+00 0.00000E+00 3.28841E-01 8.22102E-01 8.22102E-01 8.22222E-01 8.27973E-01 3.28841E-01 0.00000E+00 0.00000E+00 4.02667E-02
0.00000E+00 4.66276E-02 3.71138E-01 8.57895E-01 8.57900E-01 8.58079E-01 8.64068E-01 3.71138E-01 4.66276E-02 0.00000E+00 1.55343E+00
0.00000E+00 1.21214E-01 4.41587E-01 9.22130E-01 9.22140E-01 9.22383E-01 9.28607E-01 4.41587E-01 1.21214E-01 0.00000E+00 3.80868E+00
0.00000E+00 2.23993E-01 5.40377E-01 1.01493E+00 1.01494E+00 1.01526E+00 1.02172E+00 5.40377E-01 2.23993E-01 0.00000E+00 6.94484E+00
0.00000E+00 3.57956E-01 6.70483E-01 1.13924E+00 1.13926E+00 1.13965E+00 1.14634E+00 6.70483E-01 3.57956E-01 0.00000E+00 1.10854E+01
0.00000E+00 5.28062E-01 8.36850E-01 1.29999E+00 1.30001E+00 1.30048E+00 1.30742E+00 8.36850E-01 5.28062E-01 0.00000E+00 1.64121E+01
0.00000E+00 7.37646E-01 1.04280E+00 1.50048E+00 1.50050E+00 1.50106E+00 1.50823E+00 1.04280E+00 7.37646E-01 0.00000E+00 2.30436E+01
0.00000E+00 9.26805E-01 1.22920E+00 1.68274E+00 1.68277E+00 1.68340E+00 1.69076E+00 1.22920E+00 9.26805E-01 0.00000E+00 2.90664E+01
5.85327E-02 9.83521E-01 1.28513E+00 1.73748E+00 1.73752E+00 1.73816E+00 1.74557E+00 1.28513E+00 9.83521E-01 5.85327E-02 3.10053E+01
3.85852E-01 1.30224E+00 1.60013E+00 2.04690E+00 2.04694E+00 2.04768E+00 2.05536E+00 1.60013E+00 1.30224E+00 3.85852E-01 4.08123E+01
7.79797E-01 1.68762E+00 1.98185E+00 2.42312E+00 2.42317E+00 2.42403E+00 2.43198E+00 1.98185E+00 1.68762E+00 7.79797E-01 5.24444E+01
1.24103E+00 2.14032E+00 2.43094E+00 2.86679E+00 2.86684E+00 2.86783E+00 2.87604E+00 2.43094E+00 2.14032E+00 1.24103E+00 6.61278E+01
1.77628E+00 2.66706E+00 2.95413E+00 3.38463E+00 3.38468E+00 3.38580E+00 3.39429E+00 2.95413E+00 2.66706E+00 1.77628E+00 8.20275E+01
2.39417E+00 3.27645E+00 3.56001E+00 3.98523E+00 3.98529E+00 3.98654E+00 3.99533E+00 3.56001E+00 3.27645E+00 2.39417E+00 1.00336E+02
3.10204E+00 3.97584E+00 4.25592E+00 4.67594E+00 4.67600E+00 4.67740E+00 4.68648E+00 4.25592E+00 3.97584E+00 3.10204E+00 1.21187E+02
3.90668E+00 4.77201E+00 5.04867E+00 5.46354E+00 5.46361E+00 5.46517E+00 5.47454E+00 5.04867E+00 4.77201E+00 3.90668E+00 1.44685E+02
4.81578E+00 5.67265E+00 5.94593E+00 6.35571E+00 6.35579E+00 6.35751E+00 6.36719E+00 5.94593E+00 5.67265E+00 4.81578E+00 1.70940E+02
5.83699E+00 6.68541E+00 6.95535E+00 7.36011E+00 7.36019E+00 7.36210E+00 7.37209E+00 6.95535E+00 6.68541E+00 5.83699E+00 2.00043E+02
6.97788E+00 7.81787E+00 8.08450E+00 8.48429E+00 8.48439E+00 8.48648E+00 8.49679E+00 8.08450E+00 7.81787E+00 6.97788E+00 2.32065E+02
8.24580E+00 9.07736E+00 9.34073E+00 9.73561E+00 9.73571E+00 9.73800E+00 9.74864E+00 9.34073E+00 9.07736E+00 8.24580E+00 2.67053E+02
9.64780E+00 1.04709E+01 1.07311E+01 1.11211E+01 1.11212E+01 1.11237E+01 1.11347E+01 1.07311E+01 1.04709E+01 9.64780E+00 3.05032E+02
1.11905E+01 1.20053E+01 1.22622E+01 1.26475E+01 1.26476E+01 1.26503E+01 1.26616E+01 1.22622E+01 1.20053E+01 1.11905E+01 3.46000E+02
1.28802E+01 1.36866E+01 1.39404E+01 1.43209E+01 1.43210E+01 1.43239E+01 1.43356E+01 1.39404E+01 1.36866E+01 1.28802E+01 3.89932E+02
1.47224E+01 1.55204E+01 1.57710E+01 1.61468E+01 1.61470E+01 1.61502E+01 1.61622E+01 1.57710E+01 1.55204E+01 1.47224E+01 4.36774E+02
1.67249E+01 1.75145E+01 1.77621E+01 1.81333E+01 1.81334E+01 1.81369E+01 1.81492E+01 1.77621E+01 1.75145E+01 1.67249E+01 4.86498E+02
1.88903E+01 1.96716E+01 1.99161E+01 2.02827E+01 2.02829E+01 2.02866E+01 2.02994E+01 1.99161E+01 1.96716E+01 1.88903E+01 5.38966E+02
0.00000E+00 0.00000E+00 3.09894E-01 7.74734E-01 7.74734E-01 7.74890E-01 7.81320E-01 3.09894E-01 0.00000E+00 0.00000E+00 4.74047E-02
0.00000E+00 4.77646E-02 3.53544E-01 8.12203E-01 8.12209E-01 8.12439E-01 8.19129E-01 3.53544E-01 4.77646E-02 0.00000E+00 1.57562E+00
0.00000E+00 1.22070E-01 4.23921E-01 8.76679E-01 8.76689E-01 8.76999E-01 8.83949E-01 4.23921E-01 1.22070E-01 0.00000E+00 3.80477E+00
0.00000E+00 2.22655E-01 5.20722E-01 9.67794E-01 9.67809E-01 9.68204E-01 9.75413E-01 5.20722E-01 2.22655E-01 0.00000E+00 6.85767E+00
0.00000E+00 3.52100E-01 6.46508E-01 1.08808E+00 1.08810E+00 1.08859E+00 1.09606E+00 6.46508E-01 3.52100E-01 0.00000E+00 1.08397E+01
0.00000E+00 5.14766E-01 8.05631E-01 1.24188E+00 1.24191E+00 1.24249E+00 1.25022E+00 8.05631E-01 5.14766E-01 0.00000E+00 1.59079E+01
0.00000E+00 7.13489E-01 1.00091E+00 1.43198E+00 1.43202E+00 1.43270E+00 1.44070E+00 1.00091E+00 7.13489E-01 0.00000E+00 2.21603E+01
0.00000E+00 8.91787E-01 1.17660E+00 1.60375E+00 1.60379E+00 1.60456E+00 1.61276E+00 1.17660E+00 8.91787E-01 0.00000E+00 2.78013E+01
5.50334E-02 9.44982E-01 1.22905E+00 1.65508E+00 1.65512E+00 1.65592E+00 1.66417E+00 1.22905E+00 9.44982E-01 5.50334E-02 2.96074E+01
3.61816E-01 1.24306E+00 1.52361E+00 1.94435E+00 1.94440E+00 1.94532E+00 1.95387E+00 1.52361E+00 1.24306E+00 3.61816E-01 3.87076E+01
7.28754E-01 1.60134E+00 1.87843E+00 2.29398E+00 2.29403E+00 2.29509E+00 2.30392E+00 1.87843E+00 1.60134E+00 7.28754E-01 4.94244E+01
1.15586E+00 2.01983E+00 2.29351E+00 2.70393E+00 2.70399E+00 2.70519E+00 2.71433E+00 2.29351E+00 2.01983E+00 1.15586E+00 6.19481E+01
1.64882E+00 2.50419E+00 2.77451E+00 3.17987E+00 3.17994E+00 3.18130E+00 3.19074E+00 2.77451E+00 2.50419E+00 1.64882E+00 7.64099E+01
2.21490E+00 3.06170E+00 3.32870E+00 3.72908E+00 3.72915E+00 3.73067E+00 3.74043E+00 3.32870E+00 3.06170E+00 2.21490E+00 9.29625E+01
2.86018E+00 3.69843E+00 3.96216E+00 4.35762E+00 4.35770E+00 4.35940E+00 4.36947E+00 3.96216E+00 3.69843E+00 2.86018E+00 1.11707E+02
3.59022E+00 4.41994E+00 4.68044E+00 5.07105E+00 5.07113E+00 5.07302E+00 5.08341E+00 4.68044E+00 4.41994E+00 3.59022E+00 1.32715E+02
4.41128E+00 5.23249E+00 5.48980E+00 5.87560E+00 5.87569E+00 5.87778E+00 5.88851E+00 5.48980E+00 5.23249E+00 4.41128E+00 1.56063E+02
5.32952E+00 6.14223E+00 6.39639E+00 6.77746E+00 6.77756E+00 6.77986E+00 6.79092E+00 6.39639E+00 6.14223E+00 5.32952E+00 1.81811E+02
6.35096E+00 7.15520E+00 7.40625E+00 7.78263E+00 7.78274E+00 7.78526E+00 7.79667E+00 7.40625E+00 7.15520E+00 6.35096E+00 2.09998E+02
7.48136E+00 8.27714E+00 8.52511E+00 8.89687E+00 8.89699E+00 8.89974E+00 8.91151E+00 8.52511E+00 8.27714E+00 7.48136E+00 2.40645E+02
8.72615E+00 9.51349E+00 9.75842E+00 1.01256E+01 1.01257E+01 1.01287E+01 1.01409E+01 9.75842E+00 9.51349E+00 8.72615E+00 2.73750E+02
1.00904E+01 1.08693E+01 1.11112E+01 1.14739E+01 1.14740E+01 1.14773E+01 1.14898E+01 1.11112E+01 1.08693E+01 1.00904E+01 3.09290E+02
1.15785E+01 1.23490E+01 1.25880E+01 1.29462E+01 1.29464E+01 1.29499E+01 1.29628E+01 1.25880E+01 1.23490E+01 1.15785E+01 3.47220E+02
1.31946E+01 1.39568E+01 1.41928E+01 1.45466E+01 1.45467E+01 1.45506E+01 1.45638E+01 1.41928E+01 1.39568E+01 1.31946E+01 3.87473E+02
1.49444E+01 1.56982E+01 1.59313E+01 1.62807E+01 1.62809E+01 1.62850E+01 1.62987E+01 1.59313E+01 1.56982E+01 1.49444E+01 4.29999E+02
1.68291E+01 1.75746E+01 1.78048E+01 1.81500E+01 1.81501E+01 1.81546E+01 1.81687E+01 1.78048E+01 1.75746E+01 1.68291E+01 4.74661E+02
0.00000E+00 0.00000E+00 2.91169E-01 7.27922E-01 7.27922E-01 7.28125E-01 7.35320E-01 2.91169E-01 0.00000E+00 0.00000E+00 5.58527E-02
0.00000E+00 4.88477E-02 3.36135E-01 7.67057E-01 7.67062E-01 7.67357E-01 7.74839E-01 3.36135E-01 4.88477E-02 0.00000E+00 1.59849E+00
0.00000E+00 1.22708E-01 4.06292E-01 8.31647E-01 8.31658E-01 8.32052E-01 8.39819E-01 4.06292E-01 1.22708E-01 0.00000E+00 3.79764E+00
0.00000E+00 2.20854E-01 5.00872E-01 9.20868E-01 9.20885E-01 9.21384E-01 9.29435E-01 5.00872E-01 2.20854E-01 0.00000E+00 6.76096E+00
0.00000E+00 3.45489E-01 6.22061E-01 1.03688E+00 1.03690E+00 1.03751E+00 1.04585E+00 6.22061E-01 3.45489E-01 0.00000E+00 1.05767E+01
0.00000E+00 5.00412E-01 7.73649E-01 1.18345E+00 1.18348E+00 1.18421E+00 1.19283E+00 7.73649E-01 5.00412E-01 0.00000E+00 1.53787E+01
0.00000E+00 6.88002E-01 9.57998E-01 1.36293E+00 1.36296E+00 1.36382E+00 1.37273E+00 9.57998E-01 6.88002E-01 0.00000E+00 2.12455E+01
0.00000E+00 8.55270E-01 1.12281E+00 1.52405E+00 1.52409E+00 1.52505E+00 1.53418E+00 1.12281E+00 8.55270E-01 0.00000E+00 2.65019E+01
5.15021E-02 9.04914E-01 1.17176E+00 1.57194E+00 1.57198E+00 1.57297E+00 1.58217E+00 1.17176E+00 9.04914E-01 5.15021E-02 2.81750E+01
3.37654E-01 1.18227E+00 1.44581E+00 1.84102E+00 1.84107E+00 1.84221E+00 1.85172E+00 1.44581E+00 1.18227E+00 3.37654E-01 3.65711E+01
6.77690E-01 1.51357E+00 1.77386E+00 2.16418E+00 2.16424E+00 2.16554E+00 2.17537E+00 1.77386E+00 1.51357E+00 6.77690E-01 4.63834E+01
1.07106E+00 1.89825E+00 2.15533E+00 2.54084E+00 2.54090E+00 2.54238E+00 2.55253E+00 2.15533E+00 1.89825E+00 1.07106E+00 5.77695E+01
1.52245E+00 2.34099E+00 2.59491E+00 2.97567E+00 2.97574E+00 2.97740E+00 2.98789E+00 2.59491E+00 2.34099E+00 1.52245E+00 7.08301E+01
2.03794E+00 2.84784E+00 3.09865E+00 3.47473E+00 3.47481E+00 3.47667E+00 3.48750E+00 3.09865E+00 2.84784E+00 2.03794E+00 8.56823E+01
2.62245E+00 3.42375E+00 3.67149E+00 4.04296E+00 4.04304E+00 4.04511E+00 4.05629E+00 3.67149E+00 3.42375E+00 2.62245E+00 1.02397E+02
3.28040E+00 4.07314E+00 4.31785E+00 4.68475E+00 4.68484E+00 4.68713E+00 4.69866E+00 4.31785E+00 4.07314E+00 3.28040E+00 1.21018E+02
4.01676E+00 4.80097E+00 5.04268E+00 5.40509E+00 5.40519E+00 5.40771E+00 5.41960E+00 5.04268E+00 4.80097E+00 4.01676E+00 1.41595E+02
4.83639E+00 5.61208E+00 5.85085E+00 6.20880E+00 6.20892E+00 6.21168E+00 6.22394E+00 5.85085E+00 5.61208E+00 4.83639E+00 1.64158E+02
5.74391E+00 6.51112E+00 6.74696E+00 7.10053E+00 7.10065E+00 7.10368E+00 7.11632E+00 6.74696E+00 6.51112E+00 5.74391E+00 1.88722E+02
6.74368E+00 7.50242E+00 7.73538E+00 8.08462E+00 8.08475E+00 8.08805E+00 8.10107E+00 7.73538E+00 7.50242E+00 6.74368E+00 2.15283E+02
7.83969E+00 8.59000E+00 8.82012E+00 9.16507E+00 9.16521E+00 9.16880E+00 9.18222E+00 8.82012E+00 8.59000E+00 7.83969E+00 2.43819E+02
9.03555E+00 9.77746E+00 1.00048E+01 1.03455E+01 1.03456E+01 1.03495E+01 1.03633E+01 1.00048E+01 9.77746E+00 9.03555E+00 2.74290E+02
1.03344E+01 1.10679E+01 1.12924E+01 1.16290E+01 1.16291E+01 1.16334E+01 1.16476E+01 1.12924E+01 1.10679E+01 1.03344E+01 3.06638E+02
1.17388E+01 1.24640E+01 1.26857E+01 1.30181E+01 1.30183E+01 1.30229E+01 1.30375E+01 1.26857E+01 1.24640E+01 1.17388E+01 3.40784E+02
1.32527E+01 1.39696E+01 1.41886E+01 1.45169E+01 1.45171E+01 1.45220E+01 1.45371E+01 1.41886E+01 1.39696E+01 1.32527E+01 3.76664E+02
1.48764E+01 1.55849E+01 1.58013E+01 1.61256E+01 1.61258E+01 1.61311E+01 1.61466E+01 1.58013E+01 1.55849E+01 1.48764E+01 4.14143E+02
0.00000E+00 0.00000E+00 2.73999E-01 6.84997E-01 6.84997E-01 6.85262E-01 6.93301E-01 2.73999E-01 0.00000E+00 0.00000E+00 6.57306E-02
0.00000E+00 4.97295E-02 3.20090E-01 7.25620E-01 7.25626E-01 7.26004E-01 7.34357E-01 3.20090E-01 4.97295E-02 0.00000E+00 1.61966E+00
0.00000E+00 1.22894E-01 3.89784E-01 7.90096E-01 7.90108E-01 7.90608E-01 7.99272E-01 3.89784E-01 1.22894E-01 0.00000E+00 3.78425E+00
0.00000E+00 2.18384E-01 4.81933E-01 8.77221E-01 8.77240E-01 8.77868E-01 8.86844E-01 4.81933E-01 2.18384E-01 0.00000E+00 6.65429E+00
0.00000E+00 3.38096E-01 5.98418E-01 9.88852E-01 9.88877E-01 9.89642E-01 9.98928E-01 5.98418E-01 3.38096E-01 0.00000E+00 1.03036E+01
0.00000E+00 4.85358E-01 7.42556E-01 1.12829E+00 1.12832E+00 1.12923E+00 1.13883E+00 7.42556E-01 4.85358E-01 0.00000E+00 1.48462E+01
0.00000E+00 6.62180E-01 9.16343E-01 1.29751E+00 1.29755E+00 1.29861E+00 1.30853E+00 9.16343E-01 6.62180E-01 0.00000E+00 2.03448E+01
0.00000E+00 8.18931E-01 1.07080E+00 1.44851E+00 1.44856E+00 1.44974E+00 1.45990E+00 1.07080E+00 8.18931E-01 0.00000E+00 2.52387E+01
4.81649E-02 8.65225E-01 1.11643E+00 1.49316E+00 1.49321E+00 1.49443E+00 1.50465E+00 1.11643E+00 8.65225E-01 4.81649E-02 2.67878E+01
3.14955E-01 1.12317E+00 1.37128E+00 1.74335E+00 1.74341E+00 1.74481E+00 1.75538E+00 1.37128E+00 1.12317E+00 3.14955E-01 3.45317E+01
6.30061E-01 1.42949E+00 1.67456E+00 2.04206E+00 2.04212E+00 2.04371E+00 2.05463E+00 1.67456E+00 1.42949E+00 6.30061E-01 4.35169E+01
9.92512E-01 1.78322E+00 2.02529E+00 2.38827E+00 2.38834E+00 2.39014E+00 2.40142E+00 2.02529E+00 1.78322E+00 9.92512E-01 5.38743E+01
1.40621E+00 2.18823E+00 2.42735E+00 2.78589E+00 2.78597E+00 2.78799E+00 2.79962E+00 2.42735E+00 2.18823E+00 1.40621E+00 6.56806E+01
1.87623E+00 2.64961E+00 2.88581E+00 3.23996E+00 3.24005E+00 3.24231E+00 3.25431E+00 2.88581E+00 2.64961E+00 1.87623E+00 7.90251E+01
2.40657E+00 3.17136E+00 3.40469E+00 3.75451E+00 3.75461E+00 3.75711E+00 3.76949E+00 3.40469E+00 3.17136E+00 2.40657E+00 9.39555E+01
3.00078E+00 3.75700E+00 3.98750E+00 4.33305E+00 4.33316E+00 4.33592E+00 4.34869E+00 3.98750E+00 3.75700E+00 3.00078E+00 1.10497E+02
3.66281E+00 4.41051E+00 4.63821E+00 4.97955E+00 4.97967E+00 4.98270E+00 4.99586E+00 4.63821E+00 4.41051E+00 3.66281E+00 1.28675E+02
4.39647E+00 5.13569E+00 5.36062E+00 5.69780E+00 5.69793E+00 5.70125E+00 5.71480E+00 5.36062E+00 5.13569E+00 4.39647E+00 1.48502E+02
5.20533E+00 5.93609E+00 6.15829E+00 6.49136E+00 6.49150E+00 6.49513E+00 6.50909E+00 6.15829E+00 5.93609E+00 5.20533E+00 1.69975E+02
6.09265E+00 6.81500E+00 7.03450E+00 7.36351E+00 7.36366E+00 7.36761E+00 7.38199E+00 7.03450E+00 6.81500E+00 6.09265E+00 1.93074E+02
7.06138E+00 7.77536E+00 7.99219E+00 8.31719E+00 8.31735E+00 8.32164E+00 8.33644E+00 7.99219E+00 7.77536E+00 7.06138E+00 2.17765E+02
8.11405E+00 8.81969E+00 9.03389E+00 9.35492E+00 9.35510E+00 9.35974E+00 9.37498E+00 9.03389E+00 8.81969E+00 8.11405E+00 2.43996E+02
9.25276E+00 9.95010E+00 1.01617E+01 1.04788E+01 1.04790E+01 1.04840E+01 1.04997E+01 1.01617E+01 9.95010E+00 9.25276E+00 2.71702E+02
1.04791E+01 1.11682E+01 1.13772E+01 1.16904E+01 1.16907E+01 1.16961E+01 1.17122E+01 1.13772E+01 1.11682E+01 1.04791E+01 3.00802E+02
1.17957E+01 1.24766E+01 1.26831E+01 1.29925E+01 1.29927E+01 1.29985E+01 1.30151E+01 1.26831E+01 1.24766E+01 1.17957E+01 3.31223E+02
1.32022E+01 1.38749E+01 1.40789E+01 1.43845E+01 1.43847E+01 1.43910E+01 1.44080E+01 1.40789E+01 1.38749E+01 1.32022E+01 3.62838E+02
0.00000E+00 0.00000E+00 2.59465E-01 6.48662E-01 6.48662E-01 6.49007E-01 6.57961E-01 2.59465E-01 0.00000E+00 0.00000E+00 7.72017E-02
0.00000E+00 5.02346E-02 3.06297E-01 6.90377E-01 6.90384E-01 6.90869E-01 7.00165E-01 3.06297E-01 5.02346E-02 0.00000E+00 1.63587E+00
0.00000E+00 1.22352E-01 3.75167E-01 7.54364E-01 7.54378E-01 7.55011E-01 7.64647E-01 3.75167E-01 1.22352E-01 0.00000E+00 3.76006E+00
0.00000E+00 2.14978E-01 4.64668E-01 8.39162E-01 8.39183E-01 8.39973E-01 8.49946E-01 4.64668E-01 2.14978E-01 0.00000E+00 6.53506E+00
0.00000E+00 3.29805E-01 5.76475E-01 9.46424E-01 9.46453E-01 9.47407E-01 9.57719E-01 5.76475E-01 3.29805E-01 0.00000E+00 1.00241E+01
0.00000E+00 4.69814E-01 7.13560E-01 1.07911E+00 1.07915E+00 1.08027E+00 1.09092E+00 7.13560E-01 4.69814E-01 0.00000E+00 1.43263E+01
0.00000E+00 6.36766E-01 8.77671E-01 1.23894E+00 1.23899E+00 1.24030E+00 1.25129E+00 8.77671E-01 6.36766E-01 0.00000E+00 1.94937E+01
0.00000E+00 7.84071E-01 1.02282E+00 1.38086E+00 1.38091E+00 1.38237E+00 1.39362E+00 1.02282E+00 7.84071E-01 0.00000E+00 2.40679E+01
4.52051E-02 8.27404E-01 1.06554E+00 1.42265E+00 1.42270E+00 1.42421E+00 1.43554E+00 1.06554E+00 8.27404E-01 4.52051E-02 2.55092E+01
2.94996E-01 1.06835E+00 1.30358E+00 1.65633E+00 1.65639E+00 1.65811E+00 1.66981E+00 1.30358E+00 1.06835E+00 2.94996E-01 3.26924E+01
5.88620E-01 1.35320E+00 1.58558E+00 1.93404E+00 1.93411E+00 1.93606E+00 1.94814E+00 1.58558E+00 1.35320E+00 5.88620E-01 4.09801E+01
9.24876E-01 1.68075E+00 1.91032E+00 2.25454E+00 2.25463E+00 2.25682E+00 2.26929E+00 1.91032E+00 1.68075E+00 9.24876E-01 5.04849E+01
1.30712E+00 2.05434E+00 2.28115E+00 2.62120E+00 2.62129E+00 2.62375E+00 2.63660E+00 2.28115E+00 2.05434E+00 1.30712E+00 6.12680E+01
1.73973E+00 2.47836E+00 2.70243E+00 3.03836E+00 3.03847E+00 3.04119E+00 3.05445E+00 2.70243E+00 2.47836E+00 1.73973E+00 7.34010E+01
2.22610E+00 2.95619E+00 3.17756E+00 3.50944E+00 3.50955E+00 3.51257E+00 3.52623E+00 3.17756E+00 2.95619E+00 2.22610E+00 8.69180E+01
2.76919E+00 3.49078E+00 3.70949E+00 4.03736E+00 4.03748E+00 4.04081E+00 4.05488E+00 3.70949E+00 3.49078E+00 2.76919E+00 1.01833E+02
3.37229E+00 4.08544E+00 4.30153E+00 4.62543E+00 4.62557E+00 4.62921E+00 4.64371E+00 4.30153E+00 4.08544E+00 3.37229E+00 1.18161E+02
4.03855E+00 4.74331E+00 4.95679E+00 5.27679E+00 5.27694E+00 5.28092E+00 5.29585E+00 4.95679E+00 4.74331E+00 4.03855E+00 1.35903E+02
4.77089E+00 5.46729E+00 5.67821E+00 5.99434E+00 5.99451E+00 5.99884E+00 6.01421E+00 5.67821E+00 5.46729E+00 4.77089E+00 1.55049E+02
5.57191E+00 6.26001E+00 6.46840E+00 6.78071E+00 6.78089E+00 6.78560E+00 6.80141E+00 6.46840E+00 6.26001E+00 5.57191E+00 1.75572E+02
6.44395E+00 7.12379E+00 7.32968E+00 7.63821E+00 7.63840E+00 7.64350E+00 7.65977E+00 7.32968E+00 7.12379E+00 6.44395E+00 1.97434E+02
7.38893E+00 8.06056E+00 8.26397E+00 8.56878E+00 8.56898E+00 8.57449E+00 8.59122E+00 8.26397E+00 8.06056E+00 7.38893E+00 2.20583E+02
8.40839E+00 9.07187E+00 9.27283E+00 9.57395E+00 9.57417E+00 9.58010E+00 9.59731E+00 9.27283E+00 9.07187E+00 8.40839E+00 2.44953E+02
9.50343E+00 1.01588E+01 1.03573E+01 1.06548E+01 1.06550E+01 1.06614E+01 1.06791E+01 1.03573E+01 1.01588E+01 9.50343E+00 2.70467E+02
1.06760E+01 1.13233E+01 1.15195E+01 1.18134E+01 1.18136E+01 1.18205E+01 1.18386E+01 1.15195E+01 1.13233E+01 1.06760E+01 2.97054E+02
1.19255E+01 1.25648E+01 1.27586E+01 1.30489E+01 1.30492E+01 1.30565E+01 1.30752E+01 1.27586E+01 1.25648E+01 1.19255E+01 3.24599E+02
0.00000E+00 0.00000E+00 2.44278E-01 6.10694E-01 6.10694E-01 6.11143E-01 6.21134E-01 2.44278E-01 0.00000E+00 0.00000E+00 9.07883E-02
0.00000E+00 5.03137E-02 2.91409E-01 6.53035E-01 6.53043E-01 6.53664E-01 6.64028E-01 2.91409E-01 5.03137E-02 0.00000E+00 1.64372E+00
0.00000E+00 1.20923E-01 3.58980E-01 7.16034E-01 7.16050E-01 7.16851E-01 7.27586E-01 3.58980E-01 1.20923E-01 0.00000E+00 3.71629E+00
0.00000E+00 2.10220E-01 4.45352E-01 7.98002E-01 7.98027E-01 7.99018E-01 8.10121E-01 4.45352E-01 2.10220E-01 0.00000E+00 6.38415E+00
0.00000E+00 3.19685E-01 5.51989E-01 9.00382E-01 9.00415E-01 9.01605E-01 9.13076E-01 5.51989E-01 3.19685E-01 0.00000E+00 9.69976E+00
0.00000E+00 4.51933E-01 6.81499E-01 1.02577E+00 1.02581E+00 1.02721E+00 1.03905E+00 6.81499E-01 4.51933E-01 0.00000E+00 1.37471E+01
0.00000E+00 6.08453E-01 8.35358E-01 1.17562E+00 1.17567E+00 1.17729E+00 1.18950E+00 8.35358E-01 6.08453E-01 0.00000E+00 1.85667E+01
0.00000E+00 7.45829E-01 9.70719E-01 1.30795E+00 1.30801E+00 1.30980E+00 1.32230E+00 9.70719E-01 7.45829E-01 0.00000E+00 2.28065E+01
4.20923E-02 7.86058E-01 1.01037E+00 1.34673E+00 1.34679E+00 1.34864E+00 1.36122E+00 1.01037E+00 7.86058E-01 4.20923E-02 2.41355E+01
2.74027E-01 1.00919E+00 1.23079E+00 1.56305E+00 1.56313E+00 1.56523E+00 1.57822E+00 1.23079E+00 1.00919E+00 2.74027E-01 3.07344E+01
5.45115E-01 1.27157E+00 1.49049E+00 1.81873E+00 1.81882E+00 1.82120E+00 1.83459E+00 1.49049E+00 1.27157E+00 5.45115E-01 3.82958E+01
8.53886E-01 1.57171E+00 1.78800E+00 2.11227E+00 2.11236E+00 2.11503E+00 2.12884E+00 1.78800E+00 1.57171E+00 8.53886E-01 4.69120E+01
1.20309E+00 1.91234E+00 2.12603E+00 2.44639E+00 2.44650E+00 2.44947E+00 2.46371E+00 2.12603E+00 1.91234E+00 1.20309E+00 5.66272E+01
1.59632E+00 2.29707E+00 2.50820E+00 2.82470E+00 2.82482E+00 2.82811E+00 2.84278E+00 2.50820E+00 2.29707E+00 1.59632E+00 6.74931E+01
2.03628E+00 2.72861E+00 2.93721E+00 3.24989E+00 3.25002E+00 3.25366E+00 3.26876E+00 2.93721E+00 2.72861E+00 2.03628E+00 7.95282E+01
2.52527E+00 3.20922E+00 3.41532E+00 3.72424E+00 3.72439E+00 3.72838E+00 3.74393E+00 3.41532E+00 3.20922E+00 2.52527E+00 9.27332E+01
3.06583E+00 3.74146E+00 3.94510E+00 4.25031E+00 4.25046E+00 4.25483E+00 4.27084E+00 3.94510E+00 3.74146E+00 3.06583E+00 1.07109E+02
3.66034E+00 4.32771E+00 4.52891E+00 4.83045E+00 4.83062E+00 4.83538E+00 4.85185E+00 4.52891E+00 4.32771E+00 3.66034E+00 1.22646E+02
4.31093E+00 4.97011E+00 5.16890E+00 5.46680E+00 5.46699E+00 5.47217E+00 5.48911E+00 5.16890E+00 4.97011E+00 4.31093E+00 1.39321E+02
5.01947E+00 5.67051E+00 5.86692E+00 6.16124E+00 6.16144E+00 6.16705E+00 6.18447E+00 5.86692E+00 5.67051E+00 5.01947E+00 1.57101E+02
5.78752E+00 6.43047E+00 6.62453E+00 6.91530E+00 6.91552E+00 6.92158E+00 6.93949E+00 6.62453E+00 6.43047E+00 5.78752E+00 1.75940E+02
6.61629E+00 7.25121E+00 7.44294E+00 7.73021E+00 7.73044E+00 7.73698E+00 7.75539E+00 7.44294E+00 7.25121E+00 6.61629E+00 1.95782E+02
7.50663E+00 8.13357E+00 8.32300E+00 8.60680E+00 8.60706E+00 8.61409E+00 8.63301E+00 8.32300E+00 8.13357E+00 7.50663E+00 2.16560E+02
8.45897E+00 9.07799E+00 9.26515E+00 9.54553E+00 9.54580E+00 9.55335E+00 9.57278E+00 9.26515E+00 9.07799E+00 8.45897E+00 2.38199E+02
9.47446E+00 1.00856E+01 1.02705E+01 1.05475E+01 1.05478E+01 1.05559E+01 1.05759E+01 1.02705E+01 1.00856E+01 9.47446E+00 2.60625E+02
1.05520E+01 1.11553E+01 1.13380E+01 1.16117E+01 1.16120E+01 1.16206E+01 1.16411E+01 1.13380E+01 1.11553E+01 1.05520E+01 2.83735E+02
0.00000E+00 0.00000E+00 2.30566E-01 5.76414E-01 5.76414E-01 5.76998E-01 5.88126E-01 2.30566E-01 0.00000E+00 0.00000E+00 1.06644E-01
0.00000E+00 4.98693E-02 2.77445E-01 6.18789E-01 6.18799E-01 6.19592E-01 6.31127E-01 2.77445E-01 4.98693E-02 0.00000E+00 1.64270E+00
0.00000E+00 1.18523E-01 3.43243E-01 6.80288E-01 6.80307E-01 6.81319E-01 6.93256E-01 3.43243E-01 1.18523E-01 0.00000E+00 3.65483E+00
0.00000E+00 2.04204E-01 4.26174E-01 7.59075E-01 7.59104E-01 7.60346E-01 7.72683E-01 4.26174E-01 2.04204E-01 0.00000E+00 6.21078E+00
0.00000E+00 3.08223E-01 5.27534E-01 8.56429E-01 8.56468E-01 8.57949E-01 8.70686E-01 5.27534E-01 3.08223E-01 0.00000E+00 9.35433E+00
0.00000E+00 4.32894E-01 6.49630E-01 9.74643E-01 9.74693E-01 9.76424E-01 9.89561E-01 6.49630E-01 4.32894E-01 0.00000E+00 1.31569E+01
0.00000E+00 5.79482E-01 7.93715E-01 1.11496E+00 1.11502E+00 1.11701E+00 1.13055E+00 7.93715E-01 5.79482E-01 0.00000E+00 1.76498E+01
0.00000E+00 7.07545E-01 9.19881E-01 1.23826E+00 1.23833E+00 1.24054E+00 1.25438E+00 9.19881E-01 7.07545E-01 0.00000E+00 2.15799E+01
3.91872E-02 7.44896E-01 9.56689E-01 1.27425E+00 1.27433E+00 1.27659E+00 1.29053E+00 9.56689E-01 7.44896E-01 3.91872E-02 2.28058E+01
2.54569E-01 9.51609E-01 1.16084E+00 1.47455E+00 1.47464E+00 1.47721E+00 1.49159E+00 1.16084E+00 9.51609E-01 2.54569E-01 2.88728E+01
5.05022E-01 1.19350E+00 1.40022E+00 1.71013E+00 1.71023E+00 1.71313E+00 1.72794E+00 1.40022E+00 1.19350E+00 5.05022E-01 3.57808E+01
7.88887E-01 1.46888E+00 1.67312E+00 1.97930E+00 1.97941E+00 1.98265E+00 1.99791E+00 1.67312E+00 1.46888E+00 7.88887E-01 4.36057E+01
1.10840E+00 1.78000E+00 1.98179E+00 2.28428E+00 2.28440E+00 2.28800E+00 2.30373E+00 1.98179E+00 1.78000E+00 1.10840E+00 5.23785E+01
1.46654E+00 2.12981E+00 2.32919E+00 2.62804E+00 2.62818E+00 2.63216E+00 2.64835E+00 2.32919E+00 2.12981E+00 1.46654E+00 6.21354E+01
1.86544E+00 2.52047E+00 2.71746E+00 3.01272E+00 3.01287E+00 3.01725E+00 3.03391E+00 2.71746E+00 2.52047E+00 1.86544E+00 7.28832E+01
2.30685E+00 2.95370E+00 3.14834E+00 3.44005E+00 3.44021E+00 3.44501E+00 3.46215E+00 3.14834E+00 2.95370E+00 2.30685E+00 8.46135E+01
2.79272E+00 3.43146E+00 3.62378E+00 3.91198E+00 3.91217E+00 3.91740E+00 3.93503E+00 3.62378E+00 3.43146E+00 2.79272E+00 9.73177E+01
3.32484E+00 3.95553E+00 4.14555E+00 4.43029E+00 4.43049E+00 4.43618E+00 4.45431E+00 4.14555E+00 3.95553E+00 3.32484E+00 1.10977E+02
3.90472E+00 4.52744E+00 4.71519E+00 4.99650E+00 4.99672E+00 5.00290E+00 5.02153E+00 4.71519E+00 4.52744E+00 3.90472E+00 1.25563E+02
4.53366E+00 5.14846E+00 5.33397E+00 5.61190E+00 5.61214E+00 5.61881E+00 5.63796E+00 5.33397E+00 5.14846E+00 4.53366E+00 1.41036E+02
5.21265E+00 5.81959E+00 6.00289E+00 6.27747E+00 6.27772E+00 6.28493E+00 6.30459E+00 6.00289E+00 5.81959E+00 5.21265E+00 1.57350E+02
5.94234E+00 6.54150E+00 6.72260E+00 6.99388E+00 6.99415E+00 7.00191E+00 7.02210E+00 6.72260E+00 6.54150E+00 5.94234E+00 1.74446E+02
6.72311E+00 7.31454E+00 7.49347E+00 7.76148E+00 7.76177E+00 7.77010E+00 7.79084E+00 7.49347E+00 7.31454E+00 6.72311E+00 1.92259E+02
7.55491E+00 8.13868E+00 8.31547E+00 8.58025E+00 8.58056E+00 8.58948E+00 8.61077E+00 8.31547E+00 8.13868E+00 7.55491E+00 2.10717E+02
8.43829E+00 9.01445E+00 9.18913E+00 9.45071E+00 9.45104E+00 9.46059E+00 9.48244E+00 9.18913E+00 9.01445E+00 8.43829E+00 2.29749E+02
9.37190E+00 9.94052E+00 1.01131E+01 1.03715E+01 1.03719E+01 1.03821E+01 1.04045E+01 1.01131E+01 9.94052E+00 9.37190E+00 2.49260E+02
0.00000E+00 0.00000E+00 2.17406E-01 5.43515E-01 5.43515E-01 5.44275E-01 5.56661E-01 2.17406E-01 0.00000E+00 0.00000E+00 1.25235E-01
0.00000E+00 4.89666E-02 2.63556E-01 5.85418E-01 5.85430E-01 5.86443E-01 5.99272E-01 2.63556E-01 4.89666E-02 0.00000E+00 1.63411E+00
0.00000E+00 1.15286E-01 3.27185E-01 6.44992E-01 6.45015E-01 6.46294E-01 6.59560E-01 3.27185E-01 1.15286E-01 0.00000E+00 3.57785E+00
0.00000E+00 1.97093E-01 4.06401E-01 7.20300E-01 7.20335E-01 7.21890E-01 7.35590E-01 4.06401E-01 1.97093E-01 0.00000E+00 6.01669E+00
0.00000E+00 2.95535E-01 5.02338E-01 8.12459E-01 8.12507E-01 8.14348E-01 8.28482E-01 5.02338E-01 2.95535E-01 0.00000E+00 8.98636E+00
0.00000E+00 4.12643E-01 6.17019E-01 9.23479E-01 9.23539E-01 9.25680E-01 9.40246E-01 6.17019E-01 4.12643E-01 0.00000E+00 1.25466E+01
0.00000E+00 5.49468E-01 7.51485E-01 1.05439E+00 1.05446E+00 1.05691E+00 1.07191E+00 7.51485E-01 5.49468E-01 0.00000E+00 1.67202E+01
0.00000E+00 6.68454E-01 8.68685E-01 1.16889E+00 1.16897E+00 1.17168E+00 1.18701E+00 8.68685E-01 6.68454E-01 0.00000E+00 2.03500E+01
3.63530E-02 7.03018E-01 9.02737E-01 1.20217E+00 1.20226E+00 1.20503E+00 1.22047E+00 9.02737E-01 7.03018E-01 3.63530E-02 2.14766E+01
2.35650E-01 8.93876E-01 1.09118E+00 1.38698E+00 1.38708E+00 1.39022E+00 1.40613E+00 1.09118E+00 8.93876E-01 2.35650E-01 2.70325E+01
4.66196E-01 1.11609E+00 1.31103E+00 1.60325E+00 1.60337E+00 1.60689E+00 1.62327E+00 1.31103E+00 1.11609E+00 4.66196E-01 3.33164E+01
7.26174E-01 1.36784E+00 1.56044E+00 1.84913E+00 1.84926E+00 1.85319E+00 1.87006E+00 1.56044E+00 1.36784E+00 7.26174E-01 4.03892E+01
1.01737E+00 1.65088E+00 1.84118E+00 2.12639E+00 2.12654E+00 2.13089E+00 2.14825E+00 1.84118E+00 1.65088E+00 1.01737E+00 4.82704E+01
1.34216E+00 1.96761E+00 2.15563E+00 2.43742E+00 2.43758E+00 2.44238E+00 2.46023E+00 2.15563E+00 1.96761E+00 1.34216E+00 5.69823E+01
1.70220E+00 2.31967E+00 2.50544E+00 2.78384E+00 2.78402E+00 2.78928E+00 2.80765E+00 2.50544E+00 2.31967E+00 1.70220E+00 6.65220E+01
2.09875E+00 2.70831E+00 2.89187E+00 3.16692E+00 3.16712E+00 3.17287E+00 3.19175E+00 2.89187E+00 2.70831E+00 2.09875E+00 7.68736E+01
2.53324E+00 3.13497E+00 3.31634E+00 3.58809E+00 3.58830E+00 3.59457E+00 3.61396E+00 3.31634E+00 3.13497E+00 2.53324E+00 8.80206E+01
3.00692E+00 3.60088E+00 3.78009E+00 4.04857E+00 4.04881E+00 4.05561E+00 4.07554E+00 3.78009E+00 3.60088E+00 3.00692E+00 9.99378E+01
3.52081E+00 4.10708E+00 4.28415E+00 4.54941E+00 4.54966E+00 4.55701E+00 4.57749E+00 4.28415E+00 4.10708E+00 3.52081E+00 1.12592E+02
4.07567E+00 4.65432E+00 4.82928E+00 5.09135E+00 5.09162E+00 5.09956E+00 5.12058E+00 4.82928E+00 4.65432E+00 4.07567E+00 1.25941E+02
4.67203E+00 5.24312E+00 5.41599E+00 5.67491E+00 5.67520E+00 5.68375E+00 5.70533E+00 5.41599E+00 5.24312E+00 4.67203E+00 1.39936E+02
5.31012E+00 5.87371E+00 6.04452E+00 6.30032E+00 6.30063E+00 6.30981E+00 6.33196E+00 6.04452E+00 5.87371E+00 5.31012E+00 1.54520E+02
5.98986E+00 6.54602E+00 6.71479E+00 6.96751E+00 6.96785E+00 6.97769E+00 7.00041E+00 6.71479E+00 6.54602E+00 5.98986E+00 1.69632E+02
6.71087E+00 7.25967E+00 7.42643E+00 7.67611E+00 7.67646E+00 7.68699E+00 7.71029E+00 7.42643E+00 7.25967E+00 6.71087E+00 1.85202E+02
7.47319E+00 8.01468E+00 8.17945E+00 8.42612E+00 8.42650E+00 8.43774E+00 8.46164E+00 8.17945E+00 8.01468E+00 7.47319E+00 2.01165E+02
8.27533E+00 8.80958E+00 8.97238E+00 9.21608E+00 9.21648E+00 9.22846E+00 9.25297E+00 8.97238E+00 8.80958E+00 8.27533E+00 2.17435E+02
0.00000E+00 0.00000E+00 2.04923E-01 5.12307E-01 5.12307E-01 5.13294E-01 5.27069E-01 2.04923E-01 0.00000E+00 0.00000E+00 1.46998E-01
0.00000E+00 4.76103E-02 2.49877E-01 5.53253E-01 5.53267E-01 5.54562E-01 5.68817E-01 2.49877E-01 4.76103E-02 0.00000E+00 1.61853E+00
0.00000E+00 1.11275E-01 3.11007E-01 6.10555E-01 6.10583E-01 6.12197E-01 6.26926E-01 3.11007E-01 1.11275E-01 0.00000E+00 3.48751E+00
0.00000E+00 1.89055E-01 3.86343E-01 6.82204E-01 6.82247E-01 6.84192E-01 6.99391E-01 3.86343E-01 1.89055E-01 0.00000E+00 5.80687E+00
0.00000E+00 2.81935E-01 4.76863E-01 7.69158E-01 7.69215E-01 7.71504E-01 7.87171E-01 4.76863E-01 2.81935E-01 0.00000E+00 8.60493E+00
0.00000E+00 3.91673E-01 5.84314E-01 8.73155E-01 8.73228E-01 8.75874E-01 8.92008E-01 5.84314E-01 3.91673E-01 0.00000E+00 1.19306E+01
0.00000E+00 5.19121E-01 7.09539E-01 9.95023E-01 9.95111E-01 9.98128E-01 1.01473E+00 7.09539E-01 5.19121E-01 0.00000E+00 1.57992E+01
0.00000E+00 6.29458E-01 8.18192E-01 1.10113E+00 1.10123E+00 1.10455E+00 1.12151E+00 8.18192E-01 6.29458E-01 0.00000E+00 1.91440E+01
3.36458E-02 6.61383E-01 8.49635E-01 1.13185E+00 1.13195E+00 1.13535E+00 1.15242E+00 8.49635E-01 6.61383E-01 3.36458E-02 2.01769E+01
2.17637E-01 8.37259E-01 1.02324E+00 1.30203E+00 1.30214E+00 1.30598E+00 1.32355E+00 1.02324E+00 8.37259E-01 2.17637E-01 2.52526E+01
4.29374E-01 1.04099E+00 1.22474E+00 1.50015E+00 1.50029E+00 1.50458E+00 1.52266E+00 1.22474E+00 1.04099E+00 4.29374E-01 3.09535E+01
6.66911E-01 1.27062E+00 1.45217E+00 1.72426E+00 1.72441E+00 1.72917E+00 1.74778E+00 1.45217E+00 1.27062E+00 6.66911E-01 3.73277E+01
9.31626E-01 1.52752E+00 1.70690E+00 1.97570E+00 1.97588E+00 1.98114E+00 2.00027E+00 1.70690E+00 1.52752E+00 9.31626E-01 4.43843E+01
1.22540E+00 1.81356E+00 1.99080E+00 2.25637E+00 2.25656E+00 2.26234E+00 2.28201E+00 1.99080E+00 1.81356E+00 1.22540E+00 5.21346E+01
1.54943E+00 2.12994E+00 2.30507E+00 2.56745E+00 2.56766E+00 2.57398E+00 2.59419E+00 2.30507E+00 2.12994E+00 1.54943E+00 6.05679E+01
1.90460E+00 2.47753E+00 2.65057E+00 2.90980E+00 2.91003E+00 2.91692E+00 2.93768E+00 2.65057E+00 2.47753E+00 1.90460E+00 6.96623E+01
2.29187E+00 2.85730E+00 3.02828E+00 3.28440E+00 3.28465E+00 3.29214E+00 3.31345E+00 3.02828E+00 2.85730E+00 2.29187E+00 7.93957E+01
2.71206E+00 3.27006E+00 3.43901E+00 3.69205E+00 3.69232E+00 3.70043E+00 3.72231E+00 3.43901E+00 3.27006E+00 2.71206E+00 8.97386E+01
3.16577E+00 3.71641E+00 3.88334E+00 4.13335E+00 4.13364E+00 4.14240E+00 4.16485E+00 3.88334E+00 3.71641E+00 3.16577E+00 1.00655E+02
3.65336E+00 4.19670E+00 4.36165E+00 4.60866E+00 4.60897E+00 4.61840E+00 4.64144E+00 4.36165E+00 4.19670E+00 3.65336E+00 1.12101E+02
4.17496E+00 4.71108E+00 4.87407E+00 5.11811E+00 5.11844E+00 5.12858E+00 5.15221E+00 4.87407E+00 4.71108E+00 4.17496E+00 1.24030E+02
4.73047E+00 5.25943E+00 5.42047E+00 5.66158E+00 5.66194E+00 5.67280E+00 5.69704E+00 5.42047E+00 5.25943E+00 4.73047E+00 1.36386E+02
5.31951E+00 5.84136E+00 6.00050E+00 6.23871E+00 6.23909E+00 6.25071E+00 6.27556E+00 6.00050E+00 5.84136E+00 5.31951E+00 1.49111E+02
5.94143E+00 6.45625E+00 6.61349E+00 6.84884E+00 6.84925E+00 6.86165E+00 6.88712E+00 6.61349E+00 6.45625E+00 5.94143E+00 1.62143E+02
6.59590E+00 7.10375E+00 7.25912E+00 7.49164E+00 7.49207E+00 7.50529E+00 7.53139E+00 7.25912E+00 7.10375E+00 6.59590E+00 1.75419E+02
7.28136E+00 7.78230E+00 7.93582E+00 8.16554E+00 8.16600E+00 8.18007E+00 8.20681E+00 7.93582E+00 7.78230E+00 7.28136E+00 1.88866E+02
0.00000E+00 0.00000E+00 1.93236E-01 4.83090E-01 4.83090E-01 4.84372E-01 4.99667E-01 1.93236E-01 0.00000E+00 0.00000E+00 1.72394E-01
0.00000E+00 4.59696E-02 2.36704E-01 5.22776E-01 5.22794E-01 5.24447E-01 5.40261E-01 2.36704E-01 4.59696E-02 0.00000E+00 1.60056E+00
0.00000E+00 1.06848E-01 2.95193E-01 5.77655E-01 5.77689E-01 5.79727E-01 5.96052E-01 2.95193E-01 1.06848E-01 0.00000E+00 3.39288E+00
0.00000E+00 1.80633E-01 3.66678E-01 6.45661E-01 6.45713E-01 6.48147E-01 6.64979E-01 3.66678E-01 1.80633E-01 0.00000E+00 5.59513E+00
0.00000E+00 2.68151E-01 4.51971E-01 7.27591E-01 7.27660E-01 7.30505E-01 7.47840E-01 4.51971E-01 2.68151E-01 0.00000E+00 8.22870E+00
0.00000E+00 3.70900E-01 5.52566E-01 8.24928E-01 8.25014E-01 8.28285E-01 8.46122E-01 5.52566E-01 3.70900E-01 0.00000E+00 1.13327E+01
0.00000E+00 4.89542E-01 6.69114E-01 9.38311E-01 9.38414E-01 9.42125E-01 9.60463E-01 6.69114E-01 4.89542E-01 0.00000E+00 1.49157E+01
0.00000E+00 5.91805E-01 7.69791E-01 1.03659E+00 1.03671E+00 1.04077E+00 1.05949E+00 7.69791E-01 5.91805E-01 0.00000E+00 1.79955E+01
3.11131E-02 6.21278E-01 7.98810E-01 1.06492E+00 1.06504E+00 1.06921E+00 1.08805E+00 7.98810E-01 6.21278E-01 3.11131E-02 1.89417E+01
2.00832E-01 7.83263E-01 9.58657E-01 1.22154E+00 1.22168E+00 1.22635E+00 1.24573E+00 9.58657E-01 7.83263E-01 2.00832E-01 2.35741E+01
3.95134E-01 9.69939E-01 1.14323E+00 1.40293E+00 1.40309E+00 1.40830E+00 1.42823E+00 1.14323E+00 9.69939E-01 3.95134E-01 2.87403E+01
6.11986E-01 1.17926E+00 1.35048E+00 1.60704E+00 1.60722E+00 1.61299E+00 1.63347E+00 1.35048E+00 1.17926E+00 6.11986E-01 3.44772E+01
8.52418E-01 1.41224E+00 1.58142E+00 1.83489E+00 1.83509E+00 1.84144E+00 1.86249E+00 1.58142E+00 1.41224E+00 8.52418E-01 4.07863E+01
1.11788E+00 1.67033E+00 1.83750E+00 2.08793E+00 2.08814E+00 2.09511E+00 2.11672E+00 1.83750E+00 1.67033E+00 1.11788E+00 4.76696E+01
1.40921E+00 1.95437E+00 2.11955E+00 2.36697E+00 2.36721E+00 2.37481E+00 2.39700E+00 2.11955E+00 1.95437E+00 1.40921E+00 5.51109E+01
1.72695E+00 2.26490E+00 2.42811E+00 2.67256E+00 2.67283E+00 2.68109E+00 2.70386E+00 2.42811E+00 2.26490E+00 1.72695E+00 6.30847E+01
2.07172E+00 2.60253E+00 2.76380E+00 3.00533E+00 3.00561E+00 3.01456E+00 3.03793E+00 2.76380E+00 2.60253E+00 2.07172E+00 7.15652E+01
2.44399E+00 2.96772E+00 3.12708E+00 3.36571E+00 3.36602E+00 3.37569E+00 3.39966E+00 3.12708E+00 2.96772E+00 2.44399E+00 8.05208E+01
2.84402E+00 3.36074E+00 3.51821E+00 3.75398E+00 3.75431E+00 3.76473E+00 3.78931E+00 3.51821E+00 3.36074E+00 2.84402E+00 8.99144E+01
3.27188E+00 3.78165E+00 3.93725E+00 4.17020E+00 4.17055E+00 4.18175E+00 4.20694E+00 3.93725E+00 3.78165E+00 3.27188E+00 9.97036E+01
3.72741E+00 4.23029E+00 4.38405E+00 4.61421E+00 4.61459E+00 4.62659E+00 4.65242E+00 4.38405E+00 4.23029E+00 3.72741E+00 1.09842E+02
4.21026E+00 4.70632E+00 4.85826E+00 5.08566E+00 5.08607E+00 5.09890E+00 5.12537E+00 4.85826E+00 4.70632E+00 4.21026E+00 1.20279E+02
4.71985E+00 5.20915E+00 5.35929E+00 5.58396E+00 5.58440E+00 5.59810E+00 5.62521E+00 5.35929E+00 5.20915E+00 4.71985E+00 1.30961E+02
5.25537E+00 5.73797E+00 5.88633E+00 6.10831E+00 6.10877E+00 6.12338E+00 6.15114E+00 5.88633E+00 5.73797E+00 5.25537E+00 1.41833E+02
5.81623E+00 6.29218E+00 6.43878E+00 6.65811E+00 6.65860E+00 6.67413E+00 6.70257E+00 6.43878E+00 6.29218E+00 5.81623E+00 1.52836E+02
6.40088E+00 6.87024E+00 7.01511E+00 7.23181E+00 7.23233E+00 7.24882E+00 7.27793E+00 7.01511E+00 6.87024E+00 6.40088E+00 1.63910E+02
0.00000E+00 0.00000E+00 1.82175E-01 4.55438E-01 4.55438E-01 4.57101E-01 4.74062E-01 1.82175E-01 0.00000E+00 0.00000E+00 2.02041E-01
0.00000E+00 4.42693E-02 2.24079E-01 4.93762E-01 4.93782E-01 4.95894E-01 5.13413E-01 2.24079E-01 4.42693E-02 0.00000E+00 1.58604E+00
0.00000E+00 1.02395E-01 2.79948E-01 5.46214E-01 5.46254E-01 5.48827E-01 5.66896E-01 2.79948E-01 1.02395E-01 0.00000E+00 3.30316E+00
0.00000E+00 1.72317E-01 3.47697E-01 6.10672E-01 6.10732E-01 6.13780E-01 6.32392E-01 3.47697E-01 1.72317E-01 0.00000E+00 5.39210E+00
0.00000E+00 2.54695E-01 4.27974E-01 6.87770E-01 6.87849E-01 6.91387E-01 7.10539E-01 4.27974E-01 2.54695E-01 0.00000E+00 7.86766E+00
0.00000E+00 3.50782E-01 5.22028E-01 7.78746E-01 7.78845E-01 7.82888E-01 8.02577E-01 5.22028E-01 3.50782E-01 0.00000E+00 1.07599E+01
0.00000E+00 4.61064E-01 6.30335E-01 8.84063E-01 8.84181E-01 8.88747E-01 9.08972E-01 6.30335E-01 4.61064E-01 0.00000E+00 1.40713E+01
0.00000E+00 5.55683E-01 7.23459E-01 9.74923E-01 9.75056E-01 9.80037E-01 1.00068E+00 7.23459E-01 5.55683E-01 0.00000E+00 1.69000E+01
2.87185E-02 5.82840E-01 7.50189E-01 1.00100E+00 1.00114E+00 1.00625E+00 1.02701E+00 7.50189E-01 5.82840E-01 2.87185E-02 1.77642E+01
1.84967E-01 7.31728E-01 8.97061E-01 1.14483E+00 1.14499E+00 1.15069E+00 1.17203E+00 8.97061E-01 7.31728E-01 1.84967E-01 2.19792E+01
3.62873E-01 9.02375E-01 1.06573E+00 1.31049E+00 1.31067E+00 1.31701E+00 1.33893E+00 1.06573E+00 9.02375E-01 3.62873E-01 2.66441E+01
5.60345E-01 1.09268E+00 1.25408E+00 1.49589E+00 1.49609E+00 1.50308E+00 1.52559E+00 1.25408E+00 1.09268E+00 5.60345E-01 3.17869E+01
7.78113E-01 1.30335E+00 1.46283E+00 1.70173E+00 1.70196E+00 1.70963E+00 1.73273E+00 1.46283E+00 1.30335E+00 7.78113E-01 3.74023E+01
1.01726E+00 1.53549E+00 1.69307E+00 1.92910E+00 1.92935E+00 1.93773E+00 1.96144E+00 1.69307E+00 1.53549E+00 1.01726E+00 4.34857E+01
1.27831E+00 1.78960E+00 1.94532E+00 2.17852E+00 2.17879E+00 2.18791E+00 2.21223E+00 1.94532E+00 1.78960E+00 1.27831E+00 5.00167E+01
1.56156E+00 2.06597E+00 2.21984E+00 2.45025E+00 2.45055E+00 2.46044E+00 2.48537E+00 2.21984E+00 2.06597E+00 1.56156E+00 5.69678E+01
1.86732E+00 2.36493E+00 2.51698E+00 2.74463E+00 2.74495E+00 2.75564E+00 2.78121E+00 2.51698E+00 2.36493E+00 1.86732E+00 6.43112E+01
2.19578E+00 2.68665E+00 2.83691E+00 3.06183E+00 3.06218E+00 3.07370E+00 3.09990E+00 2.83691E+00 2.68665E+00 2.19578E+00 7.20145E+01
2.54695E+00 3.03114E+00 3.17962E+00 3.40186E+00 3.40224E+00 3.41462E+00 3.44146E+00 3.17962E+00 3.03114E+00 2.54695E+00 8.00410E+01
2.92065E+00 3.39823E+00 3.54496E+00 3.76454E+00 3.76494E+00 3.77822E+00 3.80572E+00 3.54496E+00 3.39823E+00 2.92065E+00 8.83504E+01
3.31654E+00 3.78756E+00 3.93255E+00 4.14952E+00 4.14995E+00 4.16415E+00 4.19231E+00 3.93255E+00 3.78756E+00 3.31654E+00 9.68991E+01
3.73407E+00 4.19859E+00 4.34188E+00 4.55626E+00 4.55672E+00 4.57187E+00 4.60071E+00 4.34188E+00 4.19859E+00 3.73407E+00 1.05641E+02
4.17253E+00 4.63061E+00 4.77221E+00 4.98403E+00 4.98452E+00 5.00067E+00 5.03019E+00 4.77221E+00 4.63061E+00 4.17253E+00 1.14528E+02
4.63102E+00 5.08271E+00 5.22264E+00 5.43194E+00 5.43246E+00 5.44963E+00 5.47984E+00 5.22264E+00 5.08271E+00 4.63102E+00 1.23511E+02
5.10877E+00 5.55412E+00 5.69241E+00 5.89921E+00 5.89977E+00 5.91800E+00 5.94891E+00 5.69241E+00 5.55412E+00 5.10877E+00 1.32540E+02
5.60428E+00 6.04336E+00 6.18002E+00 6.38436E+00 6.38494E+00 6.40426E+00 6.43589E+00 6.18002E+00 6.04336E+00 5.60428E+00 1.41561E+02
0.00000E+00 0.00000E+00 1.71585E-01 4.28962E-01 4.28962E-01 4.31119E-01 4.49904E-01 1.71585E-01 0.00000E+00 0.00000E+00 2.36673E-01
0.00000E+00 4.26334E-02 2.11985E-01 4.65975E-01 4.65998E-01 4.68694E-01 4.88079E-01 2.11985E-01 4.26334E-02 0.00000E+00 1.57844E+00
0.00000E+00 9.81184E-02 2.65340E-01 5.16101E-01 5.16146E-01 5.19395E-01 5.39367E-01 2.65340E-01 9.81184E-02 0.00000E+00 3.22311E+00
0.00000E+00 1.64331E-01 3.29504E-01 5.77157E-01 5.77225E-01 5.81042E-01 6.01594E-01 3.29504E-01 1.64331E-01 0.00000E+00 5.20263E+00
0.00000E+00 2.41778E-01 4.04971E-01 6.49624E-01 6.49713E-01 6.54113E-01 6.75241E-01 4.04971E-01 2.41778E-01 0.00000E+00 7.52571E+00
0.00000E+00 3.31482E-01 4.92761E-01 7.34511E-01 7.34622E-01 7.39622E-01 7.61322E-01 4.92761E-01 3.31482E-01 0.00000E+00 1.02141E+01
0.00000E+00 4.33771E-01 5.93191E-01 8.32124E-01 8.32256E-01 8.37874E-01 8.60143E-01 5.93191E-01 4.33771E-01 0.00000E+00 1.32651E+01
0.00000E+00 5.21096E-01 6.79110E-01 9.15911E-01 9.16059E-01 9.22167E-01 9.44876E-01 6.79110E-01 5.21096E-01 0.00000E+00 1.58539E+01
2.64388E-02 5.46049E-01 7.03661E-01 9.39852E-01 9.40005E-01 9.46259E-01 9.69096E-01 7.03661E-01 5.46049E-01 2.64388E-02 1.66401E+01
1.69885E-01 6.82487E-01 8.38205E-01 1.07152E+00 1.07170E+00 1.07866E+00 1.10211E+00 8.38205E-01 6.82487E-01 1.69885E-01 2.04583E+01
3.32264E-01 8.37955E-01 9.91813E-01 1.22231E+00 1.22251E+00 1.23021E+00 1.25427E+00 9.91813E-01 8.37955E-01 3.32264E-01 2.46498E+01
5.11456E-01 1.01032E+00 1.16234E+00 1.39007E+00 1.39029E+00 1.39875E+00 1.42344E+00 1.16234E+00 1.01032E+00 5.11456E-01 2.92342E+01
7.07936E-01 1.20005E+00 1.35027E+00 1.57525E+00 1.57550E+00 1.58476E+00 1.61008E+00 1.35027E+00 1.20005E+00 7.07936E-01 3.42018E+01
9.22467E-01 1.40790E+00 1.55634E+00 1.77864E+00 1.77891E+00 1.78899E+00 1.81495E+00 1.55634E+00 1.40790E+00 9.22467E-01 3.95425E+01
1.15534E+00 1.63416E+00 1.78085E+00 2.00049E+00 2.00079E+00 2.01173E+00 2.03834E+00 1.78085E+00 1.63416E+00 1.15534E+00 4.52332E+01
1.40660E+00 1.87888E+00 2.02385E+00 2.24086E+00 2.24119E+00 2.25302E+00 2.28028E+00 2.02385E+00 1.87888E+00 1.40660E+00 5.12457E+01
1.67637E+00 2.14216E+00 2.28542E+00 2.49985E+00 2.50021E+00 2.51297E+00 2.54089E+00 2.28542E+00 2.14216E+00 1.67637E+00 5.75515E+01
1.96459E+00 2.42396E+00 2.56554E+00 2.77742E+00 2.77780E+00 2.79152E+00 2.82011E+00 2.56554E+00 2.42396E+00 1.96459E+00 6.41185E+01
2.27107E+00 2.72408E+00 2.86400E+00 3.07336E+00 3.07378E+00 3.08848E+00 3.11775E+00 2.86400E+00 2.72408E+00 2.27107E+00 7.09118E+01
2.59547E+00 3.04218E+00 3.18046E+00 3.38734E+00 3.38778E+00 3.40351E+00 3.43347E+00 3.18046E+00 3.04218E+00 2.59547E+00 7.78937E+01
2.93730E+00 3.37776E+00 3.51442E+00 3.71884E+00 3.71932E+00 3.73611E+00 3.76677E+00 3.51442E+00 3.37776E+00 2.93730E+00 8.50244E+01
3.29590E+00 3.73016E+00 3.86522E+00 4.06722E+00 4.06774E+00 4.08561E+00 4.11698E+00 3.86522E+00 3.73016E+00 3.29590E+00 9.22627E+01
3.67047E+00 4.09858E+00 4.23207E+00 4.43168E+00 4.43222E+00 4.45123E+00 4.48332E+00 4.23207E+00 4.09858E+00 3.67047E+00 9.95665E+01
4.06005E+00 4.48208E+00 4.61401E+00 4.81125E+00 4.81183E+00 4.83200E+00 4.86482E+00 4.61401E+00 4.48208E+00 4.06005E+00 1.06893E+02
4.46379E+00 4.87978E+00 5.01018E+00 5.20508E+00 5.20570E+00 5.22707E+00 5.26063E+00 5.01018E+00 4.87978E+00 4.46379E+00 1.14198E+02
4.88028E+00 5.29028E+00 5.41916E+00 5.61176E+00 5.61242E+00 5.63502E+00 5.66933E+00 5.41916E+00 5.29028E+00 4.88028E+00 1.21439E+02
0.00000E+00 0.00000E+00 1.61410E-01 4.03526E-01 4.03526E-01 4.06319E-01 4.27091E-01 1.61410E-01 0.00000E+00 0.00000E+00 2.76993E-01
0.00000E+00 4.11708E-02 2.00494E-01 4.39438E-01 4.39463E-01 4.42904E-01 4.64312E-01 2.00494E-01 4.11708E-02 0.00000E+00 1.58078E+00
0.00000E+00 9.41906E-02 2.51524E-01 4.87446E-01 4.87495E-01 4.91597E-01 5.13628E-01 2.51524E-01 9.41906E-02 0.00000E+00 3.15687E+00
0.00000E+00 1.56882E-01 3.12302E-01 5.45317E-01 5.45390E-01 5.50168E-01 5.72815E-01 3.12302E-01 1.56882E-01 0.00000E+00 5.03125E+00
0.00000E+00 2.29617E-01 3.83189E-01 6.13399E-01 6.13496E-01 6.18966E-01 6.42222E-01 3.83189E-01 2.29617E-01 0.00000E+00 7.20741E+00
0.00000E+00 3.13217E-01 4.65004E-01 6.92501E-01 6.92621E-01 6.98801E-01 7.22662E-01 4.65004E-01 3.13217E-01 0.00000E+00 9.69991E+00
0.00000E+00 4.07879E-01 5.57933E-01 7.82798E-01 7.82941E-01 7.89850E-01 8.14312E-01 5.57933E-01 4.07879E-01 0.00000E+00 1.25018E+01
0.00000E+00 4.88264E-01 6.37007E-01 8.59881E-01 8.60042E-01 8.67527E-01 8.92453E-01 6.37007E-01 4.88264E-01 0.00000E+00 1.48621E+01
2.42750E-02 5.11125E-01 6.59493E-01 8.81797E-01 8.81964E-01 8.89620E-01 9.14682E-01 6.59493E-01 5.11125E-01 2.42750E-02 1.55743E+01
1.55597E-01 6.35777E-01 7.82379E-01 1.00200E+00 1.00220E+00 1.01068E+00 1.03639E+00 7.82379E-01 6.35777E-01 1.55597E-01 1.90178E+01
3.03342E-01 7.76943E-01 9.21812E-01 1.13880E+00 1.13902E+00 1.14837E+00 1.17472E+00 9.21812E-01 7.76943E-01 3.03342E-01 2.27649E+01
4.65392E-01 9.32492E-01 1.07565E+00 1.29006E+00 1.29030E+00 1.30054E+00 1.32755E+00 1.07565E+00 9.32492E-01 4.65392E-01 2.68291E+01
6.42015E-01 1.10269E+00 1.24417E+00 1.45602E+00 1.45629E+00 1.46745E+00 1.49513E+00 1.24417E+00 1.10269E+00 6.42015E-01 3.11972E+01
8.33712E-01 1.28802E+00 1.42785E+00 1.63719E+00 1.63749E+00 1.64961E+00 1.67796E+00 1.42785E+00 1.28802E+00 8.33712E-01 3.58551E+01
1.04057E+00 1.48859E+00 1.62678E+00 1.83364E+00 1.83398E+00 1.84709E+00 1.87612E+00 1.62678E+00 1.48859E+00 1.04057E+00 4.07787E+01
1.26249E+00 1.70427E+00 1.84086E+00 2.04527E+00 2.04564E+00 2.05978E+00 2.08949E+00 1.84086E+00 1.70427E+00 1.26249E+00 4.59400E+01
1.49938E+00 1.93498E+00 2.06999E+00 2.27200E+00 2.27239E+00 2.28760E+00 2.31800E+00 2.06999E+00 1.93498E+00 1.49938E+00 5.13108E+01
1.75104E+00 2.18053E+00 2.31397E+00 2.51360E+00 2.51403E+00 2.53033E+00 2.56144E+00 2.31397E+00 2.18053E+00 1.75104E+00 5.68604E+01
2.01715E+00 2.44057E+00 2.57246E+00 2.76975E+00 2.77021E+00 2.78765E+00 2.81947E+00 2.57246E+00 2.44057E+00 2.01715E+00 6.25562E+01
2.29723E+00 2.71464E+00 2.84501E+00 3.03998E+00 3.04047E+00 3.05908E+00 3.09163E+00 2.84501E+00 2.71464E+00 2.29723E+00 6.83639E+01
2.59070E+00 3.00215E+00 3.13101E+00 3.32369E+00 3.32423E+00 3.34404E+00 3.37732E+00 3.13101E+00 3.00215E+00 2.59070E+00 7.42480E+01
2.89684E+00 3.30238E+00 3.42976E+00 3.62018E+00 3.62076E+00 3.64181E+00 3.67584E+00 3.42976E+00 3.30238E+00 2.89684E+00 8.01722E+01
3.21482E+00 3.61450E+00 3.74042E+00 3.92861E+00 3.92922E+00 3.95156E+00 3.98634E+00 3.74042E+00 3.61450E+00 3.21482E+00 8.61004E+01
3.54368E+00 3.93756E+00 4.06203E+00 4.24801E+00 4.24867E+00 4.27232E+00 4.30787E+00 4.06203E+00 3.93756E+00 3.54368E+00 9.19963E+01
3.88254E+00 4.27066E+00 4.39370E+00 4.57751E+00 4.57821E+00 4.60321E+00 4.63953E+00 4.39370E+00 4.27066E+00 3.88254E+00 9.78227E+01
4.23009E+00 4.61250E+00 4.73412E+00 4.91578E+00 4.91653E+00 4.94292E+00 4.98003E+00 4.73412E+00 4.61250E+00 4.23009E+00 1.03545E+02
0.00000E+00 0.00000E+00 1.52851E-01 3.82127E-01 3.82127E-01 3.85742E-01 4.08583E-01 1.52851E-01 0.00000E+00 0.00000E+00 3.23093E-01
0.00000E+00 4.00282E-02 1.90936E-01 4.17256E-01 4.17282E-01 4.21670E-01 4.45179E-01 1.90936E-01 4.00282E-02 0.00000E+00 1.59695E+00
0.00000E+00 9.10134E-02 2.40070E-01 4.63573E-01 4.63623E-01 4.68798E-01 4.92961E-01 2.40070E-01 9.10134E-02 0.00000E+00 3.11512E+00
0.00000E+00 1.50743E-01 2.98020E-01 5.18813E-01 5.18889E-01 5.24864E-01 5.49671E-01 2.98020E-01 1.50743E-01 0.00000E+00 4.89938E+00
0.00000E+00 2.19498E-01 3.65056E-01 5.83235E-01 5.83336E-01 5.90128E-01 6.15572E-01 3.65056E-01 2.19498E-01 0.00000E+00 6.94969E+00
0.00000E+00 2.97956E-01 4.41853E-01 6.57503E-01 6.57630E-01 6.65258E-01 6.91333E-01 4.41853E-01 2.97956E-01 0.00000E+00 9.27564E+00
0.00000E+00 3.86232E-01 5.28517E-01 7.41715E-01 7.41866E-01 7.50349E-01 7.77052E-01 5.28517E-01 3.86232E-01 0.00000E+00 1.18682E+01
0.00000E+00 4.60842E-01 6.01907E-01 8.13249E-01 8.13421E-01 8.22578E-01 8.49766E-01 6.01907E-01 4.60842E-01 0.00000E+00 1.40382E+01
2.24842E-02 4.81973E-01 6.22689E-01 8.33500E-01 8.33678E-01 8.43035E-01 8.70364E-01 6.22689E-01 4.81973E-01 2.24842E-02 1.46894E+01
1.43819E-01 5.96921E-01 7.35995E-01 9.44308E-01 9.44514E-01 9.54838E-01 9.82839E-01 7.35995E-01 5.96921E-01 1.43819E-01 1.78257E+01
2.79627E-01 7.26429E-01 8.63890E-01 1.06975E+00 1.06998E+00 1.08131E+00 1.10999E+00 8.63890E-01 7.26429E-01 2.79627E-01 2.12138E+01
4.27842E-01 8.68416E-01 1.00429E+00 1.20773E+00 1.20800E+00 1.22036E+00 1.24972E+00 1.00429E+00 8.68416E-01 4.27842E-01 2.48639E+01
5.88610E-01 1.02302E+00 1.15733E+00 1.35840E+00 1.35870E+00 1.37212E+00 1.40217E+00 1.15733E+00 1.02302E+00 5.88610E-01 2.87615E+01
7.62278E-01 1.19060E+00 1.32337E+00 1.52209E+00 1.52242E+00 1.53695E+00 1.56770E+00 1.32337E+00 1.19060E+00 7.62278E-01 3.28918E+01
9.48835E-01 1.37112E+00 1.50237E+00 1.69878E+00 1.69915E+00 1.71482E+00 1.74627E+00 1.50237E+00 1.37112E+00 9.48835E-01 3.72315E+01
1.14810E+00 1.56441E+00 1.69416E+00 1.88829E+00 1.88869E+00 1.90554E+00 1.93771E+00 1.69416E+00 1.56441E+00 1.14810E+00 4.17543E+01
1.35991E+00 1.77030E+00 1.89857E+00 2.09045E+00 2.09089E+00 2.10896E+00 2.14185E+00 1.89857E+00 1.77030E+00 1.35991E+00 4.64343E+01
1.58401E+00 1.98853E+00 2.11534E+00 2.30500E+00 2.30548E+00 2.32480E+00 2.35843E+00 2.11534E+00 1.98853E+00 1.58401E+00 5.12434E+01
1.82001E+00 2.21871E+00 2.34409E+00 2.53156E+00 2.53207E+00 2.55268E+00 2.58706E+00 2.34409E+00 2.21871E+00 1.82001E+00 5.61526E+01
2.06744E+00 2.46038E+00 2.58433E+00 2.76963E+00 2.77019E+00 2.79213E+00 2.82726E+00 2.58433E+00 2.46038E+00 2.06744E+00 6.11314E+01
2.32570E+00 2.71293E+00 2.83548E+00 3.01864E+00 3.01924E+00 3.04254E+00 3.07844E+00 2.83548E+00 2.71293E+00 2.32570E+00 6.61489E+01
2.59411E+00 2.97567E+00 3.09683E+00 3.27788E+00 3.27853E+00 3.30323E+00 3.33990E+00 3.09683E+00 2.97567E+00 2.59411E+00 7.11741E+01
2.87189E+00 3.24782E+00 3.36761E+00 3.54657E+00 3.54727E+00 3.57342E+00 3.61087E+00 3.36761E+00 3.24782E+00 2.87189E+00 7.61761E+01
3.15814E+00 3.52850E+00 3.64694E+00 3.82384E+00 3.82458E+00 3.85221E+00 3.89046E+00 3.64694E+00 3.52850E+00 3.15814E+00 8.11245E+01
3.45204E+00 3.81688E+00 3.93398E+00 4.10883E+00 4.10962E+00 4.13877E+00 4.17783E+00 3.93398E+00 3.81688E+00 3.45204E+00 8.59880E+01
3.75243E+00 4.11179E+00 4.22757E+00 4.40040E+00 4.40125E+00 4.43194E+00 4.47184E+00 4.22757E+00 4.11179E+00 3.75243E+00 9.07384E+01
0.00000E+00 0.00000E+00 1.44289E-01 3.60723E-01 3.60723E-01 3.65392E-01 3.90485E-01 1.44289E-01 0.00000E+00 0.00000E+00 3.76801E-01
0.00000E+00 3.88011E-02 1.81286E-01 3.94969E-01 3.94996E-01 4.00585E-01 4.26376E-01 1.81286E-01 3.88011E-02 0.00000E+00 1.61781E+00
0.00000E+00 8.76104E-02 2.28377E-01 4.39437E-01 4.39492E-01 4.46012E-01 4.72484E-01 2.28377E-01 8.76104E-02 0.00000E+00 3.07338E+00
0.00000E+00 1.44204E-01 2.83317E-01 4.91856E-01 4.91938E-01 4.99405E-01 5.26548E-01 2.83317E-01 1.44204E-01 0.00000E+00 4.76177E+00
0.00000E+00 2.08789E-01 3.46306E-01 5.52411E-01 5.52522E-01 5.60950E-01 5.88757E-01 3.46306E-01 2.08789E-01 0.00000E+00 6.67999E+00
0.00000E+00 2.81909E-01 4.17883E-01 6.21635E-01 6.21773E-01 6.31182E-01 6.59646E-01 4.17883E-01 2.81909E-01 0.00000E+00 8.83323E+00
0.00000E+00 3.63607E-01 4.98083E-01 6.99551E-01 6.99719E-01 7.10128E-01 7.39245E-01 4.98083E-01 3.63607E-01 0.00000E+00 1.12107E+01
0.00000E+00 4.32298E-01 5.65641E-01 7.65381E-01 7.65572E-01 7.76768E-01 8.06389E-01 5.65641E-01 4.32298E-01 0.00000E+00 1.31866E+01
2.06592E-02 4.51661E-01 5.84680E-01 7.83926E-01 7.84123E-01 7.95553E-01 8.25321E-01 5.84680E-01 4.51661E-01 2.06592E-02 1.37758E+01
1.31836E-01 5.56725E-01 6.88218E-01 8.85137E-01 8.85367E-01 8.97922E-01 9.28389E-01 6.88218E-01 5.56725E-01 1.31836E-01 1.66011E+01
2.55549E-01 6.74407E-01 8.04401E-01 9.99034E-01 9.99298E-01 1.01301E+00 1.04418E+00 8.04401E-01 6.74407E-01 2.55549E-01 1.96278E+01
3.89787E-01 8.02685E-01 9.31203E-01 1.12358E+00 1.12388E+00 1.13879E+00 1.17068E+00 9.31203E-01 8.02685E-01 3.89787E-01 2.28628E+01
5.34579E-01 9.41581E-01 1.06865E+00 1.25881E+00 1.25915E+00 1.27529E+00 1.30789E+00 1.06865E+00 9.41581E-01 5.34579E-01 2.62909E+01
6.90119E-01 1.09129E+00 1.21692E+00 1.40490E+00 1.40527E+00 1.42269E+00 1.45602E+00 1.21692E+00 1.09129E+00 6.90119E-01 2.98962E+01
8.56294E-01 1.25169E+00 1.37591E+00 1.56173E+00 1.56214E+00 1.58087E+00 1.61494E+00 1.37591E+00 1.25169E+00 8.56294E-01 3.36562E+01
1.03285E+00 1.42252E+00 1.54535E+00 1.72904E+00 1.72950E+00 1.74957E+00 1.78439E+00 1.54535E+00 1.42252E+00 1.03285E+00 3.75467E+01
1.21954E+00 1.60355E+00 1.72499E+00 1.90659E+00 1.90709E+00 1.92855E+00 1.96412E+00 1.72499E+00 1.60355E+00 1.21954E+00 4.15435E+01
1.41604E+00 1.79443E+00 1.91452E+00 2.09404E+00 2.09459E+00 2.11748E+00 2.15381E+00 1.91452E+00 1.79443E+00 1.41604E+00 4.56213E+01
1.62192E+00 1.99475E+00 2.11350E+00 2.29097E+00 2.29156E+00 2.31592E+00 2.35303E+00 2.11350E+00 1.99475E+00 1.62192E+00 4.97541E+01
1.83669E+00 2.20399E+00 2.32142E+00 2.49687E+00 2.49751E+00 2.52337E+00 2.56127E+00 2.32142E+00 2.20399E+00 1.83669E+00 5.39155E+01
2.05973E+00 2.42157E+00 2.53768E+00 2.71113E+00 2.71182E+00 2.73923E+00 2.77792E+00 2.53768E+00 2.42157E+00 2.05973E+00 5.80788E+01
2.29038E+00 2.64680E+00 2.76162E+00 2.93309E+00 2.93383E+00 2.96282E+00 3.00233E+00 2.76162E+00 2.64680E+00 2.29038E+00 6.22176E+01
2.52790E+00 2.87893E+00 2.99247E+00 3.16199E+00 3.16279E+00 3.19339E+00 3.23373E+00 2.99247E+00 2.87893E+00 2.52790E+00 6.63064E+01
2.77146E+00 3.11716E+00 3.22943E+00 3.39702E+00 3.39787E+00 3.43013E+00 3.47131E+00 3.22943E+00 3.11716E+00 2.77146E+00 7.03202E+01
3.02027E+00 3.36068E+00 3.47171E+00 3.63738E+00 3.63829E+00 3.67224E+00 3.71427E+00 3.47171E+00 3.36068E+00 3.02027E+00 7.42332E+01
3.27332E+00 3.60849E+00 3.71827E+00 3.88205E+00 3.88303E+00 3.91871E+00 3.96160E+00 3.71827E+00 3.60849E+00 3.27332E+00 7.80233E+01
0.00000E+00 0.00000E+00 1.36389E-01 3.40972E-01 3.40972E-01 3.47018E-01 3.74505E-01 1.36389E-01 0.00000E+00 0.00000E+00 4.39413E-01
0.00000E+00 3.75144E-02 1.72225E-01 3.74242E-01 3.74273E-01 3.81409E-01 4.09617E-01 1.72225E-01 3.75144E-02 0.00000E+00 1.64507E+00
0.00000E+00 8.41165E-02 2.17227E-01 4.16797E-01 4.16859E-01 4.25096E-01 4.54009E-01 2.17227E-01 8.41165E-02 0.00000E+00 3.03626E+00
0.00000E+00 1.37602E-01 2.69174E-01 4.66390E-01 4.66484E-01 4.75835E-01 5.05442E-01 2.69174E-01 1.37602E-01 0.00000E+00 4.62879E+00
0.00000E+00 1.98124E-01 3.28209E-01 5.23153E-01 5.23280E-01 5.33760E-01 5.64053E-01 3.28209E-01 1.98124E-01 0.00000E+00 6.41772E+00
0.00000E+00 2.66118E-01 3.94766E-01 5.87512E-01 5.87671E-01 5.99301E-01 6.30274E-01 3.94766E-01 2.66118E-01 0.00000E+00 8.40491E+00
0.00000E+00 3.41572E-01 4.68824E-01 6.59437E-01 6.59630E-01 6.72428E-01 7.04077E-01 4.68824E-01 3.41572E-01 0.00000E+00 1.05786E+01
0.00000E+00 4.04690E-01 5.30887E-01 7.19885E-01 7.20105E-01 7.33820E-01 7.65991E-01 5.30887E-01 4.04690E-01 0.00000E+00 1.23726E+01
1.89519E-02 4.22400E-01 5.48295E-01 7.36831E-01 7.37059E-01 7.51045E-01 7.83368E-01 5.48295E-01 4.22400E-01 1.89519E-02 1.29042E+01
1.20661E-01 5.18253E-01 6.42725E-01 8.29085E-01 8.29352E-01 8.44644E-01 8.77692E-01 6.42725E-01 5.18253E-01 1.20661E-01 1.54421E+01
2.33182E-01 6.24997E-01 7.48070E-01 9.32292E-01 9.32599E-01 9.49234E-01 9.83013E-01 7.48070E-01 6.24997E-01 2.33182E-01 1.81383E+01
3.54574E-01 7.40681E-01 8.62377E-01 1.04449E+00 1.04484E+00 1.06286E+00 1.09738E+00 8.62377E-01 7.40681E-01 3.54574E-01 2.09974E+01
4.84772E-01 8.65233E-01 9.85573E-01 1.16561E+00 1.16601E+00 1.18544E+00 1.22071E+00 9.85573E-01 8.65233E-01 4.84772E-01 2.40040E+01
6.23847E-01 9.98724E-01 1.11772E+00 1.29572E+00 1.29616E+00 1.31705E+00 1.35307E+00 1.11772E+00 9.98724E-01 6.23847E-01 2.71419E+01
7.71608E-01 1.14096E+00 1.25864E+00 1.43461E+00 1.43510E+00 1.45749E+00 1.49428E+00 1.25864E+00 1.14096E+00 7.71608E-01 3.03899E+01
9.27745E-01 1.29162E+00 1.40800E+00 1.58198E+00 1.58251E+00 1.60645E+00 1.64401E+00 1.40800E+00 1.29162E+00 9.27745E-01 3.37257E+01
1.09196E+00 1.45041E+00 1.56550E+00 1.73751E+00 1.73810E+00 1.76362E+00 1.80197E+00 1.56550E+00 1.45041E+00 1.09196E+00 3.71274E+01
1.26388E+00 1.61695E+00 1.73078E+00 1.90084E+00 1.90148E+00 1.92862E+00 1.96777E+00 1.73078E+00 1.61695E+00 1.26388E+00 4.05724E+01
1.44305E+00 1.79080E+00 1.90337E+00 2.07151E+00 2.07220E+00 2.10100E+00 2.14097E+00 1.90337E+00 1.79080E+00 1.44305E+00 4.40378E+01
1.62897E+00 1.97143E+00 2.08276E+00 2.24900E+00 2.24975E+00 2.28025E+00 2.32104E+00 2.08276E+00 1.97143E+00 1.62897E+00 4.75008E+01
1.82103E+00 2.15826E+00 2.26836E+00 2.43272E+00 2.43353E+00 2.46576E+00 2.50740E+00 2.26836E+00 2.15826E+00 1.82103E+00 5.09386E+01
2.01859E+00 2.35064E+00 2.45952E+00 2.62203E+00 2.62290E+00 2.65690E+00 2.69939E+00 2.45952E+00 2.35064E+00 2.01859E+00 5.43293E+01
2.22097E+00 2.54786E+00 2.65555E+00 2.81621E+00 2.81714E+00 2.85297E+00 2.89632E+00 2.65555E+00 2.54786E+00 2.22097E+00 5.76518E+01
2.42739E+00 2.74918E+00 2.85568E+00 3.01453E+00 3.01552E+00 3.05320E+00 3.09743E+00 2.85568E+00 2.74918E+00 2.42739E+00 6.08858E+01
2.63713E+00 2.95386E+00 3.05918E+00 3.21623E+00 3.21729E+00 3.25685E+00 3.30198E+00 3.05918E+00 2.95386E+00 2.63713E+00 6.40104E+01
2.84929E+00 3.16100E+00 3.26517E+00 3.42043E+00 3.42156E+00 3.46304E+00 3.50908E+00 3.26517E+00 3.16100E+00 2.84929E+00 6.70087E+01
0.00000E+00 0.00000E+00 1.28927E-01 3.22317E-01 3.22317E-01 3.30096E-01 3.60066E-01 1.28927E-01 0.00000E+00 0.00000E+00 5.10366E-01
0.00000E+00 3.60099E-02 1.63372E-01 3.54361E-01 3.54397E-01 3.63461E-01 3.94173E-01 1.63372E-01 3.60099E-02 0.00000E+00 1.67409E+00
0.00000E+00 8.02854E-02 2.06155E-01 3.94855E-01 3.94929E-01 4.05285E-01 4.36720E-01 2.06155E-01 8.02854E-02 0.00000E+00 2.99729E+00
0.00000E+00 1.30654E-01 2.55089E-01 4.41586E-01 4.41698E-01 4.53358E-01 4.85508E-01 2.55089E-01 1.30654E-01 0.00000E+00 4.49344E+00
0.00000E+00 1.87213E-01 3.10261E-01 4.94632E-01 4.94782E-01 5.07762E-01 5.40619E-01 3.10261E-01 1.87213E-01 0.00000E+00 6.15592E+00
0.00000E+00 2.50291E-01 3.71998E-01 5.54313E-01 5.54501E-01 5.68819E-01 6.02377E-01 3.71998E-01 2.50291E-01 0.00000E+00 7.98365E+00
0.00000E+00 3.19821E-01 4.40226E-01 6.20543E-01 6.20772E-01 6.36447E-01 6.70703E-01 4.40226E-01 3.19821E-01 0.00000E+00 9.96411E+00
0.00000E+00 3.77684E-01 4.97103E-01 6.75909E-01 6.76169E-01 6.92908E-01 7.27703E-01 4.97103E-01 3.77684E-01 0.00000E+00 1.15868E+01
1.73403E-02 3.93842E-01 5.12980E-01 6.91353E-01 6.91622E-01 7.08675E-01 7.43627E-01 5.12980E-01 3.93842E-01 1.73403E-02 1.20645E+01
1.10137E-01 4.81064E-01 5.98873E-01 7.75209E-01 7.75524E-01 7.94085E-01 8.29788E-01 5.98873E-01 4.81064E-01 1.10137E-01 1.43343E+01
2.12174E-01 5.77601E-01 6.94105E-01 8.68439E-01 8.68800E-01 8.88908E-01 9.25368E-01 6.94105E-01 5.77601E-01 2.12174E-01 1.67242E+01
3.21583E-01 6.81575E-01 7.96793E-01 9.69154E-01 9.69564E-01 9.91258E-01 1.02849E+00 7.96793E-01 6.81575E-01 3.21583E-01 1.92368E+01
4.38217E-01 7.92833E-01 9.06784E-01 1.07720E+00 1.07766E+00 1.10098E+00 1.13899E+00 9.06784E-01 7.92833E-01 4.38217E-01 2.18566E+01
5.62042E-01 9.11338E-01 1.02404E+00 1.19254E+00 1.19305E+00 1.21804E+00 1.25683E+00 1.02404E+00 9.11338E-01 5.62042E-01 2.45675E+01
6.92801E-01 1.03683E+00 1.14830E+00 1.31490E+00 1.31547E+00 1.34217E+00 1.38176E+00 1.14830E+00 1.03683E+00 6.92801E-01 2.73499E+01
8.30147E-01 1.16896E+00 1.27921E+00 1.44394E+00 1.44457E+00 1.47301E+00 1.51342E+00 1.27921E+00 1.16896E+00 8.30147E-01 3.01834E+01
9.73736E-01 1.30738E+00 1.41643E+00 1.57931E+00 1.58000E+00 1.61023E+00 1.65146E+00 1.41643E+00 1.30738E+00 9.73736E-01 3.30484E+01
1.12317E+00 1.45169E+00 1.55954E+00 1.72061E+00 1.72135E+00 1.75341E+00 1.79548E+00 1.55954E+00 1.45169E+00 1.12317E+00 3.59251E+01
1.27798E+00 1.60142E+00 1.70810E+00 1.86736E+00 1.86817E+00 1.90210E+00 1.94502E+00 1.70810E+00 1.60142E+00 1.27798E+00 3.87936E+01
1.43766E+00 1.75606E+00 1.86158E+00 2.01905E+00 2.01992E+00 2.05576E+00 2.09955E+00 1.86158E+00 1.75606E+00 1.43766E+00 4.16344E+01
1.60163E+00 1.91504E+00 2.01942E+00 2.17512E+00 2.17606E+00 2.21384E+00 2.25851E+00 2.01942E+00 1.91504E+00 1.60163E+00 4.44289E+01
1.76930E+00 2.07776E+00 2.18099E+00 2.33495E+00 2.33596E+00 2.37572E+00 2.42129E+00 2.18099E+00 2.07776E+00 1.76930E+00 4.71588E+01
1.94002E+00 2.24356E+00 2.34567E+00 2.49790E+00 2.49898E+00 2.54075E+00 2.58723E+00 2.34567E+00 2.24356E+00 1.94002E+00 4.98075E+01
2.11311E+00 2.41177E+00 2.51277E+00 2.66328E+00 2.66444E+00 2.70826E+00 2.75567E+00 2.51277E+00 2.41177E+00 2.11311E+00 5.23590E+01
2.28788E+00 2.58171E+00 2.68160E+00 2.83042E+00 2.83165E+00 2.87755E+00 2.92591E+00 2.68160E+00 2.58171E+00 2.28788E+00 5.47967E+01
2.46357E+00 2.75260E+00 2.85141E+00 2.99854E+00 2.99986E+00 3.04787E+00 3.09719E+00 2.85141E+00 2.75260E+00 2.46357E+00 5.71084E+01
0.00000E+00 0.00000E+00 1.21930E-01 3.04825E-01 3.04825E-01 3.14810E-01 3.47350E-01 1.21930E-01 0.00000E+00 0.00000E+00 5.91426E-01
0.00000E+00 3.44638E-02 1.54934E-01 3.35581E-01 3.35624E-01 3.47119E-01 3.80415E-01 1.54934E-01 3.44638E-02 0.00000E+00 1.71092E+00
0.00000E+00 7.64510E-02 1.95529E-01 3.74033E-01 3.74120E-01 3.87128E-01 4.21166E-01 1.95529E-01 7.64510E-02 0.00000E+00 2.96609E+00
0.00000E+00 1.23819E-01 2.41558E-01 4.18000E-01 4.18132E-01 4.32663E-01 4.67434E-01 2.41558E-01 1.23819E-01 0.00000E+00 4.36807E+00
0.00000E+00 1.76601E-01 2.93048E-01 4.67499E-01 4.67676E-01 4.83744E-01 5.19240E-01 2.93048E-01 1.76601E-01 0.00000E+00 5.90875E+00
0.00000E+00 2.35028E-01 3.50224E-01 5.22749E-01 5.22972E-01 5.40594E-01 5.76812E-01 3.50224E-01 2.35028E-01 0.00000E+00 7.58443E+00
0.00000E+00 2.98979E-01 4.12960E-01 5.83615E-01 5.83884E-01 6.03078E-01 6.40016E-01 4.12960E-01 2.98979E-01 0.00000E+00 9.38211E+00
0.00000E+00 3.51908E-01 4.64969E-01 6.34209E-01 6.34515E-01 6.54937E-01 6.92432E-01 4.64969E-01 3.51908E-01 0.00000E+00 1.08437E+01
1.58276E-02 3.66613E-01 4.79412E-01 6.48247E-01 6.48564E-01 6.69348E-01 7.07005E-01 4.79412E-01 3.66613E-01 1.58276E-02 1.12709E+01
1.00276E-01 4.45769E-01 5.57328E-01 7.24256E-01 7.24625E-01 7.47145E-01 7.85580E-01 5.57328E-01 4.45769E-01 1.00276E-01 1.32905E+01
1.92536E-01 5.32805E-01 6.43146E-01 8.08198E-01 8.08621E-01 8.32915E-01 8.72137E-01 6.43146E-01 5.32805E-01 1.92536E-01 1.53964E+01
2.90821E-01 6.25923E-01 7.35064E-01 8.98267E-01 8.98747E-01 9.24855E-01 9.64874E-01 7.35064E-01 6.25923E-01 2.90821E-01 1.75896E+01
3.94921E-01 7.24910E-01 8.32867E-01 9.94247E-01 9.94786E-01 1.02275E+00 1.06358E+00 8.32867E-01 7.24910E-01 3.94921E-01 1.98553E+01
5.04719E-01 8.29645E-01 9.36435E-01 1.09602E+00 1.09662E+00 1.12647E+00 1.16813E+00 9.36435E-01 8.29645E-01 5.04719E-01 2.21779E+01
6.19917E-01 9.39827E-01 1.04547E+00 1.20327E+00 1.20393E+00 1.23573E+00 1.27822E+00 1.04547E+00 9.39827E-01 6.19917E-01 2.45394E+01
7.40147E-01 1.05509E+00 1.15959E+00 1.31564E+00 1.31637E+00 1.35013E+00 1.39347E+00 1.15959E+00 1.05509E+00 7.40147E-01 2.69221E+01
8.65045E-01 1.17506E+00 1.27843E+00 1.43275E+00 1.43354E+00 1.46933E+00 1.51353E+00 1.27843E+00 1.17506E+00 8.65045E-01 2.93086E+01
9.94201E-01 1.29932E+00 1.40159E+00 1.55419E+00 1.55505E+00 1.59289E+00 1.63797E+00 1.40159E+00 1.29932E+00 9.94201E-01 3.16820E+01
1.12716E+00 1.42743E+00 1.52860E+00 1.67950E+00 1.68044E+00 1.72036E+00 1.76635E+00 1.52860E+00 1.42743E+00 1.12716E+00 3.40255E+01
1.26343E+00 1.55889E+00 1.65896E+00 1.80819E+00 1.80920E+00 1.85125E+00 1.89815E+00 1.65896E+00 1.55889E+00 1.26343E+00 3.63231E+01
1.40247E+00 1.69316E+00 1.79216E+00 1.93972E+00 1.94081E+00 1.98502E+00 2.03285E+00 1.79216E+00 1.69316E+00 1.40247E+00 3.85597E+01
1.54374E+00 1.82969E+00 1.92763E+00 2.07354E+00 2.07471E+00 2.12111E+00 2.16989E+00 1.92763E+00 1.82969E+00 1.54374E+00 4.07210E+01
1.68664E+00 1.96790E+00 2.06478E+00 2.20906E+00 2.21032E+00 2.25894E+00 2.30868E+00 2.06478E+00 1.96790E+00 1.68664E+00 4.27940E+01
1.83059E+00 2.10718E+00 2.20302E+00 2.34568E+00 2.34702E+00 2.39790E+00 2.44863E+00 2.20302E+00 2.10718E+00 1.83059E+00 4.47668E+01
1.97497E+00 2.24693E+00 2.34173E+00 2.48279E+00 2.48422E+00 2.53738E+00 2.58911E+00 2.34173E+00 2.24693E+00 1.97497E+00 4.66267E+01
2.11913E+00 2.38650E+00 2.48027E+00 2.61975E+00 2.62127E+00 2.67674E+00 2.72949E+00 2.48027E+00 2.38650E+00 2.11913E+00 4.83656E+01
0.00000E+00 0.00000E+00 1.15358E-01 2.88395E-01 2.88395E-01 3.01178E-01 3.36339E-01 1.15358E-01 0.00000E+00 0.00000E+00 6.83575E-01
0.00000E+00 3.29820E-02 1.46983E-01 3.17921E-01 3.17972E-01 3.32523E-01 3.68454E-01 1.46983E-01 3.29820E-02 0.00000E+00 1.75882E+00
0.00000E+00 7.27981E-02 1.85505E-01 3.54441E-01 3.54543E-01 3.70860E-01 4.07549E-01 1.85505E-01 7.27981E-02 0.00000E+00 2.94743E+00
0.00000E+00 1.17330E-01 2.28792E-01 3.95802E-01 3.95955E-01 4.14046E-01 4.51484E-01 2.28792E-01 1.17330E-01 0.00000E+00 4.25847E+00
0.00000E+00 1.66554E-01 2.76813E-01 4.41963E-01 4.42169E-01 4.62043E-01 5.00226E-01 2.76813E-01 1.66554E-01 0.00000E+00 5.68259E+00
0.00000E+00 2.20608E-01 3.29702E-01 4.93053E-01 4.93312E-01 5.14982E-01 5.53908E-01 3.29702E-01 2.20608E-01 0.00000E+00 7.21402E+00
0.00000E+00 2.79327E-01 3.87290E-01 5.48892E-01 5.49205E-01 5.72687E-01 6.12357E-01 3.87290E-01 2.79327E-01 0.00000E+00 8.83961E+00
0.00000E+00 3.27640E-01 4.34747E-01 5.95026E-01 5.95381E-01 6.20275E-01 6.60522E-01 4.34747E-01 3.27640E-01 0.00000E+00 1.01505E+01
1.44182E-02 3.40989E-01 4.47852E-01 6.07752E-01 6.08120E-01 6.33429E-01 6.73844E-01 4.47852E-01 3.40989E-01 1.44182E-02 1.05305E+01
9.11018E-02 4.12630E-01 5.18338E-01 6.76453E-01 6.76882E-01 7.04178E-01 7.45401E-01 5.18338E-01 4.12630E-01 9.11018E-02 1.23180E+01
1.74302E-01 4.90849E-01 5.95421E-01 7.51780E-01 7.52273E-01 7.81592E-01 8.23634E-01 5.95421E-01 4.90849E-01 1.74302E-01 1.41623E+01
2.62320E-01 5.73935E-01 6.77389E-01 8.32016E-01 8.32575E-01 8.63957E-01 9.06831E-01 6.77389E-01 5.73935E-01 2.62320E-01 1.60637E+01
3.54902E-01 6.61633E-01 7.63983E-01 9.16903E-01 9.17529E-01 9.51013E-01 9.94733E-01 7.63983E-01 6.61633E-01 3.54902E-01 1.80082E+01
4.51872E-01 7.53763E-01 8.55024E-01 1.00626E+00 1.00695E+00 1.04258E+00 1.08716E+00 8.55024E-01 7.53763E-01 4.51872E-01 1.99813E+01
5.52909E-01 8.50001E-01 9.50186E-01 1.09975E+00 1.10052E+00 1.13833E+00 1.18379E+00 9.50186E-01 8.50001E-01 5.52909E-01 2.19670E+01
6.57640E-01 9.49972E-01 1.04909E+00 1.19701E+00 1.19786E+00 1.23788E+00 1.28423E+00 1.04909E+00 9.49972E-01 6.57640E-01 2.39501E+01
7.65696E-01 1.05331E+00 1.15138E+00 1.29767E+00 1.29859E+00 1.34086E+00 1.38813E+00 1.15138E+00 1.05331E+00 7.65696E-01 2.59157E+01
8.76676E-01 1.15960E+00 1.25663E+00 1.40131E+00 1.40232E+00 1.44687E+00 1.49507E+00 1.25663E+00 1.15960E+00 8.76676E-01 2.78498E+01
9.90146E-01 1.26842E+00 1.36442E+00 1.50751E+00 1.50859E+00 1.55546E+00 1.60462E+00 1.36442E+00 1.26842E+00 9.90146E-01 2.97386E+01
1.10564E+00 1.37930E+00 1.47429E+00 1.61579E+00 1.61696E+00 1.66618E+00 1.71631E+00 1.47429E+00 1.37930E+00 1.10564E+00 3.15693E+01
1.22269E+00 1.49177E+00 1.58574E+00 1.72567E+00 1.72694E+00 1.77854E+00 1.82965E+00 1.58574E+00 1.49177E+00 1.22269E+00 3.33301E+01
1.34078E+00 1.60531E+00 1.69828E+00 1.83666E+00 1.83802E+00 1.89202E+00 1.94414E+00 1.69828E+00 1.60531E+00 1.34078E+00 3.50102E+01
1.45940E+00 1.71942E+00 1.81140E+00 1.94824E+00 1.94969E+00 2.00613E+00 2.05928E+00 1.81140E+00 1.71942E+00 1.45940E+00 3.66000E+01
1.57805E+00 1.83358E+00 1.92458E+00 2.05989E+00 2.06144E+00 2.12034E+00 2.17454E+00 1.92458E+00 1.83358E+00 1.57805E+00 3.80910E+01
1.69617E+00 1.94726E+00 2.03729E+00 2.17108E+00 2.17273E+00 2.23411E+00 2.28937E+00 2.03729E+00 1.94726E+00 1.69617E+00 3.94739E+01
1.81326E+00 2.05993E+00 2.14899E+00 2.28127E+00 2.28303E+00 2.34690E+00 2.40326E+00 2.14899E+00 2.05993E+00 1.81326E+00 4.07439E+01
0.00000E+00 0.00000E+00 1.09342E-01 2.73355E-01 2.73355E-01 2.89664E-01 3.27427E-01 1.09342E-01 0.00000E+00 0.00000E+00 7.87326E-01
0.00000E+00 3.16358E-02 1.39714E-01 3.01764E-01 3.01822E-01 3.20195E-01 3.58742E-01 1.39714E-01 3.16358E-02 0.00000E+00 1.81980E+00
0.00000E+00 6.94541E-02 1.76328E-01 3.36504E-01 3.36622E-01 3.57047E-01 3.96368E-01 1.76328E-01 6.94541E-02 0.00000E+00 2.94443E+00
0.00000E+00 1.11361E-01 2.17074E-01 3.75448E-01 3.75626E-01 3.98105E-01 4.38195E-01 2.17074E-01 1.11361E-01 0.00000E+00 4.16870E+00
0.00000E+00 1.57283E-01 2.61876E-01 4.18509E-01 4.18747E-01 4.43283E-01 4.84141E-01 2.61876E-01 1.57283E-01 0.00000E+00 5.48251E+00
0.00000E+00 2.07281E-01 3.10790E-01 4.65737E-01 4.66037E-01 4.92638E-01 5.34264E-01 3.10790E-01 2.07281E-01 0.00000E+00 6.87860E+00
0.00000E+00 2.61160E-01 3.63615E-01 5.16925E-01 5.17287E-01 5.45963E-01 5.88361E-01 3.63615E-01 2.61160E-01 0.00000E+00 8.34418E+00
0.00000E+00 3.05216E-01 4.06873E-01 5.58942E-01 5.59354E-01 5.89644E-01 6.32640E-01 4.06873E-01 3.05216E-01 0.00000E+00 9.51586E+00
1.31293E-02 3.17318E-01 4.18746E-01 5.70461E-01 5.70887E-01 6.01649E-01 6.44822E-01 4.18746E-01 3.17318E-01 1.31293E-02 9.85278E+00
8.27253E-02 3.82064E-01 4.82416E-01 6.32456E-01 6.32954E-01 6.65975E-01 7.09989E-01 4.82416E-01 3.82064E-01 8.27253E-02 1.14281E+01
1.57690E-01 4.52235E-01 5.51527E-01 6.99920E-01 7.00491E-01 7.35804E-01 7.80676E-01 5.51527E-01 4.52235E-01 1.57690E-01 1.30357E+01
2.36422E-01 5.26217E-01 6.24465E-01 7.71233E-01 7.71880E-01 8.09522E-01 8.55267E-01 6.24465E-01 5.26217E-01 2.36422E-01 1.46755E+01
3.18642E-01 6.03732E-01 7.00948E-01 8.46111E-01 8.46838E-01 8.86842E-01 9.33480E-01 7.00948E-01 6.03732E-01 3.18642E-01 1.63350E+01
4.04138E-01 6.84561E-01 7.80759E-01 9.24337E-01 9.25146E-01 9.67547E-01 1.01510E+00 7.80759E-01 6.84561E-01 4.04138E-01 1.80008E+01
4.92582E-01 7.68378E-01 8.63570E-01 1.00558E+00 1.00647E+00 1.05131E+00 1.09978E+00 8.63570E-01 7.68378E-01 4.92582E-01 1.96594E+01
5.83616E-01 8.54821E-01 9.49017E-01 1.08948E+00 1.09046E+00 1.13775E+00 1.18718E+00 9.49017E-01 8.54821E-01 5.83616E-01 2.12979E+01
6.76883E-01 9.43531E-01 1.03674E+00 1.17567E+00 1.17674E+00 1.22653E+00 1.27693E+00 1.03674E+00 9.43531E-01 6.76883E-01 2.29042E+01
7.72003E-01 1.03413E+00 1.12637E+00 1.26377E+00 1.26494E+00 1.31725E+00 1.36864E+00 1.12637E+00 1.03413E+00 7.72003E-01 2.44667E+01
8.68577E-01 1.12621E+00 1.21748E+00 1.35338E+00 1.35464E+00 1.40950E+00 1.46190E+00 1.21748E+00 1.12621E+00 8.68577E-01 2.59747E+01
9.66186E-01 1.21937E+00 1.30968E+00 1.44408E+00 1.44544E+00 1.50288E+00 1.55631E+00 1.30968E+00 1.21937E+00 9.66186E-01 2.74182E+01
1.06440E+00 1.31316E+00 1.40252E+00 1.53544E+00 1.53691E+00 1.59694E+00 1.65143E+00 1.40252E+00 1.31316E+00 1.06440E+00 2.87885E+01
1.16279E+00 1.40716E+00 1.49558E+00 1.62702E+00 1.62860E+00 1.69124E+00 1.74682E+00 1.49558E+00 1.40716E+00 1.16279E+00 3.00776E+01
1.26092E+00 1.50092E+00 1.58841E+00 1.71839E+00 1.72008E+00 1.78536E+00 1.84203E+00 1.58841E+00 1.50092E+00 1.26092E+00 3.12788E+01
1.35834E+00 1.59402E+00 1.68058E+00 1.80911E+00 1.81091E+00 1.87884E+00 1.93663E+00 1.68058E+00 1.59402E+00 1.35834E+00 3.23864E+01
1.45460E+00 1.68599E+00 1.77163E+00 1.89871E+00 1.90063E+00 1.97122E+00 2.03016E+00 1.77163E+00 1.68599E+00 1.45460E+00 3.33942E+01
1.54929E+00 1.77641E+00 1.86114E+00 1.98679E+00 1.98882E+00 2.06209E+00 2.12220E+00 1.86114E+00 1.77641E+00 1.54929E+00 3.42996E+01
0.00000E+00 0.00000E+00 1.03752E-01 2.59381E-01 2.59381E-01 2.80119E-01 3.20427E-01 1.03752E-01 0.00000E+00 0.00000E+00 9.03678E-01
0.00000E+00 3.04278E-02 1.33001E-01 2.86787E-01 2.86854E-01 3.09987E-01 3.51098E-01 1.33001E-01 3.04278E-02 0.00000E+00 1.89455E+00
0.00000E+00 6.63792E-02 1.67828E-01 3.19856E-01 3.19992E-01 3.45496E-01 3.87404E-01 1.67828E-01 6.63792E-02 0.00000E+00 2.95629E+00
0.00000E+00 1.05790E-01 2.06156E-01 3.56492E-01 3.56698E-01 3.84564E-01 4.27268E-01 2.06156E-01 1.05790E-01 0.00000E+00 4.09542E+00
0.00000E+00 1.48555E-01 2.47876E-01 3.96577E-01 3.96853E-01 4.27078E-01 4.70578E-01 2.47876E-01 1.48555E-01 0.00000E+00 5.30165E+00
0.00000E+00 1.94674E-01 2.92982E-01 4.40102E-01 4.40450E-01 4.73031E-01 5.17332E-01 2.92982E-01 1.94674E-01 0.00000E+00 6.56687E+00
0.00000E+00 2.43936E-01 3.41261E-01 4.86843E-01 4.87264E-01 5.22205E-01 5.67314E-01 3.41261E-01 2.43936E-01 0.00000E+00 7.87911E+00
0.00000E+00 2.83944E-01 3.80524E-01 5.24941E-01 5.25421E-01 5.62190E-01 6.07927E-01 3.80524E-01 2.83944E-01 0.00000E+00 8.91840E+00
1.19181E-02 2.94863E-01 3.91230E-01 5.35313E-01 5.35810E-01 5.73113E-01 6.19036E-01 3.91230E-01 2.94863E-01 1.19181E-02 9.21450E+00
7.48658E-02 3.53094E-01 4.48455E-01 5.90965E-01 5.91545E-01 6.31396E-01 6.78207E-01 4.48455E-01 3.53094E-01 7.48658E-02 1.05902E+01
1.42139E-01 4.15705E-01 5.10077E-01 6.51038E-01 6.51704E-01 6.94131E-01 7.41847E-01 5.10077E-01 4.15705E-01 1.42139E-01 1.19771E+01
2.12241E-01 4.81190E-01 5.74585E-01 7.14017E-01 7.14773E-01 7.59804E-01 8.08448E-01 5.74585E-01 4.81190E-01 2.12241E-01 1.33755E+01
2.84885E-01 5.49259E-01 6.41690E-01 7.79611E-01 7.80460E-01 8.28125E-01 8.77716E-01 6.41690E-01 5.49259E-01 2.84885E-01 1.47742E+01
3.59836E-01 6.19677E-01 7.11155E-01 8.47582E-01 8.48526E-01 8.98854E-01 9.49416E-01 7.11155E-01 6.19677E-01 3.59836E-01 1.61618E+01
4.36781E-01 6.92126E-01 7.82661E-01 9.17609E-01 9.18653E-01 9.71669E-01 1.02322E+00 7.82661E-01 6.92126E-01 4.36781E-01 1.75267E+01
5.15381E-01 7.66267E-01 8.55868E-01 9.89353E-01 9.90500E-01 1.04623E+00 1.09880E+00 8.55868E-01 7.66267E-01 5.15381E-01 1.88588E+01
5.95303E-01 8.41766E-01 9.30443E-01 1.06248E+00 1.06373E+00 1.12219E+00 1.17581E+00 9.30443E-01 8.41766E-01 5.95303E-01 2.01484E+01
6.76201E-01 9.18274E-01 1.00604E+00 1.13663E+00 1.13799E+00 1.19921E+00 1.25389E+00 1.00604E+00 9.18274E-01 6.76201E-01 2.13863E+01
7.57715E-01 9.95433E-01 1.08229E+00 1.21145E+00 1.21293E+00 1.27692E+00 1.33269E+00 1.08229E+00 9.95433E-01 7.57715E-01 2.25646E+01
8.39477E-01 1.07287E+00 1.15883E+00 1.28657E+00 1.28816E+00 1.35495E+00 1.41183E+00 1.15883E+00 1.07287E+00 8.39477E-01 2.36759E+01
9.21120E-01 1.15023E+00 1.23528E+00 1.36162E+00 1.36333E+00 1.43292E+00 1.49094E+00 1.23528E+00 1.15023E+00 9.21120E-01 2.47140E+01
1.00227E+00 1.22713E+00 1.31129E+00 1.43623E+00 1.43806E+00 1.51047E+00 1.56965E+00 1.31129E+00 1.22713E+00 1.00227E+00 2.56737E+01
1.08257E+00 1.30320E+00 1.38648E+00 1.51002E+00 1.51199E+00 1.58721E+00 1.64758E+00 1.38648E+00 1.30320E+00 1.08257E+00 2.65506E+01
1.16165E+00 1.37810E+00 1.46050E+00 1.58265E+00 1.58474E+00 1.66279E+00 1.72438E+00 1.46050E+00 1.37810E+00 1.16165E+00 2.73414E+01
1.23914E+00 1.45143E+00 1.53296E+00 1.65373E+00 1.65596E+00 1.73684E+00 1.79965E+00 1.53296E+00 1.45143E+00 1.23914E+00 2.80423E+01
1.31470E+00 1.52288E+00 1.60354E+00 1.72293E+00 1.72530E+00 1.80900E+00 1.87308E+00 1.60354E+00 1.52288E+00 1.31470E+00 2.86527E+01
0.00000E+00 0.00000E+00 9.82907E-02 2.45727E-01 2.45727E-01 2.71972E-01 3.14788E-01 9.82907E-02 0.00000E+00 0.00000E+00 1.03400E+00
0.00000E+00 2.91742E-02 1.26378E-01 2.72103E-01 2.72182E-01 3.01186E-01 3.44831E-01 1.26378E-01 2.91742E-02 0.00000E+00 1.97936E+00
0.00000E+00 6.32013E-02 1.59368E-01 3.03460E-01 3.03620E-01 3.35343E-01 3.79815E-01 1.59368E-01 6.32013E-02 0.00000E+00 2.97433E+00
0.00000E+00 1.00061E-01 1.95230E-01 3.37749E-01 3.37991E-01 3.72411E-01 4.17714E-01 1.95230E-01 1.00061E-01 0.00000E+00 4.02494E+00
0.00000E+00 1.39627E-01 2.33831E-01 3.74829E-01 3.75154E-01 4.12256E-01 4.58395E-01 2.33831E-01 1.39627E-01 0.00000E+00 5.12115E+00
0.00000E+00 1.81848E-01 2.75117E-01 4.14643E-01 4.15053E-01 4.54824E-01 5.01808E-01 2.75117E-01 1.81848E-01 0.00000E+00 6.25440E+00
0.00000E+00 2.26510E-01 3.18870E-01 4.56962E-01 4.57460E-01 4.99891E-01 5.47729E-01 3.18870E-01 2.26510E-01 0.00000E+00 7.41390E+00
0.00000E+00 2.62508E-01 3.54179E-01 4.91185E-01 4.91751E-01 5.36238E-01 5.84745E-01 3.54179E-01 2.62508E-01 0.00000E+00 8.32246E+00
1.07210E-02 2.72261E-01 3.63734E-01 5.00430E-01 5.01016E-01 5.46102E-01 5.94805E-01 3.63734E-01 2.72261E-01 1.07210E-02 8.57855E+00
6.71209E-02 3.24093E-01 4.14635E-01 5.49861E-01 5.50546E-01 5.98482E-01 6.48131E-01 4.14635E-01 3.24093E-01 6.71209E-02 9.75947E+00
1.26873E-01 3.79330E-01 4.68954E-01 6.02732E-01 6.03519E-01 6.54324E-01 7.04943E-01 4.68954E-01 3.79330E-01 1.26873E-01 1.09332E+01
1.88594E-01 4.36581E-01 5.25299E-01 6.57645E-01 6.58537E-01 7.12232E-01 7.63845E-01 5.25299E-01 4.36581E-01 1.88594E-01 1.21005E+01
2.52000E-01 4.95559E-01 5.83379E-01 7.14309E-01 7.15310E-01 7.71915E-01 8.24548E-01 5.83379E-01 4.95559E-01 2.52000E-01 1.32518E+01
3.16848E-01 5.56019E-01 6.42952E-01 7.72478E-01 7.73592E-01 8.33127E-01 8.86806E-01 6.42952E-01 5.56019E-01 3.16848E-01 1.43774E+01
3.82841E-01 6.17662E-01 7.03716E-01 8.31852E-01 8.33082E-01 8.95562E-01 9.50315E-01 7.03716E-01 6.17662E-01 3.82841E-01 1.54683E+01
4.49673E-01 6.80181E-01 7.65363E-01 8.92119E-01 8.93469E-01 9.58910E-01 1.01476E+00 7.65363E-01 6.80181E-01 4.49673E-01 1.65165E+01
5.17041E-01 7.43272E-01 8.27588E-01 9.52974E-01 9.54448E-01 1.02286E+00 1.07984E+00 8.27588E-01 7.43272E-01 5.17041E-01 1.75148E+01
5.84636E-01 8.06624E-01 8.90082E-01 1.01411E+00 1.01571E+00 1.08710E+00 1.14524E+00 8.90082E-01 8.06624E-01 5.84636E-01 1.84567E+01
6.52146E-01 8.69927E-01 9.52531E-01 1.07520E+00 1.07693E+00 1.15132E+00 1.21064E+00 9.52531E-01 8.69927E-01 6.52146E-01 1.93364E+01
7.19258E-01 9.32864E-01 1.01462E+00 1.13594E+00 1.13781E+00 1.21519E+00 1.27572E+00 1.01462E+00 9.32864E-01 7.19258E-01 2.01491E+01
7.85661E-01 9.95128E-01 1.07604E+00 1.19602E+00 1.19802E+00 1.27840E+00 1.34017E+00 1.07604E+00 9.95128E-01 7.85661E-01 2.08910E+01
8.51051E-01 1.05641E+00 1.13648E+00 1.25512E+00 1.25727E+00 1.34064E+00 1.40368E+00 1.13648E+00 1.05641E+00 8.51051E-01 2.15591E+01
9.15137E-01 1.11643E+00 1.19566E+00 1.31297E+00 1.31526E+00 1.40162E+00 1.46595E+00 1.19566E+00 1.11643E+00 9.15137E-01 2.21512E+01
9.77634E-01 1.17489E+00 1.25329E+00 1.36927E+00 1.37171E+00 1.46105E+00 1.52669E+00 1.25329E+00 1.17489E+00 9.77634E-01 2.26662E+01
1.03824E+00 1.23150E+00 1.30906E+00 1.42371E+00 1.42631E+00 1.51862E+00 1.58560E+00 1.30906E+00 1.23150E+00 1.03824E+00 2.31021E+01
1.09671E+00 1.28601E+00 1.36274E+00 1.47607E+00 1.47882E+00 1.57408E+00 1.64243E+00 1.36274E+00 1.28601E+00 1.09671E+00 2.34602E+01
0.00000E+00 0.00000E+00 9.36638E-02 2.34159E-01 2.34160E-01 2.67202E-01 3.12203E-01 9.36638E-02 0.00000E+00 0.00000E+00 1.17458E+00
0.00000E+00 2.80050E-02 1.20673E-01 2.59584E-01 2.59680E-01 2.95861E-01 3.41730E-01 1.20673E-01 2.80050E-02 0.00000E+00 2.07334E+00
0.00000E+00 6.02450E-02 1.51961E-01 2.89359E-01 2.89550E-01 3.28812E-01 3.75552E-01 1.51961E-01 6.02450E-02 0.00000E+00 3.00278E+00
0.00000E+00 9.47600E-02 1.85558E-01 3.21497E-01 3.21786E-01 3.64089E-01 4.11709E-01 1.85558E-01 9.47600E-02 0.00000E+00 3.96922E+00
0.00000E+00 1.31421E-01 2.21330E-01 3.55856E-01 3.56244E-01 4.01557E-01 4.50067E-01 2.21330E-01 1.31421E-01 0.00000E+00 4.96354E+00
0.00000E+00 1.70151E-01 2.59199E-01 3.92353E-01 3.92843E-01 4.41138E-01 4.90552E-01 2.59199E-01 1.70151E-01 0.00000E+00 5.97753E+00
0.00000E+00 2.10746E-01 2.98954E-01 4.30772E-01 4.31365E-01 4.82621E-01 5.32953E-01 2.98954E-01 2.10746E-01 0.00000E+00 7.00201E+00
0.00000E+00 2.43238E-01 3.30809E-01 4.61613E-01 4.62287E-01 5.15822E-01 5.66874E-01 3.30809E-01 2.43238E-01 0.00000E+00 7.79692E+00
9.68227E-03 2.51982E-01 3.39370E-01 4.69882E-01 4.70580E-01 5.24777E-01 5.76042E-01 3.39370E-01 2.51982E-01 9.68227E-03 8.01871E+00
6.04363E-02 2.98305E-01 3.84829E-01 5.13966E-01 5.14781E-01 5.72121E-01 6.24410E-01 3.84829E-01 2.98305E-01 6.04363E-02 9.03424E+00
1.13788E-01 3.47279E-01 4.32950E-01 5.60727E-01 5.61662E-01 6.22153E-01 6.75493E-01 4.32950E-01 3.47279E-01 1.13788E-01 1.00306E+01
1.68471E-01 3.97629E-01 4.82455E-01 6.08885E-01 6.09945E-01 6.73595E-01 7.28017E-01 4.82455E-01 3.97629E-01 1.68471E-01 1.10091E+01
2.24221E-01 4.49088E-01 5.33077E-01 6.58171E-01 6.59359E-01 7.26177E-01 7.81711E-01 5.33077E-01 4.49088E-01 2.24221E-01 1.19623E+01
2.80808E-01 5.01424E-01 5.84583E-01 7.08350E-01 7.09671E-01 7.79662E-01 8.36339E-01 5.84583E-01 5.01424E-01 2.80808E-01 1.28821E+01
3.37967E-01 5.54371E-01 6.36705E-01 7.59154E-01 7.60611E-01 8.33779E-01 8.91631E-01 6.36705E-01 5.54371E-01 3.37967E-01 1.37617E+01
3.95432E-01 6.07661E-01 6.89174E-01 8.10312E-01 8.11910E-01 8.88256E-01 9.47314E-01 6.89174E-01 6.07661E-01 3.95432E-01 1.45953E+01
4.52940E-01 6.61031E-01 7.41728E-01 8.61560E-01 8.63302E-01 9.42826E-01 1.00312E+00 7.41728E-01 6.61031E-01 4.52940E-01 1.53776E+01
5.10228E-01 7.14216E-01 7.94101E-01 9.12631E-01 9.14522E-01 9.97218E-01 1.05878E+00 7.94101E-01 7.14216E-01 5.10228E-01 1.61041E+01
5.67034E-01 7.66955E-01 8.46030E-01 9.63262E-01 9.65305E-01 1.05117E+00 1.11403E+00 8.46030E-01 7.66955E-01 5.67034E-01 1.67711E+01
6.23099E-01 8.18988E-01 8.97255E-01 1.01319E+00 1.01539E+00 1.10441E+00 1.16860E+00 8.97255E-01 8.18988E-01 6.23099E-01 1.73755E+01
6.78171E-01 8.70064E-01 9.47525E-01 1.06217E+00 1.06453E+00 1.15669E+00 1.22223E+00 9.47525E-01 8.70064E-01 6.78171E-01 1.79153E+01
7.32009E-01 9.19940E-01 9.96597E-01 1.10995E+00 1.11247E+00 1.20775E+00 1.27469E+00 9.96597E-01 9.19940E-01 7.32009E-01 1.83889E+01
7.84381E-01 9.68388E-01 1.04424E+00 1.15630E+00 1.15899E+00 1.25737E+00 1.32573E+00 1.04424E+00 9.68388E-01 7.84381E-01 1.87958E+01
8.35071E-01 1.01519E+00 1.09024E+00 1.20100E+00 1.20387E+00 1.30533E+00 1.37512E+00 1.09024E+00 1.01519E+00 8.35071E-01 1.91360E+01
8.83839E-01 1.06011E+00 1.13435E+00 1.24383E+00 1.24686E+00 1.35137E+00 1.42263E+00 1.13435E+00 1.06011E+00 8.83839E-01 1.94088E+01
9.30516E-01 1.10297E+00 1.17641E+00 1.28459E+00 1.28780E+00 1.39533E+00 1.46808E+00 1.17641E+00 1.10297E+00 9.30516E-01 1.96164E+01
0.00000E+00 0.00000E+00 8.97063E-02 2.24265E-01 2.24267E-01 2.65602E-01 3.12454E-01 8.97063E-02 0.00000E+00 0.00000E+00 1.32498E+00
0.00000E+00 2.68401E-02 1.15633E-01 2.48723E-01 2.48839E-01 2.93703E-01 3.41486E-01 1.15633E-01 2.68401E-02 0.00000E+00 2.17386E+00
0.00000E+00 5.73468E-02 1.45266E-01 2.76949E-01 2.77180E-01 3.25488E-01 3.74212E-01 1.45266E-01 5.73468E-02 0.00000E+00 3.03689E+00
0.00000E+00 8.96338E-02 1.76708E-01 3.07031E-01 3.07379E-01 3.59072E-01 4.08751E-01 1.76708E-01 8.96338E-02 0.00000E+00 3.92119E+00
0.00000E+00 1.23581E-01 2.09834E-01 3.38838E-01 3.39305E-01 3.94332E-01 4.44981E-01 2.09834E-01 1.23581E-01 0.00000E+00 4.81893E+00
0.00000E+00 1.59101E-01 2.44557E-01 3.72276E-01 3.72864E-01 4.31180E-01 4.82818E-01 2.44557E-01 1.59101E-01 0.00000E+00 5.72279E+00
0.00000E+00 1.96011E-01 2.80687E-01 4.07151E-01 4.07863E-01 4.69428E-01 5.22074E-01 2.80687E-01 1.96011E-01 0.00000E+00 6.62537E+00
0.00000E+00 2.25360E-01 3.09443E-01 4.34952E-01 4.35761E-01 4.99819E-01 5.53258E-01 3.09443E-01 2.25360E-01 0.00000E+00 7.31939E+00
8.75883E-03 2.33207E-01 3.17120E-01 4.42354E-01 4.43191E-01 5.07970E-01 5.61644E-01 3.17120E-01 2.33207E-01 8.75883E-03 7.51116E+00
5.45237E-02 2.74669E-01 3.57774E-01 4.81709E-01 4.82684E-01 5.50881E-01 6.05686E-01 3.57774E-01 2.74669E-01 5.45237E-02 8.38333E+00
1.02290E-01 3.18184E-01 4.00491E-01 5.23136E-01 5.24255E-01 5.95861E-01 6.51829E-01 4.00491E-01 3.18184E-01 1.02290E-01 9.22898E+00
1.50910E-01 3.62599E-01 4.44112E-01 5.65477E-01 5.66742E-01 6.41751E-01 6.98918E-01 4.44112E-01 3.62599E-01 1.50910E-01 1.00503E+01
2.00148E-01 4.07674E-01 4.88397E-01 6.08488E-01 6.09904E-01 6.88308E-01 7.46709E-01 4.88397E-01 4.07674E-01 2.00148E-01 1.08416E+01
2.49798E-01 4.53202E-01 5.33140E-01 6.51961E-01 6.53533E-01 7.35321E-01 7.94992E-01 5.33140E-01 4.53202E-01 2.49798E-01 1.15967E+01
2.99633E-01 4.98955E-01 5.78110E-01 6.95665E-01 6.97397E-01 7.82557E-01 8.43534E-01 5.78110E-01 4.98955E-01 2.99633E-01 1.23104E+01
3.49432E-01 5.44710E-01 6.23083E-01 7.39374E-01 7.41270E-01 8.29788E-01 8.92105E-01 6.23083E-01 5.44710E-01 3.49432E-01 1.29789E+01
3.98974E-01 5.90246E-01 6.67839E-01 7.82868E-01 7.84932E-01 8.76788E-01 9.40480E-01 6.67839E-01 5.90246E-01 3.98974E-01 1.35986E+01
4.48044E-01 6.35347E-01 7.12160E-01 8.25926E-01 8.28163E-01 9.23337E-01 9.88437E-01 7.12160E-01 6.35347E-01 4.48044E-01 1.41665E+01
4.96429E-01 6.79799E-01 7.55833E-01 8.68336E-01 8.70749E-01 9.69215E-01 1.03576E+00 7.55833E-01 6.79799E-01 4.96429E-01 1.46804E+01
5.43921E-01 7.23396E-01 7.98650E-01 9.09888E-01 9.12481E-01 1.01421E+00 1.08223E+00 7.98650E-01 7.23396E-01 5.43921E-01 1.51385E+01
5.90322E-01 7.65939E-01 8.40411E-01 9.50383E-01 9.53160E-01 1.05812E+00 1.12764E+00 8.40411E-01 7.65939E-01 5.90322E-01 1.55400E+01
6.35444E-01 8.07240E-01 8.80930E-01 9.89632E-01 9.92596E-01 1.10075E+00 1.17181E+00 8.80930E-01 8.07240E-01 6.35444E-01 1.58845E+01
6.79110E-01 8.47123E-01 9.20029E-01 1.02746E+00 1.03061E+00 1.14193E+00 1.21455E+00 9.20029E-01 8.47123E-01 6.79110E-01 1.61722E+01
7.21157E-01 8.85425E-01 9.57544E-01 1.06370E+00 1.06704E+00 1.18147E+00 1.25568E+00 9.57544E-01 8.85425E-01 7.21157E-01 1.64038E+01
7.61401E-01 9.21963E-01 9.93294E-01 1.09817E+00 1.10171E+00 1.21920E+00 1.29503E+00 9.93294E-01 9.21963E-01 7.61401E-01 1.65796E+01
7.99723E-01 9.56619E-01 1.02716E+00 1.13074E+00 1.13449E+00 1.25499E+00 1.33246E+00 1.02716E+00 9.56619E-01 7.99723E-01 1.67019E+01
0.00000E+00 0.00000E+00 8.59149E-02 2.14784E-01 2.14790E-01 2.66122E-01 3.14602E-01 8.59149E-02 0.00000E+00 0.00000E+00 1.48535E+00
0.00000E+00 2.55331E-02 1.10606E-01 2.38103E-01 2.38246E-01 2.93494E-01 3.43010E-01 1.10606E-01 2.55331E-02 0.00000E+00 2.27741E+00
0.00000E+00 5.41831E-02 1.38447E-01 2.64624E-01 2.64906E-01 3.23955E-01 3.74523E-01 1.38447E-01 5.41831E-02 0.00000E+00 3.06872E+00
0.00000E+00 8.41448E-02 1.67624E-01 2.92521E-01 2.92943E-01 3.55711E-01 4.07351E-01 1.67624E-01 8.41448E-02 0.00000E+00 3.86700E+00
0.00000E+00 1.15304E-01 1.98019E-01 3.21669E-01 3.22234E-01 3.88648E-01 4.41380E-01 1.98019E-01 1.15304E-01 0.00000E+00 4.66573E+00
0.00000E+00 1.47565E-01 2.29534E-01 3.51966E-01 3.52676E-01 4.22668E-01 4.76516E-01 2.29534E-01 1.47565E-01 0.00000E+00 5.45839E+00
0.00000E+00 1.80761E-01 2.61997E-01 3.83235E-01 3.84093E-01 4.57605E-01 5.12593E-01 2.61997E-01 1.80761E-01 0.00000E+00 6.23922E+00
0.00000E+00 2.06957E-01 2.87635E-01 4.07961E-01 4.08935E-01 4.85137E-01 5.41022E-01 2.87635E-01 2.06957E-01 0.00000E+00 6.83318E+00
7.83620E-03 2.13907E-01 2.94424E-01 4.14488E-01 4.15496E-01 4.92473E-01 5.48623E-01 2.94424E-01 2.13907E-01 7.83620E-03 6.99533E+00
4.86239E-02 2.50515E-01 3.30270E-01 4.49087E-01 4.50260E-01 5.30904E-01 5.88334E-01 3.30270E-01 2.50515E-01 4.86239E-02 7.72639E+00
9.08343E-02 2.88599E-01 3.67595E-01 4.85173E-01 4.86515E-01 5.70797E-01 6.29546E-01 3.67595E-01 2.88599E-01 9.08343E-02 8.42444E+00
1.33436E-01 3.27120E-01 4.05360E-01 5.21700E-01 5.23216E-01 6.11112E-01 6.71220E-01 4.05360E-01 3.27120E-01 1.33436E-01 9.09239E+00
1.76217E-01 3.65864E-01 4.43349E-01 5.58454E-01 5.60149E-01 6.51632E-01 7.13137E-01 4.43349E-01 3.65864E-01 1.76217E-01 9.72600E+00
2.18992E-01 4.04645E-01 4.81375E-01 5.95245E-01 5.97123E-01 6.92164E-01 7.55106E-01 4.81375E-01 4.04645E-01 2.18992E-01 1.03207E+01
2.61569E-01 4.43268E-01 5.19243E-01 6.31877E-01 6.33942E-01 7.32509E-01 7.96928E-01 5.19243E-01 4.43268E-01 2.61569E-01 1.08730E+01
3.03764E-01 4.81548E-01 5.56767E-01 6.68163E-01 6.70420E-01 7.72479E-01 8.38412E-01 5.56767E-01 4.81548E-01 3.03764E-01 1.13807E+01
3.45394E-01 5.19303E-01 5.93764E-01 7.03919E-01 7.06372E-01 8.11885E-01 8.79369E-01 5.93764E-01 5.19303E-01 3.45394E-01 1.18414E+01
3.86283E-01 5.56357E-01 6.30058E-01 7.38968E-01 7.41621E-01 8.50546E-01 9.19616E-01 6.30058E-01 5.56357E-01 3.86283E-01 1.22538E+01
4.26261E-01 5.92538E-01 6.65478E-01 7.73138E-01 7.75994E-01 8.88287E-01 9.58978E-01 6.65478E-01 5.92538E-01 4.26261E-01 1.26167E+01
4.65167E-01 6.27686E-01 6.99860E-01 8.06266E-01 8.09329E-01 9.24941E-01 9.97285E-01 6.99860E-01 6.27686E-01 4.65167E-01 1.29298E+01
5.02848E-01 6.61649E-01 7.33054E-01 8.38198E-01 8.41473E-01 9.60351E-01 1.03438E+00 7.33054E-01 6.61649E-01 5.02848E-01 1.31930E+01
5.39161E-01 6.94284E-01 7.64917E-01 8.68794E-01 8.72282E-01 9.94371E-01 1.07011E+00 7.64917E-01 6.94284E-01 5.39161E-01 1.34070E+01
5.73979E-01 7.25464E-01 7.95320E-01 8.97924E-01 9.01628E-01 1.02687E+00 1.10435E+00 7.95320E-01 7.25464E-01 5.73979E-01 1.35728E+01
6.07184E-01 7.55072E-01 8.24146E-01 9.25470E-01 9.29393E-01 1.05772E+00 1.13696E+00 8.24146E-01 7.55072E-01 6.07184E-01 1.36917E+01
6.38641E-01 7.82974E-01 8.51263E-01 9.51299E-01 9.55443E-01 1.08679E+00 1.16782E+00 8.51263E-01 7.82974E-01 6.38641E-01 1.37647E+01
6.68276E-01 8.09096E-01 8.76595E-01 9.75336E-01 9.79702E-01 1.11399E+00 1.19683E+00 8.76595E-01 8.09096E-01 6.68276E-01 1.37943E+01
0.00000E+00 0.00000E+00 8.26058E-02 2.06508E-01 2.06521E-01 2.69729E-01 3.19523E-01 8.26058E-02 0.00000E+00 0.00000E+00 1.65073E+00
0.00000E+00 2.41862E-02 1.06006E-01 2.28605E-01 2.28785E-01 2.96269E-01 3.47261E-01 1.06006E-01 2.41862E-02 0.00000E+00 2.38184E+00
0.00000E+00 5.09788E-02 1.32039E-01 2.53381E-01 2.53729E-01 3.25342E-01 3.77552E-01 1.32039E-01 5.09788E-02 0.00000E+00 3.09962E+00
0.00000E+00 7.86629E-02 1.58984E-01 2.79100E-01 2.79618E-01 3.55251E-01 4.08703E-01 1.58984E-01 7.86629E-02 0.00000E+00 3.81253E+00
0.00000E+00 1.07137E-01 1.86735E-01 3.05652E-01 3.06343E-01 3.85897E-01 4.40616E-01 1.86735E-01 1.07137E-01 0.00000E+00 4.51539E+00
0.00000E+00 1.36301E-01 2.15190E-01 3.32931E-01 3.33797E-01 4.17180E-01 4.73193E-01 2.15190E-01 1.36301E-01 0.00000E+00 5.20269E+00
0.00000E+00 1.66012E-01 2.44202E-01 3.60785E-01 3.61828E-01 4.48959E-01 5.06293E-01 2.44202E-01 1.66012E-01 0.00000E+00 5.87029E+00
0.00000E+00 1.89276E-01 2.66931E-01 3.82628E-01 3.83810E-01 4.73793E-01 5.32166E-01 2.66931E-01 1.89276E-01 0.00000E+00 6.37242E+00
6.98529E-03 1.95399E-01 2.72899E-01 3.88340E-01 3.89563E-01 4.80365E-01 5.39045E-01 2.72899E-01 1.95399E-01 6.98529E-03 6.50768E+00
4.32033E-02 2.27551E-01 3.04317E-01 4.18539E-01 4.19959E-01 5.14625E-01 5.74785E-01 3.04317E-01 2.27551E-01 4.32033E-02 7.11164E+00
8.03610E-02 2.60697E-01 3.36729E-01 4.49735E-01 4.51356E-01 5.49835E-01 6.11518E-01 3.36729E-01 2.60697E-01 8.03610E-02 7.67876E+00
1.17539E-01 2.93910E-01 3.69208E-01 4.80996E-01 4.82823E-01 5.85069E-01 6.48318E-01 3.69208E-01 2.93910E-01 1.17539E-01 8.21260E+00
1.54554E-01 3.27007E-01 4.01569E-01 5.12135E-01 5.14174E-01 6.20137E-01 6.84995E-01 4.01569E-01 3.27007E-01 1.54554E-01 8.71032E+00
1.91246E-01 3.59825E-01 4.33648E-01 5.42989E-01 5.45243E-01 6.54873E-01 7.21382E-01 4.33648E-01 3.59825E-01 1.91246E-01 9.16871E+00
2.27455E-01 3.92204E-01 4.65285E-01 5.73394E-01 5.75868E-01 6.89111E-01 7.57311E-01 4.65285E-01 3.92204E-01 2.27455E-01 9.58580E+00
2.63034E-01 4.23995E-01 4.96331E-01 6.03202E-01 6.05900E-01 7.22699E-01 7.92629E-01 4.96331E-01 4.23995E-01 2.63034E-01 9.96048E+00
2.97838E-01 4.55053E-01 5.26639E-01 6.32267E-01 6.35192E-01 7.55487E-01 8.27183E-01 5.26639E-01 4.55053E-01 2.97838E-01 1.02918E+01
3.31728E-01 4.85240E-01 5.56071E-01 6.60447E-01 6.63604E-01 7.87331E-01 8.60829E-01 5.56071E-01 4.85240E-01 3.31728E-01 1.05792E+01
3.64573E-01 5.14424E-01 5.84496E-01 6.87611E-01 6.91003E-01 8.18096E-01 8.93428E-01 5.84496E-01 5.14424E-01 3.64573E-01 1.08227E+01
3.96252E-01 5.42484E-01 6.11791E-01 7.13637E-01 7.17267E-01 8.47655E-01 9.24851E-01 6.11791E-01 5.42484E-01 3.96252E-01 1.10227E+01
4.26652E-01 5.69308E-01 6.37844E-01 7.38413E-01 7.42284E-01 8.75891E-01 9.54980E-01 6.37844E-01 5.69308E-01 4.26652E-01 1.11800E+01
4.55672E-01 5.94796E-01 6.62555E-01 7.61837E-01 7.65950E-01 9.02700E-01 9.83706E-01 6.62555E-01 5.94796E-01 4.55672E-01 1.12958E+01
4.83223E-01 6.18857E-01 6.85834E-01 7.83820E-01 7.88178E-01 9.27987E-01 1.01093E+00 6.85834E-01 6.18857E-01 4.83223E-01 1.13716E+01
5.09226E-01 6.41416E-01 7.07603E-01 8.04285E-01 8.08888E-01 9.51672E-01 1.03658E+00 7.07603E-01 6.41416E-01 5.09226E-01 1.14091E+01
5.33586E-01 6.62378E-01 7.27770E-01 8.23136E-01 8.27986E-01 9.73653E-01 1.06053E+00 7.27770E-01 6.62378E-01 5.33586E-01 1.14098E+01
5.56266E-01 6.81705E-01 7.46295E-01 8.40338E-01 8.45435E-01 9.93891E-01 1.08275E+00 7.46295E-01 6.81705E-01 5.56266E-01 1.13761E+01
0.00000E+00 0.00000E+00 7.96608E-02 1.99137E-01 1.99167E-01 2.76238E-01 3.27154E-01 7.96608E-02 0.00000E+00 0.00000E+00 1.81699E+00
0.00000E+00 2.27851E-02 1.01699E-01 2.19914E-01 2.20148E-01 3.01808E-01 3.54156E-01 1.01699E-01 2.27851E-02 0.00000E+00 2.48315E+00
0.00000E+00 4.76950E-02 1.25883E-01 2.42874E-01 2.43314E-01 3.29380E-01 3.83182E-01 1.25883E-01 4.76950E-02 0.00000E+00 3.12540E+00
0.00000E+00 7.31139E-02 1.50592E-01 2.66385E-01 2.67032E-01 3.57364E-01 4.12646E-01 1.50592E-01 7.31139E-02 0.00000E+00 3.75294E+00
0.00000E+00 9.89570E-02 1.75738E-01 2.90353E-01 2.91210E-01 3.85681E-01 4.42470E-01 1.75738E-01 9.89570E-02 0.00000E+00 4.36197E+00
0.00000E+00 1.25126E-01 2.01219E-01 3.14675E-01 3.15744E-01 4.14236E-01 4.72559E-01 2.01219E-01 1.25126E-01 0.00000E+00 4.94806E+00
0.00000E+00 1.51504E-01 2.26917E-01 3.39226E-01 3.40509E-01 4.42914E-01 5.02800E-01 2.26917E-01 1.51504E-01 0.00000E+00 5.50859E+00
0.00000E+00 1.71988E-01 2.46878E-01 3.58307E-01 3.59756E-01 4.65127E-01 5.26239E-01 2.46878E-01 1.71988E-01 0.00000E+00 5.92489E+00
6.18365E-03 1.77332E-01 2.52071E-01 3.63243E-01 3.64742E-01 4.70960E-01 5.32435E-01 2.52071E-01 1.77332E-01 6.18365E-03 6.03526E+00
3.81137E-02 2.05304E-01 2.79322E-01 3.89278E-01 3.91013E-01 5.01220E-01 5.64435E-01 2.79322E-01 2.05304E-01 3.81137E-02 6.52227E+00
7.05703E-02 2.33861E-01 3.07155E-01 4.15892E-01 4.17867E-01 5.31988E-01 5.96987E-01 3.07155E-01 2.33861E-01 7.05703E-02 6.97050E+00
1.02744E-01 2.62186E-01 3.34752E-01 4.42264E-01 4.44484E-01 5.62448E-01 6.29275E-01 3.34752E-01 2.62186E-01 1.02744E-01 7.38407E+00
1.34481E-01 2.90125E-01 3.61959E-01 4.68237E-01 4.70706E-01 5.92440E-01 6.61138E-01 3.61959E-01 2.90125E-01 1.34481E-01 7.76137E+00
1.65647E-01 3.17540E-01 3.88636E-01 4.93673E-01 4.96396E-01 6.21824E-01 6.92434E-01 3.88636E-01 3.17540E-01 1.65647E-01 8.10042E+00
1.96115E-01 3.44305E-01 4.14659E-01 5.18445E-01 5.21426E-01 6.50469E-01 7.23030E-01 4.14659E-01 3.44305E-01 1.96115E-01 8.40045E+00
2.25775E-01 3.70308E-01 4.39912E-01 5.42438E-01 5.45680E-01 6.78258E-01 7.52807E-01 4.39912E-01 3.70308E-01 2.25775E-01 8.66138E+00
2.54515E-01 3.95438E-01 4.64286E-01 5.65541E-01 5.69047E-01 7.05076E-01 7.81646E-01 4.64286E-01 3.95438E-01 2.54515E-01 8.88319E+00
2.82231E-01 4.19590E-01 4.87675E-01 5.87649E-01 5.91423E-01 7.30815E-01 8.09437E-01 4.87675E-01 4.19590E-01 2.82231E-01 9.06624E+00
3.08829E-01 4.42671E-01 5.09986E-01 6.08667E-01 6.12710E-01 7.55375E-01 8.36077E-01 5.09986E-01 4.42671E-01 3.08829E-01 9.21125E+00
3.34222E-01 4.64594E-01 5.31130E-01 6.28508E-01 6.32823E-01 7.78667E-01 8.61473E-01 5.31130E-01 4.64594E-01 3.34222E-01 9.31928E+00
3.58335E-01 4.85283E-01 5.51034E-01 6.47096E-01 6.51684E-01 8.00609E-01 8.85540E-01 5.51034E-01 4.85283E-01 3.58335E-01 9.39166E+00
3.81100E-01 5.04672E-01 5.69630E-01 6.64366E-01 6.69228E-01 8.21133E-01 9.08206E-01 5.69630E-01 5.04672E-01 3.81100E-01 9.42998E+00
4.02462E-01 5.22707E-01 5.86863E-01 6.80263E-01 6.85398E-01 8.40180E-01 9.29408E-01 5.86863E-01 5.22707E-01 4.02462E-01 9.43601E+00
4.22377E-01 5.39342E-01 6.02690E-01 6.94741E-01 7.00151E-01 8.57701E-01 9.49093E-01 6.02690E-01 5.39342E-01 4.22377E-01 9.41173E+00
4.40783E-01 5.54519E-01 6.17050E-01 7.07742E-01 7.13425E-01 8.73630E-01 9.67192E-01 6.17050E-01 5.54519E-01 4.40783E-01 9.35874E+00
4.57671E-01 5.68227E-01 6.29934E-01 7.19258E-01 7.25211E-01 8.87957E-01 9.83689E-01 6.29934E-01 5.68227E-01 4.57671E-01 9.27958E+00
0.00000E+00 0.00000E+00 7.70753E-02 1.92655E-01 1.92721E-01 2.85659E-01 3.37688E-01 7.70753E-02 0.00000E+00 0.00000E+00 1.97818E+00
0.00000E+00 2.13197E-02 9.76695E-02 2.11999E-01 2.12318E-01 3.10079E-01 3.63863E-01 9.76695E-02 2.13197E-02 0.00000E+00 2.57566E+00
0.00000E+00 4.43161E-02 1.19958E-01 2.33067E-01 2.33639E-01 3.36005E-01 3.91561E-01 1.19958E-01 4.43161E-02 0.00000E+00 3.14084E+00
0.00000E+00 6.74823E-02 1.42427E-01 2.54337E-01 2.55163E-01 3.61961E-01 4.19313E-01 1.42427E-01 6.74823E-02 0.00000E+00 3.68365E+00
0.00000E+00 9.07540E-02 1.65011E-01 2.75737E-01 2.76819E-01 3.87893E-01 4.47064E-01 1.65011E-01 9.07540E-02 0.00000E+00 4.20162E+00
0.00000E+00 1.14042E-01 1.87617E-01 2.97172E-01 2.98511E-01 4.13714E-01 4.74730E-01 1.87617E-01 1.14042E-01 0.00000E+00 4.69147E+00
0.00000E+00 1.37256E-01 2.10154E-01 3.18545E-01 3.20144E-01 4.39341E-01 5.02228E-01 2.10154E-01 1.37256E-01 0.00000E+00 5.15196E+00
0.00000E+00 1.55125E-01 2.27501E-01 3.34996E-01 3.36797E-01 4.59006E-01 5.23355E-01 2.27501E-01 1.55125E-01 0.00000E+00 5.48910E+00
5.43341E-03 1.59743E-01 2.31967E-01 3.39201E-01 3.41061E-01 4.64128E-01 5.28907E-01 2.31967E-01 1.59743E-01 5.43341E-03 5.57677E+00
3.33701E-02 1.83839E-01 2.55338E-01 3.61330E-01 3.63473E-01 4.90561E-01 5.57402E-01 2.55338E-01 1.83839E-01 3.33701E-02 5.95798E+00
6.14939E-02 2.08184E-01 2.78954E-01 3.83696E-01 3.86126E-01 5.17133E-01 5.86077E-01 2.78954E-01 2.08184E-01 6.14939E-02 6.30031E+00
8.91014E-02 2.32069E-01 3.02103E-01 4.05585E-01 4.08306E-01 5.43135E-01 6.14222E-01 3.02103E-01 2.32069E-01 8.91014E-02 6.60833E+00
1.16070E-01 2.55369E-01 3.24660E-01 4.26870E-01 4.29886E-01 5.68439E-01 6.41709E-01 3.24660E-01 2.55369E-01 1.16070E-01 6.88148E+00
1.42291E-01 2.77975E-01 3.46514E-01 4.47441E-01 4.50756E-01 5.92929E-01 6.68419E-01 3.46514E-01 2.77975E-01 1.42291E-01 7.11884E+00
1.67670E-01 2.99791E-01 3.67571E-01 4.67203E-01 4.70818E-01 6.16509E-01 6.94251E-01 3.67571E-01 2.99791E-01 1.67670E-01 7.32058E+00
1.92129E-01 3.20739E-01 3.87751E-01 4.86075E-01 4.89994E-01 6.39096E-01 7.19120E-01 3.87751E-01 3.20739E-01 1.92129E-01 7.48742E+00
2.15589E-01 3.40739E-01 4.06974E-01 5.03977E-01 5.08201E-01 6.60606E-01 7.42937E-01 4.06974E-01 3.40739E-01 2.15589E-01 7.62007E+00
2.37977E-01 3.59718E-01 4.25167E-01 5.20836E-01 5.25367E-01 6.80963E-01 7.65624E-01 4.25167E-01 3.59718E-01 2.37977E-01 7.71951E+00
2.59230E-01 3.77614E-01 4.42268E-01 5.36590E-01 5.41428E-01 7.00101E-01 7.87110E-01 4.42268E-01 3.77614E-01 2.59230E-01 7.78698E+00
2.79294E-01 3.94371E-01 4.58221E-01 5.51183E-01 5.56328E-01 7.17961E-01 8.07331E-01 4.58221E-01 3.94371E-01 2.79294E-01 7.82395E+00
2.98121E-01 4.09944E-01 4.72980E-01 5.64570E-01 5.70022E-01 7.34494E-01 8.26234E-01 4.72980E-01 4.09944E-01 2.98121E-01 7.83206E+00
3.15675E-01 4.24296E-01 4.86510E-01 5.76715E-01 5.82473E-01 7.49660E-01 8.43774E-01 4.86510E-01 4.24296E-01 3.15675E-01 7.81312E+00
3.31929E-01 4.37399E-01 4.98783E-01 5.87591E-01 5.93652E-01 7.63429E-01 8.59918E-01 4.98783E-01 4.37399E-01 3.31929E-01 7.76904E+00
3.46864E-01 4.49237E-01 5.09781E-01 5.97181E-01 6.03543E-01 7.75780E-01 8.74638E-01 5.09781E-01 4.49237E-01 3.46864E-01 7.70179E+00
3.60445E-01 4.59776E-01 5.19471E-01 6.05452E-01 6.12112E-01 7.86676E-01 8.87892E-01 5.19471E-01 4.59776E-01 3.60445E-01 7.61309E+00
3.72686E-01 4.69028E-01 5.27866E-01 6.12419E-01 6.19372E-01 7.96127E-01 8.99687E-01 5.27866E-01 4.69028E-01 3.72686E-01 7.50528E+00
0.00000E+00 0.00000E+00 7.48542E-02 1.87064E-01 1.87207E-01 2.97883E-01 3.51290E-01 7.48542E-02 0.00000E+00 0.00000E+00 2.12607E+00
0.00000E+00 1.97912E-02 9.39224E-02 2.04857E-01 2.05315E-01 3.20939E-01 3.76522E-01 9.39224E-02 1.97912E-02 0.00000E+00 2.65206E+00
0.00000E+00 4.08548E-02 1.14276E-01 2.23961E-01 2.24732E-01 3.45049E-01 4.02813E-01 1.14276E-01 4.08548E-02 0.00000E+00 3.13987E+00
0.00000E+00 6.18013E-02 1.34520E-01 2.42971E-01 2.44055E-01 3.68862E-01 4.28820E-01 1.34520E-01 6.18013E-02 0.00000E+00 3.59999E+00
0.00000E+00 8.25893E-02 1.54612E-01 2.61839E-01 2.63237E-01 3.92348E-01 4.54517E-01 1.54612E-01 8.25893E-02 0.00000E+00 4.03124E+00
0.00000E+00 1.03143E-01 1.74472E-01 2.80483E-01 2.82196E-01 4.15434E-01 4.79830E-01 1.74472E-01 1.03143E-01 0.00000E+00 4.43141E+00
0.00000E+00 1.23400E-01 1.94037E-01 2.98838E-01 3.00865E-01 4.38071E-01 5.04710E-01 1.94037E-01 1.23400E-01 0.00000E+00 4.80049E+00
0.00000E+00 1.38853E-01 2.08956E-01 3.12821E-01 3.15093E-01 4.55274E-01 5.23657E-01 2.08956E-01 1.38853E-01 0.00000E+00 5.06636E+00
4.74143E-03 1.42807E-01 2.12753E-01 3.16346E-01 3.18689E-01 4.59712E-01 5.28607E-01 2.12753E-01 1.42807E-01 4.74143E-03 5.13388E+00
2.90158E-02 1.63375E-01 2.32576E-01 3.34869E-01 3.37551E-01 4.82512E-01 5.53848E-01 2.32576E-01 1.63375E-01 2.90158E-02 5.42188E+00
5.32144E-02 1.83934E-01 2.52382E-01 3.53365E-01 3.56389E-01 5.05158E-01 5.78968E-01 2.52382E-01 1.83934E-01 5.32144E-02 5.67259E+00
7.67341E-02 2.03876E-01 2.71562E-01 3.71220E-01 3.74589E-01 5.27042E-01 6.03359E-01 2.71562E-01 2.03876E-01 7.67341E-02 5.89087E+00
9.94820E-02 2.23105E-01 2.90019E-01 3.88339E-01 3.92055E-01 5.48067E-01 6.26920E-01 2.90019E-01 2.23105E-01 9.94820E-02 6.07697E+00
1.21375E-01 2.41537E-01 3.07669E-01 4.04637E-01 4.08702E-01 5.68145E-01 6.49559E-01 3.07669E-01 2.41537E-01 1.21375E-01 6.23083E+00
1.42348E-01 2.59108E-01 3.24448E-01 4.20049E-01 4.24463E-01 5.87208E-01 6.71205E-01 3.24448E-01 2.59108E-01 1.42348E-01 6.35331E+00
1.62353E-01 2.75766E-01 3.40305E-01 4.34524E-01 4.39287E-01 6.05204E-01 6.91801E-01 3.40305E-01 2.75766E-01 1.62353E-01 6.44569E+00
1.81338E-01 2.91460E-01 3.55186E-01 4.48009E-01 4.53123E-01 6.22077E-01 7.11287E-01 3.55186E-01 2.91460E-01 1.81338E-01 6.50915E+00
1.99257E-01 3.06145E-01 3.69048E-01 4.60462E-01 4.65923E-01 6.37781E-01 7.29610E-01 3.69048E-01 3.06145E-01 1.99257E-01 6.54506E+00
2.16074E-01 3.19784E-01 3.81853E-01 4.71844E-01 4.77651E-01 6.52276E-01 7.46726E-01 3.81853E-01 3.19784E-01 2.16074E-01 6.55497E+00
2.31760E-01 3.32347E-01 3.93573E-01 4.82127E-01 4.88278E-01 6.65529E-01 7.62599E-01 3.93573E-01 3.32347E-01 2.31760E-01 6.54055E+00
2.46293E-01 3.43814E-01 4.04186E-01 4.91291E-01 4.97782E-01 6.77518E-01 7.77198E-01 4.04186E-01 3.43814E-01 2.46293E-01 6.50357E+00
2.59658E-01 3.54170E-01 4.13679E-01 4.99323E-01 5.06150E-01 6.88226E-01 7.90502E-01 4.13679E-01 3.54170E-01 2.59658E-01 6.44588E+00
2.71851E-01 3.63409E-01 4.22046E-01 5.06218E-01 5.13375E-01 6.97645E-01 8.02499E-01 4.22046E-01 3.63409E-01 2.71851E-01 6.36933E+00
2.82871E-01 3.71533E-01 4.29288E-01 5.11978E-01 5.19460E-01 7.05776E-01 8.13182E-01 4.29288E-01 3.71533E-01 2.82871E-01 6.27583E+00
2.92706E-01 3.78530E-01 4.35394E-01 5.16592E-01 5.24392E-01 7.12602E-01 8.22530E-01 4.35394E-01 3.78530E-01 2.92706E-01 6.16701E+00
3.01383E-01 3.84427E-01 4.40392E-01 5.20090E-01 5.28201E-01 7.18151E-01 8.30565E-01 4.40392E-01 3.84427E-01 3.01383E-01 6.04493E+00
0.00000E+00 0.00000E+00 7.29327E-02 1.82183E-01 1.82481E-01 3.12490E-01 3.67980E-01 7.29327E-02 0.00000E+00 0.00000E+00 2.25315E+00
0.00000E+00 1.82001E-02 9.03880E-02 1.98294E-01 1.98987E-01 3.33938E-01 3.92120E-01 9.03880E-02 1.82001E-02 0.00000E+00 2.70606E+00
0.00000E+00 3.73127E-02 1.08766E-01 2.15349E-01 2.16432E-01 3.56037E-01 4.16895E-01 1.08766E-01 3.73127E-02 0.00000E+00 3.11718E+00
0.00000E+00 5.60727E-02 1.26797E-01 2.32070E-01 2.33541E-01 3.77566E-01 4.41096E-01 1.26797E-01 5.60727E-02 0.00000E+00 3.49743E+00
0.00000E+00 7.44625E-02 1.44460E-01 2.48432E-01 2.50288E-01 3.98522E-01 4.64723E-01 1.44460E-01 7.44625E-02 0.00000E+00 3.84675E+00
0.00000E+00 9.24219E-02 1.61694E-01 2.64371E-01 2.66610E-01 4.18849E-01 4.87720E-01 1.61694E-01 9.24219E-02 0.00000E+00 4.16393E+00
0.00000E+00 1.09916E-01 1.78463E-01 2.79847E-01 2.82468E-01 4.38526E-01 5.10068E-01 1.78463E-01 1.09916E-01 0.00000E+00 4.44996E+00
0.00000E+00 1.23139E-01 1.91123E-01 2.91507E-01 2.94422E-01 4.53327E-01 5.26935E-01 1.91123E-01 1.23139E-01 0.00000E+00 4.65200E+00
4.10299E-03 1.26485E-01 1.94305E-01 2.94398E-01 2.97398E-01 4.57104E-01 5.31314E-01 1.94305E-01 1.26485E-01 4.10299E-03 4.70169E+00
2.50171E-02 1.43844E-01 2.10879E-01 3.09581E-01 3.12987E-01 4.76421E-01 5.53496E-01 2.10879E-01 1.43844E-01 2.50171E-02 4.90807E+00
4.56569E-02 1.61003E-01 2.27243E-01 3.24541E-01 3.28352E-01 4.95359E-01 5.75315E-01 2.27243E-01 1.61003E-01 4.56569E-02 5.07997E+00
6.55134E-02 1.77444E-01 2.42878E-01 3.38758E-01 3.42974E-01 5.13404E-01 5.96260E-01 2.42878E-01 1.77444E-01 6.55134E-02 5.22241E+00
8.45208E-02 1.93101E-01 2.57718E-01 3.52164E-01 3.56786E-01 5.30489E-01 6.16257E-01 2.57718E-01 1.93101E-01 8.45208E-02 5.33626E+00
1.02620E-01 2.07914E-01 2.71703E-01 3.64701E-01 3.69725E-01 5.46549E-01 6.35237E-01 2.71703E-01 2.07914E-01 1.02620E-01 5.42210E+00
1.19774E-01 2.21845E-01 2.84794E-01 3.76328E-01 3.81754E-01 5.61544E-01 6.53155E-01 2.84794E-01 2.21845E-01 1.19774E-01 5.48126E+00
1.35957E-01 2.34867E-01 2.96965E-01 3.87020E-01 3.92844E-01 5.75448E-01 6.69979E-01 2.96965E-01 2.34867E-01 1.35957E-01 5.51536E+00
1.51142E-01 2.46951E-01 3.08187E-01 3.96750E-01 4.02968E-01 5.88230E-01 6.85674E-01 3.08187E-01 2.46951E-01 1.51142E-01 5.52586E+00
1.65306E-01 2.58076E-01 3.18438E-01 4.05496E-01 4.12103E-01 5.99867E-01 7.00210E-01 3.18438E-01 2.58076E-01 1.65306E-01 5.51434E+00
1.78434E-01 2.68225E-01 3.27703E-01 4.13244E-01 4.20234E-01 6.10342E-01 7.13565E-01 3.27703E-01 2.68225E-01 1.78434E-01 5.48248E+00
1.90518E-01 2.77391E-01 3.35974E-01 4.19986E-01 4.27352E-01 6.19644E-01 7.25721E-01 3.35974E-01 2.77391E-01 1.90518E-01 5.43200E+00
2.01554E-01 2.85570E-01 3.43248E-01 4.25720E-01 4.33455E-01 6.27770E-01 7.36670E-01 3.43248E-01 2.85570E-01 2.01554E-01 5.36463E+00
2.11547E-01 2.92765E-01 3.49529E-01 4.30452E-01 4.38547E-01 6.34724E-01 7.46408E-01 3.49529E-01 2.92765E-01 2.11547E-01 5.28214E+00
2.20506E-01 2.98987E-01 3.54828E-01 4.34192E-01 4.42639E-01 6.40513E-01 7.54938E-01 3.54828E-01 2.98987E-01 2.20506E-01 5.18626E+00
2.28445E-01 3.04251E-01 3.59159E-01 4.36958E-01 4.45746E-01 6.45153E-01 7.62270E-01 3.59159E-01 3.04251E-01 2.28445E-01 5.07867E+00
2.35369E-01 3.08559E-01 3.62528E-01 4.38755E-01 4.47873E-01 6.48646E-01 7.68397E-01 3.62528E-01 3.08559E-01 2.35369E-01 4.96089E+00
2.41313E-01 3.11949E-01 3.64970E-01 4.39621E-01 4.49056E-01 6.51029E-01 7.73353E-01 3.64970E-01 3.11949E-01 2.41313E-01 4.83462E+00
0.00000E+00 0.00000E+00 7.12614E-02 1.77852E-01 1.78454E-01 3.28929E-01 3.87705E-01 7.12614E-02 0.00000E+00 0.00000E+00 2.35046E+00
0.00000E+00 1.65605E-02 8.70290E-02 1.92157E-01 1.93254E-01 3.48511E-01 4.10581E-01 8.70290E-02 1.65605E-02 0.00000E+00 2.73037E+00
0.00000E+00 3.37248E-02 1.03409E-01 2.07097E-01 2.08678E-01 3.68402E-01 4.33715E-01 1.03409E-01 3.37248E-02 0.00000E+00 3.06717E+00
0.00000E+00 5.03565E-02 1.19261E-01 2.21520E-01 2.23579E-01 3.87512E-01 4.56036E-01 1.19261E-01 5.03565E-02 0.00000E+00 3.37194E+00
0.00000E+00 6.64607E-02 1.34587E-01 2.35427E-01 2.37957E-01 4.05864E-01 4.77572E-01 1.34587E-01 6.64607E-02 0.00000E+00 3.64555E+00
0.00000E+00 8.19944E-02 1.49343E-01 2.48770E-01 2.51764E-01 4.23418E-01 4.98283E-01 1.49343E-01 8.19944E-02 0.00000E+00 3.88769E+00
0.00000E+00 9.69479E-02 1.63517E-01 2.61535E-01 2.64987E-01 4.40183E-01 5.18180E-01 1.63517E-01 9.69479E-02 0.00000E+00 4.10010E+00
0.00000E+00 1.08143E-01 1.74108E-01 2.71036E-01 2.74840E-01 4.52652E-01 5.33059E-01 1.74108E-01 1.08143E-01 0.00000E+00 4.24641E+00
3.52190E-03 1.10945E-01 1.76733E-01 2.73343E-01 2.77248E-01 4.55792E-01 5.36897E-01 1.76733E-01 1.10945E-01 3.52190E-03 4.28077E+00
2.13958E-02 1.25438E-01 1.90382E-01 2.85479E-01 2.89862E-01 4.71791E-01 5.56204E-01 1.90382E-01 1.25438E-01 2.13958E-02 4.41767E+00
3.88578E-02 1.39599E-01 2.03689E-01 2.97258E-01 3.02116E-01 4.87251E-01 5.74966E-01 2.03689E-01 1.39599E-01 3.88578E-02 4.52384E+00
5.54844E-02 1.52997E-01 2.16220E-01 3.08249E-01 3.13577E-01 5.01744E-01 5.92756E-01 2.16220E-01 1.52997E-01 5.54844E-02 4.60428E+00
7.12340E-02 1.65589E-01 2.27933E-01 3.18407E-01 3.24200E-01 5.15229E-01 6.09525E-01 2.27933E-01 1.65589E-01 7.12340E-02 4.66030E+00
8.60696E-02 1.77336E-01 2.38790E-01 3.27696E-01 3.33947E-01 5.27662E-01 6.25226E-01 2.38790E-01 1.77336E-01 8.60696E-02 4.69288E+00
9.99752E-02 1.88221E-01 2.48773E-01 3.36098E-01 3.42801E-01 5.39027E-01 6.39836E-01 2.48773E-01 1.88221E-01 9.99752E-02 4.70362E+00
1.12946E-01 1.98238E-01 2.57876E-01 3.43609E-01 3.50755E-01 5.49319E-01 6.53344E-01 2.57876E-01 1.98238E-01 1.12946E-01 4.69428E+00
1.24972E-01 2.07377E-01 2.66091E-01 3.50219E-01 3.57799E-01 5.58527E-01 6.65733E-01 2.66091E-01 2.07377E-01 1.24972E-01 4.66643E+00
1.36051E-01 2.15633E-01 2.73412E-01 3.55925E-01 3.63930E-01 5.66647E-01 6.76993E-01 2.73412E-01 2.15633E-01 1.36051E-01 4.62172E+00
1.46184E-01 2.23008E-01 2.79841E-01 3.60731E-01 3.69149E-01 5.73680E-01 6.87117E-01 2.79841E-01 2.23008E-01 1.46184E-01 4.56177E+00
1.55376E-01 2.29507E-01 2.85385E-01 3.64643E-01 3.73462E-01 5.79631E-01 6.96107E-01 2.85385E-01 2.29507E-01 1.55376E-01 4.48823E+00
1.63639E-01 2.35141E-01 2.90055E-01 3.67675E-01 3.76882E-01 5.84513E-01 7.03966E-01 2.90055E-01 2.35141E-01 1.63639E-01 4.40272E+00
1.70990E-01 2.39926E-01 2.93868E-01 3.69844E-01 3.79425E-01 5.88342E-01 7.10705E-01 2.93868E-01 2.39926E-01 1.70990E-01 4.30680E+00
1.77448E-01 2.43882E-01 2.96843E-01 3.71172E-01 3.81112E-01 5.91139E-01 7.16338E-01 2.96843E-01 2.43882E-01 1.77448E-01 4.20200E+00
1.83037E-01 2.47032E-01 2.99006E-01 3.71684E-01 3.81969E-01 5.92929E-01 7.20886E-01 2.99006E-01 2.47032E-01 1.83037E-01 4.08976E+00
1.87772E-01 2.49390E-01 3.00371E-01 3.71399E-01 3.82011E-01 5.93725E-01 7.24353E-01 3.00371E-01 2.49390E-01 1.87772E-01 3.97138E+00
1.91692E-01 2.50997E-01 3.00979E-01 3.70356E-01 3.81279E-01 5.93572E-01 7.26778E-01 3.00979E-01 2.50997E-01 1.91692E-01 3.84823E+00
0.00000E+00 0.00000E+00 6.95865E-02 1.73377E-01 1.74556E-01 3.46191E-01 4.10111E-01 6.95865E-02 0.00000E+00 0.00000E+00 2.41832E+00
0.00000E+00 1.48511E-02 8.35793E-02 1.85752E-01 1.87545E-01 3.63670E-01 4.31522E-01 8.35793E-02 1.48511E-02 0.00000E+00 2.72486E+00
0.00000E+00 3.00296E-02 9.79082E-02 1.98490E-01 2.00878E-01 3.81155E-01 4.52845E-01 9.79082E-02 3.00296E-02 0.00000E+00 2.98847E+00
0.00000E+00 4.45323E-02 1.11565E-01 2.10571E-01 2.13539E-01 3.97690E-01 4.73150E-01 1.11565E-01 4.45323E-02 0.00000E+00 3.22020E+00
0.00000E+00 5.83856E-02 1.24574E-01 2.22016E-01 2.25551E-01 4.13321E-01 4.92489E-01 1.24574E-01 5.83856E-02 0.00000E+00 3.42168E+00
0.00000E+00 7.15636E-02 1.36907E-01 2.32794E-01 2.36884E-01 4.28028E-01 5.10843E-01 1.36907E-01 7.15636E-02 0.00000E+00 3.59338E+00
0.00000E+00 8.40794E-02 1.48578E-01 2.42916E-01 2.47546E-01 4.41842E-01 5.28247E-01 1.48578E-01 8.40794E-02 0.00000E+00 3.73760E+00
0.00000E+00 9.33471E-02 1.57190E-01 2.50332E-01 2.55374E-01 4.51975E-01 5.41124E-01 1.57190E-01 9.33471E-02 0.00000E+00 3.83283E+00
2.96351E-03 9.56355E-02 1.59286E-01 2.52081E-01 2.57240E-01 4.54479E-01 5.44418E-01 1.59286E-01 9.56355E-02 2.96351E-03 3.85331E+00
1.79293E-02 1.07436E-01 1.70172E-01 2.61311E-01 2.67023E-01 4.67192E-01 5.60865E-01 1.70172E-01 1.07436E-01 1.79293E-02 3.92773E+00
3.23813E-02 1.18807E-01 1.80617E-01 2.70090E-01 2.76345E-01 4.79245E-01 5.76614E-01 1.80617E-01 1.18807E-01 3.23813E-02 3.97565E+00
4.59771E-02 1.29398E-01 1.90270E-01 2.78067E-01 2.84853E-01 4.90292E-01 5.91320E-01 1.90270E-01 1.29398E-01 4.59771E-02 4.00189E+00
5.86971E-02 1.39188E-01 1.99111E-01 2.85220E-01 2.92527E-01 5.00311E-01 6.04957E-01 1.99111E-01 1.39188E-01 5.86971E-02 4.00805E+00
7.05236E-02 1.48158E-01 2.07120E-01 2.91532E-01 2.99346E-01 5.09283E-01 6.17498E-01 2.07120E-01 1.48158E-01 7.05236E-02 3.99541E+00
8.14593E-02 1.56310E-01 2.14300E-01 2.97005E-01 3.05312E-01 5.17210E-01 6.28938E-01 2.14300E-01 1.56310E-01 8.14593E-02 3.96572E+00
9.15164E-02 1.63653E-01 2.20660E-01 3.01652E-01 3.10437E-01 5.24105E-01 6.39286E-01 2.20660E-01 1.63653E-01 9.15164E-02 3.92075E+00
1.00702E-01 1.70192E-01 2.26207E-01 3.05479E-01 3.14726E-01 5.29975E-01 6.48541E-01 2.26207E-01 1.70192E-01 1.00702E-01 3.86212E+00
1.09026E-01 1.75939E-01 2.30952E-01 3.08498E-01 3.18192E-01 5.34832E-01 6.56708E-01 2.30952E-01 1.75939E-01 1.09026E-01 3.79142E+00
1.16505E-01 1.80908E-01 2.34909E-01 3.10727E-01 3.20849E-01 5.38691E-01 6.63798E-01 2.34909E-01 1.80908E-01 1.16505E-01 3.71019E+00
1.23157E-01 1.85116E-01 2.38098E-01 3.12185E-01 3.22716E-01 5.41572E-01 6.69821E-01 2.38098E-01 1.85116E-01 1.23157E-01 3.61993E+00
1.29003E-01 1.88584E-01 2.40541E-01 3.12895E-01 3.23816E-01 5.43498E-01 6.74797E-01 2.40541E-01 1.88584E-01 1.29003E-01 3.52208E+00
1.34070E-01 1.91338E-01 2.42262E-01 3.12886E-01 3.24176E-01 5.44498E-01 6.78746E-01 2.42262E-01 1.91338E-01 1.34070E-01 3.41800E+00
1.38385E-01 1.93404E-01 2.43290E-01 3.12185E-01 3.23825E-01 5.44600E-01 6.81691E-01 2.43290E-01 1.93404E-01 1.38385E-01 3.30898E+00
1.41978E-01 1.94813E-01 2.43657E-01 3.10828E-01 3.22794E-01 5.43840E-01 6.83661E-01 2.43657E-01 1.94813E-01 1.41978E-01 3.19620E+00
1.44872E-01 1.95587E-01 2.43384E-01 3.08836E-01 3.21107E-01 5.42238E-01 6.84670E-01 2.43384E-01 1.95587E-01 1.44872E-01 3.08073E+00
1.47109E-01 1.95766E-01 2.42514E-01 3.06255E-01 3.18809E-01 5.39842E-01 6.84761E-01 2.42514E-01 1.95766E-01 1.47109E-01 2.96364E+00
0.00000E+00 0.00000E+00 6.80781E-02 1.69123E-01 1.71267E-01 3.63698E-01 4.35019E-01 6.80781E-02 0.00000E+00 0.00000E+00 2.43796E+00
0.00000E+00 1.31685E-02 8.02991E-02 1.79530E-01 1.82421E-01 3.78871E-01 4.54777E-01 8.02991E-02 1.31685E-02 0.00000E+00 2.67602E+00
0.00000E+00 2.64597E-02 9.26534E-02 1.90104E-01 1.93712E-01 3.93831E-01 4.74173E-01 9.26534E-02 2.64597E-02 0.00000E+00 2.87373E+00
0.00000E+00 3.90004E-02 1.04262E-01 1.99955E-01 2.04254E-01 4.07752E-01 4.92414E-01 1.04262E-01 3.90004E-02 0.00000E+00 3.04177E+00
0.00000E+00 5.08347E-02 1.15167E-01 2.09120E-01 2.14088E-01 4.20700E-01 5.09575E-01 1.15167E-01 5.08347E-02 0.00000E+00 3.18226E+00
0.00000E+00 6.19528E-02 1.25357E-01 2.17586E-01 2.23199E-01 4.32669E-01 5.25654E-01 1.25357E-01 6.19528E-02 0.00000E+00 3.29617E+00
0.00000E+00 7.23854E-02 1.34862E-01 2.25379E-01 2.31615E-01 4.43709E-01 5.40707E-01 1.34862E-01 7.23854E-02 0.00000E+00 3.38610E+00
0.00000E+00 8.00349E-02 1.41793E-01 2.30993E-01 2.37697E-01 4.51681E-01 5.51726E-01 1.41793E-01 8.00349E-02 0.00000E+00 3.44164E+00
2.48763E-03 8.19004E-02 1.43448E-01 2.32266E-01 2.39104E-01 4.53603E-01 5.54520E-01 1.43448E-01 8.19004E-02 2.48763E-03 3.45160E+00
1.49970E-02 9.14970E-02 1.52045E-01 2.39046E-01 2.46505E-01 4.63347E-01 5.68367E-01 1.52045E-01 9.14970E-02 1.49970E-02 3.47965E+00
2.69566E-02 1.00630E-01 1.60167E-01 2.45348E-01 2.53410E-01 4.72379E-01 5.81426E-01 1.60167E-01 1.00630E-01 2.69566E-02 3.48591E+00
3.80919E-02 1.09017E-01 1.67534E-01 2.50890E-01 2.59534E-01 4.80423E-01 5.93422E-01 1.67534E-01 1.09017E-01 3.80919E-02 3.47485E+00
4.84001E-02 1.16654E-01 1.74140E-01 2.55667E-01 2.64872E-01 4.87476E-01 6.04347E-01 1.74140E-01 1.16654E-01 4.84001E-02 3.44814E+00
5.78781E-02 1.23536E-01 1.79982E-01 2.59676E-01 2.69421E-01 4.93533E-01 6.14188E-01 1.79982E-01 1.23536E-01 5.78781E-02 3.40713E+00
6.65417E-02 1.29677E-01 1.85073E-01 2.62933E-01 2.73195E-01 4.98611E-01 6.22956E-01 1.85073E-01 1.29677E-01 6.65417E-02 3.35349E+00
7.44135E-02 1.35097E-01 1.89435E-01 2.65460E-01 2.76217E-01 5.02735E-01 6.30670E-01 1.89435E-01 1.35097E-01 7.44135E-02 3.28886E+00
8.15108E-02 1.39813E-01 1.93084E-01 2.67276E-01 2.78503E-01 5.05924E-01 6.37344E-01 1.93084E-01 1.39813E-01 8.15108E-02 3.21471E+00
8.78535E-02 1.43842E-01 1.96041E-01 2.68402E-01 2.80073E-01 5.08199E-01 6.42992E-01 1.96041E-01 1.43842E-01 8.78535E-02 3.13246E+00
9.34641E-02 1.47207E-01 1.98326E-01 2.68861E-01 2.80951E-01 5.09585E-01 6.47632E-01 1.98326E-01 1.47207E-01 9.34641E-02 3.04343E+00
9.83676E-02 1.49931E-01 1.99967E-01 2.68680E-01 2.81163E-01 5.10110E-01 6.51286E-01 1.99967E-01 1.49931E-01 9.83676E-02 2.94890E+00
1.02591E-01 1.52041E-01 2.00988E-01 2.67888E-01 2.80737E-01 5.09804E-01 6.53979E-01 2.00988E-01 1.52041E-01 1.02591E-01 2.85006E+00
1.06164E-01 1.53564E-01 2.01420E-01 2.66516E-01 2.79704E-01 5.08700E-01 6.55736E-01 2.01420E-01 1.53564E-01 1.06164E-01 2.74800E+00
1.09117E-01 1.54531E-01 2.01293E-01 2.64595E-01 2.78095E-01 5.06831E-01 6.56588E-01 2.01293E-01 1.54531E-01 1.09117E-01 2.64374E+00
1.11481E-01 1.54972E-01 2.00639E-01 2.62161E-01 2.75944E-01 5.04235E-01 6.56564E-01 2.00639E-01 1.54972E-01 1.11481E-01 2.53819E+00
1.13282E-01 1.54912E-01 1.99484E-01 2.59239E-01 2.73277E-01 5.00937E-01 6.55685E-01 1.99484E-01 1.54912E-01 1.13282E-01 2.43218E+00
1.14558E-01 1.54389E-01 1.97868E-01 2.55872E-01 2.70137E-01 4.96985E-01 6.53994E-01 1.97868E-01 1.54389E-01 1.14558E-01 2.32648E+00
0.00000E+00 0.00000E+00 6.67212E-02 1.64973E-01 1.68633E-01 3.80695E-01 4.62109E-01 6.67212E-02 0.00000E+00 0.00000E+00 2.40012E+00
0.00000E+00 1.15667E-02 7.72270E-02 1.73427E-01 1.77974E-01 3.93400E-01 4.80027E-01 7.72270E-02 1.15667E-02 0.00000E+00 2.57774E+00
0.00000E+00 2.31355E-02 8.77494E-02 1.81947E-01 1.87333E-01 4.05774E-01 4.97396E-01 8.77494E-02 2.31355E-02 0.00000E+00 2.72001E+00
0.00000E+00 3.39551E-02 9.75306E-02 1.89759E-01 1.95945E-01 4.17110E-01 5.13554E-01 9.75306E-02 3.39551E-02 0.00000E+00 2.83690E+00
0.00000E+00 4.40821E-02 1.06625E-01 1.96914E-01 2.03862E-01 4.27484E-01 5.28590E-01 1.06625E-01 4.40821E-02 0.00000E+00 2.93064E+00
0.00000E+00 5.35209E-02 1.15036E-01 2.03412E-01 2.11086E-01 4.36906E-01 5.42519E-01 1.15036E-01 5.35209E-02 0.00000E+00 3.00249E+00
0.00000E+00 6.23135E-02 1.22803E-01 2.09289E-01 2.17656E-01 4.45436E-01 5.55411E-01 1.22803E-01 6.23135E-02 0.00000E+00 3.05493E+00
2.77556E-17 6.87240E-02 1.28422E-01 2.13458E-01 2.22340E-01 4.51497E-01 5.64758E-01 1.28422E-01 6.87240E-02 2.77556E-17 3.08430E+00
2.11387E-03 7.02755E-02 1.29743E-01 2.14360E-01 2.23387E-01 4.52908E-01 5.67104E-01 1.29743E-01 7.02755E-02 2.11387E-03 3.08772E+00
1.27206E-02 7.82534E-02 1.36623E-01 2.19252E-01 2.28951E-01 4.60098E-01 5.78672E-01 1.36623E-01 7.82534E-02 1.27206E-02 3.08812E+00
2.28105E-02 8.57999E-02 1.43064E-01 2.23713E-01 2.34053E-01 4.66602E-01 5.89431E-01 1.43064E-01 8.57999E-02 2.28105E-02 3.07169E+00
3.21607E-02 9.26855E-02 1.48837E-01 2.27509E-01 2.38459E-01 4.72195E-01 5.99159E-01 1.48837E-01 9.26855E-02 3.21607E-02 3.04240E+00
4.07787E-02 9.89146E-02 1.53946E-01 2.30648E-01 2.42176E-01 4.76887E-01 6.07859E-01 1.53946E-01 9.89146E-02 4.07787E-02 3.00171E+00
4.86705E-02 1.04492E-01 1.58397E-01 2.33135E-01 2.45209E-01 4.80682E-01 6.15529E-01 1.58397E-01 1.04492E-01 4.86705E-02 2.95083E+00
5.58579E-02 1.09438E-01 1.62210E-01 2.34993E-01 2.47579E-01 4.83604E-01 6.22188E-01 1.62210E-01 1.09438E-01 5.58579E-02 2.89113E+00
6.23674E-02 1.13775E-01 1.65410E-01 2.36248E-01 2.49313E-01 4.85685E-01 6.27862E-01 1.65410E-01 1.13775E-01 6.23674E-02 2.82396E+00
6.82198E-02 1.17523E-01 1.68017E-01 2.36921E-01 2.50432E-01 4.86948E-01 6.32569E-01 1.68017E-01 1.17523E-01 6.82198E-02 2.75047E+00
7.34376E-02 1.20703E-01 1.70053E-01 2.37035E-01 2.50958E-01 4.87418E-01 6.36329E-01 1.70053E-01 1.20703E-01 7.34376E-02 2.67178E+00
7.80444E-02 1.23338E-01 1.71541E-01 2.36617E-01 2.50917E-01 4.87124E-01 6.39164E-01 1.71541E-01 1.23338E-01 7.80444E-02 2.58891E+00
8.20652E-02 1.25450E-01 1.72507E-01 2.35692E-01 2.50335E-01 4.86093E-01 6.41099E-01 1.72507E-01 1.25450E-01 8.20652E-02 2.50281E+00
8.55263E-02 1.27066E-01 1.72975E-01 2.34288E-01 2.49239E-01 4.84358E-01 6.42158E-01 1.72975E-01 1.27066E-01 8.55263E-02 2.41437E+00
8.84549E-02 1.28210E-01 1.72974E-01 2.32433E-01 2.47658E-01 4.81949E-01 6.42369E-01 1.72974E-01 1.28210E-01 8.84549E-02 2.32440E+00
9.08787E-02 1.28909E-01 1.72530E-01 2.30158E-01 2.45622E-01 4.78901E-01 6.41762E-01 1.72530E-01 1.28909E-01 9.08787E-02 2.23360E+00
9.28261E-02 1.29191E-01 1.71673E-01 2.27491E-01 2.43161E-01 4.75247E-01 6.40368E-01 1.71673E-01 1.29191E-01 9.28261E-02 2.14264E+00
9.43185E-02 1.29077E-01 1.70424E-01 2.24457E-01 2.40299E-01 4.71013E-01 6.38203E-01 1.70424E-01 1.29077E-01 9.43185E-02 2.05209E+00
9.53904E-02 1.28599E-01 1.68818E-01 2.21091E-01 2.37071E-01 4.66241E-01 6.35311E-01 1.68818E-01 1.28599E-01 9.53904E-02 1.96248E+00
0.00000E+00 0.00000E+00 6.50843E-02 1.59699E-01 1.65723E-01 3.96202E-01 4.90434E-01 6.50843E-02 0.00000E+00 0.00000E+00 2.32703E+00
0.00000E+00 1.00064E-02 7.39033E-02 1.66223E-01 1.73247E-01 4.06376E-01 5.06335E-01 7.39033E-02 1.00064E-02 0.00000E+00 2.44986E+00
0.00000E+00 1.99170E-02 8.26472E-02 1.72740E-01 1.80696E-01 4.16136E-01 5.21533E-01 8.26472E-02 1.99170E-02 0.00000E+00 2.54248E+00
0.00000E+00 2.90954E-02 9.06720E-02 1.78587E-01 1.87418E-01 4.24881E-01 5.35483E-01 9.06720E-02 2.90954E-02 0.00000E+00 2.61399E+00
0.00000E+00 3.76058E-02 9.80394E-02 1.83822E-01 1.93475E-01 4.32695E-01 5.48288E-01 9.80394E-02 3.76058E-02 0.00000E+00 2.66659E+00
0.00000E+00 4.54630E-02 1.04763E-01 1.88453E-01 1.98877E-01 4.39599E-01 5.59970E-01 1.04763E-01 4.54630E-02 0.00000E+00 2.70165E+00
0.00000E+00 5.27161E-02 1.10890E-01 1.92524E-01 2.03671E-01 4.45660E-01 5.70615E-01 1.10890E-01 5.27161E-02 0.00000E+00 2.72144E+00
0.00000E+00 5.79659E-02 1.15272E-01 1.95337E-01 2.07015E-01 4.49842E-01 5.78227E-01 1.15272E-01 5.79659E-02 0.00000E+00 2.72810E+00
1.75982E-03 5.92240E-02 1.16278E-01 1.95891E-01 2.07716E-01 4.50752E-01 5.80105E-01 1.16278E-01 5.92240E-02 1.75982E-03 2.72588E+00
1.05646E-02 6.56867E-02 1.21544E-01 1.99020E-01 2.11522E-01 4.55440E-01 5.89308E-01 1.21544E-01 6.56867E-02 1.05646E-02 2.70262E+00
1.88836E-02 7.17467E-02 1.26404E-01 2.01762E-01 2.14897E-01 4.59471E-01 5.97682E-01 1.26404E-01 7.17467E-02 1.88836E-02 2.66684E+00
2.65406E-02 7.72212E-02 1.30676E-01 2.03931E-01 2.17656E-01 4.62666E-01 6.05053E-01 1.30676E-01 7.72212E-02 2.65406E-02 2.62198E+00
3.35504E-02 8.21222E-02 1.34370E-01 2.05542E-01 2.19814E-01 4.65044E-01 6.11433E-01 1.34370E-01 8.21222E-02 3.35504E-02 2.56929E+00
3.99260E-02 8.64612E-02 1.37501E-01 2.06608E-01 2.21383E-01 4.66617E-01 6.16829E-01 1.37501E-01 8.64612E-02 3.99260E-02 2.50983E+00
4.56931E-02 9.02613E-02 1.40092E-01 2.07155E-01 2.22389E-01 4.67415E-01 6.21266E-01 1.40092E-01 9.02613E-02 4.56931E-02 2.44472E+00
5.08807E-02 9.35488E-02 1.42170E-01 2.07210E-01 2.22861E-01 4.67473E-01 6.24776E-01 1.42170E-01 9.35488E-02 5.08807E-02 2.37501E+00
5.55123E-02 9.63454E-02 1.43757E-01 2.06798E-01 2.22824E-01 4.66819E-01 6.27383E-01 1.43757E-01 9.63454E-02 5.55123E-02 2.30162E+00
5.96116E-02 9.86731E-02 1.44878E-01 2.05944E-01 2.22301E-01 4.65480E-01 6.29109E-01 1.44878E-01 9.86731E-02 5.96116E-02 2.22541E+00
6.32031E-02 1.00555E-01 1.45556E-01 2.04672E-01 2.21319E-01 4.63487E-01 6.29982E-01 1.45556E-01 1.00555E-01 6.32031E-02 2.14714E+00
6.63118E-02 1.02014E-01 1.45816E-01 2.03010E-01 2.19905E-01 4.60870E-01 6.30028E-01 1.45816E-01 1.02014E-01 6.63118E-02 2.06753E+00
6.89630E-02 1.03075E-01 1.45682E-01 2.00982E-01 2.18086E-01 4.57661E-01 6.29274E-01 1.45682E-01 1.03075E-01 6.89630E-02 1.98721E+00
7.11822E-02 1.03761E-01 1.45180E-01 1.98617E-01 2.15889E-01 4.53891E-01 6.27750E-01 1.45180E-01 1.03761E-01 7.11822E-02 1.90674E+00
7.29951E-02 1.04096E-01 1.44336E-01 1.95940E-01 2.13341E-01 4.49593E-01 6.25486E-01 1.44336E-01 1.04096E-01 7.29951E-02 1.82663E+00
7.44273E-02 1.04106E-01 1.43174E-01 1.92978E-01 2.10471E-01 4.44800E-01 6.22512E-01 1.43174E-01 1.04106E-01 7.44273E-02 1.74732E+00
7.54982E-02 1.03808E-01 1.41716E-01 1.89753E-01 2.07300E-01 4.39536E-01 6.18850E-01 1.41716E-01 1.03808E-01 7.54982E-02 1.66922E+00
7.62377E-02 1.03232E-01 1.39990E-01 1.86295E-01 2.03861E-01 4.33841E-01 6.14539E-01 1.39990E-01 1.03232E-01 7.62377E-02 1.59264E+00
0.00000E+00 0.00000E+00 6.31821E-02 1.53288E-01 1.62622E-01 4.09478E-01 5.19351E-01 6.31821E-02 0.00000E+00 0.00000E+00 2.21265E+00
0.00000E+00 8.55655E-03 7.04147E-02 1.57992E-01 1.68390E-01 4.17126E-01 5.33085E-01 7.04147E-02 8.55655E-03 0.00000E+00 2.28969E+00
0.00000E+00 1.69560E-02 7.75196E-02 1.62658E-01 1.74032E-01 4.24322E-01 5.46007E-01 7.75196E-02 1.69560E-02 0.00000E+00 2.34188E+00
0.00000E+00 2.46644E-02 8.39535E-02 1.66724E-01 1.78996E-01 4.30565E-01 5.57681E-01 8.39535E-02 2.46644E-02 0.00000E+00 2.37724E+00
0.00000E+00 3.17482E-02 8.97803E-02 1.70245E-01 1.83346E-01 4.35936E-01 5.68210E-01 8.97803E-02 3.17482E-02 0.00000E+00 2.39777E+00
0.00000E+00 3.82281E-02 9.50190E-02 1.73237E-01 1.87098E-01 4.40462E-01 5.77629E-01 9.50190E-02 3.82281E-02 0.00000E+00 2.40476E+00
0.00000E+00 4.41559E-02 9.97192E-02 1.75743E-01 1.90302E-01 4.44211E-01 5.86024E-01 9.97192E-02 4.41559E-02 0.00000E+00 2.40020E+00
5.55112E-17 4.84142E-02 1.03035E-01 1.77392E-01 1.92454E-01 4.46648E-01 5.91908E-01 1.03035E-01 4.84142E-02 5.55112E-17 2.39021E+00
1.45167E-03 4.94241E-02 1.03773E-01 1.77652E-01 1.92851E-01 4.47092E-01 5.93318E-01 1.03773E-01 4.94241E-02 1.45167E-03 2.38400E+00
8.69299E-03 5.46060E-02 1.07662E-01 1.79287E-01 1.95110E-01 4.49470E-01 6.00177E-01 1.07662E-01 5.46060E-02 8.69299E-03 2.34440E+00
1.54858E-02 5.94181E-02 1.11184E-01 1.80590E-01 1.96978E-01 4.51232E-01 6.06197E-01 1.11184E-01 5.94181E-02 1.54858E-02 2.29581E+00
2.16917E-02 6.37156E-02 1.14194E-01 1.81411E-01 1.98310E-01 4.52238E-01 6.11245E-01 1.14194E-01 6.37156E-02 2.16917E-02 2.24113E+00
2.73295E-02 6.75147E-02 1.16708E-01 1.81768E-01 1.99124E-01 4.52510E-01 6.15340E-01 1.16708E-01 6.75147E-02 2.73295E-02 2.18139E+00
3.24156E-02 7.08300E-02 1.18741E-01 1.81679E-01 1.99437E-01 4.52066E-01 6.18494E-01 1.18741E-01 7.08300E-02 3.24156E-02 2.11744E+00
3.69771E-02 7.36860E-02 1.20321E-01 1.81168E-01 1.99277E-01 4.50939E-01 6.20737E-01 1.20321E-01 7.36860E-02 3.69771E-02 2.05017E+00
4.10433E-02 7.61092E-02 1.21473E-01 1.80265E-01 1.98672E-01 4.49165E-01 6.22104E-01 1.21473E-01 7.61092E-02 4.10433E-02 1.98039E+00
4.46379E-02 7.81214E-02 1.22221E-01 1.78993E-01 1.97649E-01 4.46773E-01 6.22622E-01 1.22221E-01 7.81214E-02 4.46379E-02 1.90881E+00
4.77848E-02 7.97448E-02 1.22588E-01 1.77376E-01 1.96232E-01 4.43794E-01 6.22319E-01 1.22588E-01 7.97448E-02 4.77848E-02 1.83606E+00
5.05079E-02 8.10014E-02 1.22597E-01 1.75439E-01 1.94448E-01 4.40257E-01 6.21222E-01 1.22597E-01 8.10014E-02 5.05079E-02 1.76271E+00
5.28310E-02 8.19136E-02 1.22272E-01 1.73205E-01 1.92321E-01 4.36194E-01 6.19360E-01 1.22272E-01 8.19136E-02 5.28310E-02 1.68928E+00
5.47780E-02 8.25036E-02 1.21636E-01 1.70700E-01 1.89879E-01 4.31636E-01 6.16765E-01 1.21636E-01 8.25036E-02 5.47780E-02 1.61623E+00
5.63724E-02 8.27935E-02 1.20712E-01 1.67947E-01 1.87146E-01 4.26613E-01 6.13466E-01 1.20712E-01 8.27935E-02 5.63724E-02 1.54395E+00
5.76376E-02 8.28052E-02 1.19524E-01 1.64970E-01 1.84149E-01 4.21159E-01 6.09494E-01 1.19524E-01 8.28052E-02 5.76376E-02 1.47279E+00
5.85967E-02 8.25604E-02 1.18093E-01 1.61792E-01 1.80912E-01 4.15304E-01 6.04883E-01 1.18093E-01 8.25604E-02 5.85967E-02 1.40305E+00
5.92676E-02 8.20764E-02 1.16439E-01 1.58433E-01 1.77457E-01 4.09073E-01 5.99653E-01 1.16439E-01 8.20764E-02 5.92676E-02 1.33500E+00
5.96760E-02 8.13770E-02 1.14587E-01 1.54919E-01 1.73810E-01 4.02502E-01 5.93845E-01 1.14587E-01 8.13770E-02 5.96760E-02 1.26884E+00
0.00000E+00 0.00000E+00 6.10102E-02 1.45714E-01 1.59336E-01 4.20249E-01 5.48211E-01 6.10102E-02 0.00000E+00 0.00000E+00 2.06055E+00
0.00000E+00 7.25680E-03 6.68040E-02 1.48782E-01 1.63450E-01 4.25434E-01 5.59659E-01 6.68040E-02 7.25680E-03 0.00000E+00 2.10211E+00
0.00000E+00 1.43343E-02 7.24586E-02 1.51828E-01 1.67430E-01 4.30183E-01 5.70243E-01 7.24586E-02 1.43343E-02 0.00000E+00 2.12426E+00
0.00000E+00 2.07868E-02 7.75174E-02 1.54370E-01 1.70814E-01 4.34071E-01 5.79610E-01 7.75174E-02 2.07868E-02 0.00000E+00 2.13382E+00
0.00000E+00 2.66787E-02 8.20413E-02 1.56459E-01 1.73659E-01 4.37178E-01 5.87867E-01 8.20413E-02 2.66787E-02 0.00000E+00 2.13243E+00
0.00000E+00 3.20329E-02 8.60516E-02 1.58114E-01 1.75986E-01 4.39530E-01 5.95049E-01 8.60516E-02 3.20329E-02 0.00000E+00 2.12120E+00
0.00000E+00 3.68995E-02 8.95955E-02 1.59372E-01 1.77842E-01 4.41192E-01 6.01247E-01 8.95955E-02 3.68995E-02 0.00000E+00 2.10171E+00
0.00000E+00 4.03770E-02 9.20619E-02 1.60110E-01 1.78999E-01 4.42068E-01 6.05455E-01 9.20619E-02 4.03770E-02 0.00000E+00 2.08207E+00
1.20219E-03 4.11955E-02 9.25887E-02 1.60144E-01 1.79143E-01 4.42096E-01 6.06408E-01 9.25887E-02 4.11955E-02 1.20219E-03 2.07376E+00
7.18669E-03 4.53928E-02 9.54065E-02 1.60644E-01 1.80137E-01 4.42436E-01 6.11011E-01 9.54065E-02 4.53928E-02 7.18669E-03 2.02641E+00
1.27728E-02 4.92643E-02 9.79086E-02 1.60878E-01 1.80797E-01 4.42218E-01 6.14786E-01 9.79086E-02 4.92643E-02 1.27728E-02 1.97291E+00
1.78502E-02 5.26940E-02 9.99777E-02 1.60724E-01 1.81005E-01 4.41333E-01 6.17631E-01 9.99777E-02 5.26940E-02 1.78502E-02 1.91563E+00
2.24387E-02 5.56986E-02 1.01631E-01 1.60202E-01 1.80781E-01 4.39804E-01 6.19568E-01 1.01631E-01 5.56986E-02 2.24387E-02 1.85534E+00
2.65551E-02 5.82935E-02 1.02886E-01 1.59327E-01 1.80143E-01 4.37651E-01 6.20612E-01 1.02886E-01 5.82935E-02 2.65551E-02 1.79268E+00
3.02255E-02 6.05019E-02 1.03766E-01 1.58125E-01 1.79119E-01 4.34907E-01 6.20797E-01 1.03766E-01 6.05019E-02 3.02255E-02 1.72830E+00
3.34769E-02 6.23483E-02 1.04295E-01 1.56619E-01 1.77736E-01 4.31607E-01 6.20159E-01 1.04295E-01 6.23483E-02 3.34769E-02 1.66278E+00
3.63316E-02 6.38529E-02 1.04497E-01 1.54832E-01 1.76019E-01 4.27781E-01 6.18727E-01 1.04497E-01 6.38529E-02 3.63316E-02 1.59664E+00
3.88115E-02 6.50360E-02 1.04391E-01 1.52786E-01 1.73990E-01 4.23458E-01 6.16530E-01 1.04391E-01 6.50360E-02 3.88115E-02 1.53031E+00
4.09384E-02 6.59174E-02 1.04000E-01 1.50501E-01 1.71674E-01 4.18667E-01 6.13598E-01 1.04000E-01 6.59174E-02 4.09384E-02 1.46421E+00
4.27337E-02 6.65171E-02 1.03343E-01 1.47998E-01 1.69094E-01 4.13439E-01 6.09961E-01 1.03343E-01 6.65171E-02 4.27337E-02 1.39871E+00
4.42185E-02 6.68547E-02 1.02441E-01 1.45300E-01 1.66274E-01 4.07803E-01 6.05651E-01 1.02441E-01 6.68547E-02 4.42185E-02 1.33410E+00
4.54138E-02 6.69494E-02 1.01315E-01 1.42425E-01 1.63237E-01 4.01788E-01 6.00699E-01 1.01315E-01 6.69494E-02 4.54138E-02 1.27067E+00
4.63399E-02 6.68203E-02 9.99847E-02 1.39394E-01 1.60005E-01 3.95426E-01 5.95137E-01 9.99847E-02 6.68203E-02 4.63399E-02 1.20866E+00
4.70168E-02 6.64858E-02 9.84692E-02 1.36227E-01 1.56601E-01 3.88744E-01 5.88999E-01 9.84692E-02 6.64858E-02 4.70168E-02 1.14824E+00
4.74601E-02 6.59610E-02 9.67849E-02 1.32941E-01 1.53043E-01 3.81769E-01 5.82307E-01 9.67849E-02 6.59610E-02 4.74601E-02 1.08963E+00
4.76918E-02 6.52660E-02 9.49525E-02 1.29555E-01 1.49354E-01 3.74532E-01 5.75102E-01 9.49525E-02 6.52660E-02 4.76918E-02 1.03292E+00
0.00000E+00 0.00000E+00 5.84324E-02 1.36666E-01 1.55496E-01 4.28566E-01 5.76302E-01 5.84324E-02 0.00000E+00 0.00000E+00 1.89000E+00
0.00000E+00 6.09006E-03 6.29311E-02 1.38321E-01 1.58051E-01 4.31409E-01 5.85382E-01 6.29311E-02 6.09006E-03 0.00000E+00 1.90426E+00
0.00000E+00 1.19902E-02 6.72921E-02 1.39979E-01 1.60486E-01 4.33847E-01 5.93568E-01 6.72921E-02 1.19902E-02 0.00000E+00 1.90371E+00
0.00000E+00 1.73317E-02 7.11339E-02 1.41232E-01 1.62409E-01 4.35525E-01 6.00583E-01 7.11339E-02 1.73317E-02 0.00000E+00 1.89406E+00
0.00000E+00 2.21746E-02 7.45123E-02 1.42122E-01 1.63875E-01 4.36514E-01 6.06531E-01 7.45123E-02 2.21746E-02 0.00000E+00 1.87660E+00
0.00000E+00 2.65422E-02 7.74486E-02 1.42667E-01 1.64903E-01 4.36839E-01 6.11447E-01 7.74486E-02 2.65422E-02 0.00000E+00 1.85222E+00
0.00000E+00 3.04816E-02 7.99862E-02 1.42899E-01 1.65537E-01 4.36561E-01 6.15420E-01 7.99862E-02 3.04816E-02 0.00000E+00 1.82214E+00
0.00000E+00 3.32780E-02 8.17154E-02 1.42894E-01 1.65796E-01 4.35988E-01 6.17934E-01 8.17154E-02 3.32780E-02 0.00000E+00 1.79577E+00
9.82181E-04 3.39298E-02 8.20606E-02 1.42746E-01 1.65714E-01 4.35630E-01 6.18424E-01 8.20606E-02 3.39298E-02 9.82181E-04 1.78609E+00
5.85883E-03 3.72696E-02 8.39530E-02 1.42329E-01 1.65571E-01 4.34081E-01 6.20747E-01 8.39530E-02 3.72696E-02 5.85883E-03 1.73403E+00
1.03822E-02 4.03222E-02 8.55760E-02 1.41706E-01 1.65149E-01 4.32033E-01 6.22259E-01 8.55760E-02 4.03222E-02 1.03822E-02 1.67799E+00
1.44661E-02 4.29959E-02 8.68365E-02 1.40780E-01 1.64356E-01 4.29401E-01 6.22881E-01 8.68365E-02 4.29959E-02 1.44661E-02 1.61988E+00
1.81303E-02 4.53078E-02 8.77524E-02 1.39567E-01 1.63212E-01 4.26209E-01 6.22641E-01 8.77524E-02 4.53078E-02 1.81303E-02 1.56028E+00
2.13921E-02 4.72735E-02 8.83398E-02 1.38085E-01 1.61735E-01 4.22480E-01 6.21557E-01 8.83398E-02 4.72735E-02 2.13921E-02 1.49967E+00
2.42758E-02 4.89148E-02 8.86216E-02 1.36354E-01 1.59951E-01 4.18247E-01 6.19665E-01 8.86216E-02 4.89148E-02 2.42758E-02 1.43853E+00
2.68067E-02 5.02546E-02 8.86210E-02 1.34397E-01 1.57887E-01 4.13542E-01 6.17003E-01 8.86210E-02 5.02546E-02 2.68067E-02 1.37728E+00
2.90058E-02 5.13116E-02 8.83579E-02 1.32234E-01 1.55565E-01 4.08397E-01 6.13603E-01 8.83579E-02 5.13116E-02 2.90058E-02 1.31627E+00
3.08932E-02 5.21045E-02 8.78517E-02 1.29883E-01 1.53007E-01 4.02839E-01 6.09496E-01 8.78517E-02 5.21045E-02 3.08932E-02 1.25584E+00
3.24890E-02 5.26517E-02 8.71215E-02 1.27363E-01 1.50236E-01 3.96898E-01 6.04714E-01 8.71215E-02 5.26517E-02 3.24890E-02 1.19628E+00
3.38127E-02 5.29709E-02 8.61860E-02 1.24693E-01 1.47273E-01 3.90603E-01 5.99289E-01 8.61860E-02 5.29709E-02 3.38127E-02 1.13782E+00
3.48833E-02 5.30798E-02 8.50637E-02 1.21891E-01 1.44139E-01 3.83982E-01 5.93256E-01 8.50637E-02 5.30798E-02 3.48833E-02 1.08069E+00
3.57195E-02 5.29955E-02 8.37725E-02 1.18973E-01 1.40855E-01 3.77066E-01 5.86646E-01 8.37725E-02 5.29955E-02 3.57195E-02 1.02507E+00
3.63393E-02 5.27348E-02 8.23296E-02 1.15957E-01 1.37441E-01 3.69882E-01 5.79493E-01 8.23296E-02 5.27348E-02 3.63393E-02 9.71106E-01
3.67603E-02 5.23137E-02 8.07520E-02 1.12859E-01 1.33917E-01 3.62457E-01 5.71832E-01 8.07520E-02 5.23137E-02 3.67603E-02 9.18921E-01
3.69964E-02 5.17455E-02 7.90540E-02 1.09693E-01 1.30299E-01 3.54817E-01 5.63689E-01 7.90540E-02 5.17455E-02 3.69964E-02 8.68643E-01
3.70663E-02 5.10472E-02 7.72528E-02 1.06476E-01 1.26607E-01 3.46991E-01 5.55104E-01 7.72528E-02 5.10472E-02 3.70663E-02 8.20322E-01
0.00000E+00 0.00000E+00 5.54958E-02 1.26458E-01 1.51021E-01 4.34230E-01 6.03073E-01 5.54958E-02 0.00000E+00 0.00000E+00 1.70436E+00
0.00000E+00 5.08718E-03 5.88800E-02 1.26972E-01 1.52156E-01 4.34875E-01 6.09725E-01 5.88800E-02 5.08718E-03 0.00000E+00 1.70016E+00
0.00000E+00 9.99072E-03 6.21457E-02 1.27530E-01 1.53208E-01 4.35174E-01 6.15486E-01 6.21457E-02 9.99072E-03 0.00000E+00 1.68505E+00
0.00000E+00 1.44056E-02 6.49732E-02 1.27779E-01 1.53845E-01 4.34820E-01 6.20137E-01 6.49732E-02 1.44056E-02 0.00000E+00 1.66368E+00
0.00000E+00 1.83856E-02 6.74112E-02 1.27755E-01 1.54113E-01 4.33878E-01 6.23776E-01 6.74112E-02 1.83856E-02 0.00000E+00 1.63697E+00
0.00000E+00 2.19528E-02 6.94792E-02 1.27472E-01 1.54030E-01 4.32370E-01 6.26440E-01 6.94792E-02 2.19528E-02 0.00000E+00 1.60560E+00
0.00000E+00 2.51493E-02 7.12151E-02 1.26955E-01 1.53634E-01 4.30349E-01 6.28214E-01 7.12151E-02 2.51493E-02 0.00000E+00 1.57046E+00
0.00000E+00 2.74057E-02 7.23639E-02 1.26418E-01 1.53144E-01 4.28482E-01 6.29057E-01 7.23639E-02 2.74057E-02 0.00000E+00 1.54126E+00
8.03653E-04 2.79272E-02 7.25682E-02 1.26145E-01 1.52874E-01 4.27779E-01 6.29087E-01 7.25682E-02 2.79272E-02 8.03653E-04 1.53121E+00
4.78507E-03 3.05973E-02 7.37452E-02 1.25092E-01 1.51800E-01 4.24553E-01 6.29170E-01 7.37452E-02 3.05973E-02 4.78507E-03 1.47879E+00
8.45805E-03 3.30178E-02 7.46985E-02 1.23889E-01 1.50507E-01 4.20893E-01 6.28468E-01 7.46985E-02 3.30178E-02 8.45805E-03 1.42391E+00
1.17546E-02 3.51159E-02 7.53537E-02 1.22458E-01 1.48919E-01 4.16731E-01 6.26922E-01 7.53537E-02 3.51159E-02 1.17546E-02 1.36810E+00
1.46935E-02 3.69079E-02 7.57274E-02 1.20811E-01 1.47057E-01 4.12092E-01 6.24564E-01 7.57274E-02 3.69079E-02 1.46935E-02 1.31178E+00
1.72911E-02 3.84085E-02 7.58350E-02 1.18966E-01 1.44939E-01 4.06999E-01 6.21414E-01 7.58350E-02 3.84085E-02 1.72911E-02 1.25531E+00
1.95698E-02 3.96376E-02 7.56969E-02 1.16939E-01 1.42589E-01 4.01484E-01 6.17510E-01 7.56969E-02 3.96376E-02 1.95698E-02 1.19904E+00
2.15523E-02 4.06157E-02 7.53339E-02 1.14751E-01 1.40029E-01 3.95579E-01 6.12892E-01 7.53339E-02 4.06157E-02 2.15523E-02 1.14326E+00
2.32576E-02 4.13600E-02 7.47638E-02 1.12417E-01 1.37280E-01 3.89313E-01 6.07595E-01 7.47638E-02 4.13600E-02 2.32576E-02 1.08823E+00
2.47040E-02 4.18872E-02 7.40038E-02 1.09953E-01 1.34364E-01 3.82713E-01 6.01650E-01 7.40038E-02 4.18872E-02 2.47040E-02 1.03418E+00
2.59096E-02 4.22136E-02 7.30710E-02 1.07376E-01 1.31299E-01 3.75810E-01 5.95093E-01 7.30710E-02 4.22136E-02 2.59096E-02 9.81323E-01
2.68916E-02 4.23552E-02 7.19817E-02 1.04701E-01 1.28104E-01 3.68630E-01 5.87958E-01 7.19817E-02 4.23552E-02 2.68916E-02 9.29827E-01
2.76670E-02 4.23275E-02 7.07521E-02 1.01943E-01 1.24799E-01 3.61201E-01 5.80280E-01 7.07521E-02 4.23275E-02 2.76670E-02 8.79842E-01
2.82523E-02 4.21455E-02 6.93976E-02 9.91155E-02 1.21401E-01 3.53550E-01 5.72093E-01 6.93976E-02 4.21455E-02 2.82523E-02 8.31489E-01
2.86632E-02 4.18238E-02 6.79332E-02 9.62333E-02 1.17928E-01 3.45706E-01 5.63433E-01 6.79332E-02 4.18238E-02 2.86632E-02 7.84861E-01
2.89150E-02 4.13763E-02 6.63731E-02 9.33093E-02 1.14396E-01 3.37693E-01 5.54336E-01 6.63731E-02 4.13763E-02 2.89150E-02 7.40034E-01
2.90199E-02 4.08147E-02 6.47298E-02 9.03556E-02 1.10820E-01 3.29536E-01 5.44829E-01 6.47298E-02 4.08147E-02 2.90199E-02 6.97089E-01
2.89939E-02 4.01532E-02 6.30177E-02 8.73848E-02 1.07215E-01 3.21262E-01 5.34952E-01 6.30177E-02 4.01532E-02 2.89939E-02 6.56040E-01
0.00000E+00 0.00000E+00 5.22061E-02 1.15363E-01 1.45667E-01 4.37480E-01 6.28097E-01 5.22061E-02 0.00000E+00 0.00000E+00 1.51664E+00
0.00000E+00 4.23473E-03 5.46518E-02 1.15017E-01 1.45530E-01 4.36082E-01 6.32279E-01 5.46518E-02 4.23473E-03 0.00000E+00 1.50092E+00
0.00000E+00 8.29823E-03 5.70043E-02 1.14752E-01 1.45360E-01 4.34404E-01 6.35592E-01 5.70043E-02 8.29823E-03 0.00000E+00 1.47727E+00
0.00000E+00 1.19384E-02 5.89949E-02 1.14266E-01 1.44874E-01 4.32185E-01 6.37866E-01 5.89949E-02 1.19384E-02 0.00000E+00 1.44943E+00
0.00000E+00 1.52025E-02 6.06648E-02 1.13584E-01 1.44109E-01 4.29477E-01 6.39191E-01 6.06648E-02 1.52025E-02 0.00000E+00 1.41804E+00
0.00000E+00 1.81104E-02 6.20308E-02 1.12717E-01 1.43079E-01 4.26299E-01 6.39602E-01 6.20308E-02 1.81104E-02 0.00000E+00 1.38359E+00
0.00000E+00 2.06994E-02 6.31251E-02 1.11683E-01 1.41816E-01 4.22696E-01 6.39181E-01 6.31251E-02 2.06994E-02 0.00000E+00 1.34671E+00
0.00000E+00 2.25165E-02 6.38134E-02 1.10786E-01 1.40702E-01 4.19659E-01 6.38361E-01 6.38134E-02 2.25165E-02 0.00000E+00 1.31690E+00
6.56052E-04 2.29328E-02 6.39076E-02 1.10433E-01 1.40277E-01 4.18644E-01 6.37931E-01 6.39076E-02 2.29328E-02 6.56052E-04 1.30703E+00
3.89901E-03 2.50625E-02 6.45246E-02 1.08965E-01 1.38439E-01 4.13909E-01 6.35789E-01 6.45246E-02 2.50625E-02 3.89901E-03 1.25649E+00
6.87425E-03 2.69764E-02 6.49596E-02 1.07395E-01 1.36441E-01 4.08805E-01 6.32895E-01 6.49596E-02 2.69764E-02 6.87425E-03 1.20452E+00
9.52836E-03 2.86167E-02 6.51528E-02 1.05658E-01 1.34223E-01 4.03280E-01 6.29210E-01 6.51528E-02 2.86167E-02 9.52836E-03 1.15235E+00
1.18788E-02 2.99985E-02 6.51193E-02 1.03765E-01 1.31803E-01 3.97357E-01 6.24765E-01 6.51193E-02 2.99985E-02 1.18788E-02 1.10028E+00
1.39406E-02 3.11356E-02 6.48733E-02 1.01730E-01 1.29197E-01 3.91059E-01 6.19585E-01 6.48733E-02 3.11356E-02 1.39406E-02 1.04860E+00
1.57342E-02 3.20459E-02 6.44329E-02 9.95684E-02 1.26427E-01 3.84418E-01 6.13709E-01 6.44329E-02 3.20459E-02 1.57342E-02 9.97556E-01
1.72798E-02 3.27478E-02 6.38164E-02 9.72953E-02 1.23512E-01 3.77465E-01 6.07181E-01 6.38164E-02 3.27478E-02 1.72798E-02 9.47358E-01
1.85946E-02 3.32566E-02 6.30395E-02 9.49250E-02 1.20472E-01 3.70227E-01 6.00036E-01 6.30395E-02 3.32566E-02 1.85946E-02 8.98203E-01
1.96950E-02 3.35875E-02 6.21175E-02 9.24709E-02 1.17325E-01 3.62732E-01 5.92309E-01 6.21175E-02 3.35875E-02 1.96950E-02 8.50262E-01
2.05971E-02 3.37548E-02 6.10650E-02 8.99462E-02 1.14086E-01 3.55007E-01 5.84037E-01 6.10650E-02 3.37548E-02 2.05971E-02 8.03682E-01
2.13163E-02 3.37728E-02 5.98965E-02 8.73636E-02 1.10773E-01 3.47079E-01 5.75256E-01 5.98965E-02 3.37728E-02 2.13163E-02 7.58586E-01
2.18675E-02 3.36551E-02 5.86257E-02 8.47354E-02 1.07402E-01 3.38975E-01 5.66004E-01 5.86257E-02 3.36551E-02 2.18675E-02 7.15075E-01
2.22651E-02 3.34148E-02 5.72661E-02 8.20732E-02 1.03988E-01 3.30720E-01 5.56315E-01 5.72661E-02 3.34148E-02 2.22651E-02 6.73229E-01
2.25228E-02 3.30645E-02 5.58301E-02 7.93882E-02 1.00545E-01 3.22340E-01 5.46228E-01 5.58301E-02 3.30645E-02 2.25228E-02 6.33103E-01
2.26539E-02 3.26163E-02 5.43299E-02 7.66911E-02 9.70871E-02 3.13860E-01 5.35778E-01 5.43299E-02 3.26163E-02 2.26539E-02 5.94737E-01
2.26692E-02 3.20803E-02 5.27762E-02 7.39917E-02 9.36271E-02 3.05302E-01 5.24997E-01 5.27762E-02 3.20803E-02 2.26692E-02 5.58184E-01
2.25820E-02 3.14686E-02 5.11806E-02 7.12998E-02 9.01773E-02 2.96692E-01 5.13924E-01 5.11806E-02 3.14686E-02 2.25820E-02 5.23427E-01
0.00000E+00 0.00000E+00 4.86392E-02 1.03934E-01 1.39262E-01 4.38422E-01 6.50975E-01 4.86392E-02 0.00000E+00 0.00000E+00 1.33581E+00
0.00000E+00 3.52648E-03 5.03211E-02 1.02992E-01 1.38028E-01 4.35138E-01 6.52655E-01 5.03211E-02 3.52648E-03 0.00000E+00 1.31408E+00
0.00000E+00 6.89691E-03 5.19370E-02 1.02161E-01 1.36822E-01 4.31651E-01 6.53508E-01 5.19370E-02 6.89691E-03 0.00000E+00 1.28655E+00
0.00000E+00 9.90234E-03 5.32596E-02 1.01180E-01 1.35396E-01 4.27730E-01 6.53398E-01 5.32596E-02 9.90234E-03 0.00000E+00 1.25622E+00
0.00000E+00 1.25837E-02 5.43226E-02 1.00067E-01 1.33777E-01 4.23418E-01 6.52410E-01 5.43226E-02 1.25837E-02 0.00000E+00 1.22351E+00
0.00000E+00 1.49585E-02 5.51403E-02 9.88285E-02 1.31978E-01 4.18731E-01 6.50576E-01 5.51403E-02 1.49585E-02 0.00000E+00 1.18878E+00
0.00000E+00 1.70595E-02 5.57391E-02 9.74763E-02 1.30020E-01 4.13706E-01 6.47974E-01 5.57391E-02 1.70595E-02 0.00000E+00 1.15247E+00
0.00000E+00 1.85255E-02 5.60752E-02 9.63638E-02 1.28413E-01 4.09620E-01 6.45505E-01 5.60752E-02 1.85255E-02 0.00000E+00 1.12357E+00
5.36308E-04 1.88585E-02 5.60869E-02 9.59684E-02 1.27868E-01 4.08325E-01 6.44617E-01 5.60869E-02 1.88585E-02 5.36308E-04 1.11422E+00
3.18152E-03 2.05599E-02 5.62828E-02 9.42699E-02 1.25441E-01 4.02245E-01 6.40276E-01 5.62828E-02 2.05599E-02 3.18152E-03 1.06694E+00
5.59501E-03 2.20750E-02 5.63334E-02 9.25066E-02 1.22912E-01 3.95862E-01 6.35226E-01 5.63334E-02 2.20750E-02 5.59501E-03 1.01887E+00
7.73477E-03 2.33578E-02 5.61902E-02 9.06239E-02 1.20230E-01 3.89135E-01 6.29442E-01 5.61902E-02 2.33578E-02 7.73477E-03 9.71017E-01
9.61678E-03 2.44224E-02 5.58669E-02 8.86322E-02 1.17411E-01 3.82087E-01 6.22957E-01 5.58669E-02 2.44224E-02 9.61678E-03 9.23620E-01
1.12549E-02 2.52812E-02 5.53762E-02 8.65425E-02 1.14472E-01 3.74741E-01 6.15801E-01 5.53762E-02 2.52812E-02 1.12549E-02 8.76898E-01
1.26673E-02 2.59504E-02 5.47340E-02 8.43677E-02 1.11428E-01 3.67128E-01 6.08013E-01 5.47340E-02 2.59504E-02 1.26673E-02 8.31046E-01
1.38723E-02 2.64465E-02 5.39562E-02 8.21205E-02 1.08299E-01 3.59277E-01 5.99640E-01 5.39562E-02 2.64465E-02 1.38723E-02 7.86230E-01
1.48850E-02 2.67831E-02 5.30565E-02 7.98126E-02 1.05099E-01 3.51215E-01 5.90719E-01 5.30565E-02 2.67831E-02 1.48850E-02 7.42601E-01
1.57202E-02 2.69737E-02 5.20481E-02 7.74551E-02 1.01843E-01 3.42967E-01 5.81288E-01 5.20481E-02 2.69737E-02 1.57202E-02 7.00289E-01
1.63922E-02 2.70312E-02 5.09438E-02 7.50588E-02 9.85464E-02 3.34561E-01 5.71386E-01 5.09438E-02 2.70312E-02 1.63922E-02 6.59405E-01
1.69145E-02 2.69681E-02 4.97560E-02 7.26343E-02 9.52224E-02 3.26021E-01 5.61050E-01 4.97560E-02 2.69681E-02 1.69145E-02 6.20038E-01
1.73004E-02 2.67963E-02 4.84966E-02 7.01914E-02 9.18841E-02 3.17374E-01 5.50318E-01 4.84966E-02 2.67963E-02 1.73004E-02 5.82258E-01
1.75623E-02 2.65273E-02 4.71766E-02 6.77396E-02 8.85439E-02 3.08642E-01 5.39230E-01 4.71766E-02 2.65273E-02 1.75623E-02 5.46114E-01
1.77123E-02 2.61721E-02 4.58069E-02 6.52880E-02 8.52134E-02 2.99852E-01 5.27822E-01 4.58069E-02 2.61721E-02 1.77123E-02 5.11638E-01
1.77617E-02 2.57410E-02 4.43974E-02 6.28447E-02 8.19034E-02 2.91024E-01 5.16132E-01 4.43974E-02 2.57410E-02 1.77617E-02 4.78845E-01
1.77199E-02 2.52427E-02 4.29571E-02 6.04181E-02 7.86245E-02 2.82181E-01 5.04193E-01 4.29571E-02 2.52427E-02 1.77199E-02 4.47764E-01
1.75983E-02 2.46875E-02 4.14955E-02 5.80154E-02 7.53857E-02 2.73346E-01 4.92044E-01 4.14955E-02 2.46875E-02 1.75983E-02 4.18360E-01
0.00000E+00 0.00000E+00 4.48144E-02 9.24432E-02 1.31629E-01 4.37127E-01 6.71652E-01 4.48144E-02 0.00000E+00 0.00000E+00 1.16590E+00
0.00000E+00 2.94370E-03 4.58910E-02 9.11360E-02 1.29483E-01 4.32094E-01 6.70767E-01 4.58910E-02 2.94370E-03 0.00000E+00 1.14236E+00
0.00000E+00 5.74670E-03 4.69274E-02 8.99596E-02 1.27429E-01 4.26940E-01 6.69118E-01 4.69274E-02 5.74670E-03 0.00000E+00 1.11438E+00
0.00000E+00 8.23515E-03 4.77300E-02 8.86874E-02 1.25246E-01 4.21459E-01 6.66589E-01 4.77300E-02 8.23515E-03 0.00000E+00 1.08438E+00
0.00000E+00 1.04443E-02 4.83259E-02 8.73311E-02 1.22953E-01 4.15682E-01 6.63260E-01 4.83259E-02 1.04443E-02 0.00000E+00 1.05267E+00
0.00000E+00 1.23894E-02 4.87268E-02 8.58939E-02 1.20557E-01 4.09624E-01 6.59163E-01 4.87268E-02 1.23894E-02 0.00000E+00 1.01950E+00
0.00000E+00 1.40990E-02 4.89539E-02 8.43835E-02 1.18073E-01 4.03313E-01 6.54370E-01 4.89539E-02 1.40990E-02 0.00000E+00 9.85221E-01
5.55112E-17 1.52849E-02 4.90288E-02 8.31723E-02 1.16101E-01 3.98282E-01 6.50250E-01 4.90288E-02 1.52849E-02 5.55112E-17 9.58157E-01
4.39441E-04 1.55518E-02 4.89810E-02 8.27638E-02 1.15469E-01 3.96734E-01 6.48902E-01 4.89810E-02 1.55518E-02 4.39441E-04 9.49522E-01
2.60206E-03 1.69139E-02 4.88714E-02 8.09786E-02 1.12620E-01 3.89450E-01 6.42367E-01 4.88714E-02 1.69139E-02 2.60206E-03 9.06210E-01
4.56420E-03 1.81149E-02 4.86480E-02 7.91561E-02 1.09722E-01 3.81930E-01 6.35178E-01 4.86480E-02 1.81149E-02 4.56420E-03 8.62470E-01
6.29286E-03 1.91185E-02 4.82713E-02 7.72509E-02 1.06733E-01 3.74142E-01 6.27319E-01 4.82713E-02 1.91185E-02 6.29286E-03 8.19141E-01
7.80257E-03 1.99374E-02 4.77534E-02 7.52714E-02 1.03666E-01 3.66108E-01 6.18829E-01 4.77534E-02 1.99374E-02 7.80257E-03 7.76428E-01
9.10601E-03 2.05831E-02 4.71057E-02 7.32270E-02 1.00535E-01 3.57853E-01 6.09737E-01 4.71057E-02 2.05831E-02 9.10601E-03 7.34525E-01
1.02195E-02 2.10701E-02 4.63419E-02 7.11284E-02 9.73543E-02 3.49404E-01 6.00089E-01 4.63419E-02 2.10701E-02 1.02195E-02 6.93596E-01
1.11592E-02 2.14131E-02 4.54758E-02 6.89861E-02 9.41373E-02 3.40788E-01 5.89930E-01 4.54758E-02 2.14131E-02 1.11592E-02 6.53780E-01
1.19388E-02 2.16244E-02 4.45191E-02 6.68096E-02 9.08971E-02 3.32033E-01 5.79300E-01 4.45191E-02 2.16244E-02 1.19388E-02 6.15201E-01
1.25715E-02 2.17159E-02 4.34833E-02 6.46082E-02 8.76458E-02 3.23163E-01 5.68241E-01 4.34833E-02 2.17159E-02 1.25715E-02 5.77969E-01
1.30698E-02 2.16991E-02 4.23795E-02 6.23908E-02 8.43951E-02 3.14203E-01 5.56791E-01 4.23795E-02 2.16991E-02 1.30698E-02 5.42168E-01
1.34458E-02 2.15851E-02 4.12182E-02 6.01660E-02 8.11558E-02 3.05176E-01 5.44990E-01 4.12182E-02 2.15851E-02 1.34458E-02 5.07866E-01
1.37110E-02 2.13843E-02 4.00092E-02 5.79419E-02 7.79383E-02 2.96108E-01 5.32879E-01 4.00092E-02 2.13843E-02 1.37110E-02 4.75110E-01
1.38763E-02 2.11066E-02 3.87621E-02 5.57261E-02 7.47521E-02 2.87019E-01 5.20495E-01 3.87621E-02 2.11066E-02 1.38763E-02 4.43931E-01
1.39522E-02 2.07616E-02 3.74856E-02 5.35258E-02 7.16058E-02 2.77933E-01 5.07878E-01 3.74856E-02 2.07616E-02 1.39522E-02 4.14341E-01
1.39484E-02 2.03581E-02 3.61881E-02 5.13474E-02 6.85076E-02 2.68871E-01 4.95065E-01 3.61881E-02 2.03581E-02 1.39484E-02 3.86337E-01
1.38731E-02 1.99038E-02 3.48770E-02 4.91977E-02 6.54658E-02 2.59852E-01 4.82090E-01 3.48770E-02 1.99038E-02 1.38731E-02 3.59931E-01
1.37357E-02 1.94071E-02 3.35599E-02 4.70820E-02 6.24865E-02 2.50897E-01 4.68993E-01 3.35599E-02 1.94071E-02 1.37357E-02 3.35075E-01
0.00000E+00 0.00000E+00 4.08562E-02 8.15254E-02 1.22755E-01 4.33802E-01 6.89790E-01 4.08562E-02 0.00000E+00 0.00000E+00 1.01414E+00
0.00000E+00 2.46590E-03 4.14663E-02 8.00237E-02 1.19907E-01 4.27154E-01 6.86284E-01 4.14663E-02 2.46590E-03 0.00000E+00 9.91072E-01
0.00000E+00 4.80403E-03 4.20577E-02 7.86604E-02 1.17210E-01 4.20472E-01 6.82094E-01 4.20577E-02 4.80403E-03 0.00000E+00 9.64330E-01
0.00000E+00 6.86937E-03 4.24642E-02 7.72392E-02 1.14466E-01 4.13565E-01 6.77119E-01 4.24642E-02 6.86937E-03 0.00000E+00 9.35931E-01
0.00000E+00 8.69251E-03 4.27076E-02 7.57674E-02 1.11684E-01 4.06456E-01 6.71432E-01 4.27076E-02 8.69251E-03 0.00000E+00 9.06119E-01
0.00000E+00 1.02871E-02 4.27973E-02 7.42462E-02 1.08868E-01 3.99155E-01 6.65064E-01 4.27973E-02 1.02871E-02 0.00000E+00 8.75132E-01
0.00000E+00 1.16782E-02 4.27505E-02 7.26803E-02 1.06026E-01 3.91685E-01 6.58082E-01 4.27505E-02 1.16782E-02 0.00000E+00 8.43275E-01
5.55112E-17 1.26365E-02 4.26355E-02 7.14427E-02 1.03814E-01 3.85807E-01 6.52320E-01 4.26355E-02 1.26365E-02 5.55112E-17 8.18218E-01
3.60316E-04 1.28499E-02 4.25458E-02 7.10387E-02 1.03129E-01 3.84033E-01 6.50514E-01 4.25458E-02 1.28499E-02 3.60316E-04 8.10303E-01
2.12919E-03 1.39376E-02 4.22194E-02 6.92535E-02 1.00019E-01 3.75677E-01 6.41809E-01 4.22194E-02 1.39376E-02 2.12919E-03 7.70845E-01
3.72417E-03 1.48856E-02 4.18053E-02 6.74501E-02 9.69072E-02 3.67154E-01 6.32516E-01 4.18053E-02 1.48856E-02 3.72417E-03 7.31171E-01
5.11956E-03 1.56654E-02 4.12716E-02 6.55910E-02 9.37582E-02 3.58437E-01 6.22630E-01 4.12716E-02 1.56654E-02 5.11956E-03 6.92007E-01
6.32868E-03 1.62888E-02 4.06288E-02 6.36833E-02 9.05817E-02 3.49549E-01 6.12190E-01 4.06288E-02 1.62888E-02 6.32868E-03 6.53544E-01
7.36318E-03 1.67664E-02 3.98870E-02 6.17352E-02 8.73888E-02 3.40513E-01 6.01231E-01 3.98870E-02 1.67664E-02 7.36318E-03 6.15963E-01
8.23771E-03 1.71112E-02 3.90584E-02 5.97556E-02 8.41908E-02 3.31356E-01 5.89799E-01 3.90584E-02 1.71112E-02 8.23771E-03 5.79415E-01
8.96681E-03 1.73364E-02 3.81545E-02 5.77532E-02 8.09984E-02 3.22104E-01 5.77941E-01 3.81545E-02 1.73364E-02 8.96681E-03 5.44020E-01
9.56270E-03 1.74531E-02 3.71856E-02 5.57361E-02 7.78215E-02 3.12781E-01 5.65700E-01 3.71856E-02 1.74531E-02 9.56270E-03 5.09887E-01
1.00371E-02 1.74719E-02 3.61616E-02 5.37121E-02 7.46694E-02 3.03411E-01 5.53117E-01 3.61616E-02 1.74719E-02 1.00371E-02 4.77106E-01
1.04012E-02 1.74031E-02 3.50917E-02 5.16884E-02 7.15509E-02 2.94018E-01 5.40233E-01 3.50917E-02 1.74031E-02 1.04012E-02 4.45744E-01
1.06657E-02 1.72563E-02 3.39850E-02 4.96723E-02 6.84743E-02 2.84623E-01 5.27089E-01 3.39850E-02 1.72563E-02 1.06657E-02 4.15850E-01
1.08405E-02 1.70407E-02 3.28497E-02 4.76702E-02 6.54471E-02 2.75248E-01 5.13725E-01 3.28497E-02 1.70407E-02 1.08405E-02 3.87454E-01
1.09354E-02 1.67650E-02 3.16936E-02 4.56883E-02 6.24761E-02 2.65916E-01 5.00180E-01 3.16936E-02 1.67650E-02 1.09354E-02 3.60568E-01
1.09591E-02 1.64373E-02 3.05239E-02 4.37322E-02 5.95675E-02 2.56644E-01 4.86494E-01 3.05239E-02 1.64373E-02 1.09591E-02 3.35188E-01
1.09202E-02 1.60653E-02 2.93475E-02 4.18071E-02 5.67268E-02 2.47452E-01 4.72702E-01 2.93475E-02 1.60653E-02 1.09202E-02 3.11296E-01
1.08255E-02 1.56554E-02 2.81704E-02 3.99184E-02 5.39601E-02 2.38359E-01 4.58841E-01 2.81704E-02 1.56554E-02 1.08255E-02 2.88890E-01
1.06832E-02 1.52148E-02 2.69983E-02 3.80698E-02 5.12709E-02 2.29382E-01 4.44947E-01 2.69983E-02 1.52148E-02 1.06832E-02 2.67911E-01
0.00000E+00 0.00000E+00 3.68322E-02 7.13886E-02 1.12772E-01 4.28478E-01 7.05097E-01 3.68322E-02 0.00000E+00 0.00000E+00 8.81650E-01
0.00000E+00 2.07950E-03 3.70998E-02 6.98223E-02 1.09436E-01 4.20345E-01 6.98912E-01 3.70998E-02 2.07950E-03 0.00000E+00 8.60488E-01
0.00000E+00 4.04170E-03 3.73650E-02 6.83928E-02 1.06303E-01 4.12267E-01 6.92143E-01 3.73650E-02 4.04170E-03 0.00000E+00 8.35962E-01
0.00000E+00 5.76512E-03 3.74847E-02 6.69299E-02 1.03192E-01 4.04063E-01 6.84699E-01 3.74847E-02 5.76512E-03 0.00000E+00 8.09833E-01
0.00000E+00 7.27678E-03 3.74762E-02 6.54380E-02 1.00106E-01 3.95750E-01 6.76643E-01 3.74762E-02 7.27678E-03 0.00000E+00 7.82356E-01
0.00000E+00 8.58902E-03 3.73473E-02 6.39175E-02 9.70445E-02 3.87334E-01 6.68007E-01 3.73473E-02 8.58902E-03 0.00000E+00 7.53783E-01
0.00000E+00 9.72439E-03 3.71121E-02 6.23712E-02 9.40077E-02 3.78830E-01 6.58852E-01 3.71121E-02 9.72439E-03 0.00000E+00 7.24427E-01
2.77556E-17 1.05005E-02 3.68688E-02 6.11600E-02 9.16742E-02 3.72202E-01 6.51466E-01 3.68688E-02 1.05005E-02 2.77556E-17 7.01364E-01
2.96585E-04 1.06712E-02 3.67527E-02 6.07730E-02 9.09682E-02 3.70229E-01 6.49208E-01 3.67527E-02 1.06712E-02 2.96585E-04 6.94131E-01
1.74879E-03 1.15403E-02 3.62861E-02 5.90498E-02 8.77509E-02 3.60932E-01 6.38373E-01 3.62861E-02 1.15403E-02 1.74879E-03 6.58239E-01
3.04956E-03 1.22880E-02 3.57532E-02 5.73213E-02 8.45719E-02 3.51539E-01 6.27031E-01 3.57532E-02 1.22880E-02 3.04956E-03 6.22256E-01
4.17909E-03 1.28919E-02 3.51280E-02 5.55564E-02 8.13991E-02 3.42026E-01 6.15184E-01 3.51280E-02 1.28919E-02 4.17909E-03 5.86827E-01
5.14965E-03 1.33630E-02 3.44198E-02 5.37614E-02 7.82399E-02 3.32415E-01 6.02872E-01 3.44198E-02 1.33630E-02 5.14965E-03 5.52145E-01
5.97204E-03 1.37110E-02 3.36376E-02 5.19435E-02 7.51030E-02 3.22729E-01 5.90135E-01 3.36376E-02 1.37110E-02 5.97204E-03 5.18385E-01
6.65949E-03 1.39481E-02 3.27920E-02 5.01105E-02 7.19967E-02 3.12993E-01 5.77019E-01 3.27920E-02 1.39481E-02 6.65949E-03 4.85691E-01
7.22504E-03 1.40858E-02 3.18927E-02 4.82697E-02 6.89285E-02 3.03231E-01 5.63573E-01 3.18927E-02 1.40858E-02 7.22504E-03 4.54173E-01
7.67970E-03 1.41342E-02 3.09487E-02 4.64279E-02 6.59055E-02 2.93466E-01 5.49839E-01 3.09487E-02 1.41342E-02 7.67970E-03 4.23926E-01
8.03392E-03 1.41028E-02 2.99684E-02 4.45917E-02 6.29344E-02 2.83720E-01 5.35859E-01 2.99684E-02 1.41028E-02 8.03392E-03 3.95023E-01
8.29765E-03 1.40008E-02 2.89596E-02 4.27673E-02 6.00216E-02 2.74014E-01 5.21676E-01 2.89596E-02 1.40008E-02 8.29765E-03 3.67517E-01
8.48024E-03 1.38365E-02 2.79298E-02 4.09605E-02 5.71725E-02 2.64369E-01 5.07331E-01 2.79298E-02 1.38365E-02 8.48024E-03 3.41441E-01
8.59054E-03 1.36181E-02 2.68859E-02 3.91767E-02 5.43923E-02 2.54805E-01 4.92863E-01 2.68859E-02 1.36181E-02 8.59054E-03 3.16806E-01
8.63682E-03 1.33530E-02 2.58342E-02 3.74207E-02 5.16853E-02 2.45339E-01 4.78311E-01 2.58342E-02 1.33530E-02 8.63682E-03 2.93610E-01
8.62680E-03 1.30483E-02 2.47806E-02 3.56971E-02 4.90555E-02 2.35990E-01 4.63713E-01 2.47806E-02 1.30483E-02 8.62680E-03 2.71835E-01
8.56765E-03 1.27104E-02 2.37304E-02 3.40098E-02 4.65060E-02 2.26773E-01 4.49104E-01 2.37304E-02 1.27104E-02 8.56765E-03 2.51452E-01
8.46536E-03 1.23448E-02 2.26887E-02 3.23630E-02 4.40410E-02 2.17707E-01 4.34521E-01 2.26887E-02 1.23448E-02 8.46536E-03 2.32441E-01
8.32666E-03 1.19575E-02 2.16596E-02 3.07596E-02 4.16617E-02 2.08804E-01 4.19996E-01 2.16596E-02 1.19575E-02 8.32666E-03 2.14739E-01
0.00000E+00 0.00000E+00 3.28347E-02 6.22839E-02 1.01890E-01 4.21307E-01 7.17338E-01 3.28347E-02 0.00000E+00 0.00000E+00 7.69315E-01
0.00000E+00 1.76092E-03 3.28568E-02 6.07222E-02 9.82773E-02 4.11803E-01 7.08414E-01 3.28568E-02 1.76092E-03 0.00000E+00 7.50190E-01
0.00000E+00 3.41247E-03 3.28877E-02 5.92894E-02 9.49087E-02 4.02446E-01 6.99032E-01 3.28877E-02 3.41247E-03 0.00000E+00 7.27784E-01
0.00000E+00 4.85298E-03 3.28037E-02 5.78385E-02 9.16169E-02 3.93062E-01 6.89099E-01 3.28037E-02 4.85298E-03 0.00000E+00 7.03703E-01
0.00000E+00 6.10687E-03 3.26192E-02 5.63726E-02 8.83976E-02 3.83659E-01 6.78673E-01 3.26192E-02 6.10687E-03 0.00000E+00 6.78258E-01
0.00000E+00 7.18569E-03 3.23406E-02 5.48921E-02 8.52486E-02 3.74243E-01 6.67782E-01 3.23406E-02 7.18569E-03 0.00000E+00 6.51742E-01
0.00000E+00 8.10997E-03 3.19798E-02 5.33988E-02 8.21644E-02 3.64821E-01 6.56481E-01 3.19798E-02 8.10997E-03 0.00000E+00 6.24501E-01
0.00000E+00 8.73607E-03 3.16536E-02 5.22363E-02 7.98174E-02 3.57530E-01 6.47502E-01 3.16536E-02 8.73607E-03 0.00000E+00 6.03123E-01
2.44034E-04 8.87182E-03 3.15222E-02 5.18709E-02 7.91185E-02 3.55382E-01 6.44803E-01 3.15222E-02 8.87182E-03 2.44034E-04 5.96465E-01
1.43543E-03 9.56179E-03 3.09709E-02 5.02341E-02 7.59288E-02 3.45268E-01 6.31896E-01 3.09709E-02 9.56179E-03 1.43543E-03 5.63588E-01
2.49468E-03 1.01461E-02 3.03706E-02 4.86010E-02 7.28077E-02 3.35127E-01 6.18580E-01 3.03706E-02 1.01461E-02 2.49468E-03 5.30741E-01
3.40683E-03 1.06076E-02 2.97004E-02 4.69463E-02 6.97265E-02 3.24941E-01 6.04859E-01 2.97004E-02 1.06076E-02 3.40683E-03 4.98508E-01
4.18330E-03 1.09566E-02 2.89683E-02 4.52757E-02 6.66902E-02 3.14730E-01 5.90776E-01 2.89683E-02 1.09566E-02 4.18330E-03 4.67079E-01
4.83411E-03 1.12021E-02 2.81826E-02 4.35957E-02 6.37053E-02 3.04516E-01 5.76372E-01 2.81826E-02 1.12021E-02 4.83411E-03 4.36628E-01
5.37129E-03 1.13551E-02 2.73522E-02 4.19130E-02 6.07771E-02 2.94323E-01 5.61695E-01 2.73522E-02 1.13551E-02 5.37129E-03 4.07287E-01
5.80655E-03 1.14261E-02 2.64857E-02 4.02339E-02 5.79105E-02 2.84172E-01 5.46793E-01 2.64857E-02 1.14261E-02 5.80655E-03 3.79153E-01
6.14980E-03 1.14241E-02 2.55904E-02 3.85644E-02 5.51101E-02 2.74084E-01 5.31707E-01 2.55904E-02 1.14241E-02 6.14980E-03 3.52304E-01
6.41036E-03 1.13577E-02 2.46736E-02 3.69098E-02 5.23802E-02 2.64078E-01 5.16481E-01 2.46736E-02 1.13577E-02 6.41036E-03 3.26798E-01
6.59704E-03 1.12348E-02 2.37419E-02 3.52755E-02 4.97249E-02 2.54174E-01 5.01155E-01 2.37419E-02 1.12348E-02 6.59704E-03 3.02669E-01
6.71807E-03 1.10629E-02 2.28013E-02 3.36661E-02 4.71474E-02 2.44391E-01 4.85771E-01 2.28013E-02 1.10629E-02 6.71807E-03 2.79931E-01
6.78115E-03 1.08489E-02 2.18575E-02 3.20860E-02 4.46507E-02 2.34745E-01 4.70365E-01 2.18575E-02 1.08489E-02 6.78115E-03 2.58580E-01
6.79341E-03 1.05994E-02 2.09157E-02 3.05390E-02 4.22371E-02 2.25251E-01 4.54976E-01 2.09157E-02 1.05994E-02 6.79341E-03 2.38598E-01
6.76148E-03 1.03202E-02 1.99803E-02 2.90286E-02 3.99085E-02 2.15926E-01 4.39639E-01 1.99803E-02 1.03202E-02 6.76148E-03 2.19953E-01
6.69143E-03 1.00169E-02 1.90556E-02 2.75577E-02 3.76662E-02 2.06781E-01 4.24388E-01 1.90556E-02 1.00169E-02 6.69143E-03 2.02603E-01
6.58836E-03 9.69402E-03 1.81455E-02 2.61297E-02 3.55126E-02 1.97834E-01 4.09258E-01 1.81455E-02 9.69402E-03 6.58836E-03 1.86517E-01
6.45783E-03 9.35645E-03 1.72532E-02 2.47463E-02 3.34473E-02 1.89092E-01 3.94277E-01 1.72532E-02 9.35645E-03 6.45783E-03 1.71625E-01
0.00000E+00 0.00000E+00 2.89379E-02 5.42166E-02 9.04732E-02 4.12348E-01 7.26124E-01 2.89379E-02 0.00000E+00 0.00000E+00 6.75807E-01
0.00000E+00 1.49797E-03 2.87948E-02 5.26989E-02 8.67801E-02 4.01585E-01 7.14429E-01 2.87948E-02 1.49797E-03 0.00000E+00 6.58362E-01
0.00000E+00 2.89276E-03 2.86674E-02 5.12999E-02 8.33565E-02 3.91064E-01 7.02427E-01 2.86674E-02 2.89276E-03 0.00000E+00 6.37634E-01
0.00000E+00 4.09941E-03 2.84485E-02 4.98925E-02 8.00490E-02 3.80615E-01 6.90018E-01 2.84485E-02 4.09941E-03 0.00000E+00 6.15143E-01
0.00000E+00 5.14045E-03 2.81506E-02 4.84794E-02 7.68487E-02 3.70239E-01 6.77250E-01 2.81506E-02 5.14045E-03 0.00000E+00 5.91272E-01
0.00000E+00 6.02703E-03 2.77794E-02 4.70614E-02 7.37509E-02 3.59939E-01 6.64151E-01 2.77794E-02 6.02703E-03 0.00000E+00 5.66370E-01
0.00000E+00 6.77810E-03 2.73449E-02 4.56399E-02 7.07463E-02 3.49714E-01 6.50766E-01 2.73449E-02 6.77810E-03 0.00000E+00 5.40819E-01
0.00000E+00 7.28158E-03 2.69730E-02 4.45389E-02 6.84770E-02 3.41852E-01 6.40251E-01 2.69730E-02 7.28158E-03 0.00000E+00 5.20811E-01
2.00914E-04 7.38889E-03 2.68355E-02 4.41974E-02 6.78091E-02 3.39554E-01 6.37128E-01 2.68355E-02 7.38889E-03 2.00914E-04 5.14628E-01
1.17870E-03 7.93352E-03 2.62449E-02 4.26600E-02 6.47597E-02 3.28746E-01 6.22244E-01 2.62449E-02 7.93352E-03 1.17870E-03 4.84261E-01
2.04102E-03 8.38631E-03 2.56193E-02 4.11333E-02 6.17998E-02 3.17984E-01 6.07063E-01 2.56193E-02 8.38631E-03 2.04102E-03 4.54061E-01
2.77692E-03 8.73437E-03 2.49415E-02 3.95966E-02 5.89036E-02 3.07251E-01 5.91590E-01 2.49415E-02 8.73437E-03 2.77692E-03 4.24561E-01
3.39702E-03 8.98723E-03 2.42190E-02 3.80552E-02 5.60740E-02 2.96565E-01 5.75870E-01 2.42190E-02 8.98723E-03 3.39702E-03 3.95944E-01
3.91068E-03 9.15348E-03 2.34590E-02 3.65150E-02 5.33154E-02 2.85949E-01 5.59945E-01 2.34590E-02 9.15348E-03 3.91068E-03 3.68376E-01
4.32883E-03 9.24300E-03 2.26692E-02 3.49820E-02 5.06308E-02 2.75422E-01 5.43861E-01 2.26692E-02 9.24300E-03 4.32883E-03 3.41973E-01
4.66199E-03 9.26526E-03 2.18567E-02 3.34613E-02 4.80226E-02 2.65004E-01 5.27663E-01 2.18567E-02 9.26526E-03 4.66199E-03 3.16813E-01
4.91904E-03 9.22831E-03 2.10281E-02 3.19581E-02 4.54935E-02 2.54711E-01 5.11395E-01 2.10281E-02 9.22831E-03 4.91904E-03 2.92957E-01
5.10829E-03 9.13972E-03 2.01891E-02 3.04770E-02 4.30459E-02 2.44563E-01 4.95097E-01 2.01891E-02 9.13972E-03 5.10829E-03 2.70441E-01
5.23750E-03 9.00649E-03 1.93453E-02 2.90222E-02 4.06815E-02 2.34575E-01 4.78808E-01 1.93453E-02 9.00649E-03 5.23750E-03 2.49279E-01
5.31385E-03 8.83514E-03 1.85016E-02 2.75976E-02 3.84021E-02 2.24764E-01 4.62566E-01 1.85016E-02 8.83514E-03 5.31385E-03 2.29469E-01
5.34403E-03 8.63166E-03 1.76626E-02 2.62064E-02 3.62087E-02 2.15142E-01 4.46408E-01 1.76626E-02 8.63166E-03 5.34403E-03 2.10989E-01
5.33415E-03 8.40156E-03 1.68322E-02 2.48518E-02 3.41020E-02 2.05723E-01 4.30369E-01 1.68322E-02 8.40156E-03 5.33415E-03 1.93806E-01
5.28984E-03 8.14982E-03 1.60141E-02 2.35361E-02 3.20822E-02 1.96519E-01 4.14480E-01 1.60141E-02 8.14982E-03 5.28984E-03 1.77874E-01
5.21622E-03 7.88097E-03 1.52112E-02 2.22615E-02 3.01493E-02 1.87540E-01 3.98773E-01 1.52112E-02 7.88097E-03 5.21622E-03 1.63140E-01
5.11758E-03 7.59894E-03 1.44268E-02 2.10305E-02 2.83044E-02 1.78799E-01 3.83279E-01 1.44268E-02 7.59894E-03 5.11758E-03 1.49566E-01
4.99850E-03 7.30758E-03 1.36628E-02 1.98439E-02 2.65455E-02 1.70302E-01 3.68025E-01 1.36628E-02 7.30758E-03 4.99850E-03 1.37072E-01
0.00000E+00 0.00000E+00 2.52096E-02 4.71413E-02 7.89069E-02 4.01677E-01 7.31121E-01 2.52096E-02 0.00000E+00 0.00000E+00 5.99171E-01
0.00000E+00 1.27771E-03 2.49637E-02 4.56830E-02 7.53012E-02 3.89763E-01 7.16658E-01 2.49637E-02 1.27771E-03 0.00000E+00 5.82649E-01
0.00000E+00 2.45736E-03 2.47365E-02 4.43330E-02 7.19758E-02 3.78192E-01 7.02065E-01 2.47365E-02 2.45736E-03 0.00000E+00 5.62880E-01
0.00000E+00 3.46833E-03 2.44359E-02 4.29817E-02 6.87907E-02 3.66793E-01 6.87229E-01 2.44359E-02 3.46833E-03 0.00000E+00 5.41333E-01
0.00000E+00 4.33172E-03 2.40727E-02 4.16318E-02 6.57340E-02 3.55560E-01 6.72185E-01 2.40727E-02 4.33172E-03 0.00000E+00 5.18462E-01
0.00000E+00 5.05851E-03 2.36525E-02 4.02848E-02 6.27994E-02 3.44492E-01 6.56961E-01 2.36525E-02 5.05851E-03 0.00000E+00 4.94669E-01
0.00000E+00 5.66639E-03 2.31838E-02 3.89419E-02 5.99751E-02 3.33582E-01 6.41591E-01 2.31838E-02 5.66639E-03 0.00000E+00 4.70364E-01
0.00000E+00 6.06903E-03 2.27943E-02 3.79065E-02 5.78551E-02 3.25240E-01 6.29622E-01 2.27943E-02 6.06903E-03 0.00000E+00 4.51415E-01
1.65244E-04 6.15311E-03 2.26576E-02 3.75890E-02 5.72366E-02 3.22818E-01 6.26101E-01 2.26576E-02 6.15311E-03 1.65244E-04 4.45615E-01
9.66711E-04 6.57938E-03 2.20618E-02 3.61544E-02 5.44134E-02 3.11442E-01 6.09372E-01 2.20618E-02 6.57938E-03 9.66711E-04 4.17301E-01
1.66740E-03 6.92612E-03 2.14419E-02 3.47364E-02 5.16918E-02 3.00185E-01 5.92469E-01 2.14419E-02 6.92612E-03 1.66740E-03 3.89329E-01
2.25958E-03 7.18386E-03 2.07842E-02 3.33181E-02 4.90485E-02 2.89031E-01 5.75400E-01 2.07842E-02 7.18386E-03 2.25958E-03 3.62176E-01
2.75318E-03 7.36152E-03 2.00953E-02 3.19045E-02 4.64845E-02 2.77997E-01 5.58207E-01 2.00953E-02 7.36152E-03 2.75318E-03 3.36011E-01
3.15688E-03 7.46707E-03 1.93815E-02 3.05008E-02 4.40026E-02 2.67102E-01 5.40933E-01 1.93815E-02 7.46707E-03 3.15688E-03 3.10982E-01
3.48059E-03 7.50946E-03 1.86495E-02 2.91122E-02 4.16040E-02 2.56364E-01 5.23623E-01 1.86495E-02 7.50946E-03 3.48059E-03 2.87183E-01
3.73373E-03 7.49714E-03 1.79053E-02 2.77431E-02 3.92892E-02 2.45798E-01 5.06317E-01 1.79053E-02 7.49714E-03 3.73373E-03 2.64668E-01
3.92423E-03 7.43727E-03 1.71542E-02 2.63976E-02 3.70591E-02 2.35419E-01 4.89058E-01 1.71542E-02 7.43727E-03 3.92423E-03 2.43475E-01
4.05945E-03 7.33650E-03 1.64012E-02 2.50795E-02 3.49146E-02 2.25242E-01 4.71881E-01 1.64012E-02 7.33650E-03 4.05945E-03 2.23617E-01
4.14616E-03 7.20095E-03 1.56507E-02 2.37922E-02 3.28560E-02 2.15281E-01 4.54826E-01 1.56507E-02 7.20095E-03 4.14616E-03 2.05089E-01
4.19063E-03 7.03620E-03 1.49066E-02 2.25386E-02 3.08834E-02 2.05547E-01 4.37925E-01 1.49066E-02 7.03620E-03 4.19063E-03 1.87867E-01
4.19858E-03 6.84737E-03 1.41724E-02 2.13213E-02 2.89966E-02 1.96051E-01 4.21212E-01 1.41724E-02 6.84737E-03 4.19858E-03 1.71914E-01
4.17522E-03 6.63907E-03 1.34513E-02 2.01423E-02 2.71951E-02 1.86804E-01 4.04718E-01 1.34513E-02 6.63907E-03 4.17522E-03 1.57181E-01
4.12528E-03 6.41547E-03 1.27459E-02 1.90034E-02 2.54778E-02 1.77813E-01 3.88471E-01 1.27459E-02 6.41547E-03 4.12528E-03 1.43612E-01
4.05306E-03 6.18029E-03 1.20584E-02 1.79059E-02 2.38437E-02 1.69086E-01 3.72498E-01 1.20584E-02 6.18029E-03 4.05306E-03 1.31144E-01
3.96210E-03 5.93673E-03 1.13912E-02 1.68515E-02 2.22928E-02 1.60633E-01 3.56829E-01 1.13912E-02 5.93673E-03 3.96210E-03 1.19731E-01
3.85615E-03 5.68788E-03 1.07456E-02 1.58405E-02 2.08223E-02 1.52455E-01 3.41482E-01 1.07456E-02 5.68788E-03 3.85615E-03 1.09289E-01
0.00000E+00 0.00000E+00 2.17410E-02 4.09805E-02 6.77247E-02 3.89487E-01 7.32019E-01 2.17410E-02 0.00000E+00 0.00000E+00 5.37085E-01
0.00000E+00 1.09091E-03 2.14380E-02 3.95830E-02 6.43338E-02 3.76542E-01 7.14867E-01 2.14380E-02 1.09091E-03 0.00000E+00 5.20570E-01
0.00000E+00 2.08862E-03 2.11545E-02 3.82853E-02 6.12203E-02 3.64043E-01 6.97784E-01 2.11545E-02 2.08862E-03 0.00000E+00 5.00975E-01
0.00000E+00 2.93474E-03 2.08113E-02 3.69929E-02 5.82578E-02 3.51819E-01 6.80637E-01 2.08113E-02 2.93474E-03 0.00000E+00 4.79722E-01
0.00000E+00 3.64929E-03 2.04182E-02 3.57088E-02 5.54329E-02 3.39852E-01 6.63450E-01 2.04182E-02 3.64929E-03 0.00000E+00 4.57314E-01
0.00000E+00 4.24308E-03 1.99808E-02 3.44346E-02 5.27384E-02 3.28141E-01 6.46245E-01 1.99808E-02 4.24308E-03 0.00000E+00 4.34190E-01
0.00000E+00 4.73269E-03 1.95066E-02 3.31716E-02 5.01613E-02 3.16672E-01 6.29044E-01 1.95066E-02 4.73269E-03 0.00000E+00 4.10767E-01
0.00000E+00 5.05266E-03 1.91198E-02 3.22023E-02 4.82364E-02 3.07945E-01 6.15749E-01 1.91198E-02 5.05266E-03 0.00000E+00 3.92631E-01
1.35686E-04 5.11790E-03 1.89885E-02 3.19082E-02 4.76787E-02 3.05426E-01 6.11867E-01 1.89885E-02 5.11790E-03 1.35686E-04 3.87142E-01
7.91450E-04 5.44836E-03 1.84115E-02 3.05757E-02 4.51345E-02 2.93614E-01 5.93477E-01 1.84115E-02 5.44836E-03 7.91450E-04 3.60532E-01
1.35949E-03 5.71031E-03 1.78188E-02 2.92652E-02 4.26959E-02 2.81994E-01 5.75047E-01 1.78188E-02 5.71031E-03 1.35949E-03 3.34472E-01
1.83466E-03 5.89704E-03 1.71997E-02 2.79630E-02 4.03422E-02 2.70550E-01 5.56583E-01 1.71997E-02 5.89704E-03 1.83466E-03 3.09376E-01
2.22617E-03 6.01681E-03 1.65598E-02 2.66733E-02 3.80731E-02 2.59295E-01 5.38125E-01 1.65598E-02 6.01681E-03 2.22617E-03 2.85390E-01
2.54203E-03 6.07696E-03 1.59048E-02 2.54010E-02 3.58901E-02 2.48247E-01 5.19715E-01 1.59048E-02 6.07696E-03 2.54203E-03 2.62634E-01
2.79120E-03 6.08554E-03 1.52403E-02 2.41502E-02 3.37930E-02 2.37420E-01 5.01393E-01 1.52403E-02 6.08554E-03 2.79120E-03 2.41175E-01
2.98205E-03 6.05002E-03 1.45714E-02 2.29244E-02 3.17810E-02 2.26825E-01 4.83196E-01 1.45714E-02 6.05002E-03 2.98205E-03 2.21037E-01
3.12162E-03 5.97673E-03 1.39025E-02 2.17270E-02 2.98537E-02 2.16474E-01 4.65162E-01 1.39025E-02 5.97673E-03 3.12162E-03 2.02231E-01
3.21636E-03 5.87143E-03 1.32375E-02 2.05610E-02 2.80108E-02 2.06378E-01 4.47324E-01 1.32375E-02 5.87143E-03 3.21636E-03 1.84749E-01
3.27217E-03 5.73941E-03 1.25800E-02 1.94288E-02 2.62516E-02 1.96547E-01 4.29715E-01 1.25800E-02 5.73941E-03 3.27217E-03 1.68563E-01
3.29444E-03 5.58543E-03 1.19331E-02 1.83325E-02 2.45752E-02 1.86990E-01 4.12367E-01 1.19331E-02 5.58543E-03 3.29444E-03 1.53629E-01
3.28803E-03 5.41377E-03 1.12994E-02 1.72739E-02 2.29804E-02 1.77714E-01 3.95306E-01 1.12994E-02 5.41377E-03 3.28803E-03 1.39897E-01
3.25735E-03 5.22829E-03 1.06812E-02 1.62544E-02 2.14657E-02 1.68726E-01 3.78560E-01 1.06812E-02 5.22829E-03 3.25735E-03 1.27305E-01
3.20635E-03 5.03240E-03 1.00805E-02 1.52748E-02 2.00296E-02 1.60030E-01 3.62151E-01 1.00805E-02 5.03240E-03 3.20635E-03 1.15786E-01
3.13857E-03 4.82911E-03 9.49889E-03 1.43359E-02 1.86701E-02 1.51629E-01 3.46103E-01 9.49889E-03 4.82911E-03 3.13857E-03 1.05273E-01
3.05696E-03 4.62103E-03 8.93787E-03 1.34388E-02 1.73865E-02 1.43532E-01 3.30440E-01 8.93787E-03 4.62103E-03 3.05696E-03 9.57092E-02
2.96451E-03 4.41055E-03 8.39826E-03 1.25830E-02 1.61757E-02 1.35737E-01 3.15176E-01 8.39826E-03 4.41055E-03 2.96451E-03 8.70131E-02
0.00000E+00 0.00000E+00 1.85036E-02 3.54700E-02 5.70482E-02 3.75565E-01 7.28609E-01 1.85036E-02 0.00000E+00 0.00000E+00 4.85545E-01
0.00000E+00 9.27888E-04 1.81770E-02 3.41365E-02 5.39644E-02 3.61699E-01 7.08853E-01 1.81770E-02 9.27888E-04 0.00000E+00 4.68233E-01
0.00000E+00 1.76774E-03 1.78689E-02 3.28964E-02 5.11439E-02 3.48387E-01 6.89384E-01 1.78689E-02 1.76774E-03 0.00000E+00 4.48175E-01
0.00000E+00 2.47184E-03 1.75118E-02 3.16684E-02 4.84742E-02 3.35454E-01 6.70048E-01 1.75118E-02 2.47184E-03 0.00000E+00 4.26723E-01
0.00000E+00 3.05918E-03 1.71151E-02 3.04551E-02 4.59417E-02 3.22873E-01 6.50854E-01 1.71151E-02 3.05918E-03 0.00000E+00 4.04404E-01
0.00000E+00 3.54037E-03 1.66841E-02 2.92587E-02 4.35392E-02 3.10641E-01 6.31817E-01 1.66841E-02 3.54037E-03 0.00000E+00 3.81666E-01
0.00000E+00 3.93090E-03 1.62255E-02 2.80802E-02 4.12532E-02 2.98733E-01 6.12945E-01 1.62255E-02 3.93090E-03 0.00000E+00 3.58910E-01
4.16334E-17 4.18227E-03 1.58563E-02 2.71802E-02 3.95530E-02 2.89717E-01 5.98452E-01 1.58563E-02 4.18227E-03 4.16334E-17 3.41455E-01
1.10743E-04 4.23208E-03 1.57341E-02 2.69098E-02 3.90631E-02 2.87128E-01 5.94248E-01 1.57341E-02 4.23208E-03 1.10743E-04 3.36238E-01
6.43960E-04 4.48432E-03 1.51934E-02 2.56826E-02 3.68301E-02 2.75009E-01 5.74384E-01 1.51934E-02 4.48432E-03 6.43960E-04 3.11143E-01
1.10137E-03 4.67815E-03 1.46437E-02 2.44822E-02 3.47005E-02 2.63155E-01 5.54624E-01 1.46437E-02 4.67815E-03 1.10137E-03 2.86826E-01
1.47986E-03 4.80903E-03 1.40764E-02 2.32974E-02 3.26563E-02 2.51549E-01 5.34968E-01 1.40764E-02 4.80903E-03 1.47986E-03 2.63634E-01
1.78791E-03 4.88451E-03 1.34966E-02 2.21319E-02 3.06961E-02 2.40199E-01 5.15452E-01 1.34966E-02 4.88451E-03 1.78791E-03 2.41676E-01
2.03284E-03 4.91130E-03 1.29091E-02 2.09896E-02 2.88206E-02 2.29122E-01 4.96116E-01 1.29091E-02 4.91130E-03 2.03284E-03 2.21041E-01
2.22264E-03 4.89653E-03 1.23187E-02 1.98739E-02 2.70286E-02 2.18326E-01 4.76995E-01 1.23187E-02 4.89653E-03 2.22264E-03 2.01759E-01
2.36470E-03 4.84673E-03 1.17294E-02 1.87875E-02 2.53183E-02 2.07819E-01 4.58121E-01 1.17294E-02 4.84673E-03 2.36470E-03 1.83825E-01
2.46518E-03 4.76739E-03 1.11449E-02 1.77328E-02 2.36886E-02 1.97608E-01 4.39525E-01 1.11449E-02 4.76739E-03 2.46518E-03 1.67222E-01
2.52967E-03 4.66348E-03 1.05683E-02 1.67119E-02 2.21383E-02 1.87701E-01 4.21238E-01 1.05683E-02 4.66348E-03 2.52967E-03 1.51917E-01
2.56326E-03 4.53947E-03 1.00024E-02 1.57266E-02 2.06660E-02 1.78104E-01 4.03285E-01 1.00024E-02 4.53947E-03 2.56326E-03 1.37862E-01
2.57051E-03 4.39935E-03 9.44945E-03 1.47781E-02 1.92702E-02 1.68821E-01 3.85694E-01 9.44945E-03 4.39935E-03 2.57051E-03 1.24996E-01
2.55552E-03 4.24667E-03 8.91146E-03 1.38675E-02 1.79489E-02 1.59857E-01 3.68486E-01 8.91146E-03 4.24667E-03 2.55552E-03 1.13255E-01
2.52197E-03 4.08458E-03 8.39007E-03 1.29954E-02 1.67004E-02 1.51214E-01 3.51682E-01 8.39007E-03 4.08458E-03 2.52197E-03 1.02567E-01
2.47310E-03 3.91582E-03 7.88657E-03 1.21623E-02 1.55223E-02 1.42892E-01 3.35301E-01 7.88657E-03 3.91582E-03 2.47310E-03 9.28593E-02
2.41180E-03 3.74280E-03 7.40197E-03 1.13681E-02 1.44126E-02 1.34893E-01 3.19359E-01 7.40197E-03 3.74280E-03 2.41180E-03 8.40575E-02
2.34047E-03 3.56758E-03 6.93737E-03 1.06134E-02 1.33700E-02 1.27220E-01 3.03878E-01 6.93737E-03 3.56758E-03 2.34047E-03 7.61025E-02
2.26148E-03 3.39201E-03 6.49306E-03 9.89741E-03 1.23913E-02 1.19869E-01 2.88863E-01 6.49306E-03 3.39201E-03 2.26148E-03 6.89129E-02
0.00000E+00 0.00000E+00 1.55732E-02 3.05655E-02 4.73005E-02 3.60125E-01 7.20795E-01 1.55732E-02 0.00000E+00 0.00000E+00 4.42615E-01
0.00000E+00 7.85995E-04 1.52466E-02 2.93003E-02 4.45746E-02 3.45475E-01 6.98612E-01 1.52466E-02 7.85995E-04 0.00000E+00 4.23891E-01
0.00000E+00 1.48970E-03 1.49367E-02 2.81240E-02 4.20896E-02 3.31490E-01 6.76948E-01 1.49367E-02 1.48970E-03 0.00000E+00 4.02919E-01
0.00000E+00 2.07255E-03 1.45865E-02 2.69665E-02 3.97474E-02 3.17987E-01 6.55624E-01 1.45865E-02 2.07255E-03 0.00000E+00 3.80954E-01
0.00000E+00 2.55243E-03 1.42046E-02 2.58302E-02 3.75348E-02 3.04933E-01 6.34630E-01 1.42046E-02 2.55243E-03 0.00000E+00 3.58508E-01
0.00000E+00 2.93967E-03 1.37964E-02 2.47170E-02 3.54451E-02 2.92318E-01 6.13975E-01 1.37964E-02 2.93967E-03 0.00000E+00 3.36017E-01
0.00000E+00 3.24859E-03 1.33679E-02 2.36276E-02 3.34654E-02 2.80108E-01 5.93651E-01 1.33679E-02 3.24859E-03 0.00000E+00 3.13833E-01
1.38778E-17 3.44413E-03 1.30263E-02 2.28000E-02 3.19982E-02 2.70906E-01 5.78132E-01 1.30263E-02 3.44413E-03 1.38778E-17 2.97003E-01
8.99542E-05 3.48161E-03 1.29154E-02 2.25537E-02 3.15773E-02 2.68277E-01 5.73655E-01 1.29154E-02 3.48161E-03 8.99542E-05 2.92040E-01
5.21436E-04 3.67147E-03 1.24221E-02 2.14345E-02 2.96607E-02 2.55992E-01 5.52557E-01 1.24221E-02 3.67147E-03 5.21436E-04 2.68359E-01
8.87890E-04 3.81202E-03 1.19248E-02 2.03462E-02 2.78409E-02 2.44042E-01 5.31707E-01 1.19248E-02 3.81202E-03 8.87890E-04 2.45686E-01
1.18776E-03 3.90038E-03 1.14167E-02 1.92794E-02 2.61023E-02 2.32408E-01 5.11101E-01 1.14167E-02 3.90038E-03 1.18776E-03 2.24294E-01
1.42873E-03 3.94339E-03 1.09022E-02 1.82369E-02 2.44431E-02 2.21094E-01 4.90770E-01 1.09022E-02 3.94339E-03 1.42873E-03 2.04250E-01
1.61743E-03 3.94705E-03 1.03855E-02 1.72222E-02 2.28632E-02 2.10112E-01 4.70749E-01 1.03855E-02 3.94705E-03 1.61743E-03 1.85606E-01
1.76091E-03 3.91760E-03 9.87042E-03 1.62376E-02 2.13608E-02 1.99468E-01 4.51066E-01 9.87042E-03 3.91760E-03 1.76091E-03 1.68354E-01
1.86560E-03 3.86069E-03 9.36030E-03 1.52848E-02 1.99338E-02 1.89162E-01 4.31748E-01 9.36030E-03 3.86069E-03 1.86560E-03 1.52458E-01
1.93685E-03 3.78102E-03 8.85799E-03 1.43657E-02 1.85804E-02 1.79199E-01 4.12818E-01 8.85799E-03 3.78102E-03 1.93685E-03 1.37874E-01
1.97947E-03 3.68280E-03 8.36593E-03 1.34815E-02 1.72991E-02 1.69582E-01 3.94302E-01 8.36593E-03 3.68280E-03 1.97947E-03 1.24547E-01
1.99775E-03 3.56975E-03 7.88619E-03 1.26331E-02 1.60879E-02 1.60312E-01 3.76221E-01 7.88619E-03 3.56975E-03 1.99775E-03 1.12409E-01
1.99554E-03 3.44519E-03 7.42050E-03 1.18213E-02 1.49450E-02 1.51392E-01 3.58593E-01 7.42050E-03 3.44519E-03 1.99554E-03 1.01389E-01
1.97625E-03 3.31201E-03 6.97025E-03 1.10465E-02 1.38681E-02 1.42820E-01 3.41437E-01 6.97025E-03 3.31201E-03 1.97625E-03 9.14083E-02
1.94289E-03 3.17273E-03 6.53652E-03 1.03087E-02 1.28552E-02 1.34595E-01 3.24766E-01 6.53652E-03 3.17273E-03 1.94289E-03 8.23895E-02
1.89813E-03 3.02954E-03 6.12014E-03 9.60769E-03 1.19039E-02 1.26714E-01 3.08593E-01 6.12014E-03 3.02954E-03 1.89813E-03 7.42545E-02
1.84428E-03 2.88432E-03 5.72168E-03 8.94318E-03 1.10118E-02 1.19175E-01 2.92928E-01 5.72168E-03 2.88432E-03 1.84428E-03 6.69275E-02
1.78327E-03 2.73866E-03 5.34182E-03 8.31518E-03 1.01775E-02 1.11978E-01 2.77787E-01 5.34182E-03 2.73866E-03 1.78327E-03 6.03475E-02
1.71696E-03 2.59397E-03 4.98053E-03 7.72254E-03 9.39782E-03 1.05116E-01 2.63172E-01 4.98053E-03 2.59397E-03 1.71696E-03 5.44357E-02
0.00000E+00 0.00000E+00 1.29523E-02 2.61397E-02 3.86216E-02 3.43159E-01 7.08589E-01 1.29523E-02 0.00000E+00 0.00000E+00 4.05540E-01
0.00000E+00 6.61004E-04 1.26411E-02 2.49515E-02 3.62710E-02 3.27876E-01 6.84199E-01 1.26411E-02 6.61004E-04 0.00000E+00 3.85046E-01
0.00000E+00 1.24620E-03 1.23444E-02 2.38486E-02 3.41344E-02 3.13370E-01 6.60570E-01 1.23444E-02 1.24620E-03 0.00000E+00 3.62946E-01
0.00000E+00 1.72486E-03 1.20146E-02 2.27707E-02 3.21271E-02 2.99449E-01 6.37491E-01 1.20146E-02 1.72486E-03 0.00000E+00 3.40362E-01
0.00000E+00 2.11362E-03 1.16597E-02 2.17196E-02 3.02375E-02 2.86071E-01 6.14934E-01 1.16597E-02 2.11362E-03 0.00000E+00 3.17754E-01
0.00000E+00 2.42235E-03 1.12848E-02 2.06971E-02 2.84594E-02 2.73219E-01 5.92902E-01 1.12848E-02 2.42235E-03 0.00000E+00 2.95519E-01
0.00000E+00 2.66413E-03 1.08954E-02 1.97031E-02 2.67811E-02 2.60851E-01 5.71365E-01 1.08954E-02 2.66413E-03 0.00000E+00 2.73939E-01
0.00000E+00 2.81436E-03 1.05874E-02 1.89521E-02 2.55411E-02 2.51571E-01 5.55005E-01 1.05874E-02 2.81436E-03 0.00000E+00 2.57764E-01
7.25534E-05 2.84206E-03 1.04888E-02 1.87306E-02 2.51867E-02 2.48932E-01 5.50309E-01 1.04888E-02 2.84206E-03 7.25534E-05 2.53059E-01
4.19241E-04 2.98252E-03 1.00492E-02 1.77234E-02 2.35744E-02 2.36625E-01 5.28231E-01 1.00492E-02 2.98252E-03 4.19241E-04 2.30791E-01
7.10701E-04 3.08187E-03 9.60916E-03 1.67499E-02 2.20496E-02 2.24719E-01 5.06546E-01 9.60916E-03 3.08187E-03 7.10701E-04 2.09744E-01
9.46504E-04 3.13845E-03 9.16342E-03 1.58022E-02 2.05989E-02 2.13191E-01 4.85242E-01 9.16342E-03 3.13845E-03 9.46504E-04 1.90115E-01
1.13353E-03 3.15835E-03 8.71570E-03 1.48825E-02 1.92204E-02 2.02041E-01 4.64343E-01 8.71570E-03 3.15835E-03 1.13353E-03 1.71925E-01
1.27767E-03 3.14686E-03 8.26955E-03 1.39932E-02 1.79134E-02 1.91278E-01 4.43879E-01 8.26955E-03 3.14686E-03 1.27767E-03 1.55185E-01
1.38506E-03 3.10936E-03 7.82811E-03 1.31359E-02 1.66760E-02 1.80900E-01 4.23873E-01 7.82811E-03 3.10936E-03 1.38506E-03 1.39853E-01
1.46127E-03 3.05066E-03 7.39397E-03 1.23116E-02 1.55057E-02 1.70905E-01 4.04340E-01 7.39397E-03 3.05066E-03 1.46127E-03 1.25861E-01
1.51084E-03 2.97472E-03 6.96935E-03 1.15214E-02 1.44007E-02 1.61291E-01 3.85300E-01 6.96935E-03 2.97472E-03 1.51084E-03 1.13143E-01
1.53785E-03 2.88505E-03 6.55608E-03 1.07657E-02 1.33591E-02 1.52059E-01 3.66770E-01 6.55608E-03 2.88505E-03 1.53785E-03 1.01623E-01
1.54590E-03 2.78471E-03 6.15568E-03 1.00451E-02 1.23787E-02 1.43204E-01 3.48765E-01 6.15568E-03 2.78471E-03 1.54590E-03 9.12197E-02
1.53817E-03 2.67640E-03 5.76937E-03 9.35958E-03 1.14577E-02 1.34725E-01 3.31298E-01 5.76937E-03 2.67640E-03 1.53817E-03 8.18496E-02
1.51748E-03 2.56243E-03 5.39806E-03 8.70901E-03 1.05936E-02 1.26617E-01 3.14379E-01 5.39806E-03 2.56243E-03 1.51748E-03 7.34287E-02
1.48627E-03 2.44481E-03 5.04244E-03 8.09303E-03 9.78438E-03 1.18874E-01 2.98017E-01 5.04244E-03 2.44481E-03 1.48627E-03 6.58743E-02
1.44667E-03 2.32523E-03 4.70294E-03 7.51105E-03 9.02763E-03 1.11492E-01 2.82217E-01 4.70294E-03 2.32523E-03 1.44667E-03 5.91071E-02
1.40052E-03 2.20513E-03 4.37982E-03 6.96237E-03 8.32104E-03 1.04463E-01 2.66984E-01 4.37982E-03 2.20513E-03 1.40052E-03 5.30514E-02
1.34937E-03 2.08574E-03 4.07344E-03 6.44666E-03 7.66307E-03 9.77851E-02 2.52329E-01 4.07344E-03 2.08574E-03 1.34937E-03 4.76466E-02
1.29464E-03 1.96807E-03 3.78356E-03 5.96257E-03 7.05077E-03 9.14471E-02 2.38246E-01 3.78356E-03 1.96807E-03 1.29464E-03 4.28184E-02
0.00000E+00 0.00000E+00 1.06453E-02 2.21302E-02 3.10964E-02 3.24738E-01 6.92147E-01 1.06453E-02 0.00000E+00 0.00000E+00 3.72241E-01
0.00000E+00 5.50762E-04 1.03589E-02 2.10303E-02 2.91115E-02 3.08996E-01 6.65820E-01 1.03589E-02 5.50762E-04 0.00000E+00 3.49909E-01
0.00000E+00 1.03290E-03 1.00846E-02 2.00124E-02 2.73118E-02 2.94140E-01 6.40493E-01 1.00846E-02 1.03290E-03 0.00000E+00 3.26709E-01
0.00000E+00 1.42226E-03 9.78344E-03 1.90245E-02 2.56256E-02 2.79969E-01 6.15928E-01 9.78344E-03 1.42226E-03 0.00000E+00 3.03600E-01
0.00000E+00 1.73412E-03 9.46268E-03 1.80678E-02 2.40429E-02 2.66428E-01 5.92077E-01 9.46268E-03 1.73412E-03 0.00000E+00 2.80957E-01
0.00000E+00 1.97766E-03 9.12705E-03 1.71436E-02 2.25583E-02 2.53495E-01 5.68931E-01 9.12705E-03 1.97766E-03 0.00000E+00 2.59113E-01
0.00000E+00 2.16468E-03 8.78145E-03 1.62512E-02 2.11616E-02 2.41119E-01 5.46442E-01 8.78145E-03 2.16468E-03 0.00000E+00 2.38264E-01
1.38778E-17 2.27856E-03 8.50983E-03 1.55806E-02 2.01324E-02 2.31874E-01 5.29440E-01 8.50983E-03 2.27856E-03 1.38778E-17 2.22830E-01
5.80375E-05 2.29861E-03 8.42397E-03 1.53844E-02 1.98391E-02 2.29257E-01 5.24582E-01 8.42397E-03 2.29861E-03 5.80375E-05 2.18402E-01
3.34310E-04 2.40053E-03 8.04019E-03 1.44924E-02 1.85065E-02 2.17074E-01 5.01793E-01 8.04019E-03 2.40053E-03 3.34310E-04 1.97607E-01
5.64204E-04 2.46863E-03 7.65849E-03 1.36354E-02 1.72507E-02 2.05353E-01 4.79536E-01 7.65849E-03 2.46863E-03 5.64204E-04 1.78213E-01
7.48065E-04 2.50213E-03 7.27482E-03 1.28069E-02 1.60604E-02 1.94064E-01 4.57790E-01 7.27482E-03 2.50213E-03 7.48065E-04 1.60340E-01
8.91954E-04 2.50635E-03 6.89226E-03 1.20080E-02 1.49338E-02 1.83205E-01 4.36574E-01 6.89226E-03 2.50635E-03 8.91954E-04 1.43964E-01
1.00103E-03 2.48587E-03 6.51373E-03 1.12407E-02 1.38699E-02 1.72778E-01 4.15910E-01 6.51373E-03 2.48587E-03 1.00103E-03 1.29057E-01
1.08057E-03 2.44526E-03 6.14175E-03 1.05058E-02 1.28668E-02 1.62777E-01 3.95812E-01 6.14175E-03 2.44526E-03 1.08057E-03 1.15544E-01
1.13527E-03 2.38855E-03 5.77829E-03 9.80358E-03 1.19219E-02 1.53193E-01 3.76289E-01 5.77829E-03 2.38855E-03 1.13527E-03 1.03333E-01
1.16900E-03 2.31902E-03 5.42502E-03 9.13441E-03 1.10333E-02 1.44022E-01 3.57353E-01 5.42502E-03 2.31902E-03 1.16900E-03 9.23350E-02
1.18514E-03 2.23954E-03 5.08329E-03 8.49839E-03 1.01991E-02 1.35259E-01 3.39013E-01 5.08329E-03 2.23954E-03 1.18514E-03 8.24610E-02
1.18667E-03 2.15260E-03 4.75416E-03 7.89539E-03 9.41729E-03 1.26895E-01 3.21277E-01 4.75416E-03 2.15260E-03 1.18667E-03 7.36190E-02
1.17619E-03 2.06035E-03 4.43842E-03 7.32507E-03 8.68572E-03 1.18926E-01 3.04151E-01 4.43842E-03 2.06035E-03 1.17619E-03 6.57184E-02
1.15598E-03 1.96462E-03 4.13666E-03 6.78687E-03 8.00230E-03 1.11342E-01 2.87640E-01 4.13666E-03 1.96462E-03 1.15598E-03 5.86714E-02
1.12801E-03 1.86696E-03 3.84922E-03 6.28012E-03 7.36486E-03 1.04134E-01 2.71745E-01 3.84922E-03 1.86696E-03 1.12801E-03 5.23945E-02
1.09395E-03 1.76866E-03 3.57627E-03 5.80396E-03 6.77121E-03 9.72948E-02 2.56465E-01 3.57627E-03 1.76866E-03 1.09395E-03 4.68092E-02
1.05526E-03 1.67081E-03 3.31785E-03 5.35745E-03 6.21919E-03 9.08132E-02 2.41798E-01 3.31785E-03 1.67081E-03 1.05526E-03 4.18424E-02
1.01314E-03 1.57434E-03 3.07410E-03 4.94003E-03 5.70727E-03 8.46850E-02 2.27751E-01 3.07410E-03 1.57434E-03 1.01314E-03 3.74359E-02
9.68697E-04 1.47995E-03 2.84462E-03 4.55024E-03 5.23284E-03 7.88954E-02 2.14312E-01 2.84462E-03 1.47995E-03 9.68697E-04 3.35208E-02
0.00000E+00 0.00000E+00 8.63925E-03 1.85023E-02 2.46940E-02 3.04925E-01 6.71682E-01 8.63925E-03 0.00000E+00 0.00000E+00 3.41179E-01
0.00000E+00 4.53703E-04 8.38260E-03 1.75022E-02 2.30496E-02 2.88919E-01 6.43715E-01 8.38260E-03 4.53703E-04 0.00000E+00 3.17188E-01
0.00000E+00 8.46472E-04 8.13629E-03 1.65800E-02 2.15619E-02 2.73898E-01 6.16984E-01 8.13629E-03 8.46472E-04 0.00000E+00 2.93112E-01
0.00000E+00 1.15965E-03 7.86835E-03 1.56914E-02 2.01712E-02 2.59655E-01 5.91222E-01 7.86835E-03 1.15965E-03 0.00000E+00 2.69718E-01
0.00000E+00 1.40696E-03 7.58541E-03 1.48367E-02 1.88692E-02 2.46122E-01 5.66359E-01 7.58541E-03 1.40696E-03 0.00000E+00 2.47277E-01
0.00000E+00 1.59680E-03 7.29176E-03 1.40168E-02 1.76514E-02 2.33272E-01 5.42374E-01 7.29176E-03 1.59680E-03 0.00000E+00 2.26039E-01
0.00000E+00 1.73958E-03 6.99166E-03 1.32304E-02 1.65089E-02 2.21041E-01 5.19202E-01 6.99166E-03 1.73958E-03 0.00000E+00 2.06103E-01
0.00000E+00 1.82462E-03 6.75717E-03 1.26425E-02 1.56691E-02 2.11945E-01 5.01761E-01 6.75717E-03 1.82462E-03 0.00000E+00 1.91528E-01
4.59805E-05 1.83880E-03 6.68381E-03 1.24718E-02 1.54305E-02 2.09381E-01 4.96798E-01 6.68381E-03 1.83880E-03 4.59805E-05 1.87401E-01
2.64042E-04 1.91115E-03 6.35542E-03 1.16960E-02 1.43473E-02 1.97470E-01 4.73568E-01 6.35542E-03 1.91115E-03 2.64042E-04 1.68169E-01
4.43658E-04 1.95610E-03 6.03075E-03 1.09552E-02 1.33299E-02 1.86071E-01 4.51000E-01 6.03075E-03 1.95610E-03 4.43658E-04 1.50472E-01
5.85661E-04 1.97345E-03 5.70667E-03 1.02437E-02 1.23690E-02 1.75151E-01 4.29068E-01 5.70667E-03 1.97345E-03 5.85661E-04 1.34357E-01
6.95298E-04 1.96776E-03 5.38570E-03 9.56210E-03 1.14628E-02 1.64702E-01 4.07777E-01 5.38570E-03 1.96776E-03 6.95298E-04 1.19760E-01
7.77008E-04 1.94293E-03 5.07021E-03 8.91162E-03 1.06104E-02 1.54722E-01 3.87147E-01 5.07021E-03 1.94293E-03 7.77008E-04 1.06618E-01
8.35253E-04 1.90278E-03 4.76213E-03 8.29246E-03 9.80960E-03 1.45198E-01 3.67181E-01 4.76213E-03 1.90278E-03 8.35253E-04 9.48281E-02
8.73963E-04 1.85061E-03 4.46294E-03 7.70442E-03 9.05822E-03 1.36119E-01 3.47880E-01 4.46294E-03 1.85061E-03 8.73963E-04 8.42756E-02
8.96333E-04 1.78909E-03 4.17385E-03 7.14739E-03 8.35439E-03 1.27474E-01 3.29247E-01 4.17385E-03 1.78909E-03 8.96333E-04 7.48594E-02
9.05153E-04 1.72055E-03 3.89582E-03 6.62104E-03 7.69622E-03 1.19253E-01 3.11285E-01 3.89582E-03 1.72055E-03 9.05153E-04 6.64789E-02
9.02849E-04 1.64697E-03 3.62954E-03 6.12486E-03 7.08177E-03 1.11447E-01 2.93995E-01 3.62954E-03 1.64697E-03 9.02849E-04 5.90361E-02
8.91521E-04 1.57002E-03 3.37550E-03 5.65820E-03 6.50910E-03 1.04044E-01 2.77375E-01 3.37550E-03 1.57002E-03 8.91521E-04 5.24374E-02
8.72979E-04 1.49112E-03 3.13400E-03 5.22027E-03 5.97624E-03 9.70322E-02 2.61424E-01 3.13400E-03 1.49112E-03 8.72979E-04 4.65947E-02
8.48774E-04 1.41145E-03 2.90517E-03 4.81015E-03 5.48119E-03 9.04012E-02 2.46135E-01 2.90517E-03 1.41145E-03 8.48774E-04 4.14263E-02
8.20231E-04 1.33199E-03 2.68898E-03 4.42684E-03 5.02197E-03 8.41380E-02 2.31503E-01 2.68898E-03 1.33199E-03 8.20231E-04 3.68567E-02
7.88471E-04 1.25353E-03 2.48533E-03 4.06929E-03 4.59664E-03 7.82303E-02 2.17519E-01 2.48533E-03 1.25353E-03 7.88471E-04 3.28176E-02
7.54414E-04 1.17676E-03 2.29419E-03 3.73678E-03 4.20379E-03 7.26712E-02 2.04185E-01 2.29419E-03 1.17676E-03 7.54414E-04 2.92543E-02
7.18897E-04 1.10215E-03 2.11511E-03 3.42787E-03 3.84113E-03 6.74436E-02 1.91482E-01 2.11511E-03 1.10215E-03 7.18897E-04 2.61048E-02
0.00000E+00 0.00000E+00 6.92245E-03 1.52496E-02 1.93626E-02 2.83904E-01 6.47540E-01 6.92245E-03 0.00000E+00 0.00000E+00 3.11319E-01
0.00000E+00 3.68923E-04 6.69755E-03 1.43586E-02 1.80224E-02 2.67844E-01 6.18259E-01 6.69755E-03 3.68923E-04 0.00000E+00 2.86058E-01
0.00000E+00 6.84863E-04 6.48145E-03 1.35403E-02 1.68123E-02 2.52858E-01 5.90440E-01 6.48145E-03 6.84863E-04 0.00000E+00 2.61485E-01
0.00000E+00 9.33648E-04 6.24836E-03 1.27572E-02 1.56835E-02 2.38729E-01 5.63785E-01 6.24836E-03 9.33648E-04 0.00000E+00 2.38158E-01
0.00000E+00 1.12735E-03 6.00410E-03 1.20092E-02 1.46291E-02 2.25380E-01 5.38205E-01 6.00410E-03 1.12735E-03 0.00000E+00 2.16229E-01
0.00000E+00 1.27344E-03 5.75249E-03 1.12964E-02 1.36455E-02 2.12777E-01 5.13666E-01 5.75249E-03 1.27344E-03 0.00000E+00 1.95857E-01
0.00000E+00 1.38096E-03 5.49710E-03 1.06172E-02 1.27252E-02 2.00845E-01 4.90084E-01 5.49710E-03 1.38096E-03 0.00000E+00 1.77041E-01
0.00000E+00 1.44348E-03 5.29862E-03 1.01121E-02 1.20504E-02 1.92009E-01 4.72408E-01 5.29862E-03 1.44348E-03 0.00000E+00 1.63452E-01
3.60481E-05 1.45325E-03 5.23709E-03 9.96637E-03 1.18591E-02 1.89529E-01 4.67397E-01 5.23709E-03 1.45325E-03 3.60481E-05 1.59651E-01
2.06385E-04 1.50340E-03 4.96138E-03 9.30475E-03 1.09917E-02 1.78031E-01 4.43994E-01 4.96138E-03 1.50340E-03 2.06385E-04 1.42073E-01
3.45292E-04 1.53168E-03 4.69033E-03 8.67674E-03 1.01796E-02 1.67084E-01 4.21374E-01 4.69033E-03 1.53168E-03 3.45292E-04 1.26110E-01
4.53866E-04 1.53828E-03 4.42152E-03 8.07731E-03 9.41525E-03 1.56654E-01 3.99500E-01 4.42152E-03 1.53828E-03 4.53866E-04 1.11748E-01
5.36566E-04 1.52702E-03 4.15696E-03 7.50671E-03 8.69687E-03 1.46725E-01 3.78370E-01 4.15696E-03 1.52702E-03 5.36566E-04 9.88851E-02
5.97142E-04 1.50116E-03 3.89854E-03 6.96549E-03 8.02354E-03 1.37290E-01 3.57994E-01 3.89854E-03 1.50116E-03 5.97142E-04 8.74288E-02
6.39305E-04 1.46383E-03 3.64769E-03 6.45342E-03 7.39338E-03 1.28333E-01 3.38369E-01 3.64769E-03 1.46383E-03 6.39305E-04 7.72549E-02
6.66286E-04 1.41769E-03 3.40548E-03 5.96993E-03 6.80426E-03 1.19836E-01 3.19485E-01 3.40548E-03 1.41769E-03 6.66286E-04 6.82355E-02
6.80694E-04 1.36488E-03 3.17277E-03 5.51455E-03 6.25450E-03 1.11786E-01 3.01338E-01 3.17277E-03 1.36488E-03 6.80694E-04 6.02596E-02
6.84788E-04 1.30725E-03 2.95018E-03 5.08667E-03 5.74233E-03 1.04168E-01 2.83924E-01 2.95018E-03 1.30725E-03 6.84788E-04 5.32212E-02
6.80512E-04 1.24634E-03 2.73814E-03 4.68555E-03 5.26602E-03 9.69691E-02 2.67236E-01 2.73814E-03 1.24634E-03 6.80512E-04 4.70202E-02
6.69532E-04 1.18343E-03 2.53691E-03 4.31034E-03 4.82380E-03 9.01748E-02 2.51266E-01 2.53691E-03 1.18343E-03 6.69532E-04 4.15638E-02
6.53274E-04 1.11962E-03 2.34659E-03 3.96011E-03 4.41388E-03 8.37707E-02 2.36005E-01 2.34659E-03 1.11962E-03 6.53274E-04 3.67665E-02
6.32944E-04 1.05577E-03 2.16715E-03 3.63384E-03 4.03452E-03 7.77425E-02 2.21442E-01 2.16715E-03 1.05577E-03 6.32944E-04 3.25507E-02
6.09564E-04 9.92607E-04 1.99847E-03 3.33048E-03 3.68397E-03 7.20753E-02 2.07564E-01 1.99847E-03 9.92607E-04 6.09564E-04 2.88461E-02
5.83991E-04 9.30701E-04 1.84033E-03 3.04894E-03 3.36053E-03 6.67547E-02 1.94357E-01 1.84033E-03 9.30701E-04 5.83991E-04 2.55900E-02
5.56923E-04 8.70535E-04 1.69261E-03 2.78845E-03 3.06295E-03 6.17714E-02 1.81817E-01 1.69261E-03 8.70535E-04 5.56923E-04 2.27326E-02
5.28981E-04 8.12442E-04 1.55486E-03 2.54764E-03 2.78928E-03 5.71069E-02 1.69922E-01 1.55486E-03 8.12442E-04 5.28981E-04 2.02191E-02
0.00000E+00 0.00000E+00 5.47440E-03 1.23718E-02 1.50002E-02 2.61899E-01 6.20114E-01 5.47440E-03 0.00000E+00 0.00000E+00 2.82034E-01
0.00000E+00 2.95627E-04 5.28101E-03 1.15949E-02 1.39232E-02 2.46005E-01 5.89859E-01 5.28101E-03 2.95627E-04 0.00000E+00 2.56041E-01
0.00000E+00 5.46197E-04 5.09522E-03 1.08847E-02 1.29528E-02 2.31258E-01 5.61279E-01 5.09522E-03 5.46197E-04 0.00000E+00 2.31447E-01
0.00000E+00 7.41124E-04 4.89652E-03 1.02096E-02 1.20495E-02 2.17432E-01 5.34044E-01 4.89652E-03 7.41124E-04 0.00000E+00 2.08597E-01
0.00000E+00 8.90791E-04 4.68981E-03 9.56895E-03 1.12076E-02 2.04442E-01 5.08044E-01 4.68981E-03 8.90791E-04 0.00000E+00 1.87521E-01
0.00000E+00 1.00170E-03 4.47840E-03 8.96249E-03 1.04243E-02 1.92245E-01 4.83235E-01 4.47840E-03 1.00170E-03 0.00000E+00 1.68283E-01
0.00000E+00 1.08150E-03 4.26522E-03 8.38810E-03 9.69338E-03 1.80760E-01 4.59512E-01 4.26522E-03 1.08150E-03 0.00000E+00 1.50788E-01
0.00000E+00 1.12671E-03 4.10039E-03 7.96308E-03 9.15860E-03 1.72290E-01 4.41801E-01 4.10039E-03 1.12671E-03 0.00000E+00 1.38301E-01
2.79375E-05 1.13325E-03 4.04970E-03 7.84122E-03 9.00742E-03 1.69922E-01 4.36798E-01 4.04970E-03 1.13325E-03 2.79375E-05 1.34850E-01
1.59491E-04 1.16709E-03 3.82248E-03 7.28850E-03 8.32249E-03 1.58967E-01 4.13482E-01 3.82248E-03 1.16709E-03 1.59491E-04 1.18999E-01
2.65728E-04 1.18377E-03 3.60030E-03 6.76685E-03 7.68323E-03 1.48592E-01 3.91056E-01 3.60030E-03 1.18377E-03 2.65728E-04 1.04789E-01
3.47843E-04 1.18368E-03 3.38133E-03 6.27195E-03 7.08351E-03 1.38758E-01 3.69471E-01 3.38133E-03 1.18368E-03 3.47843E-04 9.21531E-02
4.09556E-04 1.16996E-03 3.16710E-03 5.80365E-03 6.52183E-03 1.29443E-01 3.48720E-01 3.16710E-03 1.16996E-03 4.09556E-04 8.09602E-02
4.53974E-04 1.14529E-03 2.95906E-03 5.36207E-03 5.99725E-03 1.20638E-01 3.28804E-01 2.95906E-03 1.14529E-03 4.53974E-04 7.10965E-02
4.84132E-04 1.11217E-03 2.75828E-03 4.94669E-03 5.50808E-03 1.12321E-01 3.09710E-01 2.75828E-03 1.11217E-03 4.84132E-04 6.24235E-02
5.02639E-04 1.07272E-03 2.56547E-03 4.55668E-03 5.05243E-03 1.04470E-01 2.91419E-01 2.56547E-03 1.07272E-03 5.02639E-04 5.48055E-02
5.11595E-04 1.02863E-03 2.38122E-03 4.19137E-03 4.62878E-03 9.70675E-02 2.73921E-01 2.38122E-03 1.02863E-03 5.11595E-04 4.81275E-02
5.12795E-04 9.81319E-04 2.20592E-03 3.84997E-03 4.23557E-03 9.00968E-02 2.57203E-01 2.20592E-03 9.81319E-04 5.12795E-04 4.22826E-02
5.07775E-04 9.31973E-04 2.03977E-03 3.53162E-03 3.87125E-03 8.35408E-02 2.41252E-01 2.03977E-03 9.31973E-04 5.07775E-04 3.71726E-02
4.97839E-04 8.81572E-04 1.88289E-03 3.23540E-03 3.53428E-03 7.73827E-02 2.26054E-01 1.88289E-03 8.81572E-04 4.97839E-04 3.27085E-02
4.84088E-04 8.30917E-04 1.73524E-03 2.96031E-03 3.22310E-03 7.16056E-02 2.11592E-01 1.73524E-03 8.30917E-04 4.84088E-04 2.88098E-02
4.67450E-04 7.80655E-04 1.59671E-03 2.70535E-03 2.93620E-03 6.61929E-02 1.97851E-01 1.59671E-03 7.80655E-04 4.67450E-04 2.54048E-02
4.48701E-04 7.31298E-04 1.46710E-03 2.46946E-03 2.67209E-03 6.11281E-02 1.84811E-01 1.46710E-03 7.31298E-04 4.48701E-04 2.24299E-02
4.28486E-04 6.83249E-04 1.34615E-03 2.25162E-03 2.42931E-03 5.63948E-02 1.72454E-01 1.34615E-03 6.83249E-04 4.28486E-04 1.98288E-02
4.07328E-04 6.36846E-04 1.23369E-03 2.05106E-03 2.20680E-03 5.19823E-02 1.60771E-01 1.23369E-03 6.36846E-04 4.07328E-04 1.75574E-02
3.85683E-04 5.92301E-04 1.12929E-03 1.86654E-03 2.00295E-03 4.78708E-02 1.49734E-01 1.12929E-03 5.92301E-04 3.85683E-04 1.55681E-02
0.00000E+00 0.00000E+00 4.26980E-03 9.86762E-03 1.14814E-02 2.39180E-01 5.89817E-01 4.26980E-03 0.00000E+00 0.00000E+00 2.53052E-01
0.00000E+00 2.33050E-04 4.10628E-03 9.20527E-03 1.06270E-02 2.23673E-01 5.58939E-01 4.10628E-03 2.33050E-04 0.00000E+00 2.26948E-01
0.00000E+00 4.28674E-04 3.94949E-03 8.60265E-03 9.85873E-03 2.09366E-01 5.29926E-01 3.94949E-03 4.28674E-04 0.00000E+00 2.02850E-01
0.00000E+00 5.79098E-04 3.78326E-03 8.03369E-03 9.14524E-03 1.96027E-01 5.02422E-01 3.78326E-03 5.79098E-04 0.00000E+00 1.80900E-01
0.00000E+00 6.93038E-04 3.61163E-03 7.49703E-03 8.48195E-03 1.83562E-01 4.76297E-01 3.61163E-03 6.93038E-04 0.00000E+00 1.61010E-01
0.00000E+00 7.75995E-04 3.43734E-03 6.99224E-03 7.86642E-03 1.71921E-01 4.51495E-01 3.43734E-03 7.75995E-04 0.00000E+00 1.43153E-01
0.00000E+00 8.34308E-04 3.26274E-03 6.51698E-03 7.29370E-03 1.61017E-01 4.27891E-01 3.26274E-03 8.34308E-04 0.00000E+00 1.27152E-01
6.93889E-17 8.66436E-04 3.12840E-03 6.16696E-03 6.87563E-03 1.53009E-01 4.10336E-01 3.12840E-03 8.66436E-04 6.93889E-17 1.15859E-01
2.13774E-05 8.70659E-04 3.08740E-03 6.06718E-03 6.75774E-03 1.50779E-01 4.05395E-01 3.08740E-03 8.70659E-04 2.13774E-05 1.12773E-01
1.21705E-04 8.92807E-04 2.90357E-03 5.61512E-03 6.22421E-03 1.40483E-01 3.82411E-01 2.90357E-03 8.92807E-04 1.21705E-04 9.86906E-02
2.01965E-04 9.01719E-04 2.72478E-03 5.19083E-03 5.72784E-03 1.30783E-01 3.60408E-01 2.72478E-03 9.01719E-04 2.01965E-04 8.62231E-02
2.63329E-04 8.97869E-04 2.54961E-03 4.79061E-03 5.26374E-03 1.21634E-01 3.39329E-01 2.54961E-03 8.97869E-04 2.63329E-04 7.52610E-02
3.08838E-04 8.83795E-04 2.37922E-03 4.41405E-03 4.83057E-03 1.13013E-01 3.19156E-01 2.37922E-03 8.83795E-04 3.08838E-04 6.56546E-02
3.41021E-04 8.61640E-04 2.21469E-03 4.06099E-03 4.42746E-03 1.04903E-01 2.99884E-01 2.21469E-03 8.61640E-04 3.41021E-04 5.72755E-02
3.62311E-04 8.33382E-04 2.05677E-03 3.73070E-03 4.05293E-03 9.72822E-02 2.81490E-01 2.05677E-03 8.33382E-04 3.62311E-04 4.99781E-02
3.74785E-04 8.00663E-04 1.90593E-03 3.42224E-03 3.70533E-03 9.01228E-02 2.63948E-01 1.90593E-03 8.00663E-04 3.74785E-04 4.36254E-02
3.80097E-04 7.64789E-04 1.76252E-03 3.13485E-03 3.38334E-03 8.34051E-02 2.47239E-01 1.76252E-03 7.64789E-04 3.80097E-04 3.81031E-02
3.79655E-04 7.26843E-04 1.62677E-03 2.86766E-03 3.08559E-03 7.71092E-02 2.31345E-01 1.62677E-03 7.26843E-04 3.79655E-04 3.33075E-02
3.74651E-04 6.87719E-04 1.49875E-03 2.61979E-03 2.81074E-03 7.12159E-02 2.16244E-01 1.49875E-03 6.87719E-04 3.74651E-04 2.91456E-02
3.66087E-04 6.48142E-04 1.37845E-03 2.39030E-03 2.55747E-03 6.57062E-02 2.01917E-01 1.37845E-03 6.48142E-04 3.66087E-04 2.55343E-02
3.54804E-04 6.08696E-04 1.26577E-03 2.17824E-03 2.32447E-03 6.05616E-02 1.88343E-01 1.26577E-03 6.08696E-04 3.54804E-04 2.24002E-02
3.41505E-04 5.69847E-04 1.16054E-03 1.98266E-03 2.11045E-03 5.57637E-02 1.75498E-01 1.16054E-03 5.69847E-04 3.41505E-04 1.96789E-02
3.26768E-04 5.31953E-04 1.06253E-03 1.80259E-03 1.91417E-03 5.12948E-02 1.63360E-01 1.06253E-03 5.31953E-04 3.26768E-04 1.73138E-02
3.11073E-04 4.95292E-04 9.71481E-04 1.63708E-03 1.73442E-03 4.71375E-02 1.51906E-01 9.71481E-04 4.95292E-04 3.11073E-04 1.52560E-02
2.94807E-04 4.60091E-04 8.87205E-04 1.48542E-03 1.57030E-03 4.32798E-02 1.41122E-01 8.87205E-04 4.60091E-04 2.94807E-04 1.34671E-02
2.78299E-04 4.26483E-04 8.09302E-04 1.34654E-03 1.42050E-03 3.97016E-02 1.30977E-01 8.09302E-04 4.26483E-04 2.78299E-04 1.19066E-02
0.00000E+00 0.00000E+00 3.28391E-03 7.73421E-03 8.68536E-03 2.16124E-01 5.57163E-01 3.28391E-03 0.00000E+00 0.00000E+00 2.24486E-01
0.00000E+00 1.80537E-04 3.14779E-03 7.18197E-03 8.01536E-03 2.01216E-01 5.26011E-01 3.14779E-03 1.80537E-04 0.00000E+00 1.98905E-01
0.00000E+00 3.30738E-04 3.01774E-03 6.68201E-03 7.41443E-03 1.87536E-01 4.96890E-01 3.01774E-03 3.30738E-04 0.00000E+00 1.75805E-01
0.00000E+00 4.44983E-04 2.88115E-03 6.21300E-03 6.85777E-03 1.74852E-01 4.69422E-01 2.88115E-03 4.44983E-04 0.00000E+00 1.55143E-01
0.00000E+00 5.30402E-04 2.74125E-03 5.77331E-03 6.34170E-03 1.63060E-01 4.43457E-01 2.74125E-03 5.30402E-04 0.00000E+00 1.36725E-01
0.00000E+00 5.91526E-04 2.60021E-03 5.36224E-03 5.86420E-03 1.52108E-01 4.18925E-01 2.60021E-03 5.91526E-04 0.00000E+00 1.20447E-01
0.00000E+00 6.33485E-04 2.45983E-03 4.97743E-03 5.42123E-03 1.41901E-01 3.95686E-01 2.45983E-03 6.33485E-04 0.00000E+00 1.06063E-01
1.38778E-17 6.55923E-04 2.35236E-03 4.69531E-03 5.09867E-03 1.34435E-01 3.78467E-01 2.35236E-03 6.55923E-04 1.38778E-17 9.60195E-02
1.61434E-05 6.58544E-04 2.31979E-03 4.61530E-03 5.00795E-03 1.32364E-01 3.73637E-01 2.31979E-03 6.58544E-04 1.61434E-05 9.33040E-02
9.16704E-05 6.72559E-04 2.17378E-03 4.25331E-03 4.59784E-03 1.22821E-01 3.51212E-01 2.17378E-03 6.72559E-04 9.16704E-05 8.09863E-02
1.51548E-04 6.76544E-04 2.03252E-03 3.91537E-03 4.21756E-03 1.13875E-01 3.29841E-01 2.03252E-03 6.76544E-04 1.51548E-04 7.02117E-02
1.96850E-04 6.70980E-04 1.89491E-03 3.59836E-03 3.86322E-03 1.05481E-01 3.09461E-01 1.89491E-03 6.70980E-04 1.96850E-04 6.08411E-02
2.30016E-04 6.57873E-04 1.76181E-03 3.30170E-03 3.53367E-03 9.76090E-02 2.90044E-01 1.76181E-03 6.57873E-04 2.30016E-04 5.27137E-02
2.53062E-04 6.38904E-04 1.63398E-03 3.02506E-03 3.22810E-03 9.02418E-02 2.71577E-01 1.63398E-03 6.38904E-04 2.53062E-04 4.56941E-02
2.67905E-04 6.15602E-04 1.51194E-03 2.76763E-03 2.94524E-03 8.33516E-02 2.54029E-01 1.51194E-03 6.15602E-04 2.67905E-04 3.96367E-02
2.76166E-04 5.89221E-04 1.39597E-03 2.52845E-03 2.68369E-03 7.69099E-02 2.37366E-01 1.39597E-03 5.89221E-04 2.76166E-04 3.44081E-02
2.79129E-04 5.60752E-04 1.28626E-03 2.30673E-03 2.44229E-03 7.08942E-02 2.21563E-01 1.28626E-03 5.60752E-04 2.79129E-04 2.98991E-02
2.77879E-04 5.31003E-04 1.18292E-03 2.10163E-03 2.21991E-03 6.52828E-02 2.06594E-01 1.18292E-03 5.31003E-04 2.77879E-04 2.60125E-02
2.73324E-04 5.00633E-04 1.08592E-03 1.91230E-03 2.01539E-03 6.00547E-02 1.92433E-01 1.08592E-03 5.00633E-04 2.73324E-04 2.26626E-02
2.66226E-04 4.70172E-04 9.95207E-04 1.73785E-03 1.82764E-03 5.51897E-02 1.79054E-01 9.95207E-04 4.70172E-04 2.66226E-04 1.97743E-02
2.57214E-04 4.40038E-04 9.10625E-04 1.57743E-03 1.65556E-03 5.06678E-02 1.66430E-01 9.10625E-04 4.40038E-04 2.57214E-04 1.72823E-02
2.46812E-04 4.10557E-04 8.31989E-04 1.43016E-03 1.49809E-03 4.64700E-02 1.54535E-01 8.31989E-04 4.10557E-04 2.46812E-04 1.51300E-02
2.35448E-04 3.81976E-04 7.59073E-04 1.29521E-03 1.35421E-03 4.25778E-02 1.43342E-01 7.59073E-04 3.81976E-04 2.35448E-04 1.32685E-02
2.23473E-04 3.54480E-04 6.91625E-04 1.17173E-03 1.22294E-03 3.89734E-02 1.32822E-01 6.91625E-04 3.54480E-04 2.23473E-04 1.16559E-02
2.11166E-04 3.28221E-04 6.29464E-04 1.05911E-03 1.10353E-03 3.56440E-02 1.22959E-01 6.29464E-04 3.28221E-04 2.11166E-04 1.02596E-02
1.98765E-04 3.03273E-04 5.72243E-04 9.56443E-04 9.94940E-04 3.25696E-02 1.13718E-01 5.72243E-04 3.03273E-04 1.98765E-04 9.04605E-03
0.00000E+00 0.00000E+00 2.48686E-03 5.94867E-03 6.48561E-03 1.93033E-01 5.22522E-01 2.48686E-03 0.00000E+00 0.00000E+00 1.96503E-01
0.00000E+00 1.37102E-04 2.37530E-03 5.49861E-03 5.96656E-03 1.78917E-01 4.91440E-01 2.37530E-03 1.37102E-04 0.00000E+00 1.72041E-01
0.00000E+00 2.50266E-04 2.26928E-03 5.09324E-03 5.50236E-03 1.66033E-01 4.62527E-01 2.26928E-03 2.50266E-04 0.00000E+00 1.50388E-01
0.00000E+00 3.35486E-04 2.15912E-03 4.71539E-03 5.07370E-03 1.54151E-01 4.35387E-01 2.15912E-03 3.35486E-04 0.00000E+00 1.31342E-01
0.00000E+00 3.98433E-04 2.04723E-03 4.36328E-03 4.67755E-03 1.43162E-01 4.09851E-01 2.04723E-03 3.98433E-04 0.00000E+00 1.14626E-01
0.00000E+00 4.42729E-04 1.93529E-03 4.03603E-03 4.31221E-03 1.33009E-01 3.85839E-01 1.93529E-03 4.42729E-04 0.00000E+00 1.00067E-01
0.00000E+00 4.72424E-04 1.82462E-03 3.73139E-03 3.97439E-03 1.23593E-01 3.63195E-01 1.82462E-03 4.72424E-04 0.00000E+00 8.73719E-02
6.93889E-18 4.87812E-04 1.74031E-03 3.50903E-03 3.72906E-03 1.16735E-01 3.46478E-01 1.74031E-03 4.87812E-04 6.93889E-18 7.85972E-02
1.20106E-05 4.89361E-04 1.71493E-03 3.44628E-03 3.66024E-03 1.14839E-01 3.41803E-01 1.71493E-03 4.89361E-04 1.20106E-05 7.62485E-02
6.80395E-05 4.97892E-04 1.60121E-03 3.16277E-03 3.34955E-03 1.06122E-01 3.20144E-01 1.60121E-03 4.97892E-04 6.80395E-05 6.56556E-02
1.12083E-04 4.98968E-04 1.49177E-03 2.89946E-03 3.06245E-03 9.79907E-02 2.99596E-01 1.49177E-03 4.98968E-04 1.12083E-04 5.64961E-02
1.45075E-04 4.93027E-04 1.38575E-03 2.65377E-03 2.79590E-03 9.03979E-02 2.80087E-01 1.38575E-03 4.93027E-04 1.45075E-04 4.86132E-02
1.68930E-04 4.81620E-04 1.28377E-03 2.42505E-03 2.54889E-03 8.33132E-02 2.61582E-01 1.28377E-03 4.81620E-04 1.68930E-04 4.18436E-02
1.85222E-04 4.66037E-04 1.18635E-03 2.21288E-03 2.32073E-03 7.67148E-02 2.44060E-01 1.18635E-03 4.66037E-04 1.85222E-04 3.60517E-02
1.95432E-04 4.47436E-04 1.09382E-03 2.01644E-03 2.11031E-03 7.05734E-02 2.27483E-01 1.09382E-03 4.47436E-04 1.95432E-04 3.10973E-02
2.00801E-04 4.26756E-04 1.00632E-03 1.83484E-03 1.91646E-03 6.48588E-02 2.11809E-01 1.00632E-03 4.26756E-04 2.00801E-04 2.68552E-02
2.02309E-04 4.04730E-04 9.23950E-04 1.66731E-03 1.73823E-03 5.95472E-02 1.97007E-01 9.23950E-04 4.04730E-04 2.02309E-04 2.32244E-02
2.00775E-04 3.81953E-04 8.46723E-04 1.51309E-03 1.57465E-03 5.46157E-02 1.83046E-01 8.46723E-04 3.81953E-04 2.00775E-04 2.01165E-02
1.96880E-04 3.58900E-04 7.74578E-04 1.37140E-03 1.42478E-03 5.00422E-02 1.69894E-01 7.74578E-04 3.58900E-04 1.96880E-04 1.74549E-02
1.91192E-04 3.35950E-04 7.07406E-04 1.24146E-03 1.28771E-03 4.58058E-02 1.57521E-01 7.07406E-04 3.35950E-04 1.91192E-04 1.51735E-02
1.84176E-04 3.13397E-04 6.45054E-04 1.12251E-03 1.16255E-03 4.18863E-02 1.45894E-01 6.45054E-04 3.13397E-04 1.84176E-04 1.32156E-02
1.76215E-04 2.91464E-04 5.87335E-04 1.01382E-03 1.04845E-03 3.82642E-02 1.34985E-01 5.87335E-04 2.91464E-04 1.76215E-04 1.15328E-02
1.67622E-04 2.70317E-04 5.34041E-04 9.14658E-04 9.44585E-04 3.49209E-02 1.24760E-01 5.34041E-04 2.70317E-04 1.67622E-04 1.00836E-02
1.58647E-04 2.50077E-04 4.84950E-04 8.24335E-04 8.50174E-04 3.18387E-02 1.15191E-01 4.84950E-04 2.50077E-04 1.58647E-04 8.83314E-03
1.49493E-04 2.30840E-04 4.39893E-04 7.42319E-04 7.64617E-04 2.90046E-02 1.06257E-01 4.39893E-04 2.30840E-04 1.49493E-04 7.75425E-03
1.40325E-04 2.12647E-04 3.98584E-04 6.67871E-04 6.87100E-04 2.63992E-02 9.79208E-02 3.98584E-04 2.12647E-04 1.40325E-04 6.81945E-03
0.00000E+00 0.00000E+00 1.85864E-03 4.50064E-03 4.79259E-03 1.70528E-01 4.86755E-01 1.85864E-03 0.00000E+00 0.00000E+00 1.69748E-01
0.00000E+00 1.02205E-04 1.76842E-03 4.14117E-03 4.39429E-03 1.57358E-01 4.56066E-01 1.76842E-03 1.02205E-04 0.00000E+00 1.46901E-01
0.00000E+00 1.86006E-04 1.68329E-03 3.81912E-03 4.03929E-03 1.45402E-01 4.27657E-01 1.68329E-03 1.86006E-04 0.00000E+00 1.27039E-01
0.00000E+00 2.48567E-04 1.59585E-03 3.52083E-03 3.71269E-03 1.34432E-01 4.01113E-01 1.59585E-03 2.48567E-04 0.00000E+00 1.09838E-01
0.00000E+00 2.94274E-04 1.50786E-03 3.24450E-03 3.41195E-03 1.24337E-01 3.76251E-01 1.50786E-03 2.94274E-04 0.00000E+00 9.49552E-02
0.00000E+00 3.25944E-04 1.42053E-03 2.98917E-03 3.13562E-03 1.15058E-01 3.52981E-01 1.42053E-03 3.25944E-04 0.00000E+00 8.21713E-02
0.00000E+00 3.46693E-04 1.33477E-03 2.75276E-03 2.88100E-03 1.06495E-01 3.31133E-01 1.33477E-03 3.46693E-04 0.00000E+00 7.11613E-02
0.00000E+00 3.57106E-04 1.26978E-03 2.58093E-03 2.69662E-03 1.00281E-01 3.15059E-01 1.26978E-03 3.57106E-04 0.00000E+00 6.36244E-02
8.82458E-06 3.57976E-04 1.25033E-03 2.53267E-03 2.64505E-03 9.85695E-02 3.10579E-01 1.25033E-03 3.57976E-04 8.82458E-06 6.16259E-02
4.98834E-05 3.62980E-04 1.16328E-03 2.31491E-03 2.41253E-03 9.07159E-02 2.89859E-01 1.16328E-03 3.62980E-04 4.98834E-05 5.26601E-02
8.19080E-05 3.62534E-04 1.07995E-03 2.11368E-03 2.19845E-03 8.34262E-02 2.70288E-01 1.07995E-03 3.62534E-04 8.19080E-05 4.49920E-02
1.05677E-04 3.57010E-04 9.99671E-04 1.92688E-03 2.00043E-03 7.66516E-02 2.51788E-01 9.99671E-04 3.57010E-04 1.05677E-04 3.84579E-02
1.22663E-04 3.47581E-04 9.22845E-04 1.75385E-03 1.81762E-03 7.03603E-02 2.34316E-01 9.22845E-04 3.47581E-04 1.22663E-04 3.28988E-02
1.34073E-04 3.35221E-04 8.49841E-04 1.59413E-03 1.64939E-03 6.45289E-02 2.17843E-01 8.49841E-04 3.35221E-04 1.34073E-04 2.81847E-02
1.41031E-04 3.20789E-04 7.80841E-04 1.44698E-03 1.49484E-03 5.91269E-02 2.02326E-01 7.80841E-04 3.20789E-04 1.41031E-04 2.41852E-02
1.44473E-04 3.04975E-04 7.15906E-04 1.31159E-03 1.35300E-03 5.41236E-02 1.87716E-01 7.15906E-04 3.04975E-04 1.44473E-04 2.07865E-02
1.45132E-04 2.88315E-04 6.55062E-04 1.18728E-03 1.22307E-03 4.94944E-02 1.73977E-01 6.55062E-04 2.88315E-04 1.45132E-04 1.78976E-02
1.43618E-04 2.71237E-04 5.98272E-04 1.07336E-03 1.10428E-03 4.52161E-02 1.61072E-01 5.98272E-04 2.71237E-04 1.43618E-04 1.54405E-02
1.40436E-04 2.54080E-04 5.45454E-04 9.69171E-04 9.95849E-04 4.12664E-02 1.48966E-01 5.45454E-04 2.54080E-04 1.40436E-04 1.33485E-02
1.36001E-04 2.37109E-04 4.96488E-04 8.74053E-04 8.97053E-04 3.76242E-02 1.37624E-01 4.96488E-04 2.37109E-04 1.36001E-04 1.15648E-02
1.30654E-04 2.20527E-04 4.51227E-04 7.87367E-04 8.07178E-04 3.42695E-02 1.27010E-01 4.51227E-04 2.20527E-04 1.30654E-04 1.00412E-02
1.24670E-04 2.04486E-04 4.09502E-04 7.08498E-04 7.25547E-04 3.11832E-02 1.17092E-01 4.09502E-04 2.04486E-04 1.24670E-04 8.73727E-03
1.18275E-04 1.89095E-04 3.71132E-04 6.36853E-04 6.51512E-04 2.83471E-02 1.07835E-01 3.71132E-04 1.89095E-04 1.18275E-04 7.61865E-03
1.11647E-04 1.74430E-04 3.35926E-04 5.71871E-04 5.84463E-04 2.57440E-02 9.92062E-02 3.35926E-04 1.74430E-04 1.11647E-04 6.65664E-03
1.04931E-04 1.60553E-04 3.03741E-04 5.13115E-04 5.23927E-04 2.33611E-02 9.11838E-02 3.03741E-04 1.60553E-04 1.04931E-04 5.82917E-03
9.82406E-05 1.47481E-04 2.74346E-04 4.60002E-04 4.69279E-04 2.11801E-02 8.37288E-02 2.74346E-04 1.47481E-04 9.82406E-05 5.11412E-03
0.00000E+00 0.00000E+00 1.36287E-03 3.33162E-03 3.48271E-03 1.48588E-01 4.49714E-01 1.36287E-03 0.00000E+00 0.00000E+00 1.44157E-01
0.00000E+00 7.42637E-05 1.29113E-03 3.05127E-03 3.18158E-03 1.36502E-01 4.19733E-01 1.29113E-03 7.42637E-05 0.00000E+00 1.23339E-01
0.00000E+00 1.34840E-04 1.22406E-03 2.80150E-03 2.91428E-03 1.25586E-01 3.92112E-01 1.22406E-03 1.34840E-04 0.00000E+00 1.05542E-01
0.00000E+00 1.79736E-04 1.15607E-03 2.57167E-03 2.66946E-03 1.15622E-01 3.66423E-01 1.15607E-03 1.79736E-04 0.00000E+00 9.03528E-02
0.00000E+00 2.12226E-04 1.08834E-03 2.36004E-03 2.44497E-03 1.06498E-01 3.42469E-01 1.08834E-03 2.12226E-04 0.00000E+00 7.73884E-02
0.00000E+00 2.34425E-04 1.02170E-03 2.16564E-03 2.23956E-03 9.81537E-02 3.20152E-01 1.02170E-03 2.34425E-04 0.00000E+00 6.63980E-02
0.00000E+00 2.48656E-04 9.56725E-04 1.98661E-03 2.05103E-03 9.04901E-02 2.99289E-01 9.56725E-04 2.48656E-04 0.00000E+00 5.70446E-02
1.38778E-17 2.55573E-04 9.07743E-04 1.85704E-03 1.91494E-03 8.49507E-02 2.83995E-01 9.07743E-04 2.55573E-04 1.38778E-17 5.07007E-02
6.36294E-06 2.56025E-04 8.93177E-04 1.82080E-03 1.87700E-03 8.34303E-02 2.79745E-01 8.93177E-04 2.56025E-04 6.36294E-06 4.90336E-02
3.58990E-05 2.58822E-04 8.28040E-04 1.65758E-03 1.70615E-03 7.64674E-02 2.60128E-01 8.28040E-04 2.58822E-04 3.58990E-05 4.15919E-02
5.87722E-05 2.57722E-04 7.66024E-04 1.50749E-03 1.54945E-03 7.00355E-02 2.41681E-01 7.66024E-04 2.57722E-04 5.87722E-05 3.52938E-02
7.56050E-05 2.53025E-04 7.06606E-04 1.36885E-03 1.40509E-03 6.40866E-02 2.24320E-01 7.06606E-04 2.53025E-04 7.56050E-05 2.99780E-02
8.75029E-05 2.45596E-04 6.50041E-04 1.24107E-03 1.27233E-03 5.85882E-02 2.07993E-01 6.50041E-04 2.45596E-04 8.75029E-05 2.54958E-02
9.53694E-05 2.36149E-04 5.96562E-04 1.12370E-03 1.15065E-03 5.35160E-02 1.92668E-01 5.96562E-04 2.36149E-04 9.53694E-05 2.17268E-02
1.00038E-04 2.25309E-04 5.46263E-04 1.01608E-03 1.03930E-03 4.88392E-02 1.78294E-01 5.46263E-04 2.25309E-04 1.00038E-04 1.85538E-02
1.02198E-04 2.13571E-04 4.99147E-04 9.17509E-04 9.37506E-04 4.45275E-02 1.64818E-01 4.99147E-04 2.13571E-04 1.02198E-04 1.58763E-02
1.02387E-04 2.01315E-04 4.55198E-04 8.27419E-04 8.44620E-04 4.05564E-02 1.52198E-01 4.55198E-04 2.01315E-04 1.02387E-04 1.36152E-02
1.01051E-04 1.88845E-04 4.14359E-04 7.45234E-04 7.60017E-04 3.69030E-02 1.40395E-01 4.14359E-04 1.88845E-04 1.01051E-04 1.17033E-02
9.85543E-05 1.76397E-04 3.76538E-04 6.70399E-04 6.83092E-04 3.35454E-02 1.29369E-01 3.76538E-04 1.76397E-04 9.85543E-05 1.00840E-02
9.51963E-05 1.64152E-04 3.41621E-04 6.02377E-04 6.13266E-04 3.04632E-02 1.19082E-01 3.41621E-04 1.64152E-04 9.51963E-05 8.70983E-03
9.12204E-05 1.52249E-04 3.09478E-04 5.40652E-04 5.49984E-04 2.76370E-02 1.09496E-01 3.09478E-04 1.52249E-04 9.12204E-05 7.54106E-03
8.68234E-05 1.40786E-04 2.79963E-04 4.84731E-04 4.92721E-04 2.50484E-02 1.00575E-01 2.79963E-04 1.40786E-04 8.68234E-05 6.54444E-03
8.21634E-05 1.29836E-04 2.52927E-04 4.34144E-04 4.40980E-04 2.26802E-02 9.22830E-02 2.52927E-04 1.29836E-04 8.21634E-05 5.69227E-03
7.73660E-05 1.19443E-04 2.28216E-04 3.88451E-04 3.94293E-04 2.05162E-02 8.45863E-02 2.28216E-04 1.19443E-04 7.73660E-05 4.96154E-03
7.25313E-05 1.09647E-04 2.05710E-04 3.47307E-04 3.52298E-04 1.85440E-02 7.74605E-02 2.05710E-04 1.09647E-04 7.25313E-05 4.33463E-03
6.77387E-05 1.00453E-04 1.85230E-04 3.10263E-04 3.14525E-04 1.67468E-02 7.08661E-02 1.85230E-04 1.00453E-04 6.77387E-05 3.79414E-03
0.00000E+00 0.00000E+00 9.81977E-04 2.41760E-03 2.49229E-03 1.27761E-01 4.12189E-01 9.81977E-04 0.00000E+00 0.00000E+00 1.20364E-01
0.00000E+00 5.26091E-05 9.25834E-04 2.20363E-03 2.26771E-03 1.16848E-01 3.83205E-01 9.25834E-04 5.26091E-05 0.00000E+00 1.01847E-01
0.00000E+00 9.53828E-05 8.73926E-04 2.01414E-03 2.06933E-03 1.07041E-01 3.56628E-01 8.73926E-04 9.53828E-05 0.00000E+00 8.62632E-02
0.00000E+00 1.26918E-04 8.22059E-04 1.84096E-03 1.88858E-03 9.81336E-02 3.32022E-01 8.22059E-04 1.26918E-04 0.00000E+00 7.31440E-02
0.00000E+00 1.49569E-04 7.70961E-04 1.68247E-03 1.72362E-03 9.00176E-02 3.09180E-01 7.70961E-04 1.49569E-04 0.00000E+00 6.20896E-02
0.00000E+00 1.64864E-04 7.21147E-04 1.53774E-03 1.57339E-03 8.26314E-02 2.87994E-01 7.21147E-04 1.64864E-04 0.00000E+00 5.28344E-02
0.00000E+00 1.74485E-04 6.72951E-04 1.40518E-03 1.43611E-03 7.58797E-02 2.68276E-01 6.72951E-04 1.74485E-04 0.00000E+00 4.50463E-02
0.00000E+00 1.79023E-04 6.36815E-04 1.30965E-03 1.33735E-03 7.10181E-02 2.53870E-01 6.36815E-04 1.79023E-04 0.00000E+00 3.98103E-02
4.51050E-06 1.79238E-04 6.26134E-04 1.28305E-03 1.30990E-03 6.96883E-02 2.49880E-01 6.26134E-04 1.79238E-04 4.51050E-06 3.84461E-02
2.54058E-05 1.80739E-04 5.78428E-04 1.16341E-03 1.18650E-03 6.36102E-02 2.31496E-01 5.78428E-04 1.80739E-04 2.54058E-05 3.23844E-02
4.14858E-05 1.79512E-04 5.33258E-04 1.05395E-03 1.07380E-03 5.80223E-02 2.14284E-01 5.33258E-04 1.79512E-04 4.14858E-05 2.73053E-02
5.32300E-05 1.75783E-04 4.90214E-04 9.53330E-04 9.70387E-04 5.28781E-02 1.98154E-01 4.90214E-04 1.75783E-04 5.32300E-05 2.30568E-02
6.14490E-05 1.70175E-04 4.49449E-04 8.61035E-04 8.75678E-04 4.81457E-02 1.83052E-01 4.49449E-04 1.70175E-04 6.14490E-05 1.95045E-02
6.68037E-05 1.63201E-04 4.11099E-04 7.76661E-04 7.89224E-04 4.38005E-02 1.68938E-01 4.11099E-04 1.63201E-04 6.68037E-05 1.65408E-02
6.98992E-05 1.55303E-04 3.75199E-04 6.99653E-04 7.10426E-04 3.98125E-02 1.55757E-01 3.75199E-04 1.55303E-04 6.98992E-05 1.40636E-02
7.12333E-05 1.46830E-04 3.41722E-04 6.29443E-04 6.38673E-04 3.61526E-02 1.43452E-01 3.41722E-04 1.46830E-04 7.12333E-05 1.19867E-02
7.11928E-05 1.38048E-04 3.10632E-04 5.65555E-04 5.73455E-04 3.27970E-02 1.31978E-01 3.10632E-04 1.38048E-04 7.11928E-05 1.02429E-02
7.00957E-05 1.29166E-04 2.81862E-04 5.07527E-04 5.14282E-04 2.97237E-02 1.21292E-01 2.81862E-04 1.29166E-04 7.00957E-05 8.77611E-03
6.82022E-05 1.20346E-04 2.55328E-04 4.54914E-04 4.60686E-04 2.69119E-02 1.11351E-01 2.55328E-04 1.20346E-04 6.82022E-05 7.53959E-03
6.57239E-05 1.11711E-04 2.30930E-04 4.07293E-04 4.12219E-04 2.43421E-02 1.02115E-01 2.30930E-04 1.11711E-04 6.57239E-05 6.49456E-03
6.28321E-05 1.03352E-04 2.08556E-04 3.64259E-04 3.68461E-04 2.19962E-02 9.35449E-02 2.08556E-04 1.03352E-04 6.28321E-05 5.60889E-03
5.96645E-05 9.53347E-05 1.88090E-04 3.25431E-04 3.29011E-04 1.98570E-02 8.56027E-02 1.88090E-04 9.53347E-05 5.96645E-05 4.85603E-03
5.63309E-05 8.77028E-05 1.69411E-04 2.90450E-04 2.93496E-04 1.79085E-02 7.82517E-02 1.69411E-04 8.77028E-05 5.63309E-05 4.21404E-03
5.29184E-05 8.04848E-05 1.52400E-04 2.58977E-04 2.61568E-04 1.61358E-02 7.14567E-02 1.52400E-04 8.04848E-05 5.29184E-05 3.66485E-03
4.94957E-05 7.37035E-05 1.36963E-04 2.30751E-04 2.32954E-04 1.45274E-02 6.51922E-02 1.36963E-04 7.37035E-05 4.94957E-05 3.19469E-03
4.61168E-05 6.73588E-05 1.22965E-04 2.05437E-04 2.07308E-04 1.30681E-02 5.94192E-02 1.22965E-04 6.73588E-05 4.61168E-05 2.79012E-03
0.00000E+00 0.00000E+00 6.94273E-04 1.71817E-03 1.75320E-03 1.08331E-01 3.74621E-01 6.94273E-04 0.00000E+00 0.00000E+00 9.86855E-02
0.00000E+00 3.62237E-05 6.51065E-04 1.55838E-03 1.58827E-03 9.86380E-02 3.46896E-01 6.51065E-04 3.62237E-05 0.00000E+00 8.26129E-02
0.00000E+00 6.56537E-05 6.11629E-04 1.41778E-03 1.44340E-03 8.99721E-02 3.21591E-01 6.11629E-04 6.56537E-05 0.00000E+00 6.92825E-02
0.00000E+00 8.72913E-05 5.72852E-04 1.29020E-03 1.31218E-03 8.21393E-02 2.98268E-01 5.72852E-04 8.72913E-05 0.00000E+00 5.82051E-02
0.00000E+00 1.02757E-04 5.35111E-04 1.17419E-03 1.19309E-03 7.50365E-02 2.76714E-01 5.35111E-04 1.02757E-04 0.00000E+00 4.89845E-02
0.00000E+00 1.13112E-04 4.98685E-04 1.06889E-03 1.08519E-03 6.86036E-02 2.56812E-01 4.98685E-04 1.13112E-04 0.00000E+00 4.13556E-02
0.00000E+00 1.19528E-04 4.63726E-04 9.72988E-04 9.87056E-04 6.27506E-02 2.38368E-01 4.63726E-04 1.19528E-04 0.00000E+00 3.50046E-02
3.46945E-18 1.22480E-04 4.37665E-04 9.04166E-04 9.16717E-04 5.85518E-02 2.24941E-01 4.37665E-04 1.22480E-04 3.46945E-18 3.07703E-02
3.13923E-06 1.22572E-04 4.30008E-04 8.85081E-04 8.97236E-04 5.74072E-02 2.21233E-01 4.30008E-04 1.22572E-04 3.13923E-06 2.96759E-02
1.76581E-05 1.23360E-04 3.95858E-04 7.99402E-04 8.09803E-04 5.21856E-02 2.04182E-01 3.95858E-04 1.23360E-04 1.76581E-05 2.48344E-02
2.87715E-05 1.22277E-04 3.63704E-04 7.21394E-04 7.30290E-04 4.74075E-02 1.88289E-01 3.63704E-04 1.22277E-04 2.87715E-05 2.08158E-02
3.68354E-05 1.19487E-04 3.33230E-04 6.50041E-04 6.57645E-04 4.30292E-02 1.73461E-01 3.33230E-04 1.19487E-04 3.68354E-05 1.74826E-02
4.24296E-05 1.15428E-04 3.04516E-04 5.84899E-04 5.91393E-04 3.90198E-02 1.59636E-01 3.04516E-04 1.15428E-04 4.24296E-05 1.47173E-02
4.60260E-05 1.10457E-04 2.77634E-04 5.25626E-04 5.31170E-04 3.53555E-02 1.46773E-01 2.77634E-04 1.10457E-04 4.60260E-05 1.24270E-02
4.80543E-05 1.04882E-04 2.52586E-04 4.71775E-04 4.76504E-04 3.20077E-02 1.34813E-01 2.52586E-04 1.04882E-04 4.80543E-05 1.05250E-02
4.88660E-05 9.89428E-05 2.29330E-04 4.22894E-04 4.26924E-04 2.89491E-02 1.23695E-01 2.29330E-04 9.89428E-05 4.88660E-05 8.93957E-03
4.87339E-05 9.28210E-05 2.07822E-04 3.78606E-04 3.82038E-04 2.61574E-02 1.13371E-01 2.07822E-04 9.28210E-05 4.87339E-05 7.61528E-03
4.78809E-05 8.66587E-05 1.88000E-04 3.38550E-04 3.41470E-04 2.36118E-02 1.03798E-01 1.88000E-04 8.66587E-05 4.78809E-05 6.50641E-03
4.64887E-05 8.05646E-05 1.69789E-04 3.02384E-04 3.04866E-04 2.12931E-02 9.49297E-02 1.69789E-04 8.05646E-05 4.64887E-05 5.57533E-03
4.47043E-05 7.46205E-05 1.53108E-04 2.69784E-04 2.71891E-04 1.91834E-02 8.67256E-02 1.53108E-04 7.46205E-05 4.47043E-05 4.79112E-03
4.26464E-05 6.88860E-05 1.37867E-04 2.40443E-04 2.42231E-04 1.72658E-02 7.91452E-02 1.37867E-04 6.88860E-05 4.26464E-05 4.12847E-03
4.04096E-05 6.34030E-05 1.23975E-04 2.14075E-04 2.15590E-04 1.55249E-02 7.21498E-02 1.23975E-04 6.34030E-05 4.04096E-05 3.56660E-03
3.80694E-05 5.81995E-05 1.11341E-04 1.90412E-04 1.91694E-04 1.39461E-02 6.57025E-02 1.11341E-04 5.81995E-05 3.80694E-05 3.08852E-03
3.56851E-05 5.32921E-05 9.98742E-05 1.69204E-04 1.70289E-04 1.25159E-02 5.97679E-02 9.98742E-05 5.32921E-05 3.56851E-05 2.68032E-03
3.33034E-05 4.86943E-05 8.95035E-05 1.50258E-04 1.51175E-04 1.12240E-02 5.43202E-02 8.95035E-05 4.86943E-05 3.33034E-05 2.33148E-03
3.09605E-05 4.44039E-05 8.01296E-05 1.33330E-04 1.34105E-04 1.00569E-02 4.93209E-02 8.01296E-05 4.44039E-05 3.09605E-05 2.03177E-03
0.00000E+00 0.00000E+00 4.80904E-04 1.19451E-03 1.21000E-03 9.05184E-02 3.37434E-01 4.80904E-04 0.00000E+00 0.00000E+00 7.93487E-02
0.00000E+00 2.41465E-05 4.48241E-04 1.07781E-03 1.09096E-03 8.20559E-02 3.11197E-01 4.48241E-04 2.41465E-05 0.00000E+00 6.57405E-02
0.00000E+00 4.38166E-05 4.18868E-04 9.75844E-04 9.87047E-04 7.45269E-02 2.87362E-01 4.18868E-04 4.38166E-05 0.00000E+00 5.46092E-02
0.00000E+00 5.82871E-05 3.90492E-04 8.84016E-04 8.93582E-04 6.77542E-02 2.65493E-01 3.90492E-04 5.82871E-05 0.00000E+00 4.54727E-02
0.00000E+00 6.86160E-05 3.63241E-04 8.01086E-04 8.09269E-04 6.16415E-02 2.45370E-01 3.63241E-04 6.86160E-05 0.00000E+00 3.79555E-02
0.00000E+00 7.55016E-05 3.37225E-04 7.26300E-04 7.33317E-04 5.61318E-02 2.26875E-01 3.37225E-04 7.55016E-05 0.00000E+00 3.18059E-02
0.00000E+00 7.97299E-05 3.12471E-04 6.58567E-04 6.64594E-04 5.11416E-02 2.09809E-01 3.12471E-04 7.97299E-05 0.00000E+00 2.67383E-02
0.00000E+00 8.16440E-05 2.94128E-04 6.10175E-04 6.15531E-04 4.75749E-02 1.97428E-01 2.94128E-04 8.16440E-05 0.00000E+00 2.33863E-02
2.14217E-06 8.16808E-05 2.88770E-04 5.96812E-04 6.01993E-04 4.66057E-02 1.94020E-01 2.88770E-04 8.16808E-05 2.14217E-06 2.25265E-02
1.20376E-05 8.21080E-05 2.64919E-04 5.36929E-04 5.41338E-04 4.21933E-02 1.78376E-01 2.64919E-04 8.21080E-05 1.20376E-05 1.87383E-02
1.95798E-05 8.12803E-05 2.42590E-04 4.82679E-04 4.86430E-04 3.81743E-02 1.63859E-01 2.42590E-04 8.12803E-05 1.95798E-05 1.56219E-02
2.50233E-05 7.93109E-05 2.21544E-04 4.33299E-04 4.36488E-04 3.45083E-02 1.50374E-01 2.21544E-04 7.93109E-05 2.50233E-05 1.30571E-02
2.87720E-05 7.64977E-05 2.01813E-04 3.88430E-04 3.91139E-04 3.11664E-02 1.37857E-01 2.01813E-04 7.64977E-05 2.87720E-05 1.09446E-02
3.11544E-05 7.30846E-05 1.83429E-04 3.47794E-04 3.50093E-04 2.81260E-02 1.26262E-01 1.83429E-04 7.30846E-05 3.11544E-05 9.20642E-03
3.24682E-05 6.92797E-05 1.66374E-04 3.11039E-04 3.12991E-04 2.53609E-02 1.15527E-01 1.66374E-04 6.92797E-05 3.24682E-05 7.77129E-03
3.29565E-05 6.52445E-05 1.50607E-04 2.77822E-04 2.79476E-04 2.28457E-02 1.05591E-01 1.50607E-04 6.52445E-05 3.29565E-05 6.58107E-03
3.28071E-05 6.11011E-05 1.36082E-04 2.47853E-04 2.49254E-04 2.05602E-02 9.64056E-02 1.36082E-04 6.11011E-05 3.28071E-05 5.59129E-03
3.21733E-05 5.69439E-05 1.22748E-04 2.20861E-04 2.22046E-04 1.84854E-02 8.79236E-02 1.22748E-04 5.69439E-05 3.21733E-05 4.76567E-03
3.11794E-05 5.28447E-05 1.10543E-04 1.96589E-04 1.97591E-04 1.66037E-02 8.01006E-02 1.10543E-04 5.28447E-05 3.11794E-05 4.07466E-03
2.99258E-05 4.88571E-05 9.94027E-05 1.74798E-04 1.75644E-04 1.48991E-02 7.28943E-02 9.94027E-05 4.88571E-05 2.99258E-05 3.49426E-03
2.84932E-05 4.50197E-05 8.92595E-05 1.55262E-04 1.55975E-04 1.33566E-02 6.62643E-02 8.92595E-05 4.50197E-05 2.84932E-05 3.00495E-03
2.69458E-05 4.13592E-05 8.00452E-05 1.37773E-04 1.38374E-04 1.19621E-02 6.01722E-02 8.00452E-05 4.13592E-05 2.69458E-05 2.59086E-03
2.53345E-05 3.78932E-05 7.16923E-05 1.22138E-04 1.22644E-04 1.07030E-02 5.45814E-02 7.16923E-05 3.78932E-05 2.53345E-05 2.23911E-03
2.36991E-05 3.46315E-05 6.41350E-05 1.08177E-04 1.08603E-04 9.56735E-03 4.94573E-02 6.41350E-05 3.46315E-05 2.36991E-05 1.93922E-03
2.20711E-05 3.15820E-05 5.73215E-05 9.57516E-05 9.61095E-05 8.54595E-03 4.47740E-02 5.73215E-05 3.15820E-05 2.20711E-05 1.68328E-03
2.04745E-05 2.87424E-05 5.11817E-05 8.46902E-05 8.49909E-05 7.62720E-03 4.04946E-02 5.11817E-05 2.87424E-05 2.04745E-05 1.46367E-03
0.00000E+00 0.00000E+00 3.25833E-04 8.11350E-04 8.17814E-04 7.44805E-02 3.01032E-01 3.25833E-04 0.00000E+00 0.00000E+00 6.24786E-02
0.00000E+00 1.55062E-05 3.01617E-04 7.28056E-04 7.33512E-04 6.72205E-02 2.76478E-01 3.01617E-04 1.55062E-05 0.00000E+00 5.12495E-02
0.00000E+00 2.82322E-05 2.80201E-04 6.55841E-04 6.60464E-04 6.07925E-02 2.54276E-01 2.80201E-04 2.82322E-05 0.00000E+00 4.21846E-02
0.00000E+00 3.76430E-05 2.59908E-04 5.91341E-04 5.95267E-04 5.50376E-02 2.33998E-01 2.59908E-04 3.76430E-05 0.00000E+00 3.48313E-02
0.00000E+00 4.43827E-05 2.40703E-04 5.33512E-04 5.36853E-04 4.98674E-02 2.15422E-01 2.40703E-04 4.43827E-05 0.00000E+00 2.88481E-02
0.00000E+00 4.88826E-05 2.22586E-04 4.81714E-04 4.84564E-04 4.52290E-02 1.98426E-01 2.22586E-04 4.88826E-05 0.00000E+00 2.40056E-02
0.00000E+00 5.16445E-05 2.05506E-04 4.35081E-04 4.37516E-04 4.10468E-02 1.82812E-01 2.05506E-04 5.16445E-05 0.00000E+00 2.00536E-02
1.38778E-17 5.28910E-05 1.92932E-04 4.01915E-04 4.04070E-04 3.80685E-02 1.71523E-01 1.92932E-04 5.28910E-05 1.38778E-17 1.74590E-02
1.43156E-06 5.29092E-05 1.89280E-04 3.92795E-04 3.94878E-04 3.72618E-02 1.68426E-01 1.89280E-04 5.29092E-05 1.43156E-06 1.67982E-02
8.03957E-06 5.31741E-05 1.73059E-04 3.52004E-04 3.53767E-04 3.35962E-02 1.54235E-01 1.73059E-04 5.31741E-05 8.03957E-06 1.38979E-02
1.30612E-05 5.26159E-05 1.57964E-04 3.15239E-04 3.16730E-04 3.02727E-02 1.41126E-01 1.57964E-04 5.26159E-05 1.30612E-05 1.15315E-02
1.66714E-05 5.13083E-05 1.43813E-04 2.81938E-04 2.83199E-04 2.72547E-02 1.29001E-01 1.43813E-04 5.13083E-05 1.66714E-05 9.59784E-03
1.91435E-05 4.94485E-05 1.30611E-04 2.51822E-04 2.52888E-04 2.45158E-02 1.17797E-01 1.30611E-04 4.94485E-05 1.91435E-05 8.01547E-03
2.07001E-05 4.71982E-05 1.18368E-04 2.24673E-04 2.25572E-04 2.20353E-02 1.07464E-01 1.18368E-04 4.71982E-05 2.07001E-05 6.72099E-03
2.15425E-05 4.46947E-05 1.07059E-04 2.00226E-04 2.00985E-04 1.97894E-02 9.79405E-02 1.07059E-04 4.46947E-05 2.15425E-05 5.65757E-03
2.18345E-05 4.20445E-05 9.66451E-05 1.78225E-04 1.78865E-04 1.77556E-02 8.91644E-02 9.66451E-05 4.20445E-05 2.18345E-05 4.77938E-03
2.17029E-05 3.93278E-05 8.70882E-05 1.58459E-04 1.58998E-04 1.59155E-02 8.10863E-02 8.70882E-05 3.93278E-05 2.17029E-05 4.05170E-03
2.12506E-05 3.66062E-05 7.83457E-05 1.40728E-04 1.41181E-04 1.42523E-02 7.36594E-02 7.83457E-05 3.66062E-05 2.12506E-05 3.44654E-03
2.05612E-05 3.39267E-05 7.03711E-05 1.24847E-04 1.25228E-04 1.27506E-02 6.68394E-02 7.03711E-05 3.39267E-05 2.05612E-05 2.94131E-03
1.97018E-05 3.13239E-05 6.31159E-05 1.10644E-04 1.10963E-04 1.13960E-02 6.05843E-02 6.31159E-05 3.13239E-05 1.97018E-05 2.51780E-03
1.87265E-05 2.88227E-05 5.65308E-05 9.79587E-05 9.82269E-05 1.01755E-02 5.48546E-02 5.65308E-05 2.88227E-05 1.87265E-05 2.16134E-03
1.76780E-05 2.64402E-05 5.05672E-05 8.66450E-05 8.68698E-05 9.07697E-03 4.96127E-02 5.05672E-05 2.64402E-05 1.76780E-05 1.86009E-03
1.65903E-05 2.41873E-05 4.51770E-05 7.65672E-05 7.67553E-05 8.08928E-03 4.48231E-02 4.51770E-05 2.41873E-05 1.65903E-05 1.60450E-03
1.54897E-05 2.20702E-05 4.03141E-05 6.76012E-05 6.77585E-05 7.20224E-03 4.04523E-02 4.03141E-05 2.20702E-05 1.54897E-05 1.38682E-03
1.43970E-05 2.00937E-05 3.59424E-05 5.96496E-05 5.97811E-05 6.40792E-03 3.64752E-02 3.59424E-05 2.00937E-05 1.43970E-05 1.20123E-03
1.33282E-05 1.82558E-05 3.20137E-05 5.25955E-05 5.27053E-05 5.69649E-03 3.28569E-02 3.20137E-05 1.82558E-05 1.33282E-05 1.04217E-03
0.00000E+00 0.00000E+00 2.15504E-04 5.37493E-04 5.40028E-04 6.03007E-02 2.65784E-01 2.15504E-04 0.00000E+00 0.00000E+00 4.80962E-02
0.00000E+00 9.52612E-06 1.97929E-04 4.79470E-04 4.81597E-04 5.41844E-02 2.43072E-01 1.97929E-04 9.52612E-06 0.00000E+00 3.90765E-02
0.00000E+00 1.74581E-05 1.82669E-04 4.29589E-04 4.31382E-04 4.87948E-02 2.22632E-01 1.82669E-04 1.74581E-05 0.00000E+00 3.18866E-02
0.00000E+00 2.33925E-05 1.68514E-04 3.85437E-04 3.86952E-04 4.39919E-02 2.04049E-01 1.68514E-04 2.33925E-05 0.00000E+00 2.61195E-02
0.00000E+00 2.76834E-05 1.55332E-04 3.46163E-04 3.47445E-04 3.96966E-02 1.87102E-01 1.55332E-04 2.76834E-05 0.00000E+00 2.14764E-02
0.00000E+00 3.05748E-05 1.43057E-04 3.11237E-04 3.12325E-04 3.58610E-02 1.71667E-01 1.43057E-04 3.05748E-05 0.00000E+00 1.77567E-02
0.00000E+00 3.23679E-05 1.31602E-04 2.79991E-04 2.80916E-04 3.24180E-02 1.57550E-01 1.31602E-04 3.23679E-05 0.00000E+00 1.47485E-02
1.04083E-17 3.31889E-05 1.23227E-04 2.57876E-04 2.58691E-04 2.99747E-02 1.47380E-01 1.23227E-04 3.31889E-05 1.04083E-17 1.27873E-02
9.35438E-07 3.32053E-05 1.20809E-04 2.51820E-04 2.52606E-04 2.93152E-02 1.44599E-01 1.20809E-04 3.32053E-05 9.35438E-07 1.22912E-02
5.25256E-06 3.34065E-05 1.10093E-04 2.24790E-04 2.25453E-04 2.63234E-02 1.31880E-01 1.10093E-04 3.34065E-05 5.25256E-06 1.01211E-02
8.52839E-06 3.30801E-05 1.00182E-04 2.00556E-04 2.01113E-04 2.36231E-02 1.20183E-01 1.00182E-04 3.30801E-05 8.52839E-06 8.36377E-03
1.08781E-05 3.22710E-05 9.09424E-05 1.78715E-04 1.79183E-04 2.11819E-02 1.09413E-01 9.09424E-05 3.22710E-05 1.08781E-05 6.93697E-03
1.24810E-05 3.11055E-05 8.23645E-05 1.59056E-04 1.59449E-04 1.89764E-02 9.95059E-02 8.23645E-05 3.11055E-05 1.24810E-05 5.77595E-03
1.34837E-05 2.96877E-05 7.44447E-05 1.41415E-04 1.41745E-04 1.69878E-02 9.04104E-02 7.44447E-05 2.96877E-05 1.34837E-05 4.83084E-03
1.40184E-05 2.81061E-05 6.71589E-05 1.25599E-04 1.25877E-04 1.51953E-02 8.20649E-02 6.71589E-05 2.81061E-05 1.40184E-05 4.05761E-03
1.41931E-05 2.64291E-05 6.04745E-05 1.11426E-04 1.11658E-04 1.35791E-02 7.44087E-02 6.04745E-05 2.64291E-05 1.41931E-05 3.42121E-03
1.40912E-05 2.47086E-05 5.43616E-05 9.87436E-05 9.89381E-05 1.21232E-02 6.73928E-02 5.43616E-05 2.47086E-05 1.40912E-05 2.89531E-03
1.37803E-05 2.29841E-05 4.87878E-05 8.74116E-05 8.75744E-05 1.08130E-02 6.09711E-02 4.87878E-05 2.29841E-05 1.37803E-05 2.45890E-03
1.33155E-05 2.12859E-05 4.37191E-05 7.73008E-05 7.74368E-05 9.63504E-03 5.51004E-02 4.37191E-05 2.12859E-05 1.33155E-05 2.09516E-03
1.27408E-05 1.96363E-05 3.91213E-05 6.82918E-05 6.84054E-05 8.57713E-03 4.97399E-02 3.91213E-05 1.96363E-05 1.27408E-05 1.79065E-03
1.20917E-05 1.80513E-05 3.49598E-05 6.02752E-05 6.03699E-05 7.62800E-03 4.48514E-02 3.49598E-05 1.80513E-05 1.20917E-05 1.53461E-03
1.13963E-05 1.65419E-05 3.12012E-05 5.31505E-05 5.32293E-05 6.77739E-03 4.03989E-02 3.12012E-05 1.65419E-05 1.13963E-05 1.31841E-03
1.06768E-05 1.51152E-05 2.78127E-05 4.68260E-05 4.68917E-05 6.01589E-03 3.63487E-02 2.78127E-05 1.51152E-05 1.06768E-05 1.13511E-03
9.95052E-06 1.37752E-05 2.47634E-05 4.12185E-05 4.12730E-05 5.33489E-03 3.26691E-02 2.47634E-05 1.37752E-05 9.95052E-06 9.79121E-04
9.23108E-06 1.25249E-05 2.20289E-05 3.62622E-05 3.63075E-05 4.72771E-03 2.93360E-02 2.20289E-05 1.25249E-05 9.23108E-06 8.46243E-04
8.52875E-06 1.13631E-05 1.95774E-05 3.18798E-05 3.19174E-05 4.18621E-03 2.63172E-02 1.95774E-05 1.13631E-05 8.52875E-06 7.32465E-04
0.00000E+00 0.00000E+00 1.38820E-04 3.46584E-04 3.47515E-04 4.79989E-02 2.32039E-01 1.38820E-04 0.00000E+00 0.00000E+00 3.61309E-02
0.00000E+00 5.54221E-06 1.26358E-04 3.07194E-04 3.07971E-04 4.29420E-02 2.11287E-01 1.26358E-04 5.54221E-06 0.00000E+00 2.90895E-02
0.00000E+00 1.02756E-05 1.15755E-04 2.73649E-04 2.74300E-04 3.85069E-02 1.92701E-01 1.15755E-04 1.02756E-05 0.00000E+00 2.35442E-02
0.00000E+00 1.38916E-05 1.06144E-04 2.44249E-04 2.44795E-04 3.45726E-02 1.75881E-01 1.06144E-04 1.38916E-05 0.00000E+00 1.91439E-02
0.00000E+00 1.65537E-05 9.73521E-05 2.18319E-04 2.18779E-04 3.10699E-02 1.60612E-01 9.73521E-05 1.65537E-05 0.00000E+00 1.56368E-02
0.00000E+00 1.83817E-05 8.92830E-05 1.95441E-04 1.95829E-04 2.79563E-02 1.46771E-01 8.92830E-05 1.83817E-05 0.00000E+00 1.28539E-02
0.00000E+00 1.95421E-05 8.18350E-05 1.75110E-04 1.75438E-04 2.51737E-02 1.34167E-01 8.18350E-05 1.95421E-05 0.00000E+00 1.06225E-02
2.77556E-17 2.00915E-05 7.64296E-05 1.60792E-04 1.61080E-04 2.32061E-02 1.25121E-01 7.64296E-05 2.00915E-05 2.77556E-17 9.17707E-03
5.96696E-07 2.01116E-05 7.48781E-05 1.56889E-04 1.57167E-04 2.26766E-02 1.22655E-01 7.48781E-05 2.01116E-05 5.96696E-07 8.81364E-03
3.35170E-06 2.02895E-05 6.80223E-05 1.39505E-04 1.39738E-04 2.02793E-02 1.11400E-01 6.80223E-05 2.02895E-05 3.35170E-06 7.22906E-03
5.44260E-06 2.01369E-05 6.17226E-05 1.24004E-04 1.24198E-04 1.81251E-02 1.01097E-01 6.17226E-05 2.01369E-05 5.44260E-06 5.95444E-03
6.94158E-06 1.96789E-05 5.58813E-05 1.10103E-04 1.10266E-04 1.61864E-02 9.16548E-02 5.58813E-05 1.96789E-05 6.94158E-06 4.92522E-03
7.96253E-06 1.89937E-05 5.04843E-05 9.76519E-05 9.77878E-05 1.44424E-02 8.30079E-02 5.04843E-05 1.89937E-05 7.96253E-06 4.09164E-03
8.59871E-06 1.81463E-05 4.55224E-05 8.65297E-05 8.66432E-05 1.28770E-02 7.51063E-02 4.55224E-05 1.81463E-05 8.59871E-06 3.41573E-03
8.93484E-06 1.71920E-05 4.09749E-05 7.66017E-05 7.66964E-05 1.14721E-02 6.78896E-02 4.09749E-05 1.71920E-05 8.93484E-06 2.86446E-03
9.04003E-06 1.61742E-05 3.68168E-05 6.77411E-05 6.78199E-05 1.02108E-02 6.12990E-02 3.68168E-05 1.61742E-05 9.04003E-06 2.41180E-03
8.96775E-06 1.51256E-05 3.30260E-05 5.98436E-05 5.99093E-05 9.07962E-03 5.52870E-02 3.30260E-05 1.51256E-05 8.96775E-06 2.03841E-03
8.76160E-06 1.40712E-05 2.95793E-05 5.28139E-05 5.28685E-05 8.06595E-03 4.98092E-02 2.95793E-05 1.40712E-05 8.76160E-06 1.72894E-03
8.45688E-06 1.30305E-05 2.64533E-05 4.65647E-05 4.66101E-05 7.15854E-03 4.48241E-02 2.64533E-05 1.30305E-05 8.45688E-06 1.47123E-03
8.08208E-06 1.20176E-05 2.36247E-05 4.10163E-05 4.10539E-05 6.34707E-03 4.02930E-02 2.36247E-05 1.20176E-05 8.08208E-06 1.25561E-03
7.66003E-06 1.10431E-05 2.10705E-05 3.60960E-05 3.61272E-05 5.62217E-03 3.61796E-02 2.10705E-05 1.10431E-05 7.66003E-06 1.07439E-03
7.20889E-06 1.01140E-05 1.87687E-05 3.17378E-05 3.17636E-05 4.97528E-03 3.24501E-02 1.87687E-05 1.01140E-05 7.20889E-06 9.21427E-04
6.74297E-06 9.23515E-06 1.66981E-05 2.78817E-05 2.79031E-05 4.39861E-03 2.90730E-02 1.66981E-05 9.23515E-06 6.74297E-06 7.91793E-04
6.27344E-06 8.40921E-06 1.48385E-05 2.44736E-05 2.44913E-05 3.88511E-03 2.60189E-02 1.48385E-05 8.40921E-06 6.27344E-06 6.81530E-04
5.80913E-06 7.63837E-06 1.31743E-05 2.14709E-05 2.14855E-05 3.42925E-03 2.32652E-02 1.31743E-05 7.63837E-06 5.80913E-06 5.87674E-04
5.35663E-06 6.92205E-06 1.16852E-05 1.88239E-05 1.88360E-05 3.02442E-03 2.07825E-02 1.16852E-05 6.92205E-06 5.35663E-06 5.07387E-04
0.00000E+00 0.00000E+00 8.68507E-05 2.16968E-04 2.17286E-04 3.75305E-02 2.00098E-01 8.68507E-05 0.00000E+00 0.00000E+00 2.64287E-02
0.00000E+00 3.00410E-06 7.82410E-05 1.90964E-04 1.91228E-04 3.34303E-02 1.81386E-01 7.82410E-05 3.00410E-06 0.00000E+00 2.10974E-02
0.00000E+00 5.68442E-06 7.10738E-05 1.69048E-04 1.69268E-04 2.98510E-02 1.64707E-01 7.10738E-05 5.68442E-06 0.00000E+00 1.69475E-02
0.00000E+00 7.80421E-06 6.47389E-05 1.50049E-04 1.50233E-04 2.66901E-02 1.49685E-01 6.47389E-05 7.80421E-06 0.00000E+00 1.36881E-02
0.00000E+00 9.41154E-06 5.90578E-05 1.33450E-04 1.33604E-04 2.38884E-02 1.36112E-01 5.90578E-05 9.41154E-06 0.00000E+00 1.11148E-02
0.00000E+00 1.05494E-05 5.39269E-05 1.18929E-04 1.19058E-04 2.14092E-02 1.23865E-01 5.39269E-05 1.05494E-05 0.00000E+00 9.09125E-03
0.00000E+00 1.12992E-05 4.92484E-05 1.06118E-04 1.06226E-04 1.92032E-02 1.12766E-01 4.92484E-05 1.12992E-05 0.00000E+00 7.48114E-03
1.56125E-17 1.16728E-05 4.58804E-05 9.71441E-05 9.72390E-05 1.76487E-02 1.04829E-01 4.58804E-05 1.16728E-05 1.56125E-17 6.44430E-03
3.70820E-07 1.16961E-05 4.49195E-05 9.47087E-05 9.48000E-05 1.72317E-02 1.02673E-01 4.49195E-05 1.16961E-05 3.70820E-07 6.18504E-03
2.08489E-06 1.18607E-05 4.06872E-05 8.38888E-05 8.39648E-05 1.53472E-02 9.28497E-02 4.06872E-05 1.18607E-05 2.08489E-06 5.05774E-03
3.38850E-06 1.18230E-05 3.68246E-05 7.42953E-05 7.43585E-05 1.36613E-02 8.39003E-02 3.68246E-05 1.18230E-05 3.38850E-06 4.15612E-03
4.32442E-06 1.15952E-05 3.32626E-05 6.57374E-05 6.57899E-05 1.21506E-02 7.57368E-02 3.32626E-05 1.15952E-05 4.32442E-06 3.43129E-03
4.96225E-06 1.12243E-05 2.99867E-05 5.81083E-05 5.81520E-05 1.07976E-02 6.82961E-02 2.99867E-05 1.12243E-05 4.96225E-06 2.84633E-03
5.35943E-06 1.07491E-05 2.69868E-05 5.13250E-05 5.13612E-05 9.58849E-03 6.15290E-02 2.69868E-05 1.07491E-05 5.35943E-06 2.37332E-03
5.56845E-06 1.02038E-05 2.42467E-05 4.52959E-05 4.53259E-05 8.50809E-03 5.53774E-02 2.42467E-05 1.02038E-05 5.56845E-06 1.98828E-03
5.63239E-06 9.61488E-06 2.17485E-05 3.99364E-05 3.99613E-05 7.54234E-03 4.97858E-02 2.17485E-05 9.61488E-06 5.63239E-06 1.67253E-03
5.58467E-06 9.00272E-06 1.94768E-05 3.51776E-05 3.51982E-05 6.67984E-03 4.47089E-02 1.94768E-05 9.00272E-06 5.58467E-06 1.41226E-03
5.45264E-06 8.38316E-06 1.74162E-05 3.09571E-05 3.09742E-05 5.91029E-03 4.01046E-02 1.74162E-05 8.38316E-06 5.45264E-06 1.19663E-03
5.25853E-06 7.76839E-06 1.55511E-05 2.72182E-05 2.72323E-05 5.22435E-03 3.59339E-02 1.55511E-05 7.76839E-06 5.25853E-06 1.01707E-03
5.02032E-06 7.16761E-06 1.38667E-05 2.39096E-05 2.39212E-05 4.61356E-03 3.21608E-02 1.38667E-05 7.16761E-06 5.02032E-06 8.66838E-04
4.75244E-06 6.58759E-06 1.23485E-05 2.09850E-05 2.09945E-05 4.07024E-03 2.87515E-02 1.23485E-05 6.58759E-06 4.75244E-06 7.40561E-04
4.46643E-06 6.03313E-06 1.09824E-05 1.84024E-05 1.84103E-05 3.58746E-03 2.56749E-02 1.09824E-05 6.03313E-06 4.46643E-06 6.33976E-04
4.17136E-06 5.50747E-06 9.75551E-06 1.61243E-05 1.61308E-05 3.15892E-03 2.29020E-02 9.75551E-06 5.50747E-06 4.17136E-06 5.43665E-04
3.87436E-06 5.01261E-06 8.65532E-06 1.41167E-05 1.41220E-05 2.77894E-03 2.04060E-02 8.65532E-06 5.01261E-06 3.87436E-06 4.66885E-04
3.58103E-06 4.55014E-06 7.67216E-06 1.23530E-05 1.23574E-05 2.44306E-03 1.81663E-02 7.67216E-06 4.55014E-06 3.58103E-06 4.01579E-04
3.29556E-06 4.11996E-06 6.79374E-06 1.08026E-05 1.08062E-05 2.14605E-03 1.61565E-02 6.79374E-06 4.11996E-06 3.29556E-06 3.45774E-04
0.00000E+00 0.00000E+00 5.25480E-05 1.31320E-04 1.31420E-04 2.87836E-02 1.70170E-01 5.25480E-05 0.00000E+00 0.00000E+00 1.87611E-02
0.00000E+00 1.47067E-06 4.67734E-05 1.14686E-04 1.14769E-04 2.55274E-02 1.53538E-01 4.67734E-05 1.47067E-06 0.00000E+00 1.48595E-02
0.00000E+00 2.88971E-06 4.20786E-05 1.00827E-04 1.00896E-04 2.26980E-02 1.38788E-01 4.20786E-05 2.88971E-06 0.00000E+00 1.18562E-02
0.00000E+00 4.07738E-06 3.80417E-05 8.89596E-05 8.90165E-05 2.02104E-02 1.25568E-01 3.80417E-05 4.07738E-06 0.00000E+00 9.52012E-03
0.00000E+00 5.01940E-06 3.45007E-05 7.86988E-05 7.87462E-05 1.80152E-02 1.13679E-01 3.45007E-05 5.01940E-06 0.00000E+00 7.69209E-03
0.00000E+00 5.71636E-06 3.13601E-05 6.98059E-05 6.98455E-05 1.60815E-02 1.03006E-01 3.13601E-05 5.71636E-06 0.00000E+00 6.26624E-03
0.00000E+00 6.19964E-06 2.85355E-05 6.20227E-05 6.20558E-05 1.43681E-02 9.33776E-02 2.85355E-05 6.19964E-06 0.00000E+00 5.13954E-03
0.00000E+00 6.45614E-06 2.65206E-05 5.66027E-05 5.66315E-05 1.31650E-02 8.65189E-02 2.65206E-05 6.45614E-06 0.00000E+00 4.41765E-03
2.23774E-07 6.48026E-06 2.59492E-05 5.51386E-05 5.51663E-05 1.28432E-02 8.46614E-02 2.59492E-05 6.48026E-06 2.23774E-07 4.23801E-03
1.26016E-06 6.62863E-06 2.34423E-05 4.86514E-05 4.86743E-05 1.13919E-02 7.62193E-02 2.34423E-05 6.62863E-06 1.26016E-06 3.45871E-03
2.05168E-06 6.65599E-06 2.11710E-05 4.29340E-05 4.29529E-05 1.00992E-02 6.85654E-02 2.11710E-05 6.65599E-06 2.05168E-06 2.83823E-03
2.62196E-06 6.56730E-06 1.90880E-05 3.78611E-05 3.78767E-05 8.94588E-03 6.16172E-02 1.90880E-05 6.56730E-06 2.62196E-06 2.34095E-03
3.01175E-06 6.38920E-06 1.71805E-05 3.33610E-05 3.33739E-05 7.91744E-03 5.53148E-02 1.71805E-05 6.38920E-06 3.01175E-06 1.94055E-03
3.25504E-06 6.14444E-06 1.54400E-05 2.93780E-05 2.93887E-05 7.00241E-03 4.96110E-02 1.54400E-05 6.14444E-06 3.25504E-06 1.61723E-03
3.38328E-06 5.85317E-06 1.38548E-05 2.58527E-05 2.58615E-05 6.18833E-03 4.44512E-02 1.38548E-05 5.85317E-06 3.38328E-06 1.35422E-03
3.42247E-06 5.53151E-06 1.24128E-05 2.27311E-05 2.27384E-05 5.46375E-03 3.97836E-02 1.24128E-05 5.53151E-06 3.42247E-06 1.13856E-03
3.39291E-06 5.19186E-06 1.11041E-05 1.99694E-05 1.99754E-05 4.81942E-03 3.55660E-02 1.11041E-05 5.19186E-06 3.39291E-06 9.60744E-04
3.31131E-06 4.84407E-06 9.91879E-06 1.75284E-05 1.75333E-05 4.24698E-03 3.17595E-02 9.91879E-06 4.84407E-06 3.31131E-06 8.13346E-04
3.19133E-06 4.49583E-06 8.84745E-06 1.53728E-05 1.53769E-05 3.73891E-03 2.83281E-02 8.84745E-06 4.49583E-06 3.19133E-06 6.90531E-04
3.04406E-06 4.15304E-06 7.88096E-06 1.34712E-05 1.34745E-05 3.28843E-03 2.52387E-02 7.88096E-06 4.15304E-06 3.04406E-06 5.87711E-04
2.87845E-06 3.82016E-06 7.01066E-06 1.17950E-05 1.17977E-05 2.88943E-03 2.24608E-02 7.01066E-06 3.82016E-06 2.87845E-06 5.01251E-04
2.70166E-06 3.50044E-06 6.22834E-06 1.03191E-05 1.03213E-05 2.53639E-03 1.99660E-02 6.22834E-06 3.50044E-06 2.70166E-06 4.28260E-04
2.51936E-06 3.19613E-06 5.52627E-06 9.02057E-06 9.02237E-06 2.22435E-03 1.77284E-02 5.52627E-06 3.19613E-06 2.51936E-06 3.66423E-04
2.33600E-06 2.90876E-06 4.89723E-06 7.87920E-06 7.88066E-06 1.94885E-03 1.57240E-02 4.89723E-06 2.90876E-06 2.33600E-06 3.13876E-04
2.15509E-06 2.63952E-06 4.33556E-06 6.87901E-06 6.88021E-06 1.70638E-03 1.39342E-02 4.33556E-06 2.63952E-06 2.15509E-06 2.69223E-04
1.97924E-06 2.38859E-06 3.83413E-06 6.00194E-06 6.00291E-06 1.49287E-03 1.23360E-02 3.83413E-06 2.38859E-06 1.97924E-06 2.31116E-04
0.00000E+00 0.00000E+00 3.07740E-05 7.69203E-05 7.69496E-05 2.16862E-02 1.42723E-01 3.07740E-05 0.00000E+00 0.00000E+00 1.29272E-02
0.00000E+00 6.13493E-07 2.70131E-05 6.66004E-05 6.66245E-05 1.91500E-02 1.28155E-01 2.70131E-05 6.13493E-07 0.00000E+00 1.01684E-02
0.00000E+00 1.30458E-06 2.40311E-05 5.81109E-05 5.81307E-05 1.69561E-02 1.15301E-01 2.40311E-05 1.30458E-06 0.00000E+00 8.06715E-03
0.00000E+00 1.93951E-06 2.15423E-05 5.09383E-05 5.09547E-05 1.50357E-02 1.03838E-01 2.15423E-05 1.93951E-06 0.00000E+00 6.44710E-03
0.00000E+00 2.47726E-06 1.94125E-05 4.48086E-05 4.48221E-05 1.33483E-02 9.35795E-02 1.94125E-05 2.47726E-06 0.00000E+00 5.18944E-03
0.00000E+00 2.89910E-06 1.75621E-05 3.95509E-05 3.95621E-05 1.18685E-02 8.44160E-02 1.75621E-05 2.89910E-06 0.00000E+00 4.21542E-03
0.00000E+00 3.21007E-06 1.59236E-05 3.49892E-05 3.49985E-05 1.05628E-02 7.61898E-02 1.59236E-05 3.21007E-06 0.00000E+00 3.45016E-03
0.00000E+00 3.38667E-06 1.47667E-05 3.18327E-05 3.18408E-05 9.64914E-03 7.03527E-02 1.47667E-05 3.38667E-06 0.00000E+00 2.96181E-03
1.31396E-07 3.40905E-06 1.44407E-05 3.09842E-05 3.09920E-05 9.40553E-03 6.87774E-02 1.44407E-05 3.40905E-06 1.31396E-07 2.84076E-03
7.41664E-07 3.53571E-06 1.30170E-05 2.72358E-05 2.72422E-05 8.30865E-03 6.16329E-02 1.30170E-05 3.53571E-06 7.41664E-07 2.31654E-03
1.21076E-06 3.59137E-06 1.17372E-05 2.39532E-05 2.39585E-05 7.33597E-03 5.51878E-02 1.17372E-05 3.59137E-06 1.21076E-06 1.90038E-03
1.55066E-06 3.57703E-06 1.05698E-05 2.10567E-05 2.10610E-05 6.47186E-03 4.93660E-02 1.05698E-05 3.57703E-06 1.55066E-06 1.56737E-03
1.78418E-06 3.50727E-06 9.50507E-06 1.85000E-05 1.85035E-05 5.70462E-03 4.41113E-02 9.50507E-06 3.50727E-06 1.78418E-06 1.29941E-03
1.93069E-06 3.39487E-06 8.53643E-06 1.62473E-05 1.62502E-05 5.02495E-03 3.93797E-02 8.53643E-06 3.39487E-06 1.93069E-06 1.08302E-03
2.00841E-06 3.25153E-06 7.65601E-06 1.42615E-05 1.42639E-05 4.42286E-03 3.51208E-02 7.65601E-06 3.25153E-06 2.00841E-06 9.06871E-04
2.03260E-06 3.08683E-06 6.85630E-06 1.25095E-05 1.25115E-05 3.88924E-03 3.12871E-02 6.85630E-06 3.08683E-06 2.03260E-06 7.62278E-04
2.01528E-06 2.90827E-06 6.13115E-06 1.09647E-05 1.09662E-05 3.41673E-03 2.78402E-02 6.13115E-06 2.90827E-06 2.01528E-06 6.42906E-04
1.96640E-06 2.72193E-06 5.47476E-06 9.60335E-06 9.60465E-06 2.99873E-03 2.47446E-02 5.47476E-06 2.72193E-06 1.96640E-06 5.43822E-04
1.89419E-06 2.53264E-06 4.88165E-06 8.40463E-06 8.40569E-06 2.62930E-03 2.19679E-02 4.88165E-06 2.53264E-06 1.89419E-06 4.61163E-04
1.80535E-06 2.34421E-06 4.34665E-06 7.34987E-06 7.35074E-06 2.30314E-03 1.94804E-02 4.34665E-06 2.34421E-06 1.80535E-06 3.91895E-04
1.70532E-06 2.15958E-06 3.86489E-06 6.42250E-06 6.42320E-06 2.01547E-03 1.72548E-02 3.86489E-06 2.15958E-06 1.70532E-06 3.33611E-04
1.59850E-06 1.98097E-06 3.43180E-06 5.60775E-06 5.60832E-06 1.76202E-03 1.52659E-02 3.43180E-06 1.98097E-06 1.59850E-06 2.84398E-04
1.48835E-06 1.80998E-06 3.04309E-06 4.89253E-06 4.89299E-06 1.53895E-03 1.34910E-02 3.04309E-06 1.80998E-06 1.48835E-06 2.42715E-04
1.37760E-06 1.64774E-06 2.69479E-06 4.26517E-06 4.26555E-06 1.34284E-03 1.19090E-02 2.69479E-06 1.64774E-06 1.37760E-06 2.07320E-04
1.26842E-06 1.49516E-06 2.38378E-06 3.71655E-06 3.71685E-06 1.17099E-03 1.05036E-02 2.38378E-06 1.49516E-06 1.26842E-06 1.77279E-04
1.16243E-06 1.35255E-06 2.10614E-06 3.23640E-06 3.23664E-06 1.02031E-03 9.25482E-03 2.10614E-06 1.35255E-06 1.16243E-06 1.51683E-04
0.00000E+00 0.00000E+00 1.72412E-05 4.30991E-05 4.31069E-05 1.59754E-02 1.17567E-01 1.72412E-05 0.00000E+00 0.00000E+00 8.57161E-03
0.00000E+00 1.72308E-07 1.48858E-05 3.69529E-05 3.69592E-05 1.40459E-02 1.05033E-01 1.48858E-05 1.72308E-07 0.00000E+00 6.70372E-03
0.00000E+00 4.65476E-07 1.30675E-05 3.19680E-05 3.19732E-05 1.23842E-02 9.40341E-02 1.30675E-05 4.65476E-07 0.00000E+00 5.29508E-03
0.00000E+00 7.83421E-07 1.15989E-05 2.78199E-05 2.78241E-05 1.09361E-02 8.42747E-02 1.15989E-05 7.83421E-07 0.00000E+00 4.21762E-03
0.00000E+00 1.07960E-06 1.03770E-05 2.43213E-05 2.43248E-05 9.66917E-03 7.55863E-02 1.03770E-05 1.07960E-06 0.00000E+00 3.38690E-03
0.00000E+00 1.32975E-06 9.34067E-06 2.13556E-05 2.13585E-05 8.56291E-03 6.78657E-02 9.34067E-06 1.32975E-06 0.00000E+00 2.74722E-03
0.00000E+00 1.52717E-06 8.43985E-06 1.88077E-05 1.88100E-05 7.59100E-03 6.09697E-02 8.43985E-06 1.52717E-06 0.00000E+00 2.24679E-03
0.00000E+00 1.64698E-06 7.81145E-06 1.70571E-05 1.70592E-05 6.91321E-03 5.60965E-02 7.81145E-06 1.64698E-06 0.00000E+00 1.92830E-03
7.42928E-08 1.66584E-06 7.63553E-06 1.65891E-05 1.65910E-05 6.73305E-03 5.47862E-02 7.63553E-06 1.66584E-06 7.42928E-08 1.84958E-03
4.20671E-07 1.76704E-06 6.87184E-06 1.45282E-05 1.45298E-05 5.92330E-03 4.88562E-02 6.87184E-06 1.76704E-06 4.20671E-07 1.50901E-03
6.89332E-07 1.82764E-06 6.19123E-06 1.27359E-05 1.27372E-05 5.20836E-03 4.35347E-02 6.19123E-06 1.82764E-06 6.89332E-07 1.23894E-03
8.85540E-07 1.84691E-06 5.57383E-06 1.11637E-05 1.11647E-05 4.57597E-03 3.87527E-02 5.57383E-06 1.84691E-06 8.85540E-07 1.02276E-03
1.02133E-06 1.83235E-06 5.01275E-06 9.78290E-06 9.78377E-06 4.01689E-03 3.44589E-02 5.01275E-06 1.83235E-06 1.02133E-06 8.48609E-04
1.10720E-06 1.79085E-06 4.50337E-06 8.57177E-06 8.57248E-06 3.52378E-03 3.06128E-02 4.50337E-06 1.79085E-06 1.10720E-06 7.07724E-04
1.15323E-06 1.72897E-06 4.04082E-06 7.50829E-06 7.50887E-06 3.08884E-03 2.71691E-02 4.04082E-06 1.72897E-06 1.15323E-06 5.92793E-04
1.16804E-06 1.65228E-06 3.62073E-06 6.57315E-06 6.57363E-06 2.70502E-03 2.40852E-02 3.62073E-06 1.65228E-06 1.16804E-06 4.98238E-04
1.15849E-06 1.56525E-06 3.23964E-06 5.75102E-06 5.75140E-06 2.36661E-03 2.13268E-02 3.23964E-06 1.56525E-06 1.15849E-06 4.20004E-04
1.13033E-06 1.47155E-06 2.89438E-06 5.02846E-06 5.02877E-06 2.06851E-03 1.88623E-02 2.89438E-06 1.47155E-06 1.13033E-06 3.54937E-04
1.08836E-06 1.37421E-06 2.58205E-06 4.39368E-06 4.39393E-06 1.80619E-03 1.66633E-02 2.58205E-06 1.37421E-06 1.08836E-06 3.00570E-04
1.03652E-06 1.27566E-06 2.29996E-06 3.83630E-06 3.83650E-06 1.57558E-03 1.47035E-02 2.29996E-06 1.27566E-06 1.03652E-06 2.54958E-04
9.78035E-07 1.17782E-06 2.04558E-06 3.34714E-06 3.34731E-06 1.37306E-03 1.29591E-02 2.04558E-06 1.17782E-06 9.78035E-07 2.16557E-04
9.15509E-07 1.08218E-06 1.81659E-06 2.91814E-06 2.91827E-06 1.19540E-03 1.14085E-02 1.81659E-06 1.08218E-06 9.15509E-07 1.84130E-04
8.51020E-07 9.89872E-07 1.61080E-06 2.54213E-06 2.54224E-06 1.03971E-03 1.00318E-02 1.61080E-06 9.89872E-07 8.51020E-07 1.56681E-04
7.86205E-07 9.01717E-07 1.42617E-06 2.21281E-06 2.21290E-06 9.03426E-04 8.81125E-03 1.42617E-06 9.01717E-07 7.86205E-07 1.33399E-04
7.22362E-07 8.18376E-07 1.26113E-06 1.92523E-06 1.92530E-06 7.84519E-04 7.73267E-03 1.26113E-06 8.18376E-07 7.22362E-07 1.13671E-04
6.60455E-07 7.40169E-07 1.11367E-06 1.67390E-06 1.67395E-06 6.80717E-04 6.77939E-03 1.11367E-06 7.40169E-07 6.60455E-07 9.68981E-05
0.00000E+00 0.00000E+00 9.20778E-06 2.30186E-05 2.30203E-05 1.15156E-02 9.50119E-02 9.20778E-06 0.00000E+00 0.00000E+00 5.45661E-03
0.00000E+00 0.00000E+00 7.79309E-06 1.95140E-05 1.95154E-05 1.00806E-02 8.44332E-02 7.79309E-06 0.00000E+00 0.00000E+00 4.25008E-03
0.00000E+00 7.45351E-08 6.73143E-06 1.67162E-05 1.67173E-05 8.85029E-03 7.52012E-02 6.73143E-06 7.45351E-08 0.00000E+00 3.34824E-03
0.00000E+00 2.21555E-07 5.90424E-06 1.44278E-05 1.44287E-05 7.78275E-03 6.70537E-02 5.90424E-06 2.21555E-07 0.00000E+00 2.66294E-03
0.00000E+00 3.78774E-07 5.23807E-06 1.25266E-05 1.25274E-05 6.85277E-03 5.98389E-02 5.23807E-06 3.78774E-07 0.00000E+00 2.13733E-03
0.00000E+00 5.23849E-07 4.68917E-06 1.09368E-05 1.09374E-05 6.04429E-03 5.34628E-02 4.68917E-06 5.23849E-07 0.00000E+00 1.73415E-03
0.00000E+00 6.46711E-07 4.22270E-06 9.58643E-06 9.58692E-06 5.33700E-03 4.77976E-02 4.22270E-06 6.46711E-07 0.00000E+00 1.41945E-03
0.00000E+00 7.25897E-07 3.90211E-06 8.66621E-06 8.66663E-06 4.84544E-03 4.38113E-02 3.90211E-06 7.25897E-07 0.00000E+00 1.21936E-03
4.03628E-08 7.40473E-07 3.81301E-06 8.42161E-06 8.42201E-06 4.71518E-03 4.27435E-02 3.81301E-06 7.40473E-07 4.03628E-08 1.16996E-03
2.29491E-07 8.15964E-07 3.42916E-06 7.34879E-06 7.34912E-06 4.13076E-03 3.79221E-02 3.42916E-06 8.15964E-07 2.29491E-07 9.56325E-04
3.77921E-07 8.68844E-07 3.09056E-06 6.42300E-06 6.42326E-06 3.61702E-03 3.36191E-02 3.09056E-06 8.68844E-07 3.77921E-07 7.86700E-04
4.87428E-07 8.97834E-07 2.78512E-06 5.61593E-06 5.61615E-06 3.16456E-03 2.97732E-02 2.78512E-06 8.97834E-07 4.87428E-07 6.50568E-04
5.63933E-07 9.06559E-07 2.50833E-06 4.91090E-06 4.91107E-06 2.76629E-03 2.63387E-02 2.50833E-06 9.06559E-07 5.63933E-07 5.40559E-04
6.12785E-07 8.98547E-07 2.25725E-06 4.29523E-06 4.29537E-06 2.41656E-03 2.32792E-02 2.25725E-06 8.98547E-07 6.12785E-07 4.51248E-04
6.39331E-07 8.77385E-07 2.02909E-06 3.75659E-06 3.75671E-06 2.10943E-03 2.05546E-02 2.02909E-06 8.77385E-07 6.39331E-07 3.78131E-04
6.48234E-07 8.46235E-07 1.82151E-06 3.28436E-06 3.28446E-06 1.83956E-03 1.81279E-02 1.82151E-06 8.46235E-07 6.48234E-07 3.17778E-04
6.43273E-07 8.07694E-07 1.63272E-06 2.87021E-06 2.87029E-06 1.60266E-03 1.59691E-02 1.63272E-06 8.07694E-07 6.43273E-07 2.67697E-04
6.27663E-07 7.63974E-07 1.46118E-06 2.50695E-06 2.50701E-06 1.39488E-03 1.40508E-02 1.46118E-06 7.63974E-07 6.27663E-07 2.25946E-04
6.04113E-07 7.16926E-07 1.30550E-06 2.18833E-06 2.18838E-06 1.21282E-03 1.23484E-02 1.30550E-06 7.16926E-07 6.04113E-07 1.91000E-04
5.74874E-07 6.68077E-07 1.16443E-06 1.90893E-06 1.90897E-06 1.05348E-03 1.08395E-02 1.16443E-06 6.68077E-07 5.74874E-07 1.61652E-04
5.41799E-07 6.18662E-07 1.03680E-06 1.66400E-06 1.66403E-06 9.14153E-04 9.50373E-03 1.03680E-06 6.18662E-07 5.41799E-07 1.36935E-04
5.06395E-07 5.69667E-07 9.21556E-07 1.44938E-06 1.44940E-06 7.92465E-04 8.32283E-03 9.21556E-07 5.69667E-07 5.06395E-07 1.16073E-04
4.69867E-07 5.21854E-07 8.17683E-07 1.26142E-06 1.26144E-06 6.86294E-04 7.28017E-03 8.17683E-07 5.21854E-07 4.69867E-07 9.84312E-05
4.33169E-07 4.75801E-07 7.24248E-07 1.09691E-06 1.09692E-06 5.93763E-04 6.36077E-03 7.24248E-07 4.75801E-07 4.33169E-07 8.34924E-05
3.97057E-07 4.31972E-07 6.40525E-07 9.53348E-07 9.53360E-07 5.13393E-04 5.55286E-03 6.40525E-07 4.31972E-07 3.97057E-07 7.08630E-05
3.62091E-07 3.90638E-07 5.65567E-07 8.27956E-07 8.27966E-07 4.43543E-04 4.84275E-03 5.65567E-07 3.90638E-07 3.62091E-07 6.01551E-05
0.00000E+00 0.00000E+00 4.65447E-06 1.16360E-05 1.16363E-05 8.11156E-03 7.51148E-02 4.65447E-06 0.00000E+00 0.00000E+00 3.31484E-03
0.00000E+00 0.00000E+00 3.84483E-06 9.73507E-06 9.73531E-06 7.06935E-03 6.63780E-02 3.84483E-06 0.00000E+00 0.00000E+00 2.57745E-03
0.00000E+00 0.00000E+00 3.25487E-06 8.24377E-06 8.24397E-06 6.17986E-03 5.87977E-02 3.25487E-06 0.00000E+00 0.00000E+00 2.03029E-03
0.00000E+00 0.00000E+00 2.81302E-06 7.04764E-06 7.04779E-06 5.41137E-03 5.21458E-02 2.81302E-06 0.00000E+00 0.00000E+00 1.61633E-03
0.00000E+00 6.99657E-08 2.47046E-06 6.07114E-06 6.07127E-06 4.74478E-03 4.62882E-02 2.47046E-06 6.99657E-08 0.00000E+00 1.29971E-03
0.00000E+00 1.51719E-07 2.19807E-06 5.26755E-06 5.26765E-06 4.16783E-03 4.11412E-02 2.19807E-06 1.51719E-07 0.00000E+00 1.05709E-03
0.00000E+00 2.25890E-07 1.97317E-06 4.59405E-06 4.59414E-06 3.66523E-03 3.65934E-02 1.97317E-06 2.25890E-07 0.00000E+00 8.67596E-04
0.00000E+00 2.76237E-07 1.82157E-06 4.13953E-06 4.13961E-06 3.31713E-03 3.34077E-02 1.82157E-06 2.76237E-07 0.00000E+00 7.46939E-04
2.09538E-08 2.86618E-07 1.77979E-06 4.01952E-06 4.01959E-06 3.22518E-03 3.25577E-02 1.77979E-06 2.86618E-07 2.09538E-08 7.17133E-04
1.19764E-07 3.39064E-07 1.60169E-06 3.49560E-06 3.49566E-06 2.81335E-03 2.87292E-02 1.60169E-06 3.39064E-07 1.19764E-07 5.88129E-04
1.98473E-07 3.79280E-07 1.44657E-06 3.04747E-06 3.04751E-06 2.45293E-03 2.53318E-02 1.44657E-06 3.79280E-07 1.98473E-07 4.85268E-04
2.57271E-07 4.06058E-07 1.30744E-06 2.65949E-06 2.65952E-06 2.13689E-03 2.23126E-02 1.30744E-06 4.06058E-07 2.57271E-07 4.02288E-04
2.98815E-07 4.21006E-07 1.18157E-06 2.32241E-06 2.32244E-06 1.85991E-03 1.96317E-02 1.18157E-06 4.21006E-07 2.98815E-07 3.34869E-04
3.25653E-07 4.25840E-07 1.06724E-06 2.02932E-06 2.02935E-06 1.61778E-03 1.72573E-02 1.06724E-06 4.25840E-07 3.25653E-07 2.79844E-04
3.40465E-07 4.22454E-07 9.62969E-07 1.77373E-06 1.77375E-06 1.40609E-03 1.51550E-02 9.62969E-07 4.22454E-07 3.40465E-07 2.34579E-04
3.45665E-07 4.12598E-07 8.67628E-07 1.55016E-06 1.55018E-06 1.22091E-03 1.32932E-02 8.67628E-07 4.12598E-07 3.45665E-07 1.97062E-04
3.43249E-07 3.97752E-07 7.80413E-07 1.35440E-06 1.35441E-06 1.05905E-03 1.16463E-02 7.80413E-07 3.97752E-07 3.43249E-07 1.65828E-04
3.34950E-07 3.79210E-07 7.00670E-07 1.18285E-06 1.18286E-06 9.17723E-04 1.01913E-02 7.00670E-07 3.79210E-07 3.34950E-07 1.39725E-04
3.22242E-07 3.58082E-07 6.27838E-07 1.03247E-06 1.03248E-06 7.94447E-04 8.90743E-03 6.27838E-07 3.58082E-07 3.22242E-07 1.17844E-04
3.06369E-07 3.35301E-07 5.61427E-07 9.00612E-07 9.00618E-07 6.87029E-04 7.77596E-03 5.61427E-07 3.35301E-07 3.06369E-07 9.94560E-05
2.88360E-07 3.11641E-07 5.00988E-07 7.85007E-07 7.85011E-07 5.93528E-04 6.78011E-03 5.00988E-07 3.11641E-07 2.88360E-07 8.39744E-05
2.69058E-07 2.87725E-07 4.46107E-07 6.83676E-07 6.83680E-07 5.12231E-04 5.90477E-03 4.46107E-07 2.87725E-07 2.69058E-07 7.09202E-05
2.49139E-07 2.64052E-07 3.96390E-07 5.94895E-07 5.94898E-07 4.41621E-04 5.13636E-03 3.96390E-07 2.64052E-07 2.49139E-07 5.99009E-05
2.29139E-07 2.41005E-07 3.51465E-07 5.17153E-07 5.17156E-07 3.80361E-04 4.46272E-03 3.51465E-07 2.41005E-07 2.29139E-07 5.05923E-05
2.09484E-07 2.18891E-07 3.11046E-07 4.49278E-07 4.49280E-07 3.27399E-04 3.87424E-03 3.11046E-07 2.18891E-07 2.09484E-07 4.27463E-05
1.90486E-07 1.97912E-07 2.74735E-07 3.89967E-07 3.89969E-07 2.81581E-04 3.36000E-03 2.74735E-07 1.97912E-07 1.90486E-07 3.61169E-05
0.00000E+00 0.00000E+00 2.20656E-06 5.51639E-06 5.51643E-06 5.57509E-03 5.78866E-02 2.20656E-06 0.00000E+00 0.00000E+00 1.90734E-03
0.00000E+00 0.00000E+00 1.76849E-06 4.54332E-06 4.54336E-06 4.83680E-03 5.08492E-02 1.76849E-06 0.00000E+00 0.00000E+00 1.48575E-03
0.00000E+00 0.00000E+00 1.45873E-06 3.79446E-06 3.79449E-06 4.20953E-03 4.47811E-02 1.45873E-06 0.00000E+00 0.00000E+00 1.17434E-03
0.00000E+00 0.00000E+00 1.23658E-06 3.20706E-06 3.20708E-06 3.66996E-03 3.94879E-02 1.23658E-06 0.00000E+00 0.00000E+00 9.38947E-04
0.00000E+00 0.00000E+00 1.07193E-06 2.73730E-06 2.73732E-06 3.20398E-03 3.48543E-02 1.07193E-06 0.00000E+00 0.00000E+00 7.58706E-04
0.00000E+00 5.97361E-09 9.46834E-07 2.35812E-06 2.35813E-06 2.80247E-03 3.08076E-02 9.46834E-07 5.97361E-09 0.00000E+00 6.20145E-04
0.00000E+00 4.88479E-08 8.47512E-07 2.04550E-06 2.04551E-06 2.45421E-03 2.72527E-02 8.47512E-07 4.88479E-08 0.00000E+00 5.11420E-04
4.33681E-19 7.92479E-08 7.82362E-07 1.83703E-06 1.83704E-06 2.21385E-03 2.47745E-02 7.82362E-07 7.92479E-08 4.33681E-19 4.41863E-04
1.03069E-08 8.60597E-08 7.64603E-07 1.78241E-06 1.78242E-06 2.15056E-03 2.41160E-02 7.64603E-07 8.60597E-08 1.03069E-08 4.24625E-04
5.93044E-08 1.19867E-07 6.90078E-07 1.54539E-06 1.54540E-06 1.86762E-03 2.11577E-02 6.90078E-07 1.19867E-07 5.93044E-08 3.49868E-04
9.90623E-08 1.47304E-07 6.26303E-07 1.34480E-06 1.34480E-06 1.62113E-03 1.85486E-02 6.26303E-07 1.47304E-07 9.90623E-08 2.89796E-04
1.29213E-07 1.67450E-07 5.69463E-07 1.17248E-06 1.17248E-06 1.40595E-03 1.62438E-02 5.69463E-07 1.67450E-07 1.29213E-07 2.40940E-04
1.50800E-07 1.80939E-07 5.18020E-07 1.02364E-06 1.02364E-06 1.21823E-03 1.42095E-02 5.18020E-07 1.80939E-07 1.50800E-07 2.00944E-04
1.64929E-07 1.88554E-07 4.71034E-07 8.94753E-07 8.94756E-07 1.05488E-03 1.24189E-02 4.71034E-07 1.88554E-07 1.64929E-07 1.68075E-04
1.72861E-07 1.91256E-07 4.27807E-07 7.82631E-07 7.82634E-07 9.12715E-04 1.08431E-02 4.27807E-07 1.91256E-07 1.72861E-07 1.40881E-04
1.75780E-07 1.89982E-07 3.87859E-07 6.84673E-07 6.84675E-07 7.88917E-04 9.45599E-03 3.87859E-07 1.89982E-07 1.75780E-07 1.18241E-04
1.74691E-07 1.85549E-07 3.50894E-07 5.98911E-07 5.98913E-07 6.81212E-04 8.23642E-03 3.50894E-07 1.85549E-07 1.74691E-07 9.93305E-05
1.70485E-07 1.78689E-07 3.16698E-07 5.23711E-07 5.23712E-07 5.87600E-04 7.16545E-03 3.16698E-07 1.78689E-07 1.70485E-07 8.34947E-05
1.63936E-07 1.70044E-07 2.85108E-07 4.57702E-07 4.57703E-07 5.06323E-04 6.22615E-03 2.85108E-07 1.70044E-07 1.63936E-07 7.02079E-05
1.55699E-07 1.60165E-07 2.55990E-07 3.99728E-07 3.99729E-07 4.35830E-04 5.40340E-03 2.55990E-07 1.60165E-07 1.55699E-07 5.90443E-05
1.46325E-07 1.49512E-07 2.29227E-07 3.48799E-07 3.48800E-07 3.74758E-04 4.68369E-03 2.29227E-07 1.49512E-07 1.46325E-07 4.96553E-05
1.36265E-07 1.38466E-07 2.04705E-07 3.04062E-07 3.04063E-07 3.21906E-04 4.05494E-03 2.04705E-07 1.38466E-07 1.36265E-07 4.17538E-05
1.25885E-07 1.27332E-07 1.82311E-07 2.64780E-07 2.64781E-07 2.76220E-04 3.50637E-03 1.82311E-07 1.27332E-07 1.25885E-07 3.51018E-05
1.15471E-07 1.16349E-07 1.61933E-07 2.30309E-07 2.30310E-07 2.36772E-04 3.02841E-03 1.61933E-07 1.16349E-07 1.15471E-07 2.95009E-05
1.05254E-07 1.05711E-07 1.43487E-07 2.00151E-07 2.00151E-07 2.02833E-04 2.61349E-03 1.43487E-07 1.05711E-07 1.05254E-07 2.47983E-05
9.53993E-08 9.55501E-08 1.26830E-07 1.73749E-07 1.73749E-07 1.73614E-04 2.25315E-03 1.26830E-07 9.55501E-08 9.53993E-08 2.08418E-05
0.00000E+00 0.00000E+00 9.68939E-07 2.42235E-06 2.42235E-06 3.73089E-03 4.32816E-02 9.68939E-07 0.00000E+00 0.00000E+00 1.02926E-03
0.00000E+00 0.00000E+00 7.47083E-07 1.95720E-06 1.95721E-06 3.22151E-03 3.77773E-02 7.47083E-07 0.00000E+00 0.00000E+00 8.07555E-04
0.00000E+00 0.00000E+00 5.94784E-07 1.60657E-06 1.60657E-06 2.79073E-03 3.30622E-02 5.94784E-07 0.00000E+00 0.00000E+00 6.43729E-04
0.00000E+00 0.00000E+00 4.90578E-07 1.33846E-06 1.33847E-06 2.42186E-03 2.89754E-02 4.90578E-07 0.00000E+00 0.00000E+00 5.19236E-04
0.00000E+00 0.00000E+00 4.17434E-07 1.12930E-06 1.12931E-06 2.10474E-03 2.54205E-02 4.17434E-07 0.00000E+00 0.00000E+00 4.23198E-04
0.00000E+00 0.00000E+00 3.65142E-07 9.64505E-07 9.64507E-07 1.83276E-03 2.23358E-02 3.65142E-07 0.00000E+00 0.00000E+00 3.48646E-04
0.00000E+00 0.00000E+00 3.25960E-07 8.31490E-07 8.31492E-07 1.59791E-03 1.96430E-02 3.25960E-07 0.00000E+00 0.00000E+00 2.89527E-04
0.00000E+00 6.13769E-09 3.01348E-07 7.44162E-07 7.44164E-07 1.43643E-03 1.77753E-02 3.01348E-07 6.13769E-09 0.00000E+00 2.51359E-04
4.73913E-09 1.02434E-08 2.94753E-07 7.21517E-07 7.21518E-07 1.39404E-03 1.72813E-02 2.94753E-07 1.02434E-08 4.73913E-09 2.41839E-04
2.75066E-08 3.03523E-08 2.67812E-07 6.24001E-07 6.24002E-07 1.20494E-03 1.50678E-02 2.67812E-07 3.03523E-08 2.75066E-08 2.00410E-04
4.64177E-08 4.73094E-08 2.45427E-07 5.42602E-07 5.42603E-07 1.04097E-03 1.31281E-02 2.45427E-07 4.73094E-08 4.64177E-08 1.66724E-04
6.10246E-08 6.05048E-08 2.25641E-07 4.73344E-07 4.73345E-07 8.98518E-04 1.14258E-02 2.25641E-07 6.05048E-08 6.10246E-08 1.39023E-04
7.16478E-08 7.01401E-08 2.07649E-07 4.13912E-07 4.13912E-07 7.74829E-04 9.93296E-03 2.07649E-07 7.01401E-08 7.16478E-08 1.16128E-04
7.87068E-08 7.65420E-08 1.90981E-07 3.62640E-07 3.62640E-07 6.67718E-04 8.62749E-03 1.90981E-07 7.65420E-08 7.87068E-08 9.71638E-05
8.27455E-08 8.01736E-08 1.75341E-07 3.18093E-07 3.18093E-07 5.74952E-04 7.48610E-03 1.75341E-07 8.01736E-08 8.27455E-08 8.13790E-05
8.43064E-08 8.15140E-08 1.60567E-07 2.79146E-07 2.79147E-07 4.94559E-04 6.48787E-03 1.60567E-07 8.15140E-08 8.43064E-08 6.81818E-05
8.38673E-08 8.09932E-08 1.46585E-07 2.44972E-07 2.44973E-07 4.24956E-04 5.61586E-03 1.46585E-07 8.09932E-08 8.38673E-08 5.71295E-05
8.18622E-08 7.90074E-08 1.33367E-07 2.14906E-07 2.14906E-07 3.64756E-04 4.85507E-03 1.33367E-07 7.90074E-08 8.18622E-08 4.78636E-05
7.86745E-08 7.59103E-08 1.20908E-07 1.88405E-07 1.88405E-07 3.12745E-04 4.19214E-03 1.20908E-07 7.59103E-08 7.86745E-08 4.00902E-05
7.46346E-08 7.20093E-08 1.09214E-07 1.65021E-07 1.65022E-07 2.67860E-04 3.61525E-03 1.09214E-07 7.20093E-08 7.46346E-08 3.35672E-05
7.00211E-08 6.75655E-08 9.82907E-08 1.44378E-07 1.44378E-07 2.29167E-04 3.11390E-03 9.82907E-08 6.75655E-08 7.00211E-08 2.80935E-05
6.50644E-08 6.27956E-08 8.81398E-08 1.26156E-07 1.26156E-07 1.95851E-04 2.67877E-03 8.81398E-08 6.27956E-08 6.50644E-08 2.35012E-05
5.99505E-08 5.78759E-08 7.87569E-08 1.10078E-07 1.10079E-07 1.67197E-04 2.30163E-03 7.87569E-08 5.78759E-08 5.99505E-08 1.96495E-05
5.48266E-08 5.29459E-08 7.01298E-08 9.59056E-08 9.59056E-08 1.42583E-04 1.97519E-03 7.01298E-08 5.29459E-08 5.48266E-08 1.64206E-05
4.98091E-08 4.81168E-08 6.22512E-08 8.34528E-08 8.34529E-08 1.21516E-04 1.69371E-03 6.22512E-08 4.81168E-08 4.98091E-08 1.37227E-05
4.49825E-08 4.34695E-08 5.50856E-08 7.25097E-08 7.25098E-08 1.03473E-04 1.45086E-03 5.50856E-08 4.34695E-08 4.49825E-08 1.14646E-05
0.00000E+00 0.00000E+00 3.87877E-07 9.69693E-07 9.69693E-07 2.42404E-03 3.12117E-02 3.87877E-07 0.00000E+00 0.00000E+00 5.14352E-04
0.00000E+00 0.00000E+00 2.84034E-07 7.64776E-07 7.64776E-07 2.08244E-03 2.70543E-02 2.84034E-07 0.00000E+00 0.00000E+00 4.09944E-04
0.00000E+00 0.00000E+00 2.14634E-07 6.13587E-07 6.13587E-07 1.79498E-03 2.35181E-02 2.14634E-07 0.00000E+00 0.00000E+00 3.31984E-04
0.00000E+00 0.00000E+00 1.69451E-07 5.01309E-07 5.01309E-07 1.55002E-03 2.04742E-02 1.69451E-07 0.00000E+00 0.00000E+00 2.71742E-04
0.00000E+00 0.00000E+00 1.39767E-07 4.16344E-07 4.16344E-07 1.34043E-03 1.78445E-02 1.39767E-07 0.00000E+00 0.00000E+00 2.24404E-04
0.00000E+00 0.00000E+00 1.20302E-07 3.51493E-07 3.51494E-07 1.16158E-03 1.55785E-02 1.20302E-07 0.00000E+00 0.00000E+00 1.86915E-04
0.00000E+00 0.00000E+00 1.07054E-07 3.00664E-07 3.00664E-07 1.00788E-03 1.36137E-02 1.07054E-07 0.00000E+00 0.00000E+00 1.56616E-04
2.16840E-19 0.00000E+00 9.93938E-08 2.68033E-07 2.68033E-07 9.02616E-04 1.22583E-02 9.93938E-08 0.00000E+00 2.16840E-19 1.36762E-04
1.99473E-09 0.00000E+00 9.74141E-08 2.59697E-07 2.59697E-07 8.75084E-04 1.19016E-02 9.74141E-08 0.00000E+00 1.99473E-09 1.31760E-04
1.17193E-08 1.76183E-10 8.97866E-08 2.24202E-07 2.24202E-07 7.52506E-04 1.03077E-02 8.97866E-08 1.76183E-10 1.17193E-08 1.09878E-04
2.00523E-08 9.67808E-09 8.38720E-08 1.95163E-07 1.95163E-07 6.46767E-04 8.92080E-03 8.38720E-08 9.67808E-09 2.00523E-08 9.17990E-05
2.66423E-08 1.73678E-08 7.87353E-08 1.70786E-07 1.70786E-07 5.55366E-04 7.71200E-03 7.87353E-08 1.73678E-08 2.66423E-08 7.67306E-05
3.15298E-08 2.32780E-08 7.39831E-08 1.50041E-07 1.50041E-07 4.76415E-04 6.65935E-03 7.39831E-08 2.32780E-08 3.15298E-08 6.41417E-05
3.48380E-08 2.75273E-08 6.93980E-08 1.32204E-07 1.32204E-07 4.08405E-04 5.74530E-03 6.93980E-08 2.75273E-08 3.48380E-08 5.36293E-05
3.67745E-08 3.03226E-08 6.48706E-08 1.16693E-07 1.16693E-07 3.49813E-04 4.95175E-03 6.48706E-08 3.03226E-08 3.67745E-08 4.48316E-05
3.75665E-08 3.18937E-08 6.03657E-08 1.03074E-07 1.03074E-07 2.99302E-04 4.26255E-03 6.03657E-08 3.18937E-08 3.75665E-08 3.74525E-05
3.74241E-08 3.24536E-08 5.58896E-08 9.10434E-08 9.10435E-08 2.55801E-04 3.66469E-03 5.58896E-08 3.24536E-08 3.74241E-08 3.12645E-05
3.65445E-08 3.22034E-08 5.14703E-08 8.03705E-08 8.03706E-08 2.18378E-04 3.14672E-03 5.14703E-08 3.22034E-08 3.65445E-08 2.60780E-05
3.51056E-08 3.13259E-08 4.71455E-08 7.08748E-08 7.08749E-08 1.86219E-04 2.69855E-03 4.71455E-08 3.13259E-08 3.51056E-08 2.17341E-05
3.32631E-08 2.99818E-08 4.29546E-08 6.24137E-08 6.24138E-08 1.58617E-04 2.31129E-03 4.29546E-08 2.99818E-08 3.32631E-08 1.80989E-05
3.11496E-08 2.83088E-08 3.89337E-08 5.48709E-08 5.48710E-08 1.34952E-04 1.97711E-03 3.89337E-08 2.83088E-08 3.11496E-08 1.50596E-05
2.88752E-08 2.64221E-08 3.51131E-08 4.81494E-08 4.81495E-08 1.14689E-04 1.68912E-03 3.51131E-08 2.64221E-08 2.88752E-08 1.25210E-05
2.65288E-08 2.44160E-08 3.15160E-08 4.21661E-08 4.21661E-08 9.73584E-05 1.44128E-03 3.15160E-08 2.44160E-08 2.65288E-08 1.04025E-05
2.41809E-08 2.23654E-08 2.81585E-08 3.68482E-08 3.68482E-08 8.25544E-05 1.22829E-03 2.81585E-08 2.23654E-08 2.41809E-08 8.63633E-06
2.18868E-08 2.03298E-08 2.50541E-08 3.21406E-08 3.21406E-08 6.99570E-05 1.04595E-03 2.50541E-08 2.03298E-08 2.18868E-08 7.16946E-06
1.96865E-08 1.83538E-08 2.22029E-08 2.79766E-08 2.79766E-08 5.92288E-05 8.89773E-04 2.22029E-08 1.83538E-08 1.96865E-08 5.94933E-06
0.00000E+00 0.00000E+00 1.37948E-07 3.44869E-07 3.44869E-07 1.51892E-03 2.15029E-02 1.37948E-07 0.00000E+00 0.00000E+00 2.33260E-04
0.00000E+00 0.00000E+00 9.39037E-08 2.63400E-07 2.63400E-07 1.29750E-03 1.84974E-02 9.39037E-08 0.00000E+00 0.00000E+00 1.91511E-04
0.00000E+00 0.00000E+00 6.50370E-08 2.04502E-07 2.04502E-07 1.11218E-03 1.59608E-02 6.50370E-08 0.00000E+00 0.00000E+00 1.59258E-04
0.00000E+00 0.00000E+00 4.71449E-08 1.62176E-07 1.62176E-07 9.55091E-04 1.37937E-02 4.71449E-08 0.00000E+00 0.00000E+00 1.33298E-04
0.00000E+00 0.00000E+00 3.62946E-08 1.31358E-07 1.31358E-07 8.21404E-04 1.19353E-02 3.62946E-08 0.00000E+00 0.00000E+00 1.12095E-04
0.00000E+00 0.00000E+00 3.00520E-08 1.08861E-07 1.08861E-07 7.07947E-04 1.03462E-02 3.00520E-08 0.00000E+00 0.00000E+00 9.46763E-05
0.00000E+00 0.00000E+00 2.65435E-08 9.20026E-08 9.20027E-08 6.10970E-04 8.97842E-03 2.65435E-08 0.00000E+00 0.00000E+00 8.01593E-05
0.00000E+00 0.00000E+00 2.49226E-08 8.15708E-08 8.15709E-08 5.44844E-04 8.04052E-03 2.49226E-08 0.00000E+00 0.00000E+00 7.04358E-05
7.37601E-10 0.00000E+00 2.45558E-08 7.89745E-08 7.89746E-08 5.27617E-04 7.79500E-03 2.45558E-08 0.00000E+00 7.37601E-10 6.79508E-05
4.41849E-09 0.00000E+00 2.34508E-08 6.81292E-08 6.81292E-08 4.51096E-04 6.70140E-03 2.34508E-08 0.00000E+00 4.41849E-09 5.70085E-05
7.72277E-09 0.00000E+00 2.29019E-08 5.95679E-08 5.95680E-08 3.85465E-04 5.75712E-03 2.29019E-08 0.00000E+00 7.72277E-09 4.77902E-05
1.04254E-08 2.45783E-09 2.24961E-08 5.25534E-08 5.25534E-08 3.29057E-04 4.94032E-03 2.24961E-08 2.45783E-09 1.04254E-08 3.99920E-05
1.24848E-08 5.64589E-09 2.20536E-08 4.66651E-08 4.66651E-08 2.80614E-04 4.23445E-03 2.20536E-08 5.64589E-09 1.24848E-08 3.34072E-05
1.39146E-08 8.05348E-09 2.14799E-08 4.16195E-08 4.16196E-08 2.39131E-04 3.62627E-03 2.14799E-08 8.05348E-09 1.39146E-08 2.78701E-05
1.47782E-08 9.76325E-09 2.07406E-08 3.72066E-08 3.72067E-08 2.03604E-04 3.10231E-03 2.07406E-08 9.76325E-09 1.47782E-08 2.32183E-05
1.51587E-08 1.08756E-08 1.98389E-08 3.32839E-08 3.32840E-08 1.73157E-04 2.65071E-03 1.98389E-08 1.08756E-08 1.51587E-08 1.93115E-05
1.51388E-08 1.14873E-08 1.87964E-08 2.97600E-08 2.97601E-08 1.47093E-04 2.26196E-03 1.87964E-08 1.14873E-08 1.51388E-08 1.60374E-05
1.47998E-08 1.16923E-08 1.76444E-08 2.65725E-08 2.65725E-08 1.24805E-04 1.92774E-03 1.76444E-08 1.16923E-08 1.47998E-08 1.32995E-05
1.42173E-08 1.15774E-08 1.64177E-08 2.36782E-08 2.36783E-08 1.05769E-04 1.64078E-03 1.64177E-08 1.15774E-08 1.42173E-08 1.10145E-05
1.34585E-08 1.12197E-08 1.51505E-08 2.10467E-08 2.10467E-08 8.95295E-05 1.39473E-03 1.51505E-08 1.12197E-08 1.34585E-08 9.11096E-06
1.25814E-08 1.06859E-08 1.38737E-08 1.86553E-08 1.86553E-08 7.56937E-05 1.18405E-03 1.38737E-08 1.06859E-08 1.25814E-08 7.52804E-06
1.16342E-08 1.00322E-08 1.26137E-08 1.64861E-08 1.64861E-08 6.39204E-05 1.00390E-03 1.26137E-08 1.00322E-08 1.16342E-08 6.21379E-06
1.06563E-08 9.30447E-09 1.13922E-08 1.45237E-08 1.45237E-08 5.39145E-05 8.50075E-04 1.13922E-08 9.30447E-09 1.06563E-08 5.12417E-06
9.67856E-09 8.53965E-09 1.02256E-08 1.27546E-08 1.27546E-08 4.54218E-05 7.18907E-04 1.02256E-08 8.53965E-09 9.67856E-09 4.22198E-06
8.72518E-09 7.76670E-09 9.12743E-09 1.11685E-08 1.11685E-08 3.82420E-05 6.07513E-04 9.12743E-09 7.76670E-09 8.72518E-09 3.47814E-06
7.81343E-09 7.00786E-09 8.10493E-09 9.75054E-09 9.75054E-09 3.21672E-05 5.12851E-04 8.10493E-09 7.00786E-09 7.81343E-09 2.86400E-06
0.00000E+00 0.00000E+00 4.24846E-08 1.06212E-07 1.06212E-07 9.13412E-04 1.40230E-02 4.24846E-08 0.00000E+00 0.00000E+00 9.40881E-05
0.00000E+00 0.00000E+00 2.58356E-08 7.75052E-08 7.75052E-08 7.75157E-04 1.19617E-02 2.58356E-08 0.00000E+00 0.00000E+00 8.14640E-05
0.00000E+00 0.00000E+00 1.49556E-08 5.70442E-08 5.70442E-08 6.60169E-04 1.02368E-02 1.49556E-08 0.00000E+00 0.00000E+00 7.06173E-05
0.00000E+00 0.00000E+00 8.47596E-09 4.28434E-08 4.28435E-08 5.63303E-04 8.77531E-03 8.47596E-09 0.00000E+00 0.00000E+00 6.09776E-05
0.00000E+00 0.00000E+00 4.88641E-09 3.30047E-08 3.30048E-08 4.81374E-04 7.53233E-03 4.88641E-09 0.00000E+00 0.00000E+00 5.24629E-05
0.00000E+00 0.00000E+00 3.20724E-09 2.62885E-08 2.62885E-08 4.12288E-04 6.47843E-03 3.20724E-09 0.00000E+00 0.00000E+00 4.50155E-05
0.00000E+00 0.00000E+00 2.65118E-09 2.16351E-08 2.16351E-08 3.53603E-04 5.57862E-03 2.65118E-09 0.00000E+00 0.00000E+00 3.85189E-05
3.25261E-19 0.00000E+00 2.65682E-09 1.89579E-08 1.89579E-08 3.13791E-04 4.96570E-03 2.65682E-09 0.00000E+00 3.25261E-19 3.40393E-05
2.22194E-10 0.00000E+00 2.70358E-09 1.83306E-08 1.83306E-08 3.03467E-04 4.80620E-03 2.70358E-09 0.00000E+00 2.22194E-10 3.28744E-05
1.38399E-09 0.00000E+00 3.12322E-09 1.58174E-08 1.58174E-08 2.57729E-04 4.09819E-03 3.12322E-09 0.00000E+00 1.38399E-09 2.77072E-05
2.51793E-09 0.00000E+00 3.69817E-09 1.40047E-08 1.40047E-08 2.18761E-04 3.49202E-03 3.69817E-09 0.00000E+00 2.51793E-09 2.32622E-05
3.49857E-09 0.00000E+00 4.26003E-09 1.26174E-08 1.26174E-08 1.85490E-04 2.97208E-03 4.26003E-09 0.00000E+00 3.49857E-09 1.94491E-05
4.27842E-09 2.18297E-10 4.73030E-09 1.14983E-08 1.14983E-08 1.57108E-04 2.52654E-03 4.73030E-09 2.18297E-10 4.27842E-09 1.62016E-05
4.84147E-09 1.41790E-09 5.06912E-09 1.05459E-08 1.05459E-08 1.32969E-04 2.14592E-03 5.06912E-09 1.41790E-09 4.84147E-09 1.34589E-05
5.19836E-09 2.31490E-09 5.26658E-09 9.69410E-09 9.69410E-09 1.12437E-04 1.82080E-03 5.26658E-09 2.31490E-09 5.19836E-09 1.11524E-05
5.37315E-09 2.94812E-09 5.33074E-09 8.90465E-09 8.90466E-09 9.49613E-05 1.54294E-03 5.33074E-09 2.94812E-09 5.37315E-09 9.21822E-06
5.39354E-09 3.35706E-09 5.27738E-09 8.15784E-09 8.15784E-09 8.01036E-05 1.30577E-03 5.27738E-09 3.35706E-09 5.39354E-09 7.60268E-06
5.28899E-09 3.58132E-09 5.12661E-09 7.44454E-09 7.44454E-09 6.74869E-05 1.10360E-03 5.12661E-09 3.58132E-09 5.28899E-09 6.25806E-06
5.08805E-09 3.65821E-09 4.89973E-09 6.76200E-09 6.76201E-09 5.67865E-05 9.31487E-04 4.89973E-09 3.65821E-09 5.08805E-09 5.14239E-06
4.81682E-09 3.62136E-09 4.61722E-09 6.11099E-09 6.11100E-09 4.77230E-05 7.85173E-04 4.61722E-09 3.62136E-09 4.81682E-09 4.21919E-06
4.49811E-09 3.50007E-09 4.29756E-09 5.49380E-09 5.49380E-09 4.00560E-05 6.60963E-04 4.29756E-09 3.50007E-09 4.49811E-09 3.45707E-06
4.15113E-09 3.31910E-09 3.95669E-09 4.91307E-09 4.91307E-09 3.35788E-05 5.55667E-04 3.95669E-09 3.31910E-09 4.15113E-09 2.82921E-06
3.79149E-09 3.09886E-09 3.60776E-09 4.37110E-09 4.37111E-09 2.81141E-05 4.66532E-04 3.60776E-09 3.09886E-09 3.79149E-09 2.31289E-06
3.43152E-09 2.85575E-09 3.26125E-09 3.86949E-09 3.86950E-09 2.35098E-05 3.91186E-04 3.26125E-09 2.85575E-09 3.43152E-09 1.88898E-06
3.08082E-09 2.60258E-09 2.92543E-09 3.40971E-09 3.40971E-09 1.96465E-05 3.27762E-04 2.92543E-09 2.60258E-09 3.08082E-09 1.54252E-06
2.74618E-09 2.34939E-09 2.60611E-09 2.99118E-09 2.99118E-09 1.64021E-05 2.74335E-04 2.60611E-09 2.34939E-09 2.74618E-09 1.25896E-06
0.00000E+00 0.00000E+00 1.07451E-08 2.68629E-08 2.68629E-08 5.18416E-04 8.49715E-03 1.07451E-08 0.00000E+00 0.00000E+00 3.24126E-05
0.00000E+00 0.00000E+00 5.31822E-09 1.82173E-08 1.82173E-08 4.36502E-04 7.17921E-03 5.31822E-09 0.00000E+00 0.00000E+00 3.08532E-05
0.00000E+00 0.00000E+00 1.65957E-09 1.20320E-08 1.20320E-08 3.68890E-04 6.08689E-03 1.65957E-09 0.00000E+00 0.00000E+00 2.84545E-05
0.00000E+00 0.00000E+00 0.00000E+00 7.87159E-09 7.87160E-09 3.12356E-04 5.17004E-03 0.00000E+00 0.00000E+00 0.00000E+00 2.55792E-05
0.00000E+00 0.00000E+00 0.00000E+00 5.16761E-09 5.16762E-09 2.64896E-04 4.39749E-03 0.00000E+00 0.00000E+00 0.00000E+00 2.25852E-05
0.00000E+00 0.00000E+00 0.00000E+00 3.51472E-09 3.51472E-09 2.25183E-04 3.74868E-03 0.00000E+00 0.00000E+00 0.00000E+00 1.96849E-05
0.00000E+00 0.00000E+00 0.00000E+00 2.54473E-09 2.54474E-09 1.91699E-04 3.19979E-03 0.00000E+00 0.00000E+00 0.00000E+00 1.69951E-05
5.42101E-20 0.00000E+00 0.00000E+00 2.08944E-09 2.08944E-09 1.69122E-04 2.82870E-03 0.00000E+00 0.00000E+00 5.42101E-20 1.50764E-05
4.19962E-11 0.00000E+00 0.00000E+00 2.00564E-09 2.00564E-09 1.63300E-04 2.73277E-03 0.00000E+00 0.00000E+00 4.19962E-11 1.45684E-05
2.97215E-10 0.00000E+00 0.00000E+00 1.72743E-09 1.72743E-09 1.37588E-04 2.30861E-03 0.00000E+00 0.00000E+00 2.97215E-10 1.23000E-05
6.04666E-10 0.00000E+00 0.00000E+00 1.63017E-09 1.63018E-09 1.15855E-04 1.94894E-03 0.00000E+00 0.00000E+00 6.04666E-10 1.03120E-05
9.02615E-10 0.00000E+00 0.00000E+00 1.62179E-09 1.62179E-09 9.74462E-05 1.64335E-03 0.00000E+00 0.00000E+00 9.02615E-10 8.58901E-06
1.15866E-09 0.00000E+00 1.73856E-10 1.64810E-09 1.64810E-09 8.18677E-05 1.38397E-03 1.73856E-10 0.00000E+00 1.15866E-09 7.11514E-06
1.35624E-09 0.00000E+00 5.01110E-10 1.67586E-09 1.67586E-09 6.87264E-05 1.16454E-03 5.01110E-10 0.00000E+00 1.35624E-09 5.87029E-06
1.49150E-09 1.28828E-10 7.52058E-10 1.68690E-09 1.68690E-09 5.76399E-05 9.78895E-04 7.52058E-10 1.28828E-10 1.49150E-09 4.82658E-06
1.56818E-09 4.36324E-10 9.31324E-10 1.67382E-09 1.67382E-09 4.82803E-05 8.21749E-04 9.31324E-10 4.36324E-10 1.56818E-09 3.95575E-06
1.59319E-09 6.54383E-10 1.04675E-09 1.63531E-09 1.63531E-09 4.03882E-05 6.88896E-04 1.04675E-09 6.54383E-10 1.59319E-09 3.23318E-06
1.57526E-09 7.97672E-10 1.10805E-09 1.57362E-09 1.57362E-09 3.37420E-05 5.76733E-04 1.10805E-09 7.97672E-10 1.57526E-09 2.63641E-06
1.52351E-09 8.80376E-10 1.12538E-09 1.49288E-09 1.49288E-09 2.81523E-05 4.82169E-04 1.12538E-09 8.80376E-10 1.52351E-09 2.14547E-06
1.44666E-09 9.15486E-10 1.10846E-09 1.39791E-09 1.39792E-09 2.34576E-05 4.02557E-04 1.10846E-09 9.15486E-10 1.44666E-09 1.74293E-06
1.35251E-09 9.14433E-10 1.06608E-09 1.29356E-09 1.29356E-09 1.95200E-05 3.35628E-04 1.06608E-09 9.14433E-10 1.35251E-09 1.41378E-06
1.24774E-09 8.86950E-10 1.00585E-09 1.18421E-09 1.18421E-09 1.62220E-05 2.79444E-04 1.00585E-09 8.86950E-10 1.24774E-09 1.14529E-06
1.13781E-09 8.41098E-10 9.34103E-10 1.07361E-09 1.07361E-09 1.34635E-05 2.32349E-04 9.34103E-10 8.41098E-10 1.13781E-09 9.26717E-07
1.02706E-09 7.83380E-10 8.55951E-10 9.64808E-10 9.64808E-10 1.11596E-05 1.92931E-04 8.55951E-10 7.83380E-10 1.02706E-09 7.49093E-07
9.18847E-10 7.18863E-10 7.75407E-10 8.60224E-10 8.60225E-10 9.24369E-06 1.60083E-04 7.75407E-10 7.18863E-10 9.18847E-10 6.05443E-07
8.15559E-10 6.51611E-10 6.95575E-10 7.61520E-10 7.61521E-10 7.64896E-06 1.32687E-04 6.95575E-10 6.51611E-10 8.15559E-10 4.89093E-07
0.00000E+00 0.00000E+00 2.05951E-09 5.14877E-09 5.14877E-09 2.70888E-04 4.65950E-03 2.05951E-09 0.00000E+00 0.00000E+00 8.98709E-06
0.00000E+00 0.00000E+00 5.94592E-10 3.02152E-09 3.02152E-09 2.25882E-04 3.89333E-03 5.94592E-10 0.00000E+00 0.00000E+00 1.01562E-05
0.00000E+00 0.00000E+00 0.00000E+00 1.42392E-09 1.42392E-09 1.89083E-04 3.26536E-03 0.00000E+00 0.00000E+00 0.00000E+00 1.02094E-05
0.00000E+00 0.00000E+00 0.00000E+00 3.63331E-10 3.63332E-10 1.58598E-04 2.74394E-03 0.00000E+00 0.00000E+00 0.00000E+00 9.61257E-06
0.00000E+00 0.00000E+00 0.00000E+00 0.00000E+00 0.00000E+00 1.33241E-04 2.30930E-03 0.00000E+00 0.00000E+00 0.00000E+00 8.70339E-06
0.00000E+00 0.00000E+00 0.00000E+00 0.00000E+00 0.00000E+00 1.12225E-04 1.94829E-03 0.00000E+00 0.00000E+00 0.00000E+00 7.67941E-06
0.00000E+00 0.00000E+00 0.00000E+00 0.00000E+00 0.00000E+00 9.46692E-05 1.64610E-03 0.00000E+00 0.00000E+00 0.00000E+00 6.66161E-06
0.00000E+00 0.00000E+00 0.00000E+00 0.00000E+00 0.00000E+00 8.29213E-05 1.44357E-03 0.00000E+00 0.00000E+00 0.00000E+00 5.91210E-06
0.00000E+00 0.00000E+00 0.00000E+00 0.00000E+00 0.00000E+00 7.99121E-05 1.39162E-03 0.00000E+00 0.00000E+00 0.00000E+00 5.71088E-06
4.98117E-12 0.00000E+00 0.00000E+00 0.00000E+00 0.00000E+00 6.66751E-05 1.16294E-03 0.00000E+00 0.00000E+00 4.98117E-12 4.80897E-06
5.74492E-11 0.00000E+00 0.00000E+00 0.00000E+00 0.00000E+00 5.55964E-05 9.71177E-04 0.00000E+00 0.00000E+00 5.74492E-11 4.00931E-06
1.27317E-10 0.00000E+00 0.00000E+00 0.00000E+00 0.00000E+00 4.63033E-05 8.10034E-04 0.00000E+00 0.00000E+00 1.27317E-10 3.31407E-06
1.97660E-10 0.00000E+00 0.00000E+00 0.00000E+00 0.00000E+00 3.85162E-05 6.74768E-04 0.00000E+00 0.00000E+00 1.97660E-10 2.72053E-06
2.58510E-10 0.00000E+00 0.00000E+00 0.00000E+00 0.00000E+00 3.20131E-05 5.61614E-04 0.00000E+00 0.00000E+00 2.58510E-10 2.22207E-06
3.05219E-10 0.00000E+00 0.00000E+00 0.00000E+00 0.00000E+00 2.65817E-05 4.66953E-04 0.00000E+00 0.00000E+00 3.05219E-10 1.80749E-06
3.36717E-10 0.00000E+00 0.00000E+00 7.37299E-11 7.37300E-11 2.20420E-05 3.87708E-04 0.00000E+00 0.00000E+00 3.36717E-10 1.46483E-06
3.53775E-10 0.00000E+00 4.94932E-11 1.29771E-10 1.29771E-10 1.82525E-05 3.21459E-04 4.94932E-11 0.00000E+00 3.53775E-10 1.18349E-06
3.58226E-10 6.56549E-11 1.06664E-10 1.68178E-10 1.68178E-10 1.50935E-05 2.66150E-04 1.06664E-10 6.56549E-11 3.58226E-10 9.53726E-07
3.52368E-10 1.13487E-10 1.44782E-10 1.91725E-10 1.91725E-10 1.24638E-05 2.20042E-04 1.44782E-10 1.13487E-10 3.52368E-10 7.66908E-07
3.38582E-10 1.43825E-10 1.67603E-10 2.03270E-10 2.03270E-10 1.02778E-05 1.81662E-04 1.67603E-10 1.43825E-10 3.38582E-10 6.15558E-07
3.19102E-10 1.60552E-10 1.78533E-10 2.05503E-10 2.05503E-10 8.46342E-06 1.49761E-04 1.78533E-10 1.60552E-10 3.19102E-10 4.93311E-07
2.95888E-10 1.67003E-10 1.80529E-10 2.00818E-10 2.00818E-10 6.95959E-06 1.23287E-04 1.80529E-10 1.67003E-10 2.95888E-10 3.94816E-07
2.70576E-10 1.65958E-10 1.76075E-10 1.91251E-10 1.91251E-10 5.71502E-06 1.01348E-04 1.76075E-10 1.65958E-10 2.70576E-10 3.15623E-07
2.44474E-10 1.59676E-10 1.67196E-10 1.78476E-10 1.78476E-10 4.68656E-06 8.31965E-05 1.67196E-10 1.59676E-10 2.44474E-10 2.52063E-07
2.18601E-10 1.49913E-10 1.55472E-10 1.63810E-10 1.63810E-10 3.84057E-06 6.82472E-05 1.55472E-10 1.49913E-10 2.18601E-10 2.01304E-07
1.93698E-10 1.38120E-10 1.42199E-10 1.48318E-10 1.48318E-10 3.14397E-06 5.59233E-05 1.42199E-10 1.38120E-10 1.93698E-10 1.60698E-07
0.00000E+00 0.00000E+00 2.56575E-10 6.41438E-10 6.41438E-10 1.24653E-04 2.21176E-03 2.56575E-10 0.00000E+00 0.00000E+00 1.80625E-06
0.00000E+00 0.00000E+00 0.00000E+00 2.38438E-10 2.38438E-10 1.02665E-04 1.82351E-03 0.00000E+00 0.00000E+00 0.00000E+00 2.80857E-06
0.00000E+00 0.00000E+00 0.00000E+00 0.00000E+00 0.00000E+00 8.49037E-05 1.50951E-03 0.00000E+00 0.00000E+00 0.00000E+00 3.13890E-06
0.00000E+00 0.00000E+00 0.00000E+00 0.00000E+00 0.00000E+00 7.03633E-05 1.25217E-03 0.00000E+00 0.00000E+00 0.00000E+00 3.08853E-06
0.00000E+00 0.00000E+00 0.00000E+00 0.00000E+00 0.00000E+00 5.84116E-05 1.04040E-03 0.00000E+00 0.00000E+00 0.00000E+00 2.84754E-06
0.00000E+00 0.00000E+00 0.00000E+00 0.00000E+00 0.00000E+00 4.86260E-05 8.66835E-04 0.00000E+00 0.00000E+00 0.00000E+00 2.52445E-06
0.00000E+00 0.00000E+00 0.00000E+00 0.00000E+00 0.00000E+00 4.05471E-05 7.23394E-04 0.00000E+00 0.00000E+00 0.00000E+00 2.18489E-06
4.06576E-20 0.00000E+00 0.00000E+00 0.00000E+00 0.00000E+00 3.51930E-05 6.28257E-04 0.00000E+00 0.00000E+00 4.06576E-20 1.93004E-06
0.00000E+00 0.00000E+00 0.00000E+00 0.00000E+00 0.00000E+00 3.38334E-05 6.04082E-04 0.00000E+00 0.00000E+00 0.00000E+00 1.86138E-06
0.00000E+00 0.00000E+00 0.00000E+00 0.00000E+00 0.00000E+00 2.78822E-05 4.98222E-04 0.00000E+00 0.00000E+00 0.00000E+00 1.55396E-06
0.00000E+00 0.00000E+00 0.00000E+00 0.00000E+00 0.00000E+00 2.29633E-05 4.10643E-04 0.00000E+00 0.00000E+00 0.00000E+00 1.28156E-06
0.00000E+00 0.00000E+00 0.00000E+00 0.00000E+00 0.00000E+00 1.88880E-05 3.38018E-04 0.00000E+00 0.00000E+00 0.00000E+00 1.04629E-06
2.11906E-13 0.00000E+00 0.00000E+00 0.00000E+00 0.00000E+00 1.55156E-05 2.77866E-04 0.00000E+00 0.00000E+00 2.11906E-13 8.47502E-07
1.65825E-11 0.00000E+00 0.00000E+00 0.00000E+00 0.00000E+00 1.27350E-05 2.28227E-04 0.00000E+00 0.00000E+00 1.65825E-11 6.82675E-07
3.09350E-11 0.00000E+00 0.00000E+00 0.00000E+00 0.00000E+00 1.04419E-05 1.87258E-04 0.00000E+00 0.00000E+00 3.09350E-11 5.47492E-07
4.22441E-11 0.00000E+00 0.00000E+00 0.00000E+00 0.00000E+00 8.54944E-06 1.53420E-04 0.00000E+00 0.00000E+00 4.22441E-11 4.37384E-07
5.02473E-11 0.00000E+00 0.00000E+00 0.00000E+00 0.00000E+00 6.98972E-06 1.25510E-04 0.00000E+00 0.00000E+00 5.02473E-11 3.48329E-07
5.51292E-11 0.00000E+00 0.00000E+00 0.00000E+00 0.00000E+00 5.70611E-06 1.02524E-04 0.00000E+00 0.00000E+00 5.51292E-11 2.76703E-07
5.73079E-11 0.00000E+00 0.00000E+00 0.00000E+00 0.00000E+00 4.65131E-06 8.36220E-05 0.00000E+00 0.00000E+00 5.73079E-11 2.19351E-07
5.72946E-11 2.16425E-12 2.76338E-12 3.66207E-12 3.66208E-12 3.78585E-06 6.81022E-05 2.76338E-12 2.16425E-12 5.72946E-11 1.73595E-07
5.56074E-11 1.14188E-11 1.17088E-11 1.21438E-11 1.21438E-11 3.07686E-06 5.53795E-05 1.17088E-11 1.14188E-11 5.56074E-11 1.37196E-07
5.27220E-11 1.73552E-11 1.74393E-11 1.75654E-11 1.75654E-11 2.49695E-06 4.49664E-05 1.74393E-11 1.73552E-11 5.27220E-11 1.08308E-07
4.90479E-11 2.07824E-11 2.07347E-11 2.06631E-11 2.06631E-11 2.02337E-06 3.64571E-05 2.07347E-11 2.07824E-11 4.90479E-11 8.54245E-08
4.49206E-11 2.23620E-11 2.22350E-11 2.20446E-11 2.20446E-11 1.63722E-06 2.95146E-05 2.22350E-11 2.23620E-11 4.49206E-11 6.73265E-08
4.06029E-11 2.26076E-11 2.24382E-11 2.21842E-11 2.21842E-11 1.32391E-06 2.38782E-05 2.24382E-11 2.26076E-11 4.06029E-11 5.30842E-08
3.62981E-11 2.19565E-11 2.17694E-11 2.14886E-11 2.14886E-11 1.06939E-06 1.92968E-05 2.17694E-11 2.19565E-11 3.62981E-11 4.18514E-08
0.00000E+00 0.00000E+00 1.38308E-11 3.45771E-11 3.45771E-11 4.64352E-05 8.36743E-04 1.38308E-11 0.00000E+00 0.00000E+00 2.11569E-07
0.00000E+00 0.00000E+00 0.00000E+00 0.00000E+00 0.00000E+00 3.76183E-05 6.78144E-04 0.00000E+00 0.00000E+00 0.00000E+00 6.11814E-07
0.00000E+00 0.00000E+00 0.00000E+00 0.00000E+00 0.00000E+00 3.06114E-05 5.52043E-04 0.00000E+00 0.00000E+00 0.00000E+00 7.58497E-07
0.00000E+00 0.00000E+00 0.00000E+00 0.00000E+00 0.00000E+00 2.49657E-05 4.50393E-04 0.00000E+00 0.00000E+00 0.00000E+00 7.68072E-07
0.00000E+00 0.00000E+00 0.00000E+00 0.00000E+00 0.00000E+00 2.03982E-05 3.68120E-04 0.00000E+00 0.00000E+00 0.00000E+00 7.11081E-07
0.00000E+00 0.00000E+00 0.00000E+00 0.00000E+00 0.00000E+00 1.67191E-05 3.01822E-04 0.00000E+00 0.00000E+00 0.00000E+00 6.26267E-07
0.00000E+00 0.00000E+00 0.00000E+00 0.00000E+00 0.00000E+00 1.37290E-05 2.47919E-04 0.00000E+00 0.00000E+00 0.00000E+00 5.35865E-07
2.71051E-20 0.00000E+00 0.00000E+00 0.00000E+00 0.00000E+00 1.17729E-05 2.12644E-04 0.00000E+00 0.00000E+00 2.71051E-20 4.68286E-07
0.00000E+00 0.00000E+00 0.00000E+00 0.00000E+00 0.00000E+00 1.12819E-05 2.03788E-04 0.00000E+00 0.00000E+00 0.00000E+00 4.50286E-07
0.00000E+00 0.00000E+00 0.00000E+00 0.00000E+00 0.00000E+00 9.14667E-06 1.65267E-04 0.00000E+00 0.00000E+00 0.00000E+00 3.70296E-07
0.00000E+00 0.00000E+00 0.00000E+00 0.00000E+00 0.00000E+00 7.41109E-06 1.33945E-04 0.00000E+00 0.00000E+00 0.00000E+00 3.00535E-07
0.00000E+00 0.00000E+00 0.00000E+00 0.00000E+00 0.00000E+00 5.99667E-06 1.08410E-04 0.00000E+00 0.00000E+00 0.00000E+00 2.41365E-07
0.00000E+00 0.00000E+00 0.00000E+00 0.00000E+00 0.00000E+00 4.84553E-06 8.76212E-05 0.00000E+00 0.00000E+00 0.00000E+00 1.92326E-07
0.00000E+00 0.00000E+00 0.00000E+00 0.00000E+00 0.00000E+00 3.91234E-06 7.07630E-05 0.00000E+00 0.00000E+00 0.00000E+00 1.52475E-07
2.53309E-12 0.00000E+00 0.00000E+00 0.00000E+00 0.00000E+00 3.15566E-06 5.70894E-05 0.00000E+00 0.00000E+00 2.53309E-12 1.20432E-07
5.59700E-12 0.00000E+00 0.00000E+00 0.00000E+00 0.00000E+00 2.54155E-06 4.59888E-05 0.00000E+00 0.00000E+00 5.59700E-12 9.48282E-08
7.94757E-12 0.00000E+00 0.00000E+00 0.00000E+00 0.00000E+00 2.04387E-06 3.69905E-05 0.00000E+00 0.00000E+00 7.94757E-12 7.45006E-08
9.59296E-12 0.00000E+00 0.00000E+00 0.00000E+00 0.00000E+00 1.64117E-06 2.97076E-05 0.00000E+00 0.00000E+00 9.59296E-12 5.84404E-08
1.06060E-11 0.00000E+00 0.00000E+00 0.00000E+00 0.00000E+00 1.31585E-06 2.38226E-05 0.00000E+00 0.00000E+00 1.06060E-11 4.57978E-08
1.10883E-11 7.29493E-13 5.00972E-13 1.58192E-13 1.58192E-13 1.05344E-06 1.90747E-05 5.00972E-13 7.29493E-13 1.10883E-11 3.58724E-08
1.11487E-11 2.95432E-12 2.76472E-12 2.48032E-12 2.48032E-12 8.42137E-07 1.52505E-05 2.76472E-12 2.95432E-12 1.11487E-11 2.80951E-08
1.08899E-11 4.40903E-12 4.25361E-12 4.02048E-12 4.02048E-12 6.72252E-07 1.21754E-05 4.25361E-12 4.40903E-12 1.08899E-11 2.20091E-08
1.04028E-11 5.27714E-12 5.15117E-12 4.96223E-12 4.96223E-12 5.35887E-07 9.70657E-06 5.15117E-12 5.27714E-12 1.04028E-11 1.72504E-08
9.76325E-12 5.70878E-12 5.60780E-12 5.45634E-12 5.45634E-12 4.26605E-07 7.72774E-06 5.60780E-12 5.70878E-12 9.76325E-12 1.35309E-08
9.03186E-12 5.82036E-12 5.74022E-12 5.62002E-12 5.62002E-12 3.39474E-07 6.14977E-06 5.74022E-12 5.82036E-12 9.03186E-12 1.06351E-08
8.25811E-12 5.71190E-12 5.64896E-12 5.55455E-12 5.55455E-12 2.69903E-07 4.88964E-06 5.64896E-12 5.71190E-12 8.25811E-12 8.37193E-09
0.00000E+00 0.00000E+00 0.00000E+00 0.00000E+00 0.00000E+00 1.13808E-05 2.05665E-04 0.00000E+00 0.00000E+00 0.00000E+00 7.08612E-09
0.00000E+00 0.00000E+00 0.00000E+00 0.00000E+00 0.00000E+00 9.00633E-06 1.62761E-04 0.00000E+00 0.00000E+00 0.00000E+00 8.67002E-08
0.00000E+00 0.00000E+00 0.00000E+00 0.00000E+00 0.00000E+00 7.16286E-06 1.29448E-04 0.00000E+00 0.00000E+00 0.00000E+00 1.14763E-07
0.00000E+00 0.00000E+00 0.00000E+00 0.00000E+00 0.00000E+00 5.71104E-06 1.03209E-04 0.00000E+00 0.00000E+00 0.00000E+00 1.16884E-07
0.00000E+00 0.00000E+00 0.00000E+00 0.00000E+00 0.00000E+00 4.56300E-06 8.24590E-05 0.00000E+00 0.00000E+00 0.00000E+00 1.07334E-07
0.00000E+00 0.00000E+00 0.00000E+00 0.00000E+00 0.00000E+00 3.65977E-06 6.61324E-05 0.00000E+00 0.00000E+00 0.00000E+00 9.34718E-08
0.00000E+00 0.00000E+00 0.00000E+00 0.00000E+00 0.00000E+00 2.94211E-06 5.31598E-05 0.00000E+00 0.00000E+00 0.00000E+00 7.91407E-08
0.00000E+00 0.00000E+00 0.00000E+00 0.00000E+00 0.00000E+00 2.48127E-06 4.48293E-05 0.00000E+00 0.00000E+00 0.00000E+00 6.86831E-08
0.00000E+00 0.00000E+00 0.00000E+00 0.00000E+00 0.00000E+00 2.36751E-06 4.27730E-05 0.00000E+00 0.00000E+00 0.00000E+00 6.59608E-08
2.38743E-13 0.00000E+00 0.00000E+00 0.00000E+00 0.00000E+00 1.87733E-06 3.39122E-05 0.00000E+00 0.00000E+00 2.38743E-13 5.39851E-08
1.04713E-12 0.00000E+00 0.00000E+00 0.00000E+00 0.00000E+00 1.48834E-06 2.68808E-05 0.00000E+00 0.00000E+00 1.04713E-12 4.37688E-08
2.06164E-12 0.00000E+00 0.00000E+00 0.00000E+00 0.00000E+00 1.17868E-06 2.12838E-05 0.00000E+00 0.00000E+00 2.06164E-12 3.52550E-08
3.06838E-12 0.00000E+00 0.00000E+00 0.00000E+00 0.00000E+00 9.32540E-07 1.68351E-05 0.00000E+00 0.00000E+00 3.06838E-12 2.82984E-08
3.94208E-12 0.00000E+00 0.00000E+00 0.00000E+00 0.00000E+00 7.37693E-07 1.33140E-05 0.00000E+00 0.00000E+00 3.94208E-12 2.27018E-08
4.62537E-12 8.97936E-13 9.29419E-13 9.76643E-13 9.76643E-13 5.83362E-07 1.05255E-05 9.29419E-13 8.97936E-13 4.62537E-12 1.82245E-08
5.10562E-12 2.00656E-12 2.04346E-12 2.09881E-12 2.09881E-12 4.60953E-07 8.31408E-06 2.04346E-12 2.00656E-12 5.10562E-12 1.46476E-08
5.39251E-12 2.80197E-12 2.84171E-12 2.90132E-12 2.90132E-12 3.63985E-07 6.56267E-06 2.84171E-12 2.80197E-12 5.39251E-12 1.17945E-08
5.50854E-12 3.33243E-12 3.37302E-12 3.43390E-12 3.43390E-12 2.87263E-07 5.17730E-06 3.37302E-12 3.33243E-12 5.50854E-12 9.51884E-09
5.48183E-12 3.64589E-12 3.68585E-12 3.74578E-12 3.74578E-12 2.26631E-07 4.08277E-06 3.68585E-12 3.64589E-12 5.48183E-12 7.70171E-09
5.34166E-12 3.78692E-12 3.82518E-12 3.88257E-12 3.88257E-12 1.78765E-07 3.21898E-06 3.82518E-12 3.78692E-12 5.34166E-12 6.24798E-09
5.11572E-12 3.79504E-12 3.83090E-12 3.88468E-12 3.88468E-12 1.41015E-07 2.53796E-06 3.83090E-12 3.79504E-12 5.11572E-12 5.08212E-09
4.82877E-12 3.70415E-12 3.73717E-12 3.78669E-12 3.78669E-12 1.11265E-07 2.00150E-06 3.73717E-12 3.70415E-12 4.82877E-12 4.14452E-09
4.50196E-12 3.54253E-12 3.57249E-12 3.61743E-12 3.61743E-12 8.78362E-08 1.57920E-06 3.57249E-12 3.54253E-12 4.50196E-12 3.38820E-09
4.15275E-12 3.33322E-12 3.36006E-12 3.40032E-12 3.40032E-12 6.93934E-08 1.24693E-06 3.36006E-12 3.33322E-12 4.15275E-12 2.77623E-09
3.79515E-12 3.09430E-12 3.11809E-12 3.15376E-12 3.15376E-12 5.49335E-08 9.86547E-07 3.11809E-12 3.09430E-12 3.79515E-12 2.28116E-09
3.44030E-12 2.84070E-12 2.86158E-12 2.89289E-12 2.89289E-12 4.35584E-08 7.81826E-07 2.86158E-12 2.84070E-12 3.44030E-12 1.87830E-09
0.00000E+00 0.00000E+00 3.27360E-13 8.18401E-13 8.18401E-13 0.00000E+00 0.00000E+00 3.27360E-13 0.00000E+00 0.00000E+00 2.39700E-09
0.00000E+00 0.00000E+00 0.00000E+00 3.47137E-13 3.47137E-13 0.00000E+00 0.00000E+00 0.00000E+00 0.00000E+00 0.00000E+00 1.37878E-09
0.00000E+00 0.00000E+00 0.00000E+00 1.66518E-14 1.66518E-14 0.00000E+00 0.00000E+00 0.00000E+00 0.00000E+00 0.00000E+00 1.04058E-09
0.00000E+00 0.00000E+00 0.00000E+00 0.00000E+00 0.00000E+00 0.00000E+00 0.00000E+00 0.00000E+00 0.00000E+00 0.00000E+00 9.46888E-10
0.00000E+00 0.00000E+00 0.00000E+00 0.00000E+00 0.00000E+00 0.00000E+00 0.00000E+00 0.00000E+00 0.00000E+00 0.00000E+00 9.15060E-10
0.00000E+00 0.00000E+00 0.00000E+00 0.00000E+00 0.00000E+00 0.00000E+00 0.00000E+00 0.00000E+00 0.00000E+00 0.00000E+00 8.75331E-10
0.00000E+00 0.00000E+00 0.00000E+00 0.00000E+00 0.00000E+00 0.00000E+00 0.00000E+00 0.00000E+00 0.00000E+00 0.00000E+00 8.11863E-10
1.00585E-21 0.00000E+00 0.00000E+00 0.00000E+00 0.00000E+00 0.00000E+00 0.00000E+00 0.00000E+00 0.00000E+00 1.00585E-21 7.49436E-10
0.00000E+00 0.00000E+00 0.00000E+00 0.00000E+00 0.00000E+00 0.00000E+00 0.00000E+00 0.00000E+00 0.00000E+00 0.00000E+00 7.28703E-10
0.00000E+00 0.00000E+00 0.00000E+00 0.00000E+00 0.00000E+00 0.00000E+00 0.00000E+00 0.00000E+00 0.00000E+00 0.00000E+00 6.28156E-10
0.00000E+00 0.00000E+00 0.00000E+00 0.00000E+00 0.00000E+00 0.00000E+00 0.00000E+00 0.00000E+00 0.00000E+00 0.00000E+00 5.24793E-10
0.00000E+00 0.00000E+00 0.00000E+00 0.00000E+00 0.00000E+00 0.00000E+00 0.00000E+00 0.00000E+00 0.00000E+00 0.00000E+00 4.25819E-10
0.00000E+00 0.00000E+00 0.00000E+00 0.00000E+00 0.00000E+00 0.00000E+00 0.00000E+00 0.00000E+00 0.00000E+00 0.00000E+00 3.35703E-10
0.00000E+00 0.00000E+00 0.00000E+00 0.00000E+00 0.00000E+00 0.00000E+00 0.00000E+00 0.00000E+00 0.00000E+00 0.00000E+00 2.57190E-10
0.00000E+00 0.00000E+00 0.00000E+00 0.00000E+00 0.00000E+00 0.00000E+00 0.00000E+00 0.00000E+00 0.00000E+00 0.00000E+00 1.91111E-10
0.00000E+00 0.00000E+00 0.00000E+00 0.00000E+00 0.00000E+00 0.00000E+00 0.00000E+00 0.00000E+00 0.00000E+00 0.00000E+00 1.36990E-10
0.00000E+00 0.00000E+00 0.00000E+00 0.00000E+00 0.00000E+00 0.00000E+00 0.00000E+00 0.00000E+00 0.00000E+00 0.00000E+00 9.37914E-11
0.00000E+00 0.00000E+00 0.00000E+00 0.00000E+00 0.00000E+00 0.00000E+00 0.00000E+00 0.00000E+00 0.00000E+00 0.00000E+00 6.01389E-11
0.00000E+00 0.00000E+00 0.00000E+00 0.00000E+00 0.00000E+00 0.00000E+00 0.00000E+00 0.00000E+00 0.00000E+00 0.00000E+00 3.45522E-11
0.00000E+00 0.00000E+00 0.00000E+00 0.00000E+00 0.00000E+00 0.00000E+00 0.00000E+00 0.00000E+00 0.00000E+00 0.00000E+00 1.55971E-11
0.00000E+00 0.00000E+00 0.00000E+00 0.00000E+00 0.00000E+00 6.36610E-11 1.79340E-09 0.00000E+00 0.00000E+00 0.00000E+00 1.96796E-12
0.00000E+00 0.00000E+00 0.00000E+00 0.00000E+00 0.00000E+00 1.52447E-10 3.34529E-09 0.00000E+00 0.00000E+00 0.00000E+00 0.00000E+00
0.00000E+00 0.00000E+00 0.00000E+00 0.00000E+00 0.00000E+00 1.92264E-10 4.00701E-09 0.00000E+00 0.00000E+00 0.00000E+00 0.00000E+00
0.00000E+00 0.00000E+00 0.00000E+00 0.00000E+00 0.00000E+00 2.00537E-10 4.09742E-09 0.00000E+00 0.00000E+00 0.00000E+00 0.00000E+00
0.00000E+00 0.00000E+00 0.00000E+00 0.00000E+00 0.00000E+00 1.89425E-10 3.83900E-09 0.00000E+00 0.00000E+00 0.00000E+00 0.00000E+00
0.00000E+00 0.00000E+00 0.00000E+00 0.00000E+00 0.00000E+00 1.67848E-10 3.39474E-09 0.00000E+00 0.00000E+00 0.00000E+00 0.00000E+00
0.00000E+00 0.00000E+00 0.00000E+00 0.00000E+00 0.00000E+00 0.00000E+00 0.00000E+00 0.00000E+00 0.00000E+00 0.00000E+00 0.00000E+00
0.00000E+00 0.00000E+00 0.00000E+00 0.00000E+00 0.00000E+00 0.00000E+00 0.00000E+00 0.00000E+00 0.00000E+00 0.00000E+00 0.00000E+00
0.00000E+00 0.00000E+00 0.00000E+00 0.00000E+00 0.00000E+00 0.00000E+00 0.00000E+00 0.00000E+00 0.00000E+00 0.00000E+00 0.00000E+00
0.00000E+00 0.00000E+00 0.00000E+00 0.00000E+00 0.00000E+00 0.00000E+00 0.00000E+00 0.00000E+00 0.00000E+00 0.00000E+00 0.00000E+00
0.00000E+00 0.00000E+00 0.00000E+00 0.00000E+00 0.00000E+00 0.00000E+00 0.00000E+00 0.00000E+00 0.00000E+00 0.00000E+00 0.00000E+00
0.00000E+00 0.00000E+00 0.00000E+00 0.00000E+00 0.00000E+00 0.00000E+00 0.00000E+00 0.00000E+00 0.00000E+00 0.00000E+00 0.00000E+00
0.00000E+00 0.00000E+00 0.00000E+00 0.00000E+00 0.00000E+00 0.00000E+00 0.00000E+00 0.00000E+00 0.00000E+00 0.00000E+00 0.00000E+00
0.00000E+00 0.00000E+00 0.00000E+00 0.00000E+00 0.00000E+00 0.00000E+00 0.00000E+00 0.00000E+00 0.00000E+00 0.00000E+00 0.00000E+00
0.00000E+00 0.00000E+00 0.00000E+00 0.00000E+00 0.00000E+00 0.00000E+00 0.00000E+00 0.00000E+00 0.00000E+00 0.00000E+00 0.00000E+00
0.00000E+00 0.00000E+00 0.00000E+00 0.00000E+00 0.00000E+00 0.00000E+00 0.00000E+00 0.00000E+00 0.00000E+00 0.00000E+00 0.00000E+00
0.00000E+00 0.00000E+00 0.00000E+00 0.00000E+00 0.00000E+00 0.00000E+00 0.00000E+00 0.00000E+00 0.00000E+00 0.00000E+00 0.00000E+00
0.00000E+00 0.00000E+00 0.00000E+00 0.00000E+00 0.00000E+00 0.00000E+00 0.00000E+00 0.00000E+00 0.00000E+00 0.00000E+00 0.00000E+00
0.00000E+00 0.00000E+00 0.00000E+00 0.00000E+00 0.00000E+00 0.00000E+00 0.00000E+00 0.00000E+00 0.00000E+00 0.00000E+00 0.00000E+00
0.00000E+00 0.00000E+00 0.00000E+00 0.00000E+00 0.00000E+00 0.00000E+00 0.00000E+00 0.00000E+00 0.00000E+00 0.00000E+00 0.00000E+00
0.00000E+00 0.00000E+00 0.00000E+00 0.00000E+00 0.00000E+00 0.00000E+00 0.00000E+00 0.00000E+00 0.00000E+00 0.00000E+00 0.00000E+00
0.00000E+00 0.00000E+00 0.00000E+00 0.00000E+00 0.00000E+00 0.00000E+00 0.00000E+00 0.00000E+00 0.00000E+00 0.00000E+00 0.00000E+00
0.00000E+00 0.00000E+00 0.00000E+00 0.00000E+00 0.00000E+00 0.00000E+00 0.00000E+00 0.00000E+00 0.00000E+00 0.00000E+00 0.00000E+00
0.00000E+00 0.00000E+00 0.00000E+00 0.00000E+00 0.00000E+00 0.00000E+00 0.00000E+00 0.00000E+00 0.00000E+00 0.00000E+00 0.00000E+00
0.00000E+00 0.00000E+00 0.00000E+00 0.00000E+00 0.00000E+00 0.00000E+00 0.00000E+00 0.00000E+00 0.00000E+00 0.00000E+00 0.00000E+00
0.00000E+00 0.00000E+00 0.00000E+00 0.00000E+00 0.00000E+00 0.00000E+00 0.00000E+00 0.00000E+00 0.00000E+00 0.00000E+00 0.00000E+00
0.00000E+00 0.00000E+00 0.00000E+00 0.00000E+00 0.00000E+00 0.00000E+00 0.00000E+00 0.00000E+00 0.00000E+00 0.00000E+00 0.00000E+00
0.00000E+00 0.00000E+00 0.00000E+00 0.00000E+00 0.00000E+00 0.00000E+00 0.00000E+00 0.00000E+00 0.00000E+00 0.00000E+00 0.00000E+00
0.00000E+00 0.00000E+00 0.00000E+00 0.00000E+00 0.00000E+00 0.00000E+00 0.00000E+00 0.00000E+00 0.00000E+00 0.00000E+00 0.00000E+00
0.00000E+00 0.00000E+00 0.00000E+00 0.00000E+00 0.00000E+00 0.00000E+00 0.00000E+00 0.00000E+00 0.00000E+00 0.00000E+00 0.00000E+00
0.00000E+00 0.00000E+00 0.00000E+00 0.00000E+00 0.00000E+00 0.00000E+00 0.00000E+00 0.00000E+00 0.00000E+00 0.00000E+00 0.00000E+00
0.00000E+00 0.00000E+00 0.00000E+00 0.00000E+00 0.00000E+00 0.00000E+00 0.00000E+00 0.00000E+00 0.00000E+00 0.00000E+00 0.00000E+00
---
