PdfType: error
Format: lhagrid1
---
1.00000E-06 1.28121E-06 1.64152E-06 2.10317E-06 2.69463E-06 3.45242E-06 4.42329E-06 5.66715E-06 7.26076E-06 9.30241E-06 1.19180E-05 1.52689E-05 1.95617E-05 2.50609E-05 3.21053E-05 4.11287E-05 5.26863E-05 6.74889E-05 8.64459E-05 1.10720E-04 1.41800E-04 1.81585E-04 2.32503E-04 2.97652E-04 3.80981E-04 4.87518E-04 6.26039E-04 8.00452E-04 1.02297E-03 1.30657E-03 1.66759E-03 2.12729E-03 2.71054E-03 3.44865E-03 4.37927E-03 5.54908E-03 7.01192E-03 8.83064E-03 1.10763E-02 1.38266E-02 1.71641E-02 2.11717E-02 2.59364E-02 3.15062E-02 3.79623E-02 4.53425E-02 5.36750E-02 6.29705E-02 7.32221E-02 8.44039E-02 9.64793E-02 1.09332E-01 1.23067E-01 1.37507E-01 1.52639E-01 1.68416E-01 1.84794E-01 2.01731E-01 2.19016E-01 2.36948E-01 2.55242E-01 2.73927E-01 2.92954E-01 3.12340E-01 3.32036E-01 3.52019E-01 3.72282E-01 3.92772E-01 4.13533E-01 4.34326E-01 4.55495E-01 4.76836E-01 4.98342E-01 5.20006E-01 5.41818E-01 5.63773E-01 5.85861E-01 6.08077E-01 6.30459E-01 6.52800E-01 6.75387E-01 6.98063E-01 7.20830E-01 7.43683E-01 7.66623E-01 7.89636E-01 8.12791E-01 8.35940E-01 8.59175E-01 8.82485E-01 9.05866E-01 9.29311E-01 9.52817E-01 9.76387E-01 1.00000E+00
1.30000E+00 1.50159E+00 1.75516E+00 2.07810E+00 2.49495E+00 3.04086E+00 3.76715E+00 4.50000E+00 4.75000E+00 6.23113E+00 8.37423E+00 1.15549E+01 1.64076E+01 2.40380E+01 3.64361E+01 5.73145E+01 9.38707E+01 1.60654E+02 2.88438E+02 5.45587E+02 1.09231E+03 2.32646E+03 5.30043E+03 1.29956E+04 3.45140E+04 1.00000E+05
-5 -4 -3 -2 -1 1 2 3 4 5 21
0.00000E+00 0.00000E+00 4.63709E-01 1.15927E+00 1.15927E+00 1.15928E+00 1.16176E+00 4.63709E-01 0.00000E+00 0.00000E+00 1.04787E-02
0.00000E+00 3.97642E-02 4.97735E-01 1.18469E+00 1.18469E+00 1.18471E+00 1.18730E+00 4.97735E-01 3.97642E-02 0.00000E+00 1.45668E+00
0.00000E+00 1.15076E-01 5.67558E-01 1.24628E+00 1.24628E+00 1.24630E+00 1.24901E+00 5.67558E-01 1.15076E-01 0.00000E+00 3.86128E+00
0.00000E+00 2.29867E-01 6.77052E-01 1.34782E+00 1.34783E+00 1.34786E+00 1.35068E+00 6.77052E-01 2.29867E-01 0.00000E+00 7.48453E+00
0.00000E+00 3.90455E-01 8.32510E-01 1.49558E+00 1.49559E+00 1.49563E+00 1.49857E+00 8.32510E-01 3.90455E-01 0.00000E+00 1.25892E+01
0.00000E+00 6.06469E-01 1.04354E+00 1.69914E+00 1.69915E+00 1.69920E+00 1.70226E+00 1.04354E+00 6.06469E-01 0.00000E+00 1.95458E+01
0.00000E+00 8.85423E-01 1.31765E+00 1.96596E+00 1.96598E+00 1.96605E+00 1.96921E+00 1.31765E+00 8.85423E-01 0.00000E+00 2.86468E+01
1.11022E-15 1.14556E+00 1.57410E+00 2.21690E+00 2.21692E+00 2.21699E+00 2.22025E+00 1.57410E+00 1.14556E+00 1.11022E-15 3.72104E+01
8.18616E-02 1.22569E+00 1.65318E+00 2.29439E+00 2.29441E+00 2.29449E+00 2.29777E+00 1.65318E+00 1.22569E+00 8.18616E-02 4.00488E+01
5.47682E-01 1.68330E+00 2.10582E+00 2.73956E+00 2.73958E+00 2.73968E+00 2.74309E+00 2.10582E+00 1.68330E+00 5.47682E-01 5.47034E+01
1.12763E+00 2.25509E+00 2.67270E+00 3.29907E+00 3.29910E+00 3.29922E+00 3.30277E+00 2.67270E+00 2.25509E+00 1.12763E+00 7.27574E+01
1.82852E+00 2.94785E+00 3.36060E+00 3.97970E+00 3.97973E+00 3.97987E+00 3.98356E+00 3.36060E+00 2.94785E+00 1.82852E+00 9.47476E+01
2.66624E+00 3.77746E+00 4.18542E+00 4.79732E+00 4.79735E+00 4.79753E+00 4.80135E+00 4.18542E+00 3.77746E+00 2.66624E+00 1.21143E+02
3.66087E+00 4.76400E+00 5.16722E+00 5.77201E+00 5.77204E+00 5.77224E+00 5.77620E+00 5.16722E+00 4.76400E+00 3.66087E+00 1.52495E+02
4.83095E+00 5.92600E+00 6.32453E+00 6.92227E+00 6.92231E+00 6.92255E+00 6.92666E+00 6.32453E+00 5.92600E+00 4.83095E+00 1.89268E+02
6.19464E+00 7.28161E+00 7.67550E+00 8.26628E+00 8.26631E+00 8.26659E+00 8.27085E+00 7.67550E+00 7.28161E+00 6.19464E+00 2.31874E+02
7.77259E+00 8.85148E+00 9.24077E+00 9.82465E+00 9.82469E+00 9.82500E+00 9.82942E+00 9.24077E+00 8.85148E+00 7.77259E+00 2.80759E+02
9.58629E+00 1.06571E+01 1.10418E+01 1.16189E+01 1.16189E+01 1.16193E+01 1.16239E+01 1.10418E+01 1.06571E+01 9.58629E+00 3.36350E+02
1.16579E+01 1.27206E+01 1.31009E+01 1.36711E+01 1.36712E+01 1.36716E+01 1.36763E+01 1.31009E+01 1.27206E+01 1.16579E+01 3.99048E+02
1.40101E+01 1.50647E+01 1.54405E+01 1.60040E+01 1.60041E+01 1.60045E+01 1.60094E+01 1.54405E+01 1.50647E+01 1.40101E+01 4.69216E+02
1.66657E+01 1.77123E+01 1.80836E+01 1.86405E+01 1.86406E+01 1.86411E+01 1.86461E+01 1.80836E+01 1.77123E+01 1.66657E+01 5.47180E+02
1.96479E+01 2.06863E+01 2.10533E+01 2.16036E+01 2.16037E+01 2.16042E+01 2.16095E+01 2.10533E+01 2.06863E+01 1.96479E+01 6.33222E+02
2.29796E+01 2.40099E+01 2.43725E+01 2.49163E+01 2.49164E+01 2.49170E+01 2.49224E+01 2.43725E+01 2.40099E+01 2.29796E+01 7.27572E+02
2.66832E+01 2.77054E+01 2.80637E+01 2.86010E+01 2.86011E+01 2.86018E+01 2.86074E+01 2.80637E+01 2.77054E+01 2.66832E+01 8.30404E+02
3.07881E+01 3.18022E+01 3.21562E+01 3.26871E+01 3.26872E+01 3.26880E+01 3.26938E+01 3.21562E+01 3.18022E+01 3.07881E+01 9.41991E+02
3.53119E+01 3.63178E+01 3.66675E+01 3.71921E+01 3.71922E+01 3.71931E+01 3.71991E+01 3.66675E+01 3.63178E+01 3.53119E+01 1.06230E+03
0.00000E+00 0.00000E+00 4.59585E-01 1.14896E+00 1.14896E+00 1.14897E+00 1.15154E+00 4.59585E-01 0.00000E+00 0.00000E+00 1.11974E-02
0.00000E+00 3.99553E-02 4.93846E-01 1.17468E+00 1.17468E+00 1.17470E+00 1.17738E+00 4.93846E-01 3.99553E-02 0.00000E+00 1.45892E+00
0.00000E+00 1.15250E-01 5.63694E-01 1.23635E+00 1.23636E+00 1.23638E+00 1.23918E+00 5.63694E-01 1.15250E-01 0.00000E+00 3.85918E+00
0.00000E+00 2.29705E-01 6.72891E-01 1.33766E+00 1.33767E+00 1.33771E+00 1.34062E+00 6.72891E-01 2.29705E-01 0.00000E+00 7.46850E+00
0.00000E+00 3.89531E-01 8.27626E-01 1.48475E+00 1.48476E+00 1.48481E+00 1.48785E+00 8.27626E-01 3.89531E-01 0.00000E+00 1.25453E+01
0.00000E+00 6.04212E-01 1.03736E+00 1.68708E+00 1.68709E+00 1.68715E+00 1.69030E+00 1.03736E+00 6.04212E-01 0.00000E+00 1.94542E+01
0.00000E+00 8.81130E-01 1.30947E+00 1.95196E+00 1.95197E+00 1.95205E+00 1.95532E+00 1.30947E+00 8.81130E-01 0.00000E+00 2.84824E+01
1.33227E-15 1.13917E+00 1.56386E+00 2.20086E+00 2.20088E+00 2.20097E+00 2.20433E+00 1.56386E+00 1.13917E+00 1.33227E-15 3.69704E+01
8.11672E-02 1.21860E+00 1.64224E+00 2.27767E+00 2.27769E+00 2.27779E+00 2.28118E+00 1.64224E+00 1.21860E+00 8.11672E-02 3.97819E+01
5.42850E-01 1.67207E+00 2.09077E+00 2.71879E+00 2.71881E+00 2.71893E+00 2.72245E+00 2.09077E+00 1.67207E+00 5.42850E-01 5.42910E+01
1.11721E+00 2.23826E+00 2.65209E+00 3.27280E+00 3.27282E+00 3.27297E+00 3.27662E+00 2.65209E+00 2.23826E+00 1.11721E+00 7.21508E+01
1.81084E+00 2.92375E+00 3.33277E+00 3.94626E+00 3.94629E+00 3.94646E+00 3.95025E+00 3.33277E+00 2.92375E+00 1.81084E+00 9.38883E+01
2.63936E+00 3.74415E+00 4.14841E+00 4.75477E+00 4.75480E+00 4.75499E+00 4.75893E+00 4.14841E+00 3.74415E+00 2.63936E+00 1.19962E+02
3.62247E+00 4.71916E+00 5.11872E+00 5.71801E+00 5.71804E+00 5.71827E+00 5.72236E+00 5.11872E+00 4.71916E+00 3.62247E+00 1.50914E+02
4.77836E+00 5.86695E+00 6.26185E+00 6.85416E+00 6.85419E+00 6.85446E+00 6.85870E+00 6.26185E+00 5.86695E+00 4.77836E+00 1.87194E+02
6.12480E+00 7.20530E+00 7.59560E+00 8.18099E+00 8.18103E+00 8.18134E+00 8.18573E+00 7.59560E+00 7.20530E+00 6.12480E+00 2.29206E+02
7.68203E+00 8.75445E+00 9.14019E+00 9.71873E+00 9.71877E+00 9.71912E+00 9.72367E+00 9.14019E+00 8.75445E+00 7.68203E+00 2.77386E+02
9.47109E+00 1.05354E+01 1.09166E+01 1.14884E+01 1.14884E+01 1.14888E+01 1.14936E+01 1.09166E+01 1.05354E+01 9.47109E+00 3.32148E+02
1.15137E+01 1.25699E+01 1.29466E+01 1.35117E+01 1.35117E+01 1.35122E+01 1.35171E+01 1.29466E+01 1.25699E+01 1.15137E+01 3.93881E+02
1.38319E+01 1.48800E+01 1.52523E+01 1.58107E+01 1.58108E+01 1.58113E+01 1.58163E+01 1.52523E+01 1.48800E+01 1.38319E+01 4.62940E+02
1.64482E+01 1.74882E+01 1.78561E+01 1.84079E+01 1.84080E+01 1.84085E+01 1.84138E+01 1.78561E+01 1.74882E+01 1.64482E+01 5.39639E+02
1.93850E+01 2.04169E+01 2.07805E+01 2.13258E+01 2.13258E+01 2.13264E+01 2.13319E+01 2.07805E+01 2.04169E+01 1.93850E+01 6.24249E+02
2.26648E+01 2.36886E+01 2.40478E+01 2.45866E+01 2.45867E+01 2.45874E+01 2.45930E+01 2.40478E+01 2.36886E+01 2.26648E+01 7.16993E+02
2.63094E+01 2.73251E+01 2.76801E+01 2.82124E+01 2.82125E+01 2.82133E+01 2.82191E+01 2.76801E+01 2.73251E+01 2.63094E+01 8.18037E+02
3.03476E+01 3.13551E+01 3.17058E+01 3.22318E+01 3.22319E+01 3.22328E+01 3.22387E+01 3.17058E+01 3.13551E+01 3.03476E+01 9.27643E+02
3.47962E+01 3.57955E+01 3.61421E+01 3.66618E+01 3.66619E+01 3.66628E+01 3.66690E+01 3.61421E+01 3.57955E+01 3.47962E+01 1.04577E+03
0.00000E+00 0.00000E+00 4.54403E-01 1.13601E+00 1.13601E+00 1.13602E+00 1.13869E+00 4.54403E-01 0.00000E+00 0.00000E+00 1.21101E-02
0.00000E+00 4.01963E-02 4.88959E-01 1.16210E+00 1.16210E+00 1.16213E+00 1.16492E+00 4.88959E-01 4.01963E-02 0.00000E+00 1.46177E+00
0.00000E+00 1.15471E-01 5.58838E-01 1.22388E+00 1.22389E+00 1.22392E+00 1.22683E+00 5.58838E-01 1.15471E-01 0.00000E+00 3.85657E+00
0.00000E+00 2.29500E-01 6.67661E-01 1.32489E+00 1.32490E+00 1.32494E+00 1.32798E+00 6.67661E-01 2.29500E-01 0.00000E+00 7.44832E+00
0.00000E+00 3.88366E-01 8.21483E-01 1.47114E+00 1.47116E+00 1.47122E+00 1.47437E+00 8.21483E-01 3.88366E-01 0.00000E+00 1.24901E+01
0.00000E+00 6.01369E-01 1.02959E+00 1.67191E+00 1.67192E+00 1.67200E+00 1.67527E+00 1.02959E+00 6.01369E-01 0.00000E+00 1.93390E+01
0.00000E+00 8.75724E-01 1.29918E+00 1.93434E+00 1.93435E+00 1.93445E+00 1.93785E+00 1.29918E+00 8.75724E-01 0.00000E+00 2.82754E+01
1.33227E-15 1.13112E+00 1.55096E+00 2.18069E+00 2.18071E+00 2.18082E+00 2.18432E+00 1.55096E+00 1.13112E+00 1.33227E-15 3.66683E+01
8.02935E-02 1.20968E+00 1.62848E+00 2.25665E+00 2.25667E+00 2.25679E+00 2.26031E+00 1.62848E+00 1.20968E+00 8.02935E-02 3.94460E+01
5.36772E-01 1.65793E+00 2.07184E+00 2.69267E+00 2.69270E+00 2.69283E+00 2.69650E+00 2.07184E+00 1.65793E+00 5.36772E-01 5.37721E+01
1.10409E+00 2.21708E+00 2.62616E+00 3.23976E+00 3.23978E+00 3.23994E+00 3.24375E+00 2.62616E+00 2.21708E+00 1.10409E+00 7.13877E+01
1.78861E+00 2.89344E+00 3.29776E+00 3.90421E+00 3.90423E+00 3.90443E+00 3.90837E+00 3.29776E+00 2.89344E+00 1.78861E+00 9.28076E+01
2.60557E+00 3.70226E+00 4.10187E+00 4.70125E+00 4.70128E+00 4.70151E+00 4.70560E+00 4.10187E+00 3.70226E+00 2.60557E+00 1.18478E+02
3.57420E+00 4.66278E+00 5.05773E+00 5.65012E+00 5.65015E+00 5.65042E+00 5.65466E+00 5.05773E+00 4.66278E+00 3.57420E+00 1.48925E+02
4.71224E+00 5.79272E+00 6.18306E+00 6.76853E+00 6.76857E+00 6.76887E+00 6.77327E+00 6.18306E+00 5.79272E+00 4.71224E+00 1.84587E+02
6.03702E+00 7.10939E+00 7.49518E+00 8.07380E+00 8.07384E+00 8.07418E+00 8.07874E+00 7.49518E+00 7.10939E+00 6.03702E+00 2.25854E+02
7.56823E+00 8.63250E+00 9.01377E+00 9.58561E+00 9.58566E+00 9.58605E+00 9.59077E+00 9.01377E+00 8.63250E+00 7.56823E+00 2.73147E+02
9.32634E+00 1.03825E+01 1.07593E+01 1.13244E+01 1.13245E+01 1.13249E+01 1.13298E+01 1.07593E+01 1.03825E+01 9.32634E+00 3.26868E+02
1.13324E+01 1.23805E+01 1.27529E+01 1.33114E+01 1.33114E+01 1.33119E+01 1.33170E+01 1.27529E+01 1.23805E+01 1.13324E+01 3.87391E+02
1.36080E+01 1.46480E+01 1.50160E+01 1.55679E+01 1.55679E+01 1.55685E+01 1.55737E+01 1.50160E+01 1.46480E+01 1.36080E+01 4.55057E+02
1.61749E+01 1.72067E+01 1.75704E+01 1.81157E+01 1.81158E+01 1.81164E+01 1.81218E+01 1.75704E+01 1.72067E+01 1.61749E+01 5.30168E+02
1.90548E+01 2.00785E+01 2.04379E+01 2.09768E+01 2.09768E+01 2.09775E+01 2.09831E+01 2.04379E+01 2.00785E+01 1.90548E+01 6.12983E+02
2.22695E+01 2.32851E+01 2.36401E+01 2.41726E+01 2.41727E+01 2.41735E+01 2.41793E+01 2.36401E+01 2.32851E+01 2.22695E+01 7.03713E+02
2.58401E+01 2.68475E+01 2.71984E+01 2.77245E+01 2.77246E+01 2.77254E+01 2.77314E+01 2.71984E+01 2.68475E+01 2.58401E+01 8.02513E+02
2.97944E+01 3.07937E+01 3.11403E+01 3.16602E+01 3.16603E+01 3.16612E+01 3.16674E+01 3.11403E+01 3.07937E+01 2.97944E+01 9.09632E+02
3.41488E+01 3.51399E+01 3.54824E+01 3.59961E+01 3.59961E+01 3.59971E+01 3.60036E+01 3.54824E+01 3.51399E+01 3.41488E+01 1.02503E+03
0.00000E+00 0.00000E+00 4.47926E-01 1.11981E+00 1.11981E+00 1.11983E+00 1.12264E+00 4.47926E-01 0.00000E+00 0.00000E+00 1.32664E-02
0.00000E+00 4.04989E-02 4.82853E-01 1.14638E+00 1.14638E+00 1.14641E+00 1.14934E+00 4.82853E-01 4.04989E-02 0.00000E+00 1.46539E+00
0.00000E+00 1.15747E-01 5.52770E-01 1.20830E+00 1.20830E+00 1.20835E+00 1.21140E+00 5.52770E-01 1.15747E-01 0.00000E+00 3.85334E+00
0.00000E+00 2.29243E-01 6.61122E-01 1.30893E+00 1.30894E+00 1.30900E+00 1.31218E+00 6.61122E-01 2.29243E-01 0.00000E+00 7.42306E+00
0.00000E+00 3.86905E-01 8.13802E-01 1.45413E+00 1.45414E+00 1.45422E+00 1.45753E+00 8.13802E-01 3.86905E-01 0.00000E+00 1.24208E+01
0.00000E+00 5.97804E-01 1.01986E+00 1.65294E+00 1.65295E+00 1.65304E+00 1.65648E+00 1.01986E+00 5.97804E-01 0.00000E+00 1.91946E+01
0.00000E+00 8.68948E-01 1.28630E+00 1.91231E+00 1.91232E+00 1.91243E+00 1.91600E+00 1.28630E+00 8.68948E-01 0.00000E+00 2.80161E+01
8.88178E-16 1.12104E+00 1.53482E+00 2.15546E+00 2.15548E+00 2.15561E+00 2.15928E+00 1.53482E+00 1.12104E+00 8.88178E-16 3.62901E+01
7.92002E-02 1.19850E+00 1.61125E+00 2.23036E+00 2.23038E+00 2.23051E+00 2.23421E+00 1.61125E+00 1.19850E+00 7.92002E-02 3.90254E+01
5.29167E-01 1.64023E+00 2.04815E+00 2.66000E+00 2.66003E+00 2.66019E+00 2.66403E+00 2.04815E+00 1.64023E+00 5.29167E-01 5.31226E+01
1.08769E+00 2.19056E+00 2.59372E+00 3.19842E+00 3.19845E+00 3.19864E+00 3.20262E+00 2.59372E+00 2.19056E+00 1.08769E+00 7.04331E+01
1.76081E+00 2.85551E+00 3.25397E+00 3.85161E+00 3.85163E+00 3.85186E+00 3.85599E+00 3.25397E+00 2.85551E+00 1.76081E+00 9.14558E+01
2.56331E+00 3.64986E+00 4.04367E+00 4.63432E+00 4.63435E+00 4.63462E+00 4.63890E+00 4.04367E+00 3.64986E+00 2.56331E+00 1.16622E+02
3.51386E+00 4.59228E+00 4.98148E+00 5.56523E+00 5.56527E+00 5.56557E+00 5.57001E+00 4.98148E+00 4.59228E+00 3.51386E+00 1.46439E+02
4.62961E+00 5.69991E+00 6.08456E+00 6.66148E+00 6.66152E+00 6.66187E+00 6.66647E+00 6.08456E+00 5.69991E+00 4.62961E+00 1.81329E+02
5.92733E+00 6.98950E+00 7.36965E+00 7.93982E+00 7.93986E+00 7.94025E+00 7.94502E+00 7.36965E+00 6.98950E+00 5.92733E+00 2.21665E+02
7.42604E+00 8.48010E+00 8.85579E+00 9.41926E+00 9.41931E+00 9.41976E+00 9.42469E+00 8.85579E+00 8.48010E+00 7.42604E+00 2.67852E+02
9.14552E+00 1.01915E+01 1.05627E+01 1.11196E+01 1.11196E+01 1.11201E+01 1.11252E+01 1.05627E+01 1.01915E+01 9.14552E+00 3.20274E+02
1.11061E+01 1.21439E+01 1.25108E+01 1.30611E+01 1.30612E+01 1.30617E+01 1.30670E+01 1.25108E+01 1.21439E+01 1.11061E+01 3.79287E+02
1.33285E+01 1.43582E+01 1.47208E+01 1.52646E+01 1.52646E+01 1.52652E+01 1.52707E+01 1.47208E+01 1.43582E+01 1.33285E+01 4.45216E+02
1.58337E+01 1.68553E+01 1.72135E+01 1.77509E+01 1.77509E+01 1.77516E+01 1.77573E+01 1.72135E+01 1.68553E+01 1.58337E+01 5.18346E+02
1.86426E+01 1.96560E+01 2.00101E+01 2.05410E+01 2.05411E+01 2.05419E+01 2.05477E+01 2.00101E+01 1.96560E+01 1.86426E+01 5.98922E+02
2.17761E+01 2.27813E+01 2.31312E+01 2.36558E+01 2.36559E+01 2.36567E+01 2.36628E+01 2.31312E+01 2.27813E+01 2.17761E+01 6.87139E+02
2.52544E+01 2.62515E+01 2.65971E+01 2.71155E+01 2.71156E+01 2.71165E+01 2.71228E+01 2.65971E+01 2.62515E+01 2.52544E+01 7.83142E+02
2.91042E+01 3.00931E+01 3.04346E+01 3.09468E+01 3.09469E+01 3.09479E+01 3.09544E+01 3.04346E+01 3.00931E+01 2.91042E+01 8.87163E+02
3.33411E+01 3.43218E+01 3.46592E+01 3.51652E+01 3.51653E+01 3.51665E+01 3.51732E+01 3.46592E+01 3.43218E+01 3.33411E+01 9.99149E+02
0.00000E+00 0.00000E+00 4.39892E-01 1.09973E+00 1.09973E+00 1.09975E+00 1.10273E+00 4.39892E-01 0.00000E+00 0.00000E+00 1.47267E-02
0.00000E+00 4.08765E-02 4.75281E-01 1.12688E+00 1.12689E+00 1.12692E+00 1.13003E+00 4.75281E-01 4.08765E-02 0.00000E+00 1.46997E+00
0.00000E+00 1.16090E-01 5.45245E-01 1.18897E+00 1.18898E+00 1.18903E+00 1.19227E+00 5.45245E-01 1.16090E-01 0.00000E+00 3.84940E+00
0.00000E+00 2.28920E-01 6.53009E-01 1.28913E+00 1.28914E+00 1.28921E+00 1.29258E+00 6.53009E-01 2.28920E-01 0.00000E+00 7.39165E+00
0.00000E+00 3.85081E-01 8.04263E-01 1.43302E+00 1.43303E+00 1.43312E+00 1.43662E+00 8.04263E-01 3.85081E-01 0.00000E+00 1.23346E+01
0.00000E+00 5.93362E-01 1.00778E+00 1.62939E+00 1.62941E+00 1.62952E+00 1.63315E+00 1.00778E+00 5.93362E-01 0.00000E+00 1.90149E+01
0.00000E+00 8.60513E-01 1.27030E+00 1.88494E+00 1.88496E+00 1.88510E+00 1.88887E+00 1.27030E+00 8.60513E-01 0.00000E+00 2.76936E+01
8.88178E-16 1.10849E+00 1.51476E+00 2.12413E+00 2.12415E+00 2.12430E+00 2.12818E+00 1.51476E+00 1.10849E+00 8.88178E-16 3.58197E+01
7.78417E-02 1.18459E+00 1.58985E+00 2.19770E+00 2.19772E+00 2.19789E+00 2.20179E+00 1.58985E+00 1.18459E+00 7.78417E-02 3.85025E+01
5.19718E-01 1.61822E+00 2.01871E+00 2.61943E+00 2.61945E+00 2.61965E+00 2.62370E+00 2.01871E+00 1.61822E+00 5.19718E-01 5.23154E+01
1.06732E+00 2.15760E+00 2.55341E+00 3.14708E+00 3.14711E+00 3.14734E+00 3.15155E+00 2.55341E+00 2.15760E+00 1.06732E+00 6.92470E+01
1.72629E+00 2.80839E+00 3.19957E+00 3.78629E+00 3.78632E+00 3.78659E+00 3.79095E+00 3.19957E+00 2.80839E+00 1.72629E+00 8.97772E+01
2.51086E+00 3.58479E+00 3.97138E+00 4.55123E+00 4.55126E+00 4.55158E+00 4.55610E+00 3.97138E+00 3.58479E+00 2.51086E+00 1.14318E+02
3.43897E+00 4.50475E+00 4.88681E+00 5.45986E+00 5.45990E+00 5.46026E+00 5.46495E+00 4.88681E+00 4.50475E+00 3.43897E+00 1.43354E+02
4.52709E+00 5.58472E+00 5.96232E+00 6.52864E+00 6.52868E+00 6.52909E+00 6.53395E+00 5.96232E+00 5.58472E+00 4.52709E+00 1.77287E+02
5.79126E+00 6.84076E+00 7.21392E+00 7.77359E+00 7.77363E+00 7.77409E+00 7.77912E+00 7.21392E+00 6.84076E+00 5.79126E+00 2.16471E+02
7.24972E+00 8.29107E+00 8.65984E+00 9.21293E+00 9.21297E+00 9.21350E+00 9.21870E+00 8.65984E+00 8.29107E+00 7.24972E+00 2.61288E+02
8.92134E+00 9.95456E+00 1.03190E+01 1.08656E+01 1.08656E+01 1.08662E+01 1.08716E+01 1.03190E+01 9.95456E+00 8.92134E+00 3.12100E+02
1.08256E+01 1.18506E+01 1.22108E+01 1.27509E+01 1.27509E+01 1.27516E+01 1.27571E+01 1.22108E+01 1.18506E+01 1.08256E+01 3.69244E+02
1.29821E+01 1.39990E+01 1.43549E+01 1.48886E+01 1.48887E+01 1.48894E+01 1.48952E+01 1.43549E+01 1.39990E+01 1.29821E+01 4.33023E+02
1.54110E+01 1.64197E+01 1.67714E+01 1.72987E+01 1.72988E+01 1.72996E+01 1.73056E+01 1.67714E+01 1.64197E+01 1.54110E+01 5.03703E+02
1.81320E+01 1.91326E+01 1.94801E+01 2.00012E+01 2.00012E+01 2.00021E+01 2.00083E+01 1.94801E+01 1.91326E+01 1.81320E+01 5.81509E+02
2.11650E+01 2.21574E+01 2.25007E+01 2.30156E+01 2.30157E+01 2.30166E+01 2.30230E+01 2.25007E+01 2.21574E+01 2.11650E+01 6.66620E+02
2.45291E+01 2.55133E+01 2.58525E+01 2.63613E+01 2.63613E+01 2.63624E+01 2.63690E+01 2.58525E+01 2.55133E+01 2.45291E+01 7.59164E+02
2.82496E+01 2.92257E+01 2.95608E+01 3.00635E+01 3.00635E+01 3.00647E+01 3.00715E+01 2.95608E+01 2.92257E+01 2.82496E+01 8.59354E+02
3.23411E+01 3.33090E+01 3.36401E+01 3.41367E+01 3.41368E+01 3.41381E+01 3.41451E+01 3.36401E+01 3.33090E+01 3.23411E+01 9.67129E+02
0.00000E+00 0.00000E+00 4.30023E-01 1.07506E+00 1.07506E+00 1.07509E+00 1.07827E+00 4.30023E-01 0.00000E+00 0.00000E+00 1.65633E-02
0.00000E+00 4.13441E-02 4.65983E-01 1.10294E+00 1.10294E+00 1.10299E+00 1.10631E+00 4.65983E-01 4.13441E-02 0.00000E+00 1.47575E+00
0.00000E+00 1.16514E-01 5.36004E-01 1.16523E+00 1.16524E+00 1.16530E+00 1.16877E+00 5.36004E-01 1.16514E-01 0.00000E+00 3.84465E+00
0.00000E+00 2.28519E-01 6.43038E-01 1.26480E+00 1.26481E+00 1.26490E+00 1.26851E+00 6.43038E-01 2.28519E-01 0.00000E+00 7.35295E+00
0.00000E+00 3.82824E-01 7.92530E-01 1.40707E+00 1.40708E+00 1.40720E+00 1.41094E+00 7.92530E-01 3.82824E-01 0.00000E+00 1.22283E+01
0.00000E+00 5.87872E-01 9.92906E-01 1.60044E+00 1.60045E+00 1.60059E+00 1.60447E+00 9.92906E-01 5.87872E-01 0.00000E+00 1.87932E+01
0.00000E+00 8.50101E-01 1.25059E+00 1.85129E+00 1.85130E+00 1.85147E+00 1.85550E+00 1.25059E+00 8.50101E-01 0.00000E+00 2.72959E+01
4.44089E-16 1.09302E+00 1.49005E+00 2.08557E+00 2.08559E+00 2.08579E+00 2.08992E+00 1.49005E+00 1.09302E+00 4.44089E-16 3.52400E+01
7.61689E-02 1.16744E+00 1.56348E+00 2.15752E+00 2.15754E+00 2.15774E+00 2.16191E+00 1.56348E+00 1.16744E+00 7.61689E-02 3.78581E+01
5.08088E-01 1.59108E+00 1.98246E+00 2.56949E+00 2.56952E+00 2.56975E+00 2.57408E+00 1.98246E+00 1.59108E+00 5.08088E-01 5.13212E+01
1.04225E+00 2.11701E+00 2.50379E+00 3.08392E+00 3.08394E+00 3.08422E+00 3.08871E+00 2.50379E+00 2.11701E+00 1.04225E+00 6.77871E+01
1.68384E+00 2.75038E+00 3.13262E+00 3.70593E+00 3.70596E+00 3.70628E+00 3.71094E+00 3.13262E+00 2.75038E+00 1.68384E+00 8.77119E+01
2.44636E+00 3.50472E+00 3.88246E+00 4.44903E+00 4.44907E+00 4.44944E+00 4.45426E+00 3.88246E+00 3.50472E+00 2.44636E+00 1.11484E+02
3.34692E+00 4.39710E+00 4.77040E+00 5.33031E+00 5.33035E+00 5.33077E+00 5.33577E+00 4.77040E+00 4.39710E+00 3.34692E+00 1.39563E+02
4.40112E+00 5.44313E+00 5.81205E+00 6.36536E+00 6.36540E+00 6.36588E+00 6.37106E+00 5.81205E+00 5.44313E+00 4.40112E+00 1.72322E+02
5.62414E+00 6.65798E+00 7.02255E+00 7.56934E+00 7.56939E+00 7.56993E+00 7.57529E+00 7.02255E+00 6.65798E+00 5.62414E+00 2.10092E+02
7.03320E+00 8.05887E+00 8.41915E+00 8.95949E+00 8.95953E+00 8.96015E+00 8.96569E+00 8.41915E+00 8.05887E+00 7.03320E+00 2.53229E+02
8.64614E+00 9.66365E+00 1.00197E+01 1.05536E+01 1.05537E+01 1.05544E+01 1.05601E+01 1.00197E+01 9.66365E+00 8.64614E+00 3.02070E+02
1.04813E+01 1.14906E+01 1.18424E+01 1.23700E+01 1.23701E+01 1.23708E+01 1.23768E+01 1.18424E+01 1.14906E+01 1.04813E+01 3.56925E+02
1.25571E+01 1.35583E+01 1.39059E+01 1.44273E+01 1.44273E+01 1.44282E+01 1.44343E+01 1.39059E+01 1.35583E+01 1.25571E+01 4.18070E+02
1.48924E+01 1.58854E+01 1.62289E+01 1.67441E+01 1.67441E+01 1.67451E+01 1.67514E+01 1.62289E+01 1.58854E+01 1.48924E+01 4.85751E+02
1.75058E+01 1.84906E+01 1.88300E+01 1.93390E+01 1.93391E+01 1.93401E+01 1.93467E+01 1.88300E+01 1.84906E+01 1.75058E+01 5.60167E+02
2.04158E+01 2.13924E+01 2.17277E+01 2.22306E+01 2.22307E+01 2.22318E+01 2.22386E+01 2.17277E+01 2.13924E+01 2.04158E+01 6.41477E+02
2.36401E+01 2.46085E+01 2.49398E+01 2.54367E+01 2.54368E+01 2.54380E+01 2.54450E+01 2.49398E+01 2.46085E+01 2.36401E+01 7.29791E+02
2.72024E+01 2.81626E+01 2.84900E+01 2.89809E+01 2.89810E+01 2.89823E+01 2.89895E+01 2.84900E+01 2.81626E+01 2.72024E+01 8.25296E+02
3.11161E+01 3.20681E+01 3.23915E+01 3.28765E+01 3.28766E+01 3.28781E+01 3.28855E+01 3.23915E+01 3.20681E+01 3.11161E+01 9.27923E+02
0.00000E+00 0.00000E+00 4.18056E-01 1.04514E+00 1.04514E+00 1.04518E+00 1.04863E+00 4.18056E-01 0.00000E+00 0.00000E+00 1.88614E-02
0.00000E+00 4.19172E-02 4.54715E-01 1.07391E+00 1.07391E+00 1.07398E+00 1.07757E+00 4.54715E-01 4.19172E-02 0.00000E+00 1.48301E+00
0.00000E+00 1.17032E-01 5.24801E-01 1.13645E+00 1.13645E+00 1.13654E+00 1.14028E+00 5.24801E-01 1.17032E-01 0.00000E+00 3.83904E+00
0.00000E+00 2.28023E-01 6.30939E-01 1.23530E+00 1.23531E+00 1.23542E+00 1.23931E+00 6.30939E-01 2.28023E-01 0.00000E+00 7.30581E+00
0.00000E+00 3.80059E-01 7.78274E-01 1.37558E+00 1.37559E+00 1.37573E+00 1.37977E+00 7.78274E-01 3.80059E-01 0.00000E+00 1.20985E+01
0.00000E+00 5.81162E-01 9.74816E-01 1.56527E+00 1.56529E+00 1.56546E+00 1.56965E+00 9.74816E-01 5.81162E-01 0.00000E+00 1.85228E+01
0.00000E+00 8.37389E-01 1.22660E+00 1.81039E+00 1.81041E+00 1.81062E+00 1.81496E+00 1.22660E+00 8.37389E-01 0.00000E+00 2.68111E+01
4.44089E-16 1.07414E+00 1.45998E+00 2.03872E+00 2.03874E+00 2.03897E+00 2.04344E+00 1.45998E+00 1.07414E+00 4.44089E-16 3.45337E+01
7.41340E-02 1.14652E+00 1.53140E+00 2.10868E+00 2.10870E+00 2.10895E+00 2.11345E+00 1.53140E+00 1.14652E+00 7.41340E-02 3.70732E+01
4.93946E-01 1.55803E+00 1.93835E+00 2.50880E+00 2.50882E+00 2.50911E+00 2.51378E+00 1.93835E+00 1.55803E+00 4.93946E-01 5.01114E+01
1.01178E+00 2.06760E+00 2.44343E+00 3.00714E+00 3.00717E+00 3.00751E+00 3.01235E+00 2.44343E+00 2.06760E+00 1.01178E+00 6.60118E+01
1.63226E+00 2.67983E+00 3.05123E+00 3.60828E+00 3.60832E+00 3.60871E+00 3.61372E+00 3.05123E+00 2.67983E+00 1.63226E+00 8.52024E+01
2.36805E+00 3.40740E+00 3.77442E+00 4.32490E+00 4.32493E+00 4.32538E+00 4.33057E+00 3.77442E+00 3.40740E+00 2.36805E+00 1.08044E+02
3.23521E+00 4.26635E+00 4.62904E+00 5.17301E+00 5.17305E+00 5.17356E+00 5.17894E+00 4.62904E+00 4.26635E+00 3.23521E+00 1.34961E+02
4.24831E+00 5.27125E+00 5.62966E+00 6.16721E+00 6.16725E+00 6.16782E+00 6.17339E+00 5.62966E+00 5.27125E+00 4.24831E+00 1.66299E+02
5.42149E+00 6.43623E+00 6.79040E+00 7.32159E+00 7.32163E+00 7.32228E+00 7.32804E+00 6.79040E+00 6.43623E+00 5.42149E+00 2.02359E+02
6.77078E+00 7.77733E+00 8.12731E+00 8.65219E+00 8.65224E+00 8.65297E+00 8.65893E+00 8.12731E+00 7.77733E+00 6.77078E+00 2.43466E+02
8.31275E+00 9.31109E+00 9.65692E+00 1.01756E+01 1.01756E+01 1.01764E+01 1.01826E+01 9.65692E+00 9.31109E+00 8.31275E+00 2.89924E+02
1.00643E+01 1.10545E+01 1.13962E+01 1.19087E+01 1.19087E+01 1.19096E+01 1.19160E+01 1.13962E+01 1.10545E+01 1.00643E+01 3.42013E+02
1.20427E+01 1.30246E+01 1.33622E+01 1.38686E+01 1.38687E+01 1.38697E+01 1.38763E+01 1.33622E+01 1.30246E+01 1.20427E+01 3.99980E+02
1.42650E+01 1.52387E+01 1.55723E+01 1.60727E+01 1.60727E+01 1.60738E+01 1.60806E+01 1.55723E+01 1.52387E+01 1.42650E+01 4.64040E+02
1.67484E+01 1.77139E+01 1.80436E+01 1.85379E+01 1.85380E+01 1.85392E+01 1.85462E+01 1.80436E+01 1.77139E+01 1.67484E+01 5.34366E+02
1.95098E+01 2.04671E+01 2.07928E+01 2.12812E+01 2.12813E+01 2.12826E+01 2.12898E+01 2.07928E+01 2.04671E+01 1.95098E+01 6.11093E+02
2.25654E+01 2.35145E+01 2.38363E+01 2.43188E+01 2.43189E+01 2.43204E+01 2.43279E+01 2.38363E+01 2.35145E+01 2.25654E+01 6.94308E+02
2.59369E+01 2.68777E+01 2.71957E+01 2.76724E+01 2.76725E+01 2.76740E+01 2.76818E+01 2.71957E+01 2.68777E+01 2.59369E+01 7.84168E+02
2.96362E+01 3.05688E+01 3.08828E+01 3.13538E+01 3.13539E+01 3.13556E+01 3.13636E+01 3.08828E+01 3.05688E+01 2.96362E+01 8.80594E+02
0.00000E+00 0.00000E+00 4.03794E-01 1.00949E+00 1.00949E+00 1.00954E+00 1.01330E+00 4.03794E-01 0.00000E+00 0.00000E+00 2.17183E-02
0.00000E+00 4.26099E-02 4.41297E-01 1.03932E+00 1.03933E+00 1.03941E+00 1.04333E+00 4.41297E-01 4.26099E-02 0.00000E+00 1.49207E+00
0.00000E+00 1.17653E-01 5.11455E-01 1.10215E+00 1.10215E+00 1.10227E+00 1.10635E+00 5.11455E-01 1.17653E-01 0.00000E+00 3.83259E+00
0.00000E+00 2.27418E-01 6.16506E-01 1.20012E+00 1.20013E+00 1.20028E+00 1.20452E+00 6.16506E-01 2.27418E-01 0.00000E+00 7.24928E+00
0.00000E+00 3.76716E-01 7.61239E-01 1.33800E+00 1.33802E+00 1.33820E+00 1.34260E+00 7.61239E-01 3.76716E-01 0.00000E+00 1.19425E+01
0.00000E+00 5.73074E-01 9.53168E-01 1.52328E+00 1.52330E+00 1.52352E+00 1.52808E+00 9.53168E-01 5.73074E-01 0.00000E+00 1.81979E+01
0.00000E+00 8.22100E-01 1.19788E+00 1.76152E+00 1.76154E+00 1.76180E+00 1.76653E+00 1.19788E+00 8.22100E-01 0.00000E+00 2.62292E+01
2.22045E-16 1.05146E+00 1.42397E+00 1.98270E+00 1.98272E+00 1.98301E+00 1.98787E+00 1.42397E+00 1.05146E+00 2.22045E-16 3.36867E+01
7.16980E-02 1.12140E+00 1.49297E+00 2.05029E+00 2.05031E+00 2.05062E+00 2.05552E+00 1.49297E+00 1.12140E+00 7.16980E-02 3.61320E+01
4.77026E-01 1.51838E+00 1.88554E+00 2.43622E+00 2.43625E+00 2.43660E+00 2.44168E+00 1.88554E+00 1.51838E+00 4.77026E-01 4.86623E+01
9.75358E-01 2.00842E+00 2.37121E+00 2.91535E+00 2.91538E+00 2.91580E+00 2.92106E+00 2.37121E+00 2.00842E+00 9.75358E-01 6.38878E+01
1.57064E+00 2.59542E+00 2.95391E+00 3.49159E+00 3.49163E+00 3.49210E+00 3.49755E+00 2.95391E+00 2.59542E+00 1.57064E+00 8.22030E+01
2.27456E+00 3.29107E+00 3.64531E+00 4.17662E+00 4.17665E+00 4.17720E+00 4.18284E+00 3.64531E+00 3.29107E+00 2.27456E+00 1.03936E+02
3.10192E+00 4.11019E+00 4.46023E+00 4.98523E+00 4.98527E+00 4.98589E+00 4.99173E+00 4.46023E+00 4.11019E+00 3.10192E+00 1.29472E+02
4.06612E+00 5.06614E+00 5.41203E+00 5.93079E+00 5.93084E+00 5.93153E+00 5.93758E+00 5.41203E+00 5.06614E+00 4.06612E+00 1.59121E+02
5.18002E+00 6.17181E+00 6.51359E+00 7.02618E+00 7.02623E+00 7.02701E+00 7.03327E+00 6.51359E+00 6.17181E+00 5.18002E+00 1.93149E+02
6.45828E+00 7.44183E+00 7.77955E+00 8.28603E+00 8.28609E+00 8.28695E+00 8.29342E+00 7.77955E+00 7.44183E+00 6.45828E+00 2.31845E+02
7.91594E+00 8.89125E+00 9.22495E+00 9.72539E+00 9.72545E+00 9.72641E+00 9.73310E+00 9.22495E+00 8.89125E+00 7.91594E+00 2.75477E+02
9.56835E+00 1.05354E+01 1.08651E+01 1.13596E+01 1.13597E+01 1.13607E+01 1.13676E+01 1.08651E+01 1.05354E+01 9.56835E+00 3.24287E+02
1.14310E+01 1.23898E+01 1.27156E+01 1.32041E+01 1.32042E+01 1.32054E+01 1.32125E+01 1.27156E+01 1.23898E+01 1.14310E+01 3.78489E+02
1.35194E+01 1.44700E+01 1.47918E+01 1.52745E+01 1.52746E+01 1.52759E+01 1.52833E+01 1.47918E+01 1.44700E+01 1.35194E+01 4.38261E+02
1.58488E+01 1.67911E+01 1.71091E+01 1.75860E+01 1.75861E+01 1.75875E+01 1.75951E+01 1.71091E+01 1.67911E+01 1.58488E+01 5.03749E+02
1.84342E+01 1.93683E+01 1.96825E+01 2.01537E+01 2.01538E+01 2.01553E+01 2.01632E+01 1.96825E+01 1.93683E+01 1.84342E+01 5.75056E+02
2.12902E+01 2.22161E+01 2.25265E+01 2.29919E+01 2.29920E+01 2.29937E+01 2.30018E+01 2.25265E+01 2.22161E+01 2.12902E+01 6.52243E+02
2.44359E+01 2.53535E+01 2.56601E+01 2.61200E+01 2.61201E+01 2.61219E+01 2.61303E+01 2.56601E+01 2.53535E+01 2.44359E+01 7.35435E+02
2.78816E+01 2.87909E+01 2.90938E+01 2.95481E+01 2.95482E+01 2.95502E+01 2.95588E+01 2.90938E+01 2.87909E+01 2.78816E+01 8.24539E+02
0.00000E+00 0.00000E+00 3.87193E-01 9.67981E-01 9.67981E-01 9.68053E-01 9.72199E-01 3.87193E-01 0.00000E+00 0.00000E+00 2.52408E-02
0.00000E+00 4.34318E-02 4.25693E-01 9.99079E-01 9.99083E-01 9.99187E-01 1.00351E+00 4.25693E-01 4.34318E-02 0.00000E+00 1.50328E+00
0.00000E+00 1.18382E-01 4.95927E-01 1.06223E+00 1.06224E+00 1.06238E+00 1.06688E+00 4.95927E-01 1.18382E-01 0.00000E+00 3.82546E+00
0.00000E+00 2.26686E-01 5.99680E-01 1.15915E+00 1.15917E+00 1.15935E+00 1.16402E+00 5.99680E-01 2.26686E-01 0.00000E+00 7.18284E+00
0.00000E+00 3.72745E-01 7.41332E-01 1.29419E+00 1.29421E+00 1.29443E+00 1.29928E+00 7.41332E-01 3.72745E-01 0.00000E+00 1.17587E+01
0.00000E+00 5.63509E-01 9.27821E-01 1.47426E+00 1.47428E+00 1.47455E+00 1.47957E+00 9.27821E-01 5.63509E-01 0.00000E+00 1.78153E+01
0.00000E+00 8.04068E-01 1.16422E+00 1.70441E+00 1.70443E+00 1.70475E+00 1.70995E+00 1.16422E+00 8.04068E-01 0.00000E+00 2.55450E+01
0.00000E+00 1.02476E+00 1.38175E+00 1.91720E+00 1.91723E+00 1.91759E+00 1.92293E+00 1.38175E+00 1.02476E+00 0.00000E+00 3.26918E+01
6.88447E-02 1.09183E+00 1.44792E+00 1.98201E+00 1.98204E+00 1.98242E+00 1.98780E+00 1.44792E+00 1.09183E+00 6.88447E-02 3.50271E+01
4.57223E-01 1.47182E+00 1.82365E+00 2.35134E+00 2.35137E+00 2.35181E+00 2.35739E+00 1.82365E+00 1.47182E+00 4.57223E-01 4.69637E+01
9.32768E-01 1.93902E+00 2.28664E+00 2.80803E+00 2.80806E+00 2.80857E+00 2.81434E+00 2.28664E+00 1.93902E+00 9.32768E-01 6.14019E+01
1.49866E+00 2.49658E+00 2.84006E+00 3.35521E+00 3.35525E+00 3.35583E+00 3.36181E+00 2.84006E+00 2.49658E+00 1.49866E+00 7.86975E+01
2.16545E+00 3.15507E+00 3.49444E+00 4.00344E+00 4.00349E+00 4.00415E+00 4.01034E+00 3.49444E+00 3.15507E+00 2.16545E+00 9.91409E+01
2.94653E+00 3.92785E+00 4.26318E+00 4.76610E+00 4.76615E+00 4.76690E+00 4.77330E+00 4.26318E+00 3.92785E+00 2.94653E+00 1.23073E+02
3.85389E+00 4.82692E+00 5.15825E+00 5.65516E+00 5.65521E+00 5.65605E+00 5.66268E+00 5.15825E+00 4.82692E+00 3.85389E+00 1.50762E+02
4.89900E+00 5.86375E+00 6.19112E+00 6.68209E+00 6.68214E+00 6.68308E+00 6.68993E+00 6.19112E+00 5.86375E+00 4.89900E+00 1.82436E+02
6.09489E+00 7.05136E+00 7.37481E+00 7.85990E+00 7.85996E+00 7.86101E+00 7.86809E+00 7.37481E+00 7.05136E+00 6.09489E+00 2.18343E+02
7.45489E+00 8.40308E+00 8.72266E+00 9.20193E+00 9.20200E+00 9.20316E+00 9.21048E+00 8.72266E+00 8.40308E+00 7.45489E+00 2.58706E+02
8.99254E+00 9.93244E+00 1.02482E+01 1.07217E+01 1.07218E+01 1.07231E+01 1.07306E+01 1.02482E+01 9.93244E+00 8.99254E+00 3.03729E+02
1.07214E+01 1.16530E+01 1.19650E+01 1.24328E+01 1.24329E+01 1.24343E+01 1.24421E+01 1.19650E+01 1.16530E+01 1.07214E+01 3.53584E+02
1.26550E+01 1.35783E+01 1.38865E+01 1.43487E+01 1.43488E+01 1.43503E+01 1.43584E+01 1.38865E+01 1.35783E+01 1.26550E+01 4.08414E+02
1.48066E+01 1.57216E+01 1.60261E+01 1.64827E+01 1.64828E+01 1.64845E+01 1.64928E+01 1.60261E+01 1.57216E+01 1.48066E+01 4.68326E+02
1.71891E+01 1.80959E+01 1.83967E+01 1.88478E+01 1.88479E+01 1.88497E+01 1.88583E+01 1.83967E+01 1.80959E+01 1.71891E+01 5.33392E+02
1.98149E+01 2.07134E+01 2.10106E+01 2.14562E+01 2.14563E+01 2.14583E+01 2.14671E+01 2.10106E+01 2.07134E+01 1.98149E+01 6.03645E+02
2.27005E+01 2.35906E+01 2.38842E+01 2.43244E+01 2.43245E+01 2.43267E+01 2.43358E+01 2.38842E+01 2.35906E+01 2.27005E+01 6.79170E+02
2.58542E+01 2.67361E+01 2.70261E+01 2.74610E+01 2.74611E+01 2.74634E+01 2.74728E+01 2.70261E+01 2.67361E+01 2.58542E+01 7.59863E+02
0.00000E+00 0.00000E+00 3.68484E-01 9.21209E-01 9.21209E-01 9.21302E-01 9.25906E-01 3.68484E-01 0.00000E+00 0.00000E+00 2.95397E-02
0.00000E+00 4.43826E-02 4.08134E-01 9.53754E-01 9.53758E-01 9.53892E-01 9.58688E-01 4.08134E-01 4.43826E-02 0.00000E+00 1.51699E+00
0.00000E+00 1.19213E-01 4.78438E-01 1.01726E+00 1.01727E+00 1.01745E+00 1.02244E+00 4.78438E-01 1.19213E-01 0.00000E+00 3.81799E+00
0.00000E+00 2.25815E-01 5.80675E-01 1.11295E+00 1.11296E+00 1.11319E+00 1.11837E+00 5.80675E-01 2.25815E-01 0.00000E+00 7.10687E+00
0.00000E+00 3.68133E-01 7.18767E-01 1.24469E+00 1.24471E+00 1.24499E+00 1.25036E+00 7.18767E-01 3.68133E-01 0.00000E+00 1.15477E+01
0.00000E+00 5.52475E-01 8.99009E-01 1.41878E+00 1.41880E+00 1.41914E+00 1.42470E+00 8.99009E-01 5.52475E-01 0.00000E+00 1.73767E+01
0.00000E+00 7.83356E-01 1.12590E+00 1.63968E+00 1.63970E+00 1.64010E+00 1.64586E+00 1.12590E+00 7.83356E-01 0.00000E+00 2.47625E+01
0.00000E+00 9.94158E-01 1.33368E+00 1.84291E+00 1.84294E+00 1.84339E+00 1.84930E+00 1.33368E+00 9.94158E-01 0.00000E+00 3.15559E+01
6.56000E-02 1.05798E+00 1.39663E+00 1.90456E+00 1.90459E+00 1.90506E+00 1.91101E+00 1.39663E+00 1.05798E+00 6.56000E-02 3.37662E+01
4.34730E-01 1.41866E+00 1.75323E+00 2.25503E+00 2.25506E+00 2.25560E+00 2.26177E+00 1.75323E+00 1.41866E+00 4.34730E-01 4.50300E+01
8.84461E-01 1.85999E+00 2.19053E+00 2.68628E+00 2.68632E+00 2.68694E+00 2.69333E+00 2.19053E+00 1.85999E+00 8.84461E-01 5.85781E+01
1.41713E+00 2.38428E+00 2.71085E+00 3.20063E+00 3.20067E+00 3.20139E+00 3.20800E+00 2.71085E+00 2.38428E+00 1.41713E+00 7.47239E+01
2.04205E+00 3.00082E+00 3.32347E+00 3.80737E+00 3.80741E+00 3.80822E+00 3.81506E+00 3.32347E+00 3.00082E+00 2.04205E+00 9.37161E+01
2.77102E+00 3.72145E+00 4.04022E+00 4.51829E+00 4.51834E+00 4.51925E+00 4.52633E+00 4.04022E+00 3.72145E+00 2.77102E+00 1.15846E+02
3.61451E+00 4.55659E+00 4.87153E+00 5.34386E+00 5.34391E+00 5.34493E+00 5.35225E+00 4.87153E+00 4.55659E+00 3.61451E+00 1.41338E+02
4.58243E+00 5.51617E+00 5.82733E+00 6.29397E+00 6.29403E+00 6.29517E+00 6.30273E+00 5.82733E+00 5.51617E+00 4.58243E+00 1.70378E+02
5.68604E+00 6.61145E+00 6.91887E+00 7.37988E+00 7.37995E+00 7.38121E+00 7.38902E+00 6.91887E+00 6.61145E+00 5.68604E+00 2.03167E+02
6.93679E+00 7.85386E+00 8.15758E+00 8.61304E+00 8.61311E+00 8.61450E+00 8.62257E+00 8.15758E+00 7.85386E+00 6.93679E+00 2.39884E+02
8.34621E+00 9.25495E+00 9.55501E+00 1.00050E+01 1.00050E+01 1.00066E+01 1.00149E+01 9.55501E+00 9.25495E+00 8.34621E+00 2.80688E+02
9.92579E+00 1.08262E+01 1.11226E+01 1.15672E+01 1.15672E+01 1.15689E+01 1.15775E+01 1.11226E+01 1.08262E+01 9.92579E+00 3.25706E+02
1.16869E+01 1.25790E+01 1.28718E+01 1.33109E+01 1.33110E+01 1.33129E+01 1.33218E+01 1.28718E+01 1.25790E+01 1.16869E+01 3.75043E+02
1.36405E+01 1.45243E+01 1.48136E+01 1.52474E+01 1.52475E+01 1.52495E+01 1.52587E+01 1.48136E+01 1.45243E+01 1.36405E+01 4.28766E+02
1.57974E+01 1.66728E+01 1.69586E+01 1.73871E+01 1.73872E+01 1.73894E+01 1.73989E+01 1.69586E+01 1.66728E+01 1.57974E+01 4.86913E+02
1.81674E+01 1.90345E+01 1.93169E+01 1.97402E+01 1.97403E+01 1.97427E+01 1.97524E+01 1.93169E+01 1.90345E+01 1.81674E+01 5.49488E+02
2.07643E+01 2.16231E+01 2.19020E+01 2.23202E+01 2.23203E+01 2.23229E+01 2.23329E+01 2.19020E+01 2.16231E+01 2.07643E+01 6.16534E+02
2.35944E+01 2.44449E+01 2.47204E+01 2.51334E+01 2.51336E+01 2.51363E+01 2.51467E+01 2.47204E+01 2.44449E+01 2.35944E+01 6.87933E+02
0.00000E+00 0.00000E+00 3.48336E-01 8.70840E-01 8.70840E-01 8.70960E-01 8.76098E-01 3.48336E-01 0.00000E+00 0.00000E+00 3.47213E-02
0.00000E+00 4.54447E-02 3.89264E-01 9.04986E-01 9.04991E-01 9.05162E-01 9.10512E-01 3.89264E-01 4.54447E-02 0.00000E+00 1.53347E+00
0.00000E+00 1.20116E-01 4.59618E-01 9.68857E-01 9.68866E-01 9.69093E-01 9.74654E-01 4.59618E-01 1.20116E-01 0.00000E+00 3.81078E+00
0.00000E+00 2.24792E-01 5.60131E-01 1.06312E+00 1.06313E+00 1.06342E+00 1.06919E+00 5.60131E-01 2.24792E-01 0.00000E+00 7.02309E+00
0.00000E+00 3.62933E-01 6.94242E-01 1.19118E+00 1.19119E+00 1.19155E+00 1.19753E+00 6.94242E-01 3.62933E-01 0.00000E+00 1.13140E+01
0.00000E+00 5.40164E-01 8.67565E-01 1.35863E+00 1.35865E+00 1.35908E+00 1.36527E+00 8.67565E-01 5.40164E-01 0.00000E+00 1.68921E+01
0.00000E+00 7.60397E-01 1.08400E+00 1.56935E+00 1.56938E+00 1.56988E+00 1.57629E+00 1.08400E+00 7.60397E-01 0.00000E+00 2.39006E+01
0.00000E+00 9.60367E-01 1.28109E+00 1.76211E+00 1.76214E+00 1.76270E+00 1.76928E+00 1.28109E+00 9.60367E-01 0.00000E+00 3.03082E+01
6.20580E-02 1.02063E+00 1.34052E+00 1.82031E+00 1.82034E+00 1.82092E+00 1.82754E+00 1.34052E+00 1.02063E+00 6.20580E-02 3.23824E+01
4.10219E-01 1.36028E+00 1.67628E+00 2.15022E+00 2.15026E+00 2.15092E+00 2.15778E+00 1.67628E+00 1.36028E+00 4.10219E-01 4.29154E+01
8.31933E-01 1.77352E+00 2.08569E+00 2.55387E+00 2.55391E+00 2.55468E+00 2.56178E+00 2.08569E+00 1.77352E+00 8.31933E-01 5.55006E+01
1.32868E+00 2.26181E+00 2.57020E+00 3.03271E+00 3.03275E+00 3.03363E+00 3.04097E+00 2.57020E+00 2.26181E+00 1.32868E+00 7.04070E+01
1.90844E+00 2.83314E+00 3.13780E+00 3.59470E+00 3.59475E+00 3.59574E+00 3.60333E+00 3.13780E+00 2.83314E+00 1.90844E+00 8.78400E+01
2.58139E+00 3.49767E+00 3.79865E+00 4.25002E+00 4.25008E+00 4.25119E+00 4.25904E+00 3.79865E+00 3.49767E+00 2.58139E+00 1.08040E+02
3.35640E+00 4.26427E+00 4.56161E+00 5.00751E+00 5.00757E+00 5.00881E+00 5.01692E+00 4.56161E+00 4.26427E+00 3.35640E+00 1.31186E+02
4.24177E+00 5.14124E+00 5.43498E+00 5.87548E+00 5.87555E+00 5.87693E+00 5.88531E+00 5.43498E+00 5.14124E+00 4.24177E+00 1.57419E+02
5.24691E+00 6.13799E+00 6.42818E+00 6.86334E+00 6.86341E+00 6.86494E+00 6.87359E+00 6.42818E+00 6.13799E+00 5.24691E+00 1.86895E+02
6.38133E+00 7.26402E+00 7.55070E+00 7.98058E+00 7.98066E+00 7.98234E+00 7.99127E+00 7.55070E+00 7.26402E+00 6.38133E+00 2.19746E+02
7.65450E+00 8.52881E+00 8.81202E+00 9.23668E+00 9.23676E+00 9.23861E+00 9.24783E+00 8.81202E+00 8.52881E+00 7.65450E+00 2.56085E+02
9.07577E+00 9.94171E+00 1.02215E+01 1.06410E+01 1.06411E+01 1.06431E+01 1.06526E+01 1.02215E+01 9.94171E+00 9.07577E+00 2.95998E+02
1.06543E+01 1.15118E+01 1.17882E+01 1.22026E+01 1.22027E+01 1.22049E+01 1.22147E+01 1.17882E+01 1.15118E+01 1.06543E+01 3.39546E+02
1.23987E+01 1.32479E+01 1.35210E+01 1.39303E+01 1.39304E+01 1.39328E+01 1.39429E+01 1.35210E+01 1.32479E+01 1.23987E+01 3.86761E+02
1.43175E+01 1.51584E+01 1.54281E+01 1.58324E+01 1.58325E+01 1.58351E+01 1.58456E+01 1.54281E+01 1.51584E+01 1.43175E+01 4.37646E+02
1.64183E+01 1.72508E+01 1.75172E+01 1.79166E+01 1.79168E+01 1.79196E+01 1.79304E+01 1.75172E+01 1.72508E+01 1.64183E+01 4.92175E+02
1.87117E+01 1.95359E+01 1.97990E+01 2.01936E+01 2.01937E+01 2.01968E+01 2.02078E+01 1.97990E+01 1.95359E+01 1.87117E+01 5.50352E+02
2.12021E+01 2.20179E+01 2.22779E+01 2.26676E+01 2.26677E+01 2.26710E+01 2.26824E+01 2.22779E+01 2.20179E+01 2.12021E+01 6.12047E+02
0.00000E+00 0.00000E+00 3.27993E-01 8.19982E-01 8.19982E-01 8.20137E-01 8.25883E-01 3.27993E-01 0.00000E+00 0.00000E+00 4.08785E-02
0.00000E+00 4.65731E-02 3.70272E-01 8.55811E-01 8.55816E-01 8.56035E-01 8.62015E-01 3.70272E-01 4.65731E-02 0.00000E+00 1.55280E+00
0.00000E+00 1.21030E-01 4.40625E-01 9.20002E-01 9.20012E-01 9.20300E-01 9.26512E-01 4.40625E-01 1.21030E-01 0.00000E+00 3.80460E+00
0.00000E+00 2.23602E-01 5.39243E-01 1.01268E+00 1.01269E+00 1.01306E+00 1.01950E+00 5.39243E-01 2.23602E-01 0.00000E+00 6.93488E+00
0.00000E+00 3.57279E-01 6.69093E-01 1.13678E+00 1.13680E+00 1.13724E+00 1.14392E+00 6.69093E-01 3.57279E-01 0.00000E+00 1.10670E+01
0.00000E+00 5.27008E-01 8.35114E-01 1.29723E+00 1.29725E+00 1.29778E+00 1.30469E+00 8.35114E-01 5.27008E-01 0.00000E+00 1.63820E+01
0.00000E+00 7.36122E-01 1.04062E+00 1.49732E+00 1.49735E+00 1.49797E+00 1.50511E+00 1.04062E+00 7.36122E-01 0.00000E+00 2.29989E+01
0.00000E+00 9.24855E-01 1.22662E+00 1.67921E+00 1.67925E+00 1.67994E+00 1.68726E+00 1.22662E+00 9.24855E-01 0.00000E+00 2.90081E+01
5.84040E-02 9.81443E-01 1.28243E+00 1.73384E+00 1.73388E+00 1.73459E+00 1.74197E+00 1.28243E+00 9.81443E-01 5.84040E-02 3.09427E+01
3.85004E-01 1.29944E+00 1.59674E+00 2.04261E+00 2.04265E+00 2.04348E+00 2.05112E+00 1.59674E+00 1.29944E+00 3.85004E-01 4.07278E+01
7.78084E-01 1.68397E+00 1.97763E+00 2.41805E+00 2.41810E+00 2.41904E+00 2.42694E+00 1.97763E+00 1.68397E+00 7.78084E-01 5.23340E+01
1.23831E+00 2.13566E+00 2.42575E+00 2.86079E+00 2.86084E+00 2.86191E+00 2.87008E+00 2.42575E+00 2.13566E+00 1.23831E+00 6.59875E+01
1.77241E+00 2.66125E+00 2.94781E+00 3.37755E+00 3.37760E+00 3.37881E+00 3.38725E+00 2.94781E+00 2.66125E+00 1.77241E+00 8.18528E+01
2.38898E+00 3.26933E+00 3.55240E+00 3.97690E+00 3.97696E+00 3.97832E+00 3.98704E+00 3.55240E+00 3.26933E+00 2.38898E+00 1.00122E+02
3.09535E+00 3.96723E+00 4.24686E+00 4.66619E+00 4.66626E+00 4.66777E+00 4.67677E+00 4.24686E+00 3.96723E+00 3.09535E+00 1.20931E+02
3.89833E+00 4.76174E+00 5.03797E+00 5.45219E+00 5.45227E+00 5.45394E+00 5.46324E+00 5.03797E+00 4.76174E+00 3.89833E+00 1.44382E+02
4.80557E+00 5.66053E+00 5.93341E+00 6.34258E+00 6.34266E+00 6.34451E+00 6.35411E+00 5.93341E+00 5.66053E+00 4.80557E+00 1.70585E+02
5.82473E+00 6.67126E+00 6.94082E+00 7.34500E+00 7.34509E+00 7.34712E+00 7.35703E+00 6.94082E+00 6.67126E+00 5.82473E+00 1.99633E+02
6.96338E+00 7.80148E+00 8.06776E+00 8.46701E+00 8.46711E+00 8.46934E+00 8.47956E+00 8.06776E+00 7.80148E+00 6.96338E+00 2.31595E+02
8.22886E+00 9.05854E+00 9.32157E+00 9.71595E+00 9.71606E+00 9.71849E+00 9.72903E+00 9.32157E+00 9.05854E+00 8.22886E+00 2.66521E+02
9.62821E+00 1.04495E+01 1.07093E+01 1.10989E+01 1.10990E+01 1.11016E+01 1.11125E+01 1.07093E+01 1.04495E+01 9.62821E+00 3.04434E+02
1.11681E+01 1.19810E+01 1.22377E+01 1.26225E+01 1.26226E+01 1.26255E+01 1.26367E+01 1.22377E+01 1.19810E+01 1.11681E+01 3.45334E+02
1.28547E+01 1.36592E+01 1.39128E+01 1.42929E+01 1.42930E+01 1.42961E+01 1.43077E+01 1.39128E+01 1.36592E+01 1.28547E+01 3.89195E+02
1.46937E+01 1.54898E+01 1.57402E+01 1.61157E+01 1.61158E+01 1.61192E+01 1.61311E+01 1.57402E+01 1.54898E+01 1.46937E+01 4.35966E+02
1.66928E+01 1.74805E+01 1.77279E+01 1.80987E+01 1.80989E+01 1.81025E+01 1.81148E+01 1.77279E+01 1.74805E+01 1.66928E+01 4.85617E+02
1.88546E+01 1.96340E+01 1.98784E+01 2.02447E+01 2.02448E+01 2.02488E+01 2.02614E+01 1.98784E+01 1.96340E+01 1.88546E+01 5.38012E+02
0.00000E+00 0.00000E+00 3.09221E-01 7.73052E-01 7.73052E-01 7.73252E-01 7.79670E-01 3.09221E-01 0.00000E+00 0.00000E+00 4.80891E-02
0.00000E+00 4.76884E-02 3.52828E-01 8.10527E-01 8.10532E-01 8.10812E-01 8.17487E-01 3.52828E-01 4.76884E-02 0.00000E+00 1.57462E+00
0.00000E+00 1.21846E-01 4.23088E-01 8.74932E-01 8.74942E-01 8.75308E-01 8.82238E-01 4.23088E-01 1.21846E-01 0.00000E+00 3.79997E+00
0.00000E+00 2.22211E-01 5.19699E-01 9.65902E-01 9.65917E-01 9.66374E-01 9.73558E-01 5.19699E-01 2.22211E-01 0.00000E+00 6.84679E+00
0.00000E+00 3.51364E-01 6.45221E-01 1.08597E+00 1.08599E+00 1.08654E+00 1.09398E+00 6.45221E-01 3.51364E-01 0.00000E+00 1.08203E+01
0.00000E+00 5.13656E-01 8.03998E-01 1.23946E+00 1.23949E+00 1.24015E+00 1.24784E+00 8.03998E-01 5.13656E-01 0.00000E+00 1.58772E+01
0.00000E+00 7.11922E-01 9.98846E-01 1.42918E+00 1.42921E+00 1.42997E+00 1.43793E+00 9.98846E-01 7.11922E-01 0.00000E+00 2.21155E+01
0.00000E+00 8.89810E-01 1.17415E+00 1.60059E+00 1.60062E+00 1.60148E+00 1.60963E+00 1.17415E+00 8.89810E-01 0.00000E+00 2.77437E+01
5.49102E-02 9.42884E-01 1.22648E+00 1.65180E+00 1.65184E+00 1.65272E+00 1.66094E+00 1.22648E+00 9.42884E-01 5.49102E-02 2.95458E+01
3.61008E-01 1.24029E+00 1.52039E+00 1.94047E+00 1.94051E+00 1.94153E+00 1.95002E+00 1.52039E+00 1.24029E+00 3.61008E-01 3.86255E+01
7.27134E-01 1.59776E+00 1.87443E+00 2.28935E+00 2.28940E+00 2.29056E+00 2.29934E+00 1.87443E+00 1.59776E+00 7.27134E-01 4.93185E+01
1.15331E+00 2.01532E+00 2.28861E+00 2.69844E+00 2.69849E+00 2.69980E+00 2.70888E+00 2.28861E+00 2.01532E+00 1.15331E+00 6.18148E+01
1.64520E+00 2.49862E+00 2.76857E+00 3.17338E+00 3.17345E+00 3.17492E+00 3.18429E+00 2.76857E+00 2.49862E+00 1.64520E+00 7.62456E+01
2.21007E+00 3.05493E+00 3.32159E+00 3.72145E+00 3.72152E+00 3.72317E+00 3.73284E+00 3.32159E+00 3.05493E+00 2.21007E+00 9.27635E+01
2.85400E+00 3.69032E+00 3.95373E+00 4.34871E+00 4.34879E+00 4.35061E+00 4.36060E+00 3.95373E+00 3.69032E+00 2.85400E+00 1.11469E+02
3.58253E+00 4.41033E+00 4.67053E+00 5.06069E+00 5.06078E+00 5.06280E+00 5.07311E+00 4.67053E+00 4.41033E+00 3.58253E+00 1.32435E+02
4.40192E+00 5.22122E+00 5.47825E+00 5.86365E+00 5.86374E+00 5.86597E+00 5.87660E+00 5.47825E+00 5.22122E+00 4.40192E+00 1.55739E+02
5.31833E+00 6.12915E+00 6.38306E+00 6.76375E+00 6.76385E+00 6.76629E+00 6.77726E+00 6.38306E+00 6.12915E+00 5.31833E+00 1.81438E+02
6.33778E+00 7.14014E+00 7.39095E+00 7.76699E+00 7.76710E+00 7.76978E+00 7.78108E+00 7.39095E+00 7.14014E+00 6.33778E+00 2.09574E+02
7.46602E+00 8.25993E+00 8.50769E+00 8.87914E+00 8.87926E+00 8.88218E+00 8.89383E+00 8.50769E+00 8.25993E+00 7.46602E+00 2.40167E+02
8.70849E+00 9.49397E+00 9.73872E+00 1.01056E+01 1.01058E+01 1.01089E+01 1.01209E+01 9.73872E+00 9.49397E+00 8.70849E+00 2.73216E+02
1.00702E+01 1.08473E+01 1.10890E+01 1.14515E+01 1.14516E+01 1.14550E+01 1.14674E+01 1.10890E+01 1.08473E+01 1.00702E+01 3.08698E+02
1.15557E+01 1.23244E+01 1.25632E+01 1.29212E+01 1.29214E+01 1.29251E+01 1.29378E+01 1.25632E+01 1.23244E+01 1.15557E+01 3.46569E+02
1.31690E+01 1.39293E+01 1.41652E+01 1.45189E+01 1.45190E+01 1.45230E+01 1.45361E+01 1.41652E+01 1.39293E+01 1.31690E+01 3.86762E+02
1.49158E+01 1.56678E+01 1.59008E+01 1.62501E+01 1.62503E+01 1.62546E+01 1.62681E+01 1.59008E+01 1.56678E+01 1.49158E+01 4.29228E+02
1.67975E+01 1.75412E+01 1.77713E+01 1.81163E+01 1.81165E+01 1.81212E+01 1.81351E+01 1.77713E+01 1.75412E+01 1.67975E+01 4.73830E+02
0.00000E+00 0.00000E+00 2.90663E-01 7.26658E-01 7.26658E-01 7.26917E-01 7.34093E-01 2.90663E-01 0.00000E+00 0.00000E+00 5.66174E-02
0.00000E+00 4.87482E-02 3.35560E-01 7.65767E-01 7.65772E-01 7.66129E-01 7.73588E-01 3.35560E-01 4.87482E-02 0.00000E+00 1.59707E+00
0.00000E+00 1.22441E-01 4.05577E-01 8.30260E-01 8.30271E-01 8.30733E-01 8.38471E-01 4.05577E-01 1.22441E-01 0.00000E+00 3.79207E+00
0.00000E+00 2.20356E-01 4.99952E-01 9.19316E-01 9.19333E-01 9.19907E-01 9.27923E-01 4.99952E-01 2.20356E-01 0.00000E+00 6.74912E+00
0.00000E+00 3.44694E-01 6.20871E-01 1.03509E+00 1.03512E+00 1.03581E+00 1.04410E+00 6.20871E-01 3.44694E-01 0.00000E+00 1.05564E+01
0.00000E+00 4.99249E-01 7.72115E-01 1.18136E+00 1.18139E+00 1.18221E+00 1.19078E+00 7.72115E-01 4.99249E-01 0.00000E+00 1.53475E+01
0.00000E+00 6.86398E-01 9.56046E-01 1.36045E+00 1.36049E+00 1.36144E+00 1.37030E+00 9.56046E-01 6.86398E-01 0.00000E+00 2.12008E+01
0.00000E+00 8.53276E-01 1.12049E+00 1.52123E+00 1.52127E+00 1.52233E+00 1.53141E+00 1.12049E+00 8.53276E-01 0.00000E+00 2.64453E+01
5.13850E-02 9.02805E-01 1.16932E+00 1.56902E+00 1.56906E+00 1.57015E+00 1.57929E+00 1.16932E+00 9.02805E-01 5.13850E-02 2.81146E+01
3.36890E-01 1.17953E+00 1.44276E+00 1.83752E+00 1.83757E+00 1.83882E+00 1.84827E+00 1.44276E+00 1.17953E+00 3.36890E-01 3.64917E+01
6.76167E-01 1.51008E+00 1.77009E+00 2.15999E+00 2.16005E+00 2.16147E+00 2.17123E+00 1.77009E+00 1.51008E+00 6.76167E-01 4.62823E+01
1.06867E+00 1.89390E+00 2.15073E+00 2.53585E+00 2.53591E+00 2.53752E+00 2.54760E+00 2.15073E+00 1.89390E+00 1.06867E+00 5.76437E+01
1.51909E+00 2.33568E+00 2.58936E+00 2.96977E+00 2.96984E+00 2.97164E+00 2.98205E+00 2.58936E+00 2.33568E+00 1.51909E+00 7.06765E+01
2.03347E+00 2.84145E+00 3.09205E+00 3.46781E+00 3.46788E+00 3.46988E+00 3.48062E+00 3.09205E+00 2.84145E+00 2.03347E+00 8.54980E+01
2.61676E+00 3.41615E+00 3.66370E+00 4.03487E+00 4.03496E+00 4.03717E+00 4.04825E+00 3.66370E+00 3.41615E+00 2.61676E+00 1.02179E+02
3.27336E+00 4.06420E+00 4.30873E+00 4.67538E+00 4.67548E+00 4.67792E+00 4.68935E+00 4.30873E+00 4.06420E+00 3.27336E+00 1.20764E+02
4.00824E+00 4.79056E+00 5.03212E+00 5.39430E+00 5.39440E+00 5.39709E+00 5.40887E+00 5.03212E+00 4.79056E+00 4.00824E+00 1.41301E+02
4.82625E+00 5.60007E+00 5.83870E+00 6.19646E+00 6.19657E+00 6.19952E+00 6.21166E+00 5.83870E+00 5.60007E+00 4.82625E+00 1.63822E+02
5.73202E+00 6.49737E+00 6.73310E+00 7.08650E+00 7.08662E+00 7.08983E+00 7.10234E+00 6.73310E+00 6.49737E+00 5.73202E+00 1.88343E+02
6.72990E+00 7.48680E+00 7.71967E+00 8.06876E+00 8.06889E+00 8.07239E+00 8.08527E+00 7.71967E+00 7.48680E+00 6.72990E+00 2.14858E+02
7.82389E+00 8.57238E+00 8.80242E+00 9.14725E+00 9.14739E+00 9.15119E+00 9.16446E+00 8.80242E+00 8.57238E+00 7.82389E+00 2.43347E+02
9.01760E+00 9.75770E+00 9.98494E+00 1.03256E+01 1.03257E+01 1.03298E+01 1.03435E+01 9.98494E+00 9.75770E+00 9.01760E+00 2.73770E+02
1.03142E+01 1.10459E+01 1.12704E+01 1.16069E+01 1.16070E+01 1.16115E+01 1.16255E+01 1.12704E+01 1.10459E+01 1.03142E+01 3.06069E+02
1.17162E+01 1.24396E+01 1.26613E+01 1.29937E+01 1.29939E+01 1.29986E+01 1.30131E+01 1.26613E+01 1.24396E+01 1.17162E+01 3.40166E+02
1.32276E+01 1.39427E+01 1.41617E+01 1.44900E+01 1.44902E+01 1.44954E+01 1.45103E+01 1.41617E+01 1.39427E+01 1.32276E+01 3.75996E+02
1.48486E+01 1.55555E+01 1.57719E+01 1.60962E+01 1.60964E+01 1.61019E+01 1.61172E+01 1.57719E+01 1.55555E+01 1.48486E+01 4.13427E+02
0.00000E+00 0.00000E+00 2.73639E-01 6.84097E-01 6.84097E-01 6.84431E-01 6.92441E-01 2.73639E-01 0.00000E+00 0.00000E+00 6.65811E-02
0.00000E+00 4.96066E-02 3.19634E-01 7.24662E-01 7.24668E-01 7.25123E-01 7.33442E-01 3.19634E-01 4.96066E-02 0.00000E+00 1.61781E+00
0.00000E+00 1.22587E-01 3.89168E-01 7.89015E-01 7.89027E-01 7.89611E-01 7.98235E-01 3.89168E-01 1.22587E-01 0.00000E+00 3.77791E+00
0.00000E+00 2.17836E-01 4.81100E-01 8.75959E-01 8.75978E-01 8.76698E-01 8.85626E-01 4.81100E-01 2.17836E-01 0.00000E+00 6.64157E+00
0.00000E+00 3.37252E-01 5.97310E-01 9.87349E-01 9.87374E-01 9.88238E-01 9.97470E-01 5.97310E-01 3.37252E-01 0.00000E+00 1.02825E+01
0.00000E+00 4.84155E-01 7.41111E-01 1.12648E+00 1.12652E+00 1.12753E+00 1.13707E+00 7.41111E-01 4.84155E-01 0.00000E+00 1.48146E+01
0.00000E+00 6.60555E-01 9.14497E-01 1.29534E+00 1.29538E+00 1.29655E+00 1.30640E+00 9.14497E-01 6.60555E-01 0.00000E+00 2.03006E+01
0.00000E+00 8.16937E-01 1.06860E+00 1.44601E+00 1.44605E+00 1.44735E+00 1.45744E+00 1.06860E+00 8.16937E-01 0.00000E+00 2.51833E+01
4.80543E-02 8.63125E-01 1.11413E+00 1.49056E+00 1.49060E+00 1.49195E+00 1.50210E+00 1.11413E+00 8.63125E-01 4.80543E-02 2.67289E+01
3.14237E-01 1.12048E+00 1.36841E+00 1.74021E+00 1.74026E+00 1.74180E+00 1.75229E+00 1.36841E+00 1.12048E+00 3.14237E-01 3.44554E+01
6.28637E-01 1.42611E+00 1.67102E+00 2.03827E+00 2.03834E+00 2.04007E+00 2.05090E+00 1.67102E+00 1.42611E+00 6.28637E-01 4.34209E+01
9.90292E-01 1.77905E+00 2.02099E+00 2.38376E+00 2.38383E+00 2.38578E+00 2.39696E+00 2.02099E+00 1.77905E+00 9.90292E-01 5.37560E+01
1.40310E+00 2.18320E+00 2.42219E+00 2.78055E+00 2.78063E+00 2.78281E+00 2.79434E+00 2.42219E+00 2.18320E+00 1.40310E+00 6.55376E+01
1.87212E+00 2.64359E+00 2.87969E+00 3.23369E+00 3.23378E+00 3.23620E+00 3.24809E+00 2.87969E+00 2.64359E+00 1.87212E+00 7.88548E+01
2.40136E+00 3.16426E+00 3.39750E+00 3.74720E+00 3.74730E+00 3.74998E+00 3.76224E+00 3.39750E+00 3.16426E+00 2.40136E+00 9.37555E+01
2.99436E+00 3.74871E+00 3.97914E+00 4.32460E+00 4.32471E+00 4.32765E+00 4.34029E+00 3.97914E+00 3.74871E+00 2.99436E+00 1.10265E+02
3.65507E+00 4.40092E+00 4.62857E+00 4.96984E+00 4.96995E+00 4.97318E+00 4.98620E+00 4.62857E+00 4.40092E+00 3.65507E+00 1.28409E+02
4.38730E+00 5.12468E+00 5.34957E+00 5.68671E+00 5.68684E+00 5.69037E+00 5.70378E+00 5.34957E+00 5.12468E+00 4.38730E+00 1.48201E+02
5.19460E+00 5.92356E+00 6.14574E+00 6.47879E+00 6.47893E+00 6.48277E+00 6.49658E+00 6.14574E+00 5.92356E+00 5.19460E+00 1.69636E+02
6.08027E+00 6.80083E+00 7.02033E+00 7.34934E+00 7.34950E+00 7.35367E+00 7.36788E+00 7.02033E+00 6.80083E+00 6.08027E+00 1.92696E+02
7.04723E+00 7.75944E+00 7.97629E+00 8.30131E+00 8.30148E+00 8.30600E+00 8.32063E+00 7.97629E+00 7.75944E+00 7.04723E+00 2.17347E+02
8.09804E+00 8.80192E+00 9.01615E+00 9.33724E+00 9.33742E+00 9.34230E+00 9.35735E+00 9.01615E+00 8.80192E+00 8.09804E+00 2.43538E+02
9.23478E+00 9.93038E+00 1.01420E+01 1.04592E+01 1.04594E+01 1.04647E+01 1.04802E+01 1.01420E+01 9.93038E+00 9.23478E+00 2.71203E+02
1.04591E+01 1.11464E+01 1.13555E+01 1.16688E+01 1.16691E+01 1.16747E+01 1.16906E+01 1.13555E+01 1.11464E+01 1.04591E+01 3.00263E+02
1.17735E+01 1.24527E+01 1.26593E+01 1.29688E+01 1.29690E+01 1.29751E+01 1.29915E+01 1.26593E+01 1.24527E+01 1.17735E+01 3.30643E+02
1.31778E+01 1.38488E+01 1.40529E+01 1.43587E+01 1.43589E+01 1.43654E+01 1.43823E+01 1.40529E+01 1.38488E+01 1.31778E+01 3.62219E+02
0.00000E+00 0.00000E+00 2.59218E-01 6.48044E-01 6.48044E-01 6.48474E-01 6.57388E-01 2.59218E-01 0.00000E+00 0.00000E+00 7.81415E-02
0.00000E+00 5.00906E-02 3.05929E-01 6.89672E-01 6.89679E-01 6.90258E-01 6.99507E-01 3.05929E-01 5.00906E-02 0.00000E+00 1.63362E+00
0.00000E+00 1.22010E-01 3.74623E-01 7.53515E-01 7.53529E-01 7.54266E-01 7.63846E-01 3.74623E-01 1.22010E-01 0.00000E+00 3.75307E+00
0.00000E+00 2.14392E-01 4.63900E-01 8.38121E-01 8.38143E-01 8.39044E-01 8.48955E-01 4.63900E-01 2.14392E-01 0.00000E+00 6.52166E+00
0.00000E+00 3.28927E-01 5.75435E-01 9.45141E-01 9.45170E-01 9.46245E-01 9.56486E-01 5.75435E-01 3.28927E-01 0.00000E+00 1.00026E+01
0.00000E+00 4.68593E-01 7.12195E-01 1.07753E+00 1.07757E+00 1.07882E+00 1.08940E+00 7.12195E-01 4.68593E-01 0.00000E+00 1.42948E+01
0.00000E+00 6.35146E-01 8.75927E-01 1.23701E+00 1.23706E+00 1.23851E+00 1.24941E+00 8.75927E-01 6.35146E-01 0.00000E+00 1.94504E+01
0.00000E+00 7.82107E-01 1.02075E+00 1.37862E+00 1.37867E+00 1.38027E+00 1.39144E+00 1.02075E+00 7.82107E-01 0.00000E+00 2.40142E+01
4.51011E-02 8.25341E-01 1.06337E+00 1.42032E+00 1.42037E+00 1.42202E+00 1.43326E+00 1.06337E+00 8.25341E-01 4.51011E-02 2.54524E+01
2.94324E-01 1.06574E+00 1.30088E+00 1.65350E+00 1.65356E+00 1.65544E+00 1.66704E+00 1.30088E+00 1.06574E+00 2.94324E-01 3.26196E+01
5.87294E-01 1.34996E+00 1.58227E+00 1.93062E+00 1.93069E+00 1.93280E+00 1.94477E+00 1.58227E+00 1.34996E+00 5.87294E-01 4.08894E+01
9.22816E-01 1.67679E+00 1.90631E+00 2.25046E+00 2.25054E+00 2.25291E+00 2.26525E+00 1.90631E+00 1.67679E+00 9.22816E-01 5.03740E+01
1.30424E+00 2.04959E+00 2.27636E+00 2.61636E+00 2.61645E+00 2.61909E+00 2.63182E+00 2.27636E+00 2.04959E+00 1.30424E+00 6.11349E+01
1.73594E+00 2.47272E+00 2.69677E+00 3.03268E+00 3.03278E+00 3.03570E+00 3.04882E+00 2.69677E+00 2.47272E+00 1.73594E+00 7.32435E+01
2.22132E+00 2.94957E+00 3.17094E+00 3.50281E+00 3.50293E+00 3.50615E+00 3.51966E+00 3.17094E+00 2.94957E+00 2.22132E+00 8.67340E+01
2.76330E+00 3.48309E+00 3.70181E+00 4.02970E+00 4.02982E+00 4.03336E+00 4.04728E+00 3.70181E+00 3.48309E+00 2.76330E+00 1.01621E+02
3.36522E+00 4.07658E+00 4.29269E+00 4.61664E+00 4.61678E+00 4.62065E+00 4.63498E+00 4.29269E+00 4.07658E+00 3.36522E+00 1.17918E+02
4.03019E+00 4.73318E+00 4.94671E+00 5.26677E+00 5.26692E+00 5.27113E+00 5.28589E+00 4.94671E+00 4.73318E+00 4.03019E+00 1.35629E+02
4.76113E+00 5.45579E+00 5.66677E+00 5.98299E+00 5.98315E+00 5.98774E+00 6.00292E+00 5.66677E+00 5.45579E+00 4.76113E+00 1.54742E+02
5.56068E+00 6.24706E+00 6.45552E+00 6.76794E+00 6.76811E+00 6.77308E+00 6.78870E+00 6.45552E+00 6.24706E+00 5.56068E+00 1.75231E+02
6.43114E+00 7.10928E+00 7.31525E+00 7.62392E+00 7.62411E+00 7.62948E+00 7.64554E+00 7.31525E+00 7.10928E+00 6.43114E+00 1.97059E+02
7.37445E+00 8.04441E+00 8.24792E+00 8.55287E+00 8.55308E+00 8.55887E+00 8.57538E+00 8.24792E+00 8.04441E+00 7.37445E+00 2.20172E+02
8.39218E+00 9.05400E+00 9.25507E+00 9.55636E+00 9.55658E+00 9.56281E+00 9.57978E+00 9.25507E+00 9.05400E+00 8.39218E+00 2.44508E+02
9.48540E+00 1.01391E+01 1.03378E+01 1.06355E+01 1.06357E+01 1.06424E+01 1.06598E+01 1.03378E+01 1.01391E+01 9.48540E+00 2.69987E+02
1.06561E+01 1.13018E+01 1.14981E+01 1.17922E+01 1.17924E+01 1.17996E+01 1.18175E+01 1.14981E+01 1.13018E+01 1.06561E+01 2.96540E+02
1.19037E+01 1.25413E+01 1.27353E+01 1.30258E+01 1.30261E+01 1.30338E+01 1.30522E+01 1.27353E+01 1.25413E+01 1.19037E+01 3.24051E+02
0.00000E+00 0.00000E+00 2.44147E-01 6.10368E-01 6.10368E-01 6.10922E-01 6.20857E-01 2.44147E-01 0.00000E+00 0.00000E+00 9.18251E-02
0.00000E+00 5.01536E-02 2.91138E-01 6.52599E-01 6.52607E-01 6.53343E-01 6.63643E-01 2.91138E-01 5.01536E-02 0.00000E+00 1.64120E+00
0.00000E+00 1.20557E-01 3.58523E-01 7.15440E-01 7.15456E-01 7.16383E-01 7.27044E-01 3.58523E-01 1.20557E-01 0.00000E+00 3.70889E+00
0.00000E+00 2.09613E-01 4.44671E-01 7.97211E-01 7.97236E-01 7.98363E-01 8.09383E-01 4.44671E-01 2.09613E-01 0.00000E+00 6.37047E+00
0.00000E+00 3.18796E-01 5.51044E-01 8.99352E-01 8.99386E-01 9.00722E-01 9.12101E-01 5.51044E-01 3.18796E-01 0.00000E+00 9.67834E+00
0.00000E+00 4.50720E-01 6.80246E-01 1.02446E+00 1.02450E+00 1.02605E+00 1.03779E+00 6.80246E-01 4.50720E-01 0.00000E+00 1.37164E+01
0.00000E+00 6.06869E-01 8.33751E-01 1.17398E+00 1.17403E+00 1.17581E+00 1.18791E+00 8.33751E-01 6.06869E-01 0.00000E+00 1.85251E+01
0.00000E+00 7.43928E-01 9.68807E-01 1.30602E+00 1.30608E+00 1.30804E+00 1.32042E+00 9.68807E-01 7.43928E-01 0.00000E+00 2.27554E+01
4.19960E-02 7.84066E-01 1.00837E+00 1.34472E+00 1.34478E+00 1.34680E+00 1.35927E+00 1.00837E+00 7.84066E-01 4.19960E-02 2.40815E+01
2.73406E-01 1.00670E+00 1.22830E+00 1.56058E+00 1.56065E+00 1.56295E+00 1.57580E+00 1.22830E+00 1.00670E+00 2.73406E-01 3.06660E+01
5.43894E-01 1.26850E+00 1.48745E+00 1.81573E+00 1.81581E+00 1.81839E+00 1.83164E+00 1.48745E+00 1.26850E+00 5.43894E-01 3.82113E+01
8.51998E-01 1.56800E+00 1.78433E+00 2.10866E+00 2.10875E+00 2.11163E+00 2.12529E+00 1.78433E+00 1.56800E+00 8.51998E-01 4.68095E+01
1.20046E+00 1.90792E+00 2.12166E+00 2.44210E+00 2.44221E+00 2.44540E+00 2.45948E+00 2.12166E+00 1.90792E+00 1.20046E+00 5.65051E+01
1.59287E+00 2.29185E+00 2.50305E+00 2.81965E+00 2.81977E+00 2.82330E+00 2.83779E+00 2.50305E+00 2.29185E+00 1.59287E+00 6.73495E+01
2.03194E+00 2.72252E+00 2.93120E+00 3.24401E+00 3.24414E+00 3.24802E+00 3.26294E+00 2.93120E+00 2.72252E+00 2.03194E+00 7.93614E+01
2.51995E+00 3.20217E+00 3.40837E+00 3.71744E+00 3.71759E+00 3.72183E+00 3.73719E+00 3.40837E+00 3.20217E+00 2.51995E+00 9.25417E+01
3.05945E+00 3.73339E+00 3.93713E+00 4.24250E+00 4.24266E+00 4.24730E+00 4.26310E+00 3.93713E+00 3.73339E+00 3.05945E+00 1.06892E+02
3.65282E+00 4.31852E+00 4.51984E+00 4.82156E+00 4.82173E+00 4.82677E+00 4.84303E+00 4.51984E+00 4.31852E+00 3.65282E+00 1.22401E+02
4.30219E+00 4.95972E+00 5.15864E+00 5.45675E+00 5.45694E+00 5.46241E+00 5.47912E+00 5.15864E+00 4.95972E+00 4.30219E+00 1.39048E+02
5.00944E+00 5.65884E+00 5.85540E+00 6.14994E+00 6.15014E+00 6.15605E+00 6.17324E+00 5.85540E+00 5.65884E+00 5.00944E+00 1.56799E+02
5.77611E+00 6.41746E+00 6.61168E+00 6.90268E+00 6.90290E+00 6.90928E+00 6.92695E+00 6.61168E+00 6.41746E+00 5.77611E+00 1.75609E+02
6.60344E+00 7.23677E+00 7.42868E+00 7.71620E+00 7.71644E+00 7.72330E+00 7.74145E+00 7.42868E+00 7.23677E+00 6.60344E+00 1.95422E+02
7.49227E+00 8.11765E+00 8.30727E+00 8.59134E+00 8.59160E+00 8.59897E+00 8.61762E+00 8.30727E+00 8.11765E+00 7.49227E+00 2.16172E+02
8.44305E+00 9.06054E+00 9.24789E+00 9.52856E+00 9.52883E+00 9.53673E+00 9.55588E+00 9.24789E+00 9.06054E+00 8.44305E+00 2.37782E+02
9.45693E+00 1.00666E+01 1.02517E+01 1.05290E+01 1.05293E+01 1.05377E+01 1.05574E+01 1.02517E+01 1.00666E+01 9.45693E+00 2.60181E+02
1.05328E+01 1.11347E+01 1.13176E+01 1.15915E+01 1.15919E+01 1.16009E+01 1.16211E+01 1.13176E+01 1.11347E+01 1.05328E+01 2.83263E+02
0.00000E+00 0.00000E+00 2.30533E-01 5.76332E-01 5.76332E-01 5.77047E-01 5.88098E-01 2.30533E-01 0.00000E+00 0.00000E+00 1.07781E-01
0.00000E+00 4.97009E-02 2.77261E-01 6.18583E-01 6.18593E-01 6.19529E-01 6.30976E-01 2.77261E-01 4.97009E-02 0.00000E+00 1.64008E+00
0.00000E+00 1.18150E-01 3.42872E-01 6.79918E-01 6.79938E-01 6.81104E-01 6.92944E-01 3.42872E-01 1.18150E-01 0.00000E+00 3.64738E+00
0.00000E+00 2.03598E-01 4.25586E-01 7.58513E-01 7.58542E-01 7.59949E-01 7.72179E-01 4.25586E-01 2.03598E-01 0.00000E+00 6.19733E+00
0.00000E+00 3.07352E-01 5.26696E-01 8.55640E-01 8.55680E-01 8.57337E-01 8.69957E-01 5.26696E-01 3.07352E-01 0.00000E+00 9.33363E+00
0.00000E+00 4.31723E-01 6.48506E-01 9.73590E-01 9.73641E-01 9.75560E-01 9.88569E-01 6.48506E-01 4.31723E-01 0.00000E+00 1.31276E+01
0.00000E+00 5.77972E-01 7.92266E-01 1.11360E+00 1.11366E+00 1.11585E+00 1.12925E+00 7.92266E-01 5.77972E-01 0.00000E+00 1.76105E+01
1.11022E-16 7.05745E-01 9.18154E-01 1.23664E+00 1.23671E+00 1.23912E+00 1.25283E+00 9.18154E-01 7.05745E-01 1.11022E-16 2.15320E+01
3.90987E-02 7.43013E-01 9.54882E-01 1.27256E+00 1.27263E+00 1.27511E+00 1.28890E+00 9.54882E-01 7.43013E-01 3.90987E-02 2.27553E+01
2.53999E-01 9.49273E-01 1.15860E+00 1.47244E+00 1.47253E+00 1.47532E+00 1.48954E+00 1.15860E+00 9.49273E-01 2.53999E-01 2.88094E+01
5.03906E-01 1.19064E+00 1.39746E+00 1.70753E+00 1.70763E+00 1.71076E+00 1.72541E+00 1.39746E+00 1.19064E+00 5.03906E-01 3.57029E+01
7.87164E-01 1.46545E+00 1.66980E+00 1.97615E+00 1.97626E+00 1.97975E+00 1.99484E+00 1.66980E+00 1.46545E+00 7.87164E-01 4.35118E+01
1.10601E+00 1.77592E+00 1.97784E+00 2.28052E+00 2.28065E+00 2.28451E+00 2.30004E+00 1.97784E+00 1.77592E+00 1.10601E+00 5.22671E+01
1.46341E+00 2.12503E+00 2.32455E+00 2.62360E+00 2.62375E+00 2.62800E+00 2.64398E+00 2.32455E+00 2.12503E+00 1.46341E+00 6.20049E+01
1.86151E+00 2.51490E+00 2.71205E+00 3.00753E+00 3.00769E+00 3.01235E+00 3.02879E+00 2.71205E+00 2.51490E+00 1.86151E+00 7.27323E+01
2.30204E+00 2.94728E+00 3.14209E+00 3.43404E+00 3.43421E+00 3.43930E+00 3.45622E+00 3.14209E+00 2.94728E+00 2.30204E+00 8.44410E+01
2.78697E+00 3.42412E+00 3.61662E+00 3.90508E+00 3.90527E+00 3.91081E+00 3.92820E+00 3.61662E+00 3.42412E+00 2.78697E+00 9.71225E+01
3.31807E+00 3.94720E+00 4.13741E+00 4.42243E+00 4.42263E+00 4.42865E+00 4.44652E+00 4.13741E+00 3.94720E+00 3.31807E+00 1.10758E+02
3.89687E+00 4.51805E+00 4.70601E+00 4.98762E+00 4.98784E+00 4.99435E+00 5.01272E+00 4.70601E+00 4.51805E+00 3.89687E+00 1.25320E+02
4.52467E+00 5.13796E+00 5.32368E+00 5.60192E+00 5.60216E+00 5.60918E+00 5.62805E+00 5.32368E+00 5.13796E+00 4.52467E+00 1.40769E+02
5.20245E+00 5.80791E+00 5.99142E+00 6.26633E+00 6.26659E+00 6.27415E+00 6.29354E+00 5.99142E+00 5.80791E+00 5.20245E+00 1.57057E+02
5.93089E+00 6.52858E+00 6.70991E+00 6.98153E+00 6.98181E+00 6.98993E+00 7.00984E+00 6.70991E+00 6.52858E+00 5.93089E+00 1.74129E+02
6.71034E+00 7.30033E+00 7.47951E+00 7.74787E+00 7.74817E+00 7.75688E+00 7.77731E+00 7.47951E+00 7.30033E+00 6.71034E+00 1.91918E+02
7.54080E+00 8.12314E+00 8.30019E+00 8.56534E+00 8.56566E+00 8.57497E+00 8.59594E+00 8.30019E+00 8.12314E+00 7.54080E+00 2.10352E+02
8.42280E+00 8.99755E+00 9.17249E+00 9.43446E+00 9.43480E+00 9.44475E+00 9.46627E+00 9.17249E+00 8.99755E+00 8.42280E+00 2.29362E+02
9.35501E+00 9.92224E+00 1.00951E+01 1.03539E+01 1.03543E+01 1.03649E+01 1.03870E+01 1.00951E+01 9.92224E+00 9.35501E+00 2.48852E+02
0.00000E+00 0.00000E+00 2.17463E-01 5.43657E-01 5.43657E-01 5.44578E-01 5.56863E-01 2.17463E-01 0.00000E+00 0.00000E+00 1.26476E-01
0.00000E+00 4.87995E-02 2.63461E-01 5.85432E-01 5.85443E-01 5.86632E-01 5.99347E-01 2.63461E-01 4.87995E-02 0.00000E+00 1.63161E+00
0.00000E+00 1.14923E-01 3.26910E-01 6.44847E-01 6.44870E-01 6.46337E-01 6.59477E-01 3.26910E-01 1.14923E-01 0.00000E+00 3.57076E+00
0.00000E+00 1.96513E-01 4.05922E-01 7.19972E-01 7.20008E-01 7.21763E-01 7.35326E-01 4.05922E-01 1.96513E-01 0.00000E+00 6.00401E+00
0.00000E+00 2.94712E-01 5.01630E-01 8.11921E-01 8.11970E-01 8.14025E-01 8.28009E-01 5.01630E-01 2.94712E-01 0.00000E+00 8.96703E+00
0.00000E+00 4.11546E-01 6.16049E-01 9.22699E-01 9.22760E-01 9.25127E-01 9.39533E-01 6.16049E-01 4.11546E-01 0.00000E+00 1.25194E+01
0.00000E+00 5.48063E-01 7.50220E-01 1.05333E+00 1.05340E+00 1.05610E+00 1.07092E+00 7.50220E-01 5.48063E-01 0.00000E+00 1.66840E+01
2.22045E-16 6.66788E-01 8.67167E-01 1.16760E+00 1.16768E+00 1.17063E+00 1.18578E+00 8.67167E-01 6.66788E-01 2.22045E-16 2.03060E+01
3.62724E-02 7.01277E-01 9.01148E-01 1.20081E+00 1.20090E+00 1.20392E+00 1.21917E+00 9.01148E-01 7.01277E-01 3.62724E-02 2.14303E+01
2.35132E-01 8.91726E-01 1.08920E+00 1.38524E+00 1.38534E+00 1.38875E+00 1.40446E+00 1.08920E+00 8.91726E-01 2.35132E-01 2.69746E+01
4.65183E-01 1.11348E+00 1.30859E+00 1.60107E+00 1.60119E+00 1.60499E+00 1.62116E+00 1.30859E+00 1.11348E+00 4.65183E-01 3.32455E+01
7.24612E-01 1.36470E+00 1.55748E+00 1.84646E+00 1.84659E+00 1.85081E+00 1.86745E+00 1.55748E+00 1.36470E+00 7.24612E-01 4.03041E+01
1.01520E+00 1.64716E+00 1.83766E+00 2.12317E+00 2.12332E+00 2.12798E+00 2.14510E+00 1.83766E+00 1.64716E+00 1.01520E+00 4.81696E+01
1.33933E+00 1.96326E+00 2.15149E+00 2.43358E+00 2.43375E+00 2.43886E+00 2.45647E+00 2.15149E+00 1.96326E+00 1.33933E+00 5.68647E+01
1.69865E+00 2.31461E+00 2.50061E+00 2.77933E+00 2.77952E+00 2.78511E+00 2.80321E+00 2.50061E+00 2.31461E+00 1.69865E+00 6.63865E+01
2.09441E+00 2.70249E+00 2.88629E+00 3.16168E+00 3.16188E+00 3.16798E+00 3.18658E+00 2.88629E+00 2.70249E+00 2.09441E+00 7.67191E+01
2.52806E+00 3.12834E+00 3.30995E+00 3.58205E+00 3.58227E+00 3.58890E+00 3.60801E+00 3.30995E+00 3.12834E+00 2.52806E+00 8.78463E+01
3.00084E+00 3.59338E+00 3.77284E+00 4.04169E+00 4.04193E+00 4.04910E+00 4.06873E+00 3.77284E+00 3.59338E+00 3.00084E+00 9.97432E+01
3.51378E+00 4.09864E+00 4.27597E+00 4.54161E+00 4.54187E+00 4.54961E+00 4.56977E+00 4.27597E+00 4.09864E+00 3.51378E+00 1.12376E+02
4.06764E+00 4.64490E+00 4.82013E+00 5.08259E+00 5.08287E+00 5.09121E+00 5.11191E+00 4.82013E+00 4.64490E+00 4.06764E+00 1.25705E+02
4.66295E+00 5.23267E+00 5.40582E+00 5.66515E+00 5.66545E+00 5.67441E+00 5.69565E+00 5.40582E+00 5.23267E+00 4.66295E+00 1.39679E+02
5.29994E+00 5.86218E+00 6.03328E+00 6.28951E+00 6.28983E+00 6.29943E+00 6.32123E+00 6.03328E+00 5.86218E+00 5.29994E+00 1.54243E+02
5.97855E+00 6.53338E+00 6.70245E+00 6.95562E+00 6.95596E+00 6.96623E+00 6.98859E+00 6.70245E+00 6.53338E+00 5.97855E+00 1.69334E+02
6.69841E+00 7.24590E+00 7.41296E+00 7.66309E+00 7.66345E+00 7.67443E+00 7.69736E+00 7.41296E+00 7.24590E+00 6.69841E+00 1.84886E+02
7.45955E+00 7.99976E+00 8.16484E+00 8.41197E+00 8.41236E+00 8.42406E+00 8.44758E+00 8.16484E+00 7.99976E+00 7.45955E+00 2.00830E+02
8.26050E+00 8.79349E+00 8.95661E+00 9.20078E+00 9.20119E+00 9.21364E+00 9.23775E+00 8.95661E+00 8.79349E+00 8.26050E+00 2.17084E+02
0.00000E+00 0.00000E+00 2.05060E-01 5.12649E-01 5.12649E-01 5.13835E-01 5.27477E-01 2.05060E-01 0.00000E+00 0.00000E+00 1.48343E-01
0.00000E+00 4.74550E-02 2.49872E-01 5.53474E-01 5.53488E-01 5.54997E-01 5.69104E-01 2.49872E-01 4.74550E-02 0.00000E+00 1.61640E+00
0.00000E+00 1.10942E-01 3.10836E-01 6.10629E-01 6.10658E-01 6.12501E-01 6.27068E-01 3.10836E-01 1.10942E-01 0.00000E+00 3.48119E+00
0.00000E+00 1.88525E-01 3.85989E-01 6.82112E-01 6.82156E-01 6.84344E-01 6.99369E-01 3.85989E-01 1.88525E-01 0.00000E+00 5.79550E+00
0.00000E+00 2.81187E-01 4.76301E-01 7.68876E-01 7.68935E-01 7.71481E-01 7.86961E-01 4.76301E-01 2.81187E-01 0.00000E+00 8.58754E+00
0.00000E+00 3.90679E-01 5.83517E-01 8.72655E-01 8.72729E-01 8.75647E-01 8.91580E-01 5.83517E-01 3.90679E-01 0.00000E+00 1.19062E+01
0.00000E+00 5.17849E-01 7.08475E-01 9.94272E-01 9.94361E-01 9.97664E-01 1.01405E+00 7.08475E-01 5.17849E-01 0.00000E+00 1.57666E+01
0.00000E+00 6.27949E-01 8.16900E-01 1.10017E+00 1.10027E+00 1.10388E+00 1.12062E+00 8.16900E-01 6.27949E-01 0.00000E+00 1.91044E+01
3.35729E-02 6.59807E-01 8.48278E-01 1.13082E+00 1.13092E+00 1.13463E+00 1.15147E+00 8.48278E-01 6.59807E-01 3.35729E-02 2.01352E+01
2.17169E-01 8.35312E-01 1.02152E+00 1.30065E+00 1.30077E+00 1.30492E+00 1.32226E+00 1.02152E+00 8.35312E-01 2.17169E-01 2.52004E+01
4.28456E-01 1.03862E+00 1.22261E+00 1.49838E+00 1.49852E+00 1.50314E+00 1.52097E+00 1.22261E+00 1.03862E+00 4.28456E-01 3.08896E+01
6.65497E-01 1.26778E+00 1.44958E+00 1.72204E+00 1.72219E+00 1.72730E+00 1.74564E+00 1.44958E+00 1.26778E+00 6.65497E-01 3.72510E+01
9.29666E-01 1.52415E+00 1.70379E+00 1.97299E+00 1.97316E+00 1.97878E+00 1.99763E+00 1.70379E+00 1.52415E+00 9.29666E-01 4.42937E+01
1.22284E+00 1.80962E+00 1.98712E+00 2.25310E+00 2.25329E+00 2.25945E+00 2.27882E+00 1.98712E+00 1.80962E+00 1.22284E+00 5.20290E+01
1.54623E+00 2.12537E+00 2.30077E+00 2.56357E+00 2.56378E+00 2.57050E+00 2.59040E+00 2.30077E+00 2.12537E+00 1.54623E+00 6.04464E+01
1.90069E+00 2.47228E+00 2.64560E+00 2.90526E+00 2.90550E+00 2.91279E+00 2.93323E+00 2.64560E+00 2.47228E+00 1.90069E+00 6.95242E+01
2.28721E+00 2.85132E+00 3.02260E+00 3.27916E+00 3.27941E+00 3.28732E+00 3.30829E+00 3.02260E+00 2.85132E+00 2.28721E+00 7.92404E+01
2.70661E+00 3.26331E+00 3.43255E+00 3.68605E+00 3.68633E+00 3.69487E+00 3.71640E+00 3.43255E+00 3.26331E+00 2.70661E+00 8.95657E+01
3.15947E+00 3.70883E+00 3.87608E+00 4.12655E+00 4.12684E+00 4.13604E+00 4.15814E+00 3.87608E+00 3.70883E+00 3.15947E+00 1.00464E+02
3.64618E+00 4.18826E+00 4.35353E+00 4.60101E+00 4.60133E+00 4.61122E+00 4.63388E+00 4.35353E+00 4.18826E+00 3.64618E+00 1.11893E+02
4.16687E+00 4.70174E+00 4.86506E+00 5.10958E+00 5.10992E+00 5.12053E+00 5.14377E+00 4.86506E+00 4.70174E+00 4.16687E+00 1.23804E+02
4.72143E+00 5.24916E+00 5.41054E+00 5.65215E+00 5.65251E+00 5.66386E+00 5.68769E+00 5.41054E+00 5.24916E+00 4.72143E+00 1.36143E+02
5.30950E+00 5.83014E+00 5.98962E+00 6.22834E+00 6.22873E+00 6.24084E+00 6.26528E+00 5.98962E+00 5.83014E+00 5.30950E+00 1.48852E+02
5.93044E+00 6.44406E+00 6.60165E+00 6.83752E+00 6.83793E+00 6.85085E+00 6.87589E+00 6.60165E+00 6.44406E+00 5.93044E+00 1.61869E+02
6.58392E+00 7.09058E+00 7.24630E+00 7.47935E+00 7.47979E+00 7.49353E+00 7.51920E+00 7.24630E+00 7.09058E+00 6.58392E+00 1.75131E+02
7.26838E+00 7.76815E+00 7.92203E+00 8.15229E+00 8.15276E+00 8.16736E+00 8.19365E+00 7.92203E+00 7.76815E+00 7.26838E+00 1.88565E+02
0.00000E+00 0.00000E+00 1.93443E-01 4.83608E-01 4.83608E-01 4.85133E-01 5.00257E-01 1.93443E-01 0.00000E+00 0.00000E+00 1.73840E-01
0.00000E+00 4.58351E-02 2.36788E-01 5.23189E-01 5.23206E-01 5.25121E-01 5.40747E-01 2.36788E-01 4.58351E-02 0.00000E+00 1.59900E+00
0.00000E+00 1.06558E-01 2.95133E-01 5.77939E-01 5.77974E-01 5.80289E-01 5.96411E-01 2.95133E-01 1.06558E-01 0.00000E+00 3.38765E+00
0.00000E+00 1.80171E-01 3.66456E-01 6.45799E-01 6.45851E-01 6.48580E-01 6.65193E-01 3.66456E-01 1.80171E-01 0.00000E+00 5.58540E+00
0.00000E+00 2.67494E-01 4.51565E-01 7.27560E-01 7.27629E-01 7.30785E-01 7.47887E-01 4.51565E-01 2.67494E-01 0.00000E+00 8.21357E+00
0.00000E+00 3.70021E-01 5.51947E-01 8.24699E-01 8.24786E-01 8.28382E-01 8.45972E-01 5.51947E-01 3.70021E-01 0.00000E+00 1.13112E+01
0.00000E+00 4.88411E-01 6.68252E-01 9.37852E-01 9.37957E-01 9.42009E-01 9.60085E-01 6.68252E-01 4.88411E-01 0.00000E+00 1.48867E+01
1.11022E-16 5.90459E-01 7.68721E-01 1.03593E+00 1.03605E+00 1.04047E+00 1.05892E+00 7.68721E-01 5.90459E-01 1.11022E-16 1.79601E+01
3.10469E-02 6.19870E-01 7.97680E-01 1.06421E+00 1.06433E+00 1.06885E+00 1.08742E+00 7.97680E-01 6.19870E-01 3.10469E-02 1.89043E+01
2.00407E-01 7.81517E-01 9.57198E-01 1.22051E+00 1.22065E+00 1.22570E+00 1.24479E+00 9.57198E-01 7.81517E-01 2.00407E-01 2.35272E+01
3.94300E-01 9.67804E-01 1.14139E+00 1.40153E+00 1.40169E+00 1.40729E+00 1.42691E+00 1.14139E+00 9.67804E-01 3.94300E-01 2.86828E+01
6.10700E-01 1.17669E+00 1.34821E+00 1.60523E+00 1.60541E+00 1.61159E+00 1.63175E+00 1.34821E+00 1.17669E+00 6.10700E-01 3.44081E+01
8.50636E-01 1.40919E+00 1.57868E+00 1.83263E+00 1.83283E+00 1.83960E+00 1.86031E+00 1.57868E+00 1.40919E+00 8.50636E-01 4.07045E+01
1.11555E+00 1.66676E+00 1.83425E+00 2.08515E+00 2.08538E+00 2.09277E+00 2.11403E+00 1.83425E+00 1.66676E+00 1.11555E+00 4.75744E+01
1.40630E+00 1.95023E+00 2.11574E+00 2.36365E+00 2.36389E+00 2.37194E+00 2.39376E+00 2.11574E+00 1.95023E+00 1.40630E+00 5.50016E+01
1.72341E+00 2.26014E+00 2.42369E+00 2.66865E+00 2.66891E+00 2.67764E+00 2.70003E+00 2.42369E+00 2.26014E+00 1.72341E+00 6.29607E+01
2.06751E+00 2.59712E+00 2.75874E+00 3.00077E+00 3.00106E+00 3.01049E+00 3.03346E+00 2.75874E+00 2.59712E+00 2.06751E+00 7.14262E+01
2.43907E+00 2.96162E+00 3.12133E+00 3.36048E+00 3.36079E+00 3.37095E+00 3.39451E+00 3.12133E+00 2.96162E+00 2.43907E+00 8.03667E+01
2.83836E+00 3.35391E+00 3.51173E+00 3.74804E+00 3.74837E+00 3.75930E+00 3.78346E+00 3.51173E+00 3.35391E+00 2.83836E+00 8.97451E+01
3.26544E+00 3.77405E+00 3.93002E+00 4.16351E+00 4.16387E+00 4.17558E+00 4.20035E+00 3.93002E+00 3.77405E+00 3.26544E+00 9.95195E+01
3.72018E+00 4.22192E+00 4.37605E+00 4.60676E+00 4.60714E+00 4.61968E+00 4.64505E+00 4.37605E+00 4.22192E+00 3.72018E+00 1.09643E+02
4.20221E+00 4.69714E+00 4.84945E+00 5.07741E+00 5.07783E+00 5.09121E+00 5.11721E+00 4.84945E+00 4.69714E+00 4.20221E+00 1.20067E+02
4.71097E+00 5.19915E+00 5.34967E+00 5.57491E+00 5.57535E+00 5.58962E+00 5.61626E+00 5.34967E+00 5.19915E+00 4.71097E+00 1.30736E+02
5.24565E+00 5.72714E+00 5.87589E+00 6.09845E+00 6.09892E+00 6.11409E+00 6.14137E+00 5.87589E+00 5.72714E+00 5.24565E+00 1.41595E+02
5.80567E+00 6.28052E+00 6.42752E+00 6.64743E+00 6.64793E+00 6.66405E+00 6.69199E+00 6.42752E+00 6.28052E+00 5.80567E+00 1.52588E+02
6.38949E+00 6.85776E+00 7.00303E+00 7.22032E+00 7.22085E+00 7.23794E+00 7.26654E+00 7.00303E+00 6.85776E+00 6.38949E+00 1.63652E+02
0.00000E+00 0.00000E+00 1.82444E-01 4.56110E-01 4.56110E-01 4.58072E-01 4.74813E-01 1.82444E-01 0.00000E+00 0.00000E+00 2.03583E-01
0.00000E+00 4.41591E-02 2.24248E-01 4.94349E-01 4.94370E-01 4.96799E-01 5.14081E-01 2.24248E-01 4.41591E-02 0.00000E+00 1.58512E+00
0.00000E+00 1.02153E-01 2.79995E-01 5.46694E-01 5.46734E-01 5.49643E-01 5.67457E-01 2.79995E-01 1.02153E-01 0.00000E+00 3.29907E+00
0.00000E+00 1.71924E-01 3.47601E-01 6.11023E-01 6.11083E-01 6.14485E-01 6.32826E-01 3.47601E-01 1.71924E-01 0.00000E+00 5.38400E+00
0.00000E+00 2.54127E-01 4.27713E-01 6.87968E-01 6.88048E-01 6.91957E-01 7.10822E-01 4.27713E-01 2.54127E-01 0.00000E+00 7.85464E+00
0.00000E+00 3.50011E-01 5.21573E-01 7.78762E-01 7.78862E-01 7.83293E-01 8.02679E-01 5.21573E-01 3.50011E-01 0.00000E+00 1.07410E+01
0.00000E+00 4.60061E-01 6.29655E-01 8.83866E-01 8.83985E-01 8.88956E-01 9.08862E-01 6.29655E-01 4.60061E-01 0.00000E+00 1.40455E+01
0.00000E+00 5.54480E-01 7.22585E-01 9.74541E-01 9.74675E-01 9.80074E-01 1.00038E+00 7.22585E-01 5.54480E-01 0.00000E+00 1.68683E+01
2.86579E-02 5.81580E-01 7.49259E-01 1.00057E+00 1.00071E+00 1.00623E+00 1.02666E+00 7.49259E-01 5.81580E-01 2.86579E-02 1.77307E+01
1.84577E-01 7.30153E-01 8.95824E-01 1.14410E+00 1.14426E+00 1.15040E+00 1.17139E+00 8.95824E-01 7.30153E-01 1.84577E-01 2.19368E+01
3.62108E-01 9.00440E-01 1.06414E+00 1.30942E+00 1.30960E+00 1.31639E+00 1.33794E+00 1.06414E+00 9.00440E-01 3.62108E-01 2.65920E+01
5.59166E-01 1.09034E+00 1.25209E+00 1.49443E+00 1.49464E+00 1.50210E+00 1.52422E+00 1.25209E+00 1.09034E+00 5.59166E-01 3.17241E+01
7.76481E-01 1.30058E+00 1.46041E+00 1.69985E+00 1.70008E+00 1.70824E+00 1.73094E+00 1.46041E+00 1.30058E+00 7.76481E-01 3.73281E+01
1.01513E+00 1.53223E+00 1.69018E+00 1.92675E+00 1.92700E+00 1.93589E+00 1.95918E+00 1.69018E+00 1.53223E+00 1.01513E+00 4.33994E+01
1.27566E+00 1.78582E+00 1.94191E+00 2.17567E+00 2.17594E+00 2.18558E+00 2.20947E+00 1.94191E+00 1.78582E+00 1.27566E+00 4.99179E+01
1.55833E+00 2.06164E+00 2.21589E+00 2.44686E+00 2.44716E+00 2.45758E+00 2.48208E+00 2.21589E+00 2.06164E+00 1.55833E+00 5.68561E+01
1.86350E+00 2.36001E+00 2.51244E+00 2.74067E+00 2.74099E+00 2.75223E+00 2.77734E+00 2.51244E+00 2.36001E+00 1.86350E+00 6.41864E+01
2.19133E+00 2.68111E+00 2.83175E+00 3.05726E+00 3.05761E+00 3.06970E+00 3.09543E+00 2.83175E+00 2.68111E+00 2.19133E+00 7.18767E+01
2.54184E+00 3.02495E+00 3.17383E+00 3.39666E+00 3.39704E+00 3.41000E+00 3.43636E+00 3.17383E+00 3.02495E+00 2.54184E+00 7.98904E+01
2.91487E+00 3.39137E+00 3.53850E+00 3.75869E+00 3.75909E+00 3.77296E+00 3.79996E+00 3.53850E+00 3.39137E+00 2.91487E+00 8.81874E+01
3.31006E+00 3.78002E+00 3.92542E+00 4.14300E+00 4.14343E+00 4.15823E+00 4.18589E+00 3.92542E+00 3.78002E+00 3.31006E+00 9.67244E+01
3.72689E+00 4.19036E+00 4.33406E+00 4.54905E+00 4.54952E+00 4.56529E+00 4.59360E+00 4.33406E+00 4.19036E+00 3.72689E+00 1.05455E+02
4.16465E+00 4.62168E+00 4.76370E+00 4.97614E+00 4.97664E+00 4.99341E+00 5.02240E+00 4.76370E+00 4.62168E+00 4.16465E+00 1.14332E+02
4.62243E+00 5.07308E+00 5.21344E+00 5.42336E+00 5.42389E+00 5.44169E+00 5.47136E+00 5.21344E+00 5.07308E+00 4.62243E+00 1.23306E+02
5.09948E+00 5.54381E+00 5.68252E+00 5.88995E+00 5.89051E+00 5.90939E+00 5.93975E+00 5.68252E+00 5.54381E+00 5.09948E+00 1.32327E+02
5.59430E+00 6.03236E+00 6.16945E+00 6.37443E+00 6.37502E+00 6.39500E+00 6.42606E+00 6.16945E+00 6.03236E+00 5.59430E+00 1.41341E+02
0.00000E+00 0.00000E+00 1.71909E-01 4.29773E-01 4.29773E-01 4.32292E-01 4.50801E-01 1.71909E-01 0.00000E+00 0.00000E+00 2.38301E-01
0.00000E+00 4.25457E-02 2.12230E-01 4.66720E-01 4.66744E-01 4.69823E-01 4.88911E-01 2.12230E-01 4.25457E-02 0.00000E+00 1.57809E+00
0.00000E+00 9.79183E-02 2.65481E-01 5.16754E-01 5.16800E-01 5.20453E-01 5.40109E-01 2.65481E-01 9.79183E-02 0.00000E+00 3.21999E+00
0.00000E+00 1.63996E-01 3.29518E-01 5.77695E-01 5.77762E-01 5.82002E-01 6.02221E-01 3.29518E-01 1.63996E-01 0.00000E+00 5.19584E+00
0.00000E+00 2.41282E-01 4.04832E-01 6.50019E-01 6.50109E-01 6.54951E-01 6.75728E-01 4.04832E-01 2.41282E-01 0.00000E+00 7.51433E+00
0.00000E+00 3.30797E-01 4.92439E-01 7.34734E-01 7.34845E-01 7.40306E-01 7.61637E-01 4.92439E-01 3.30797E-01 0.00000E+00 1.01972E+01
0.00000E+00 4.32867E-01 5.92657E-01 8.32144E-01 8.32277E-01 8.38373E-01 8.60257E-01 5.92657E-01 4.32867E-01 0.00000E+00 1.32417E+01
0.00000E+00 5.20003E-01 6.78392E-01 9.15754E-01 9.15904E-01 9.22503E-01 9.44814E-01 6.78392E-01 5.20003E-01 0.00000E+00 1.58249E+01
2.63826E-02 5.44902E-01 7.02890E-01 9.39644E-01 9.39798E-01 9.46547E-01 9.68983E-01 7.02890E-01 5.44902E-01 2.63826E-02 1.66094E+01
1.69523E-01 6.81042E-01 8.37143E-01 1.07104E+00 1.07121E+00 1.07869E+00 1.10172E+00 8.37143E-01 6.81042E-01 1.69523E-01 2.04194E+01
3.31555E-01 8.36171E-01 9.90418E-01 1.22150E+00 1.22170E+00 1.22993E+00 1.25356E+00 9.90418E-01 8.36171E-01 3.31555E-01 2.46018E+01
5.10364E-01 1.00816E+00 1.16058E+00 1.38889E+00 1.38912E+00 1.39813E+00 1.42237E+00 1.16058E+00 1.00816E+00 5.10364E-01 2.91765E+01
7.06428E-01 1.19748E+00 1.34810E+00 1.57369E+00 1.57394E+00 1.58376E+00 1.60861E+00 1.34810E+00 1.19748E+00 7.06428E-01 3.41337E+01
9.20510E-01 1.40489E+00 1.55374E+00 1.77664E+00 1.77692E+00 1.78758E+00 1.81305E+00 1.55374E+00 1.40489E+00 9.20510E-01 3.94635E+01
1.15290E+00 1.63067E+00 1.77778E+00 1.99803E+00 1.99833E+00 2.00987E+00 2.03598E+00 1.77778E+00 1.63067E+00 1.15290E+00 4.51432E+01
1.40366E+00 1.87489E+00 2.02028E+00 2.23791E+00 2.23824E+00 2.25069E+00 2.27743E+00 2.02028E+00 1.87489E+00 1.40366E+00 5.11445E+01
1.67289E+00 2.13765E+00 2.28133E+00 2.49639E+00 2.49675E+00 2.51013E+00 2.53752E+00 2.28133E+00 2.13765E+00 1.67289E+00 5.74391E+01
1.96055E+00 2.41889E+00 2.56090E+00 2.77341E+00 2.77380E+00 2.78815E+00 2.81620E+00 2.56090E+00 2.41889E+00 1.96055E+00 6.39952E+01
2.26646E+00 2.71845E+00 2.85880E+00 3.06880E+00 3.06922E+00 3.08458E+00 3.11329E+00 2.85880E+00 2.71845E+00 2.26646E+00 7.07779E+01
2.59028E+00 3.03597E+00 3.17468E+00 3.38221E+00 3.38266E+00 3.39905E+00 3.42844E+00 3.17468E+00 3.03597E+00 2.59028E+00 7.77497E+01
2.93151E+00 3.37096E+00 3.50806E+00 3.71313E+00 3.71362E+00 3.73108E+00 3.76116E+00 3.50806E+00 3.37096E+00 2.93151E+00 8.48710E+01
3.28951E+00 3.72277E+00 3.85827E+00 4.06093E+00 4.06145E+00 4.08002E+00 4.11079E+00 3.85827E+00 3.72277E+00 3.28951E+00 9.21007E+01
3.66348E+00 4.09060E+00 4.22454E+00 4.42481E+00 4.42536E+00 4.44507E+00 4.47655E+00 4.22454E+00 4.09060E+00 3.66348E+00 9.93968E+01
4.05248E+00 4.47352E+00 4.60590E+00 4.80381E+00 4.80440E+00 4.82528E+00 4.85748E+00 4.60590E+00 4.47352E+00 4.05248E+00 1.06717E+02
4.45565E+00 4.87065E+00 5.00150E+00 5.19708E+00 5.19771E+00 5.21979E+00 5.25273E+00 5.00150E+00 4.87065E+00 4.45565E+00 1.14016E+02
4.87158E+00 5.28060E+00 5.40993E+00 5.60321E+00 5.60388E+00 5.62721E+00 5.66088E+00 5.40993E+00 5.28060E+00 4.87158E+00 1.21253E+02
0.00000E+00 0.00000E+00 1.61785E-01 4.04462E-01 4.04462E-01 4.07694E-01 4.28120E-01 1.61785E-01 0.00000E+00 0.00000E+00 2.78690E-01
0.00000E+00 4.10967E-02 2.00801E-01 4.40318E-01 4.40343E-01 4.44245E-01 4.65287E-01 2.00801E-01 4.10967E-02 0.00000E+00 1.58076E+00
0.00000E+00 9.40146E-02 2.51736E-01 4.88241E-01 4.88290E-01 4.92875E-01 5.14520E-01 2.51736E-01 9.40146E-02 0.00000E+00 3.15424E+00
0.00000E+00 1.56579E-01 3.12393E-01 5.46000E-01 5.46073E-01 5.51355E-01 5.73596E-01 3.12393E-01 1.56579E-01 0.00000E+00 5.02509E+00
0.00000E+00 2.29159E-01 3.83133E-01 6.13943E-01 6.14040E-01 6.20034E-01 6.42865E-01 3.83133E-01 2.29159E-01 0.00000E+00 7.19680E+00
0.00000E+00 3.12577E-01 4.64770E-01 6.92876E-01 6.92997E-01 6.99719E-01 7.23137E-01 4.64770E-01 3.12577E-01 0.00000E+00 9.68394E+00
0.00000E+00 4.07028E-01 5.57493E-01 7.82975E-01 7.83119E-01 7.90589E-01 8.14590E-01 5.57493E-01 4.07028E-01 0.00000E+00 1.24797E+01
0.00000E+00 4.87232E-01 6.36390E-01 8.59886E-01 8.60049E-01 8.68109E-01 8.92561E-01 6.36390E-01 4.87232E-01 0.00000E+00 1.48346E+01
2.42220E-02 5.10041E-01 6.58825E-01 8.81753E-01 8.81922E-01 8.90156E-01 9.14740E-01 6.58825E-01 5.10041E-01 2.42220E-02 1.55453E+01
1.55256E-01 6.34409E-01 7.81433E-01 1.00169E+00 1.00188E+00 1.01097E+00 1.03618E+00 7.81433E-01 6.34409E-01 1.55256E-01 1.89810E+01
3.02677E-01 7.75255E-01 9.20550E-01 1.13818E+00 1.13840E+00 1.14836E+00 1.17421E+00 9.20550E-01 7.75255E-01 3.02677E-01 2.27197E+01
4.64373E-01 9.30453E-01 1.07405E+00 1.28909E+00 1.28934E+00 1.30021E+00 1.32669E+00 1.07405E+00 9.30453E-01 4.64373E-01 2.67750E+01
6.40613E-01 1.10027E+00 1.24219E+00 1.45469E+00 1.45497E+00 1.46677E+00 1.49390E+00 1.24219E+00 1.10027E+00 6.40613E-01 3.11338E+01
8.31899E-01 1.28520E+00 1.42547E+00 1.63546E+00 1.63577E+00 1.64855E+00 1.67634E+00 1.42547E+00 1.28520E+00 8.31899E-01 3.57822E+01
1.03833E+00 1.48533E+00 1.62397E+00 1.83150E+00 1.83183E+00 1.84562E+00 1.87407E+00 1.62397E+00 1.48533E+00 1.03833E+00 4.06962E+01
1.25979E+00 1.70056E+00 1.83760E+00 2.04268E+00 2.04305E+00 2.05789E+00 2.08701E+00 1.83760E+00 1.70056E+00 1.25979E+00 4.58478E+01
1.49620E+00 1.93081E+00 2.06626E+00 2.26894E+00 2.26935E+00 2.28525E+00 2.31506E+00 2.06626E+00 1.93081E+00 1.49620E+00 5.12092E+01
1.74738E+00 2.17587E+00 2.30976E+00 2.51007E+00 2.51051E+00 2.52753E+00 2.55802E+00 2.30976E+00 2.17587E+00 1.74738E+00 5.67498E+01
2.01299E+00 2.43541E+00 2.56777E+00 2.76573E+00 2.76621E+00 2.78437E+00 2.81557E+00 2.56777E+00 2.43541E+00 2.01299E+00 6.24371E+01
2.29256E+00 2.70899E+00 2.83982E+00 3.03547E+00 3.03598E+00 3.05533E+00 3.08723E+00 2.83982E+00 2.70899E+00 2.29256E+00 6.82369E+01
2.58553E+00 2.99600E+00 3.12533E+00 3.31870E+00 3.31924E+00 3.33981E+00 3.37244E+00 3.12533E+00 2.99600E+00 2.58553E+00 7.41138E+01
2.89117E+00 3.29573E+00 3.42358E+00 3.61470E+00 3.61528E+00 3.63710E+00 3.67046E+00 3.42358E+00 3.29573E+00 2.89117E+00 8.00317E+01
3.20865E+00 3.60737E+00 3.73375E+00 3.92264E+00 3.92327E+00 3.94637E+00 3.98048E+00 3.73375E+00 3.60737E+00 3.20865E+00 8.59544E+01
3.53704E+00 3.92995E+00 4.05489E+00 4.24157E+00 4.24224E+00 4.26667E+00 4.30153E+00 4.05489E+00 3.92995E+00 3.53704E+00 9.18459E+01
3.87543E+00 4.26259E+00 4.38610E+00 4.57061E+00 4.57133E+00 4.59711E+00 4.63275E+00 4.38610E+00 4.26259E+00 3.87543E+00 9.76690E+01
4.22254E+00 4.60400E+00 4.72609E+00 4.90846E+00 4.90922E+00 4.93640E+00 4.97281E+00 4.72609E+00 4.60400E+00 4.22254E+00 1.03389E+02
0.00000E+00 0.00000E+00 1.53261E-01 3.83153E-01 3.83153E-01 3.87295E-01 4.09711E-01 1.53261E-01 0.00000E+00 0.00000E+00 3.24823E-01
0.00000E+00 3.99551E-02 1.91280E-01 4.18224E-01 4.18249E-01 4.23189E-01 4.46250E-01 1.91280E-01 3.99551E-02 0.00000E+00 1.59688E+00
0.00000E+00 9.08360E-02 2.40315E-01 4.64449E-01 4.64500E-01 4.70248E-01 4.93941E-01 2.40315E-01 9.08360E-02 0.00000E+00 3.11231E+00
0.00000E+00 1.50434E-01 2.98138E-01 5.19571E-01 5.19647E-01 5.26217E-01 5.50534E-01 2.98138E-01 1.50434E-01 0.00000E+00 4.89289E+00
0.00000E+00 2.19031E-01 3.65021E-01 5.83846E-01 5.83948E-01 5.91355E-01 6.16290E-01 3.65021E-01 2.19031E-01 0.00000E+00 6.93863E+00
0.00000E+00 2.97304E-01 4.41637E-01 6.57941E-01 6.58068E-01 6.66330E-01 6.91878E-01 4.41637E-01 2.97304E-01 0.00000E+00 9.25920E+00
0.00000E+00 3.85369E-01 5.28094E-01 7.41950E-01 7.42104E-01 7.51239E-01 7.77396E-01 5.28094E-01 3.85369E-01 0.00000E+00 1.18456E+01
0.00000E+00 4.59799E-01 6.01307E-01 8.13313E-01 8.13488E-01 8.23310E-01 8.49938E-01 6.01307E-01 4.59799E-01 0.00000E+00 1.40105E+01
2.24326E-02 4.80878E-01 6.22039E-01 8.33515E-01 8.33696E-01 8.43722E-01 8.70487E-01 6.22039E-01 4.80878E-01 2.24326E-02 1.46602E+01
1.43489E-01 5.95551E-01 7.35073E-01 9.44057E-01 9.44267E-01 9.55277E-01 9.82697E-01 7.35073E-01 5.95551E-01 1.43489E-01 1.77891E+01
2.78986E-01 7.24751E-01 8.62664E-01 1.06920E+00 1.06944E+00 1.08147E+00 1.10955E+00 8.62664E-01 7.24751E-01 2.78986E-01 2.11694E+01
4.26865E-01 8.66405E-01 1.00273E+00 1.20686E+00 1.20713E+00 1.22021E+00 1.24895E+00 1.00273E+00 8.66405E-01 4.26865E-01 2.48113E+01
5.87273E-01 1.02066E+00 1.15543E+00 1.35718E+00 1.35748E+00 1.37164E+00 1.40106E+00 1.15543E+00 1.02066E+00 5.87273E-01 2.87006E+01
7.60562E-01 1.18785E+00 1.32109E+00 1.52050E+00 1.52083E+00 1.53611E+00 1.56622E+00 1.32109E+00 1.18785E+00 7.60562E-01 3.28224E+01
9.46720E-01 1.36798E+00 1.49970E+00 1.69680E+00 1.69717E+00 1.71361E+00 1.74441E+00 1.49970E+00 1.36798E+00 9.46720E-01 3.71537E+01
1.14557E+00 1.56086E+00 1.69108E+00 1.88591E+00 1.88632E+00 1.90394E+00 1.93544E+00 1.69108E+00 1.56086E+00 1.14557E+00 4.16683E+01
1.35696E+00 1.76633E+00 1.89508E+00 2.08766E+00 2.08811E+00 2.10696E+00 2.13917E+00 1.89508E+00 1.76633E+00 1.35696E+00 4.63403E+01
1.58062E+00 1.98413E+00 2.11142E+00 2.30178E+00 2.30227E+00 2.32238E+00 2.35532E+00 2.11142E+00 1.98413E+00 1.58062E+00 5.11420E+01
1.81619E+00 2.21388E+00 2.33973E+00 2.52791E+00 2.52844E+00 2.54985E+00 2.58352E+00 2.33973E+00 2.21388E+00 1.81619E+00 5.60443E+01
2.06317E+00 2.45511E+00 2.57954E+00 2.76556E+00 2.76613E+00 2.78888E+00 2.82329E+00 2.57954E+00 2.45511E+00 2.06317E+00 6.10168E+01
2.32100E+00 2.70723E+00 2.83026E+00 3.01413E+00 3.01475E+00 3.03887E+00 3.07404E+00 2.83026E+00 2.70723E+00 2.32100E+00 6.60288E+01
2.58899E+00 2.96955E+00 3.09119E+00 3.27296E+00 3.27362E+00 3.29915E+00 3.33509E+00 3.09119E+00 2.96955E+00 2.58899E+00 7.10492E+01
2.86634E+00 3.24129E+00 3.36156E+00 3.54124E+00 3.54195E+00 3.56893E+00 3.60565E+00 3.36156E+00 3.24129E+00 2.86634E+00 7.60473E+01
3.15219E+00 3.52157E+00 3.64050E+00 3.81811E+00 3.81887E+00 3.84733E+00 3.88484E+00 3.64050E+00 3.52157E+00 3.15219E+00 8.09928E+01
3.44570E+00 3.80957E+00 3.92715E+00 4.10273E+00 4.10354E+00 4.13352E+00 4.17184E+00 3.92715E+00 3.80957E+00 3.44570E+00 8.58543E+01
3.74573E+00 4.10412E+00 4.22039E+00 4.39394E+00 4.39481E+00 4.42635E+00 4.46548E+00 4.22039E+00 4.10412E+00 3.74573E+00 9.06037E+01
0.00000E+00 0.00000E+00 1.44733E-01 3.61833E-01 3.61833E-01 3.67134E-01 3.91706E-01 1.44733E-01 0.00000E+00 0.00000E+00 3.78532E-01
0.00000E+00 3.87208E-02 1.81655E-01 3.96010E-01 3.96038E-01 4.02283E-01 4.27528E-01 1.81655E-01 3.87208E-02 0.00000E+00 1.61746E+00
0.00000E+00 8.74186E-02 2.28638E-01 4.40377E-01 4.40433E-01 4.47631E-01 4.73537E-01 2.28638E-01 8.74186E-02 0.00000E+00 3.07004E+00
0.00000E+00 1.43875E-01 2.83445E-01 4.92669E-01 4.92753E-01 5.00918E-01 5.27474E-01 2.83445E-01 1.43875E-01 0.00000E+00 4.75458E+00
0.00000E+00 2.08299E-01 3.46277E-01 5.53072E-01 5.53184E-01 5.62331E-01 5.89531E-01 3.46277E-01 2.08299E-01 0.00000E+00 6.66819E+00
0.00000E+00 2.81233E-01 4.17671E-01 6.22118E-01 6.22260E-01 6.32405E-01 6.60244E-01 4.17671E-01 2.81233E-01 0.00000E+00 8.81610E+00
0.00000E+00 3.62723E-01 4.97666E-01 6.99834E-01 7.00005E-01 7.11168E-01 7.39643E-01 4.97666E-01 3.62723E-01 0.00000E+00 1.11876E+01
0.00000E+00 4.31240E-01 5.65052E-01 7.65495E-01 7.65690E-01 7.77653E-01 8.06619E-01 5.65052E-01 4.31240E-01 0.00000E+00 1.31587E+01
2.06095E-02 4.50554E-01 5.84043E-01 7.83993E-01 7.84195E-01 7.96395E-01 8.25503E-01 5.84043E-01 4.50554E-01 2.06095E-02 1.37464E+01
1.31520E-01 5.55355E-01 6.87321E-01 8.84948E-01 8.85184E-01 8.98524E-01 9.28316E-01 6.87321E-01 5.55355E-01 1.31520E-01 1.65650E+01
2.54939E-01 6.72748E-01 8.03217E-01 9.98561E-01 9.98833E-01 1.01335E+00 1.04383E+00 8.03217E-01 6.72748E-01 2.54939E-01 1.95845E+01
3.88864E-01 8.00716E-01 9.29713E-01 1.12281E+00 1.12312E+00 1.13884E+00 1.17002E+00 9.29713E-01 8.00716E-01 3.88864E-01 2.28123E+01
5.33325E-01 9.39287E-01 1.06683E+00 1.25771E+00 1.25806E+00 1.27503E+00 1.30691E+00 1.06683E+00 9.39287E-01 5.33325E-01 2.62330E+01
6.88520E-01 1.08865E+00 1.21477E+00 1.40347E+00 1.40385E+00 1.42211E+00 1.45470E+00 1.21477E+00 1.08865E+00 6.88520E-01 2.98311E+01
8.54337E-01 1.24870E+00 1.37340E+00 1.55995E+00 1.56038E+00 1.57995E+00 1.61327E+00 1.37340E+00 1.24870E+00 8.54337E-01 3.35840E+01
1.03052E+00 1.41917E+00 1.54248E+00 1.72690E+00 1.72737E+00 1.74831E+00 1.78236E+00 1.54248E+00 1.41917E+00 1.03052E+00 3.74677E+01
1.21684E+00 1.59983E+00 1.72176E+00 1.90409E+00 1.90460E+00 1.92693E+00 1.96173E+00 1.72176E+00 1.59983E+00 1.21684E+00 4.14580E+01
1.41296E+00 1.79034E+00 1.91092E+00 2.09117E+00 2.09173E+00 2.11550E+00 2.15105E+00 1.91092E+00 1.79034E+00 1.41296E+00 4.55300E+01
1.61847E+00 1.99029E+00 2.10953E+00 2.28773E+00 2.28834E+00 2.31358E+00 2.34991E+00 2.10953E+00 1.99029E+00 1.61847E+00 4.96575E+01
1.83286E+00 2.19917E+00 2.31708E+00 2.49326E+00 2.49392E+00 2.52067E+00 2.55778E+00 2.31708E+00 2.19917E+00 1.83286E+00 5.38142E+01
2.05553E+00 2.41638E+00 2.53299E+00 2.70717E+00 2.70788E+00 2.73617E+00 2.77407E+00 2.53299E+00 2.41638E+00 2.05553E+00 5.79735E+01
2.28583E+00 2.64126E+00 2.75657E+00 2.92877E+00 2.92954E+00 2.95942E+00 2.99813E+00 2.75657E+00 2.64126E+00 2.28583E+00 6.21092E+01
2.52300E+00 2.87306E+00 2.98709E+00 3.15734E+00 3.15816E+00 3.18966E+00 3.22919E+00 2.98709E+00 2.87306E+00 2.52300E+00 6.61956E+01
2.76623E+00 3.11096E+00 3.22373E+00 3.39205E+00 3.39293E+00 3.42608E+00 3.46645E+00 3.22373E+00 3.11096E+00 2.76623E+00 7.02077E+01
3.01474E+00 3.35418E+00 3.46570E+00 3.63211E+00 3.63305E+00 3.66790E+00 3.70911E+00 3.46570E+00 3.35418E+00 3.01474E+00 7.41199E+01
3.26750E+00 3.60171E+00 3.71200E+00 3.87650E+00 3.87751E+00 3.91408E+00 3.95616E+00 3.71200E+00 3.60171E+00 3.26750E+00 7.79102E+01
0.00000E+00 0.00000E+00 1.36861E-01 3.42152E-01 3.42152E-01 3.48948E-01 3.75803E-01 1.36861E-01 0.00000E+00 0.00000E+00 4.41089E-01
0.00000E+00 3.74193E-02 1.72605E-01 3.75335E-01 3.75366E-01 3.83277E-01 4.10829E-01 1.72605E-01 3.74193E-02 0.00000E+00 1.64420E+00
0.00000E+00 8.38980E-02 2.17487E-01 4.17774E-01 4.17838E-01 4.26870E-01 4.55106E-01 2.17487E-01 8.38980E-02 0.00000E+00 3.03207E+00
0.00000E+00 1.37239E-01 2.69292E-01 4.67230E-01 4.67326E-01 4.77492E-01 5.06402E-01 2.69292E-01 1.37239E-01 0.00000E+00 4.62057E+00
0.00000E+00 1.97596E-01 3.28166E-01 5.23835E-01 5.23965E-01 5.35280E-01 5.64857E-01 3.28166E-01 1.97596E-01 0.00000E+00 6.40486E+00
0.00000E+00 2.65407E-01 3.94542E-01 5.88016E-01 5.88180E-01 6.00660E-01 6.30900E-01 3.94542E-01 2.65407E-01 0.00000E+00 8.38688E+00
0.00000E+00 3.40660E-01 4.68402E-01 6.59745E-01 6.59944E-01 6.73608E-01 7.04507E-01 4.68402E-01 3.40660E-01 0.00000E+00 1.05550E+01
0.00000E+00 4.03613E-01 5.30300E-01 7.20031E-01 7.20258E-01 7.34850E-01 7.66259E-01 5.30300E-01 4.03613E-01 0.00000E+00 1.23445E+01
1.89043E-02 4.21277E-01 5.47662E-01 7.36932E-01 7.37167E-01 7.52033E-01 7.83591E-01 5.47662E-01 4.21277E-01 1.89043E-02 1.28747E+01
1.20361E-01 5.16883E-01 6.41848E-01 8.28945E-01 8.29219E-01 8.45406E-01 8.77674E-01 6.41848E-01 5.16883E-01 1.20361E-01 1.54065E+01
2.32607E-01 6.23360E-01 7.46929E-01 9.31889E-01 9.32205E-01 9.49747E-01 9.82732E-01 7.46929E-01 6.23360E-01 2.32607E-01 1.80965E+01
3.53710E-01 7.38763E-01 8.60956E-01 1.04381E+00 1.04417E+00 1.06311E+00 1.09682E+00 8.60956E-01 7.38763E-01 3.53710E-01 2.09492E+01
4.83607E-01 8.63022E-01 9.83860E-01 1.16464E+00 1.16505E+00 1.18541E+00 1.21986E+00 9.83860E-01 8.63022E-01 4.83607E-01 2.39496E+01
6.22372E-01 9.96209E-01 1.11571E+00 1.29445E+00 1.29490E+00 1.31673E+00 1.35192E+00 1.11571E+00 9.96209E-01 6.22372E-01 2.70814E+01
7.69814E-01 1.13813E+00 1.25631E+00 1.43303E+00 1.43353E+00 1.45687E+00 1.49282E+00 1.25631E+00 1.13813E+00 7.69814E-01 3.03235E+01
9.25628E-01 1.28848E+00 1.40536E+00 1.58009E+00 1.58063E+00 1.60552E+00 1.64224E+00 1.40536E+00 1.28848E+00 9.25628E-01 3.36539E+01
1.08952E+00 1.44695E+00 1.56255E+00 1.73531E+00 1.73591E+00 1.76238E+00 1.79988E+00 1.56255E+00 1.44695E+00 1.08952E+00 3.70505E+01
1.26111E+00 1.61318E+00 1.72750E+00 1.89832E+00 1.89897E+00 1.92707E+00 1.96537E+00 1.72750E+00 1.61318E+00 1.26111E+00 4.04910E+01
1.43996E+00 1.78671E+00 1.89978E+00 2.06868E+00 2.06939E+00 2.09914E+00 2.13825E+00 1.89978E+00 1.78671E+00 1.43996E+00 4.39525E+01
1.62556E+00 1.96704E+00 2.07887E+00 2.24586E+00 2.24663E+00 2.27808E+00 2.31801E+00 2.07887E+00 1.96704E+00 1.62556E+00 4.74121E+01
1.81731E+00 2.15357E+00 2.26417E+00 2.42928E+00 2.43011E+00 2.46330E+00 2.50407E+00 2.26417E+00 2.15357E+00 1.81731E+00 5.08473E+01
2.01459E+00 2.34566E+00 2.45505E+00 2.61830E+00 2.61919E+00 2.65416E+00 2.69577E+00 2.45505E+00 2.34566E+00 2.01459E+00 5.42360E+01
2.21668E+00 2.54261E+00 2.65080E+00 2.81221E+00 2.81317E+00 2.84995E+00 2.89243E+00 2.65080E+00 2.54261E+00 2.21668E+00 5.75571E+01
2.42284E+00 2.74368E+00 2.85068E+00 3.01027E+00 3.01130E+00 3.04992E+00 3.09328E+00 2.85068E+00 2.74368E+00 2.42284E+00 6.07906E+01
2.63234E+00 2.94812E+00 3.05395E+00 3.21174E+00 3.21283E+00 3.25333E+00 3.29759E+00 3.05395E+00 2.94812E+00 2.63234E+00 6.39153E+01
2.84428E+00 3.15505E+00 3.25972E+00 3.41572E+00 3.41689E+00 3.45930E+00 3.50448E+00 3.25972E+00 3.15505E+00 2.84428E+00 6.69145E+01
0.00000E+00 0.00000E+00 1.29422E-01 3.23556E-01 3.23556E-01 3.32219E-01 3.61432E-01 1.29422E-01 0.00000E+00 0.00000E+00 5.11923E-01
0.00000E+00 3.59046E-02 1.63764E-01 3.55500E-01 3.55538E-01 3.65507E-01 3.95439E-01 1.63764E-01 3.59046E-02 0.00000E+00 1.67275E+00
0.00000E+00 8.00506E-02 2.06421E-01 3.95870E-01 3.95946E-01 4.07227E-01 4.37863E-01 2.06421E-01 8.00506E-02 0.00000E+00 2.99246E+00
0.00000E+00 1.30274E-01 2.55210E-01 4.42460E-01 4.42575E-01 4.55178E-01 4.86510E-01 2.55210E-01 1.30274E-01 0.00000E+00 4.48456E+00
0.00000E+00 1.86671E-01 3.10223E-01 4.95349E-01 4.95503E-01 5.09442E-01 5.41464E-01 3.10223E-01 1.86671E-01 0.00000E+00 6.14253E+00
0.00000E+00 2.49573E-01 3.71785E-01 5.54856E-01 5.55051E-01 5.70341E-01 6.03049E-01 3.71785E-01 2.49573E-01 0.00000E+00 7.96537E+00
0.00000E+00 3.18912E-01 4.39824E-01 6.20900E-01 6.21135E-01 6.37796E-01 6.71188E-01 4.39824E-01 3.18912E-01 0.00000E+00 9.94068E+00
1.66533E-16 3.76620E-01 4.96547E-01 6.76112E-01 6.76380E-01 6.94113E-01 7.28034E-01 4.96547E-01 3.76620E-01 1.66533E-16 1.15593E+01
1.72957E-02 3.92735E-01 5.12381E-01 6.91514E-01 6.91791E-01 7.09841E-01 7.43916E-01 5.12381E-01 3.92735E-01 1.72957E-02 1.20357E+01
1.09856E-01 4.79730E-01 5.98049E-01 7.75146E-01 7.75470E-01 7.95038E-01 8.29852E-01 5.98049E-01 4.79730E-01 1.09856E-01 1.43001E+01
2.11640E-01 5.76024E-01 6.93038E-01 8.68133E-01 8.68506E-01 8.89629E-01 9.25191E-01 6.93038E-01 5.76024E-01 2.11640E-01 1.66845E+01
3.20786E-01 6.79744E-01 7.95473E-01 9.68596E-01 9.69019E-01 9.91736E-01 1.02806E+00 7.95473E-01 6.79744E-01 3.20786E-01 1.91917E+01
4.37149E-01 7.90740E-01 9.05203E-01 1.07638E+00 1.07686E+00 1.10121E+00 1.13829E+00 9.05203E-01 7.90740E-01 4.37149E-01 2.18062E+01
5.60696E-01 9.08977E-01 1.02219E+00 1.19145E+00 1.19198E+00 1.21800E+00 1.25587E+00 1.02219E+00 9.08977E-01 5.60696E-01 2.45121E+01
6.91173E-01 1.03420E+00 1.14618E+00 1.31355E+00 1.31413E+00 1.34186E+00 1.38053E+00 1.14618E+00 1.03420E+00 6.91173E-01 2.72897E+01
8.28235E-01 1.16605E+00 1.27682E+00 1.44231E+00 1.44295E+00 1.47244E+00 1.51191E+00 1.27682E+00 1.16605E+00 8.28235E-01 3.01189E+01
9.71542E-01 1.30420E+00 1.41376E+00 1.57741E+00 1.57811E+00 1.60938E+00 1.64968E+00 1.41376E+00 1.30420E+00 9.71542E-01 3.29800E+01
1.12069E+00 1.44824E+00 1.55661E+00 1.71843E+00 1.71920E+00 1.75229E+00 1.79343E+00 1.55661E+00 1.44824E+00 1.12069E+00 3.58533E+01
1.27523E+00 1.59771E+00 1.70490E+00 1.86492E+00 1.86575E+00 1.90071E+00 1.94270E+00 1.70490E+00 1.59771E+00 1.27523E+00 3.87189E+01
1.43465E+00 1.75209E+00 1.85813E+00 2.01636E+00 2.01725E+00 2.05411E+00 2.09697E+00 1.85813E+00 1.75209E+00 1.43465E+00 4.15575E+01
1.59837E+00 1.91083E+00 2.01572E+00 2.17218E+00 2.17314E+00 2.21194E+00 2.25568E+00 2.01572E+00 1.91083E+00 1.59837E+00 4.43503E+01
1.76580E+00 2.07332E+00 2.17707E+00 2.33177E+00 2.33281E+00 2.37358E+00 2.41822E+00 2.17707E+00 2.07332E+00 1.76580E+00 4.70792E+01
1.93629E+00 2.23891E+00 2.34153E+00 2.49450E+00 2.49562E+00 2.53839E+00 2.58395E+00 2.34153E+00 2.23891E+00 1.93629E+00 4.97275E+01
2.10917E+00 2.40692E+00 2.50843E+00 2.65969E+00 2.66088E+00 2.70569E+00 2.75219E+00 2.50843E+00 2.40692E+00 2.10917E+00 5.22792E+01
2.28376E+00 2.57668E+00 2.67708E+00 2.82664E+00 2.82791E+00 2.87479E+00 2.92224E+00 2.67708E+00 2.57668E+00 2.28376E+00 5.47177E+01
2.45928E+00 2.74742E+00 2.84674E+00 2.99461E+00 2.99596E+00 3.04494E+00 3.09336E+00 2.84674E+00 2.74742E+00 2.45928E+00 5.70309E+01
0.00000E+00 0.00000E+00 1.22445E-01 3.06112E-01 3.06112E-01 3.17129E-01 3.48772E-01 1.22445E-01 0.00000E+00 0.00000E+00 5.92777E-01
0.00000E+00 3.43538E-02 1.55340E-01 3.36762E-01 3.36806E-01 3.49351E-01 3.81732E-01 1.55340E-01 3.43538E-02 0.00000E+00 1.70917E+00
0.00000E+00 7.62104E-02 1.95807E-01 3.75086E-01 3.75176E-01 3.89249E-01 4.22355E-01 1.95807E-01 7.62104E-02 0.00000E+00 2.96078E+00
0.00000E+00 1.23435E-01 2.41693E-01 4.18912E-01 4.19048E-01 4.34659E-01 4.68481E-01 2.41693E-01 1.23435E-01 0.00000E+00 4.35880E+00
0.00000E+00 1.76061E-01 2.93028E-01 4.68257E-01 4.68439E-01 4.85599E-01 5.20134E-01 2.93028E-01 1.76061E-01 0.00000E+00 5.89517E+00
0.00000E+00 2.34320E-01 3.50037E-01 5.23341E-01 5.23570E-01 5.42294E-01 5.77538E-01 3.50037E-01 2.34320E-01 0.00000E+00 7.56629E+00
0.00000E+00 2.98092E-01 4.12595E-01 5.84030E-01 5.84306E-01 6.04610E-01 6.40564E-01 4.12595E-01 2.98092E-01 0.00000E+00 9.35925E+00
0.00000E+00 3.50877E-01 4.64460E-01 6.34480E-01 6.34794E-01 6.56332E-01 6.92836E-01 4.64460E-01 3.50877E-01 0.00000E+00 1.08172E+01
1.57861E-02 3.65543E-01 4.78864E-01 6.48478E-01 6.48804E-01 6.70705E-01 7.07370E-01 4.78864E-01 3.65543E-01 1.57861E-02 1.12432E+01
1.00016E-01 4.44490E-01 5.56572E-01 7.24279E-01 7.24659E-01 7.48300E-01 7.85735E-01 5.56572E-01 4.44490E-01 1.00016E-01 1.32580E+01
1.92044E-01 5.31305E-01 6.42169E-01 8.07999E-01 8.08435E-01 8.33854E-01 8.72069E-01 6.42169E-01 5.31305E-01 1.92044E-01 1.53591E+01
2.90090E-01 6.24194E-01 7.33858E-01 8.97839E-01 8.98333E-01 9.25568E-01 9.64577E-01 7.33858E-01 6.24194E-01 2.90090E-01 1.75477E+01
3.93946E-01 7.22947E-01 8.31427E-01 9.93585E-01 9.94139E-01 1.02323E+00 1.06304E+00 8.31427E-01 7.22947E-01 3.93946E-01 1.98090E+01
5.03496E-01 8.27445E-01 9.34758E-01 1.09512E+00 1.09573E+00 1.12671E+00 1.16735E+00 9.34758E-01 8.27445E-01 5.03496E-01 2.21274E+01
6.18447E-01 9.37390E-01 1.04355E+00 1.20213E+00 1.20281E+00 1.23573E+00 1.27720E+00 1.04355E+00 9.37390E-01 6.18447E-01 2.44852E+01
7.38430E-01 1.05241E+00 1.15743E+00 1.31426E+00 1.31501E+00 1.34989E+00 1.39222E+00 1.15743E+00 1.05241E+00 7.38430E-01 2.68645E+01
8.63085E-01 1.17215E+00 1.27604E+00 1.43113E+00 1.43195E+00 1.46884E+00 1.51204E+00 1.27604E+00 1.17215E+00 8.63085E-01 2.92481E+01
9.92003E-01 1.29619E+00 1.39897E+00 1.55234E+00 1.55323E+00 1.59217E+00 1.63625E+00 1.39897E+00 1.29619E+00 9.92003E-01 3.16189E+01
1.12473E+00 1.42408E+00 1.52576E+00 1.67743E+00 1.67840E+00 1.71941E+00 1.76440E+00 1.52576E+00 1.42408E+00 1.12473E+00 3.39605E+01
1.26078E+00 1.55533E+00 1.65592E+00 1.80591E+00 1.80695E+00 1.85007E+00 1.89598E+00 1.65592E+00 1.55533E+00 1.26078E+00 3.62568E+01
1.39962E+00 1.68940E+00 1.78892E+00 1.93724E+00 1.93836E+00 1.98363E+00 2.03048E+00 1.78892E+00 1.68940E+00 1.39962E+00 3.84926E+01
1.54069E+00 1.82575E+00 1.92420E+00 2.07087E+00 2.07208E+00 2.11952E+00 2.16733E+00 1.92420E+00 1.82575E+00 1.54069E+00 4.06536E+01
1.68342E+00 1.96379E+00 2.06118E+00 2.20622E+00 2.20751E+00 2.25716E+00 2.30595E+00 2.06118E+00 1.96379E+00 1.68342E+00 4.27269E+01
1.82721E+00 2.10292E+00 2.19927E+00 2.34269E+00 2.34406E+00 2.39595E+00 2.44574E+00 2.19927E+00 2.10292E+00 1.82721E+00 4.47005E+01
1.97145E+00 2.24254E+00 2.33785E+00 2.47966E+00 2.48113E+00 2.53528E+00 2.58608E+00 2.33785E+00 2.24254E+00 1.97145E+00 4.65618E+01
2.11549E+00 2.38200E+00 2.47629E+00 2.61650E+00 2.61806E+00 2.67450E+00 2.72634E+00 2.47629E+00 2.38200E+00 2.11549E+00 4.83026E+01
0.00000E+00 0.00000E+00 1.15889E-01 2.89722E-01 2.89722E-01 3.03693E-01 3.37808E-01 1.15889E-01 0.00000E+00 0.00000E+00 6.84614E-01
0.00000E+00 3.28715E-02 1.47404E-01 3.19138E-01 3.19191E-01 3.34943E-01 3.69814E-01 1.47404E-01 3.28715E-02 0.00000E+00 1.75667E+00
0.00000E+00 7.25590E-02 1.85798E-01 3.55531E-01 3.55636E-01 3.73165E-01 4.08781E-01 1.85798E-01 7.25590E-02 0.00000E+00 2.94175E+00
0.00000E+00 1.16952E-01 2.28946E-01 3.96753E-01 3.96911E-01 4.16222E-01 4.52577E-01 2.28946E-01 1.16952E-01 0.00000E+00 4.24894E+00
0.00000E+00 1.66027E-01 2.76818E-01 4.42765E-01 4.42976E-01 4.64077E-01 5.01168E-01 2.76818E-01 1.66027E-01 0.00000E+00 5.66899E+00
0.00000E+00 2.19921E-01 3.29548E-01 4.93695E-01 4.93961E-01 5.16862E-01 5.54690E-01 3.29548E-01 2.19921E-01 0.00000E+00 7.19617E+00
0.00000E+00 2.78472E-01 3.86968E-01 5.49366E-01 5.49688E-01 5.74403E-01 6.12969E-01 3.86968E-01 2.78472E-01 0.00000E+00 8.81744E+00
0.00000E+00 3.26651E-01 4.34291E-01 5.95364E-01 5.95730E-01 6.21857E-01 6.60998E-01 4.34291E-01 3.26651E-01 0.00000E+00 1.01250E+01
1.43797E-02 3.39964E-01 4.47359E-01 6.08053E-01 6.08432E-01 6.34974E-01 6.74283E-01 4.47359E-01 3.39964E-01 1.43797E-02 1.05041E+01
9.08613E-02 4.11413E-01 5.17654E-01 6.76561E-01 6.77002E-01 7.05530E-01 7.45644E-01 5.17654E-01 4.11413E-01 9.08613E-02 1.22873E+01
1.73849E-01 4.89430E-01 5.94534E-01 7.51684E-01 7.52190E-01 7.82738E-01 8.23671E-01 5.94534E-01 4.89430E-01 1.73849E-01 1.41274E+01
2.61651E-01 5.72310E-01 6.76295E-01 8.31711E-01 8.32285E-01 8.64891E-01 9.06658E-01 6.76295E-01 5.72310E-01 2.61651E-01 1.60249E+01
3.54015E-01 6.59800E-01 7.62680E-01 9.16386E-01 9.17030E-01 9.51729E-01 9.94347E-01 7.62680E-01 6.59800E-01 3.54015E-01 1.79658E+01
4.50765E-01 7.51720E-01 8.53510E-01 1.00553E+00 1.00624E+00 1.04307E+00 1.08656E+00 8.53510E-01 7.51720E-01 4.50765E-01 1.99355E+01
5.51584E-01 8.47751E-01 9.48464E-01 1.09881E+00 1.09960E+00 1.13860E+00 1.18297E+00 9.48464E-01 8.47751E-01 5.51584E-01 2.19182E+01
6.56101E-01 9.47519E-01 1.04717E+00 1.19587E+00 1.19674E+00 1.23793E+00 1.28321E+00 1.04717E+00 9.47519E-01 6.56101E-01 2.38987E+01
7.63950E-01 1.05066E+00 1.14925E+00 1.29632E+00 1.29727E+00 1.34070E+00 1.38690E+00 1.14925E+00 1.05066E+00 7.63950E-01 2.58622E+01
8.74729E-01 1.15676E+00 1.25431E+00 1.39976E+00 1.40080E+00 1.44650E+00 1.49364E+00 1.25431E+00 1.15676E+00 8.74729E-01 2.77946E+01
9.88007E-01 1.26540E+00 1.36192E+00 1.50577E+00 1.50689E+00 1.55489E+00 1.60300E+00 1.36192E+00 1.26540E+00 9.88007E-01 2.96823E+01
1.10333E+00 1.37611E+00 1.47161E+00 1.61388E+00 1.61509E+00 1.66541E+00 1.71451E+00 1.47161E+00 1.37611E+00 1.10333E+00 3.15123E+01
1.22020E+00 1.48842E+00 1.58291E+00 1.72360E+00 1.72490E+00 1.77759E+00 1.82769E+00 1.58291E+00 1.48842E+00 1.22020E+00 3.32730E+01
1.33814E+00 1.60182E+00 1.69531E+00 1.83444E+00 1.83584E+00 1.89090E+00 1.94203E+00 1.69531E+00 1.60182E+00 1.33814E+00 3.49535E+01
1.45663E+00 1.71581E+00 1.80830E+00 1.94589E+00 1.94738E+00 2.00486E+00 2.05703E+00 1.80830E+00 1.71581E+00 1.45663E+00 3.65441E+01
1.57516E+00 1.82986E+00 1.92137E+00 2.05742E+00 2.05902E+00 2.11892E+00 2.17217E+00 1.92137E+00 1.82986E+00 1.57516E+00 3.80363E+01
1.69318E+00 1.94345E+00 2.03398E+00 2.16851E+00 2.17021E+00 2.23256E+00 2.28690E+00 2.03398E+00 1.94345E+00 1.69318E+00 3.94210E+01
1.81018E+00 2.05605E+00 2.14561E+00 2.27863E+00 2.28044E+00 2.34525E+00 2.40070E+00 2.14561E+00 2.05605E+00 1.81018E+00 4.06931E+01
0.00000E+00 0.00000E+00 1.09884E-01 2.74711E-01 2.74711E-01 2.92372E-01 3.28933E-01 1.09884E-01 0.00000E+00 0.00000E+00 7.87919E-01
0.00000E+00 3.15272E-02 1.40148E-01 3.03010E-01 3.03071E-01 3.22801E-01 3.60138E-01 1.40148E-01 3.15272E-02 0.00000E+00 1.81717E+00
0.00000E+00 6.92202E-02 1.76636E-01 3.37624E-01 3.37745E-01 3.59531E-01 3.97636E-01 1.76636E-01 6.92202E-02 0.00000E+00 2.93834E+00
0.00000E+00 1.10992E-01 2.17248E-01 3.76432E-01 3.76615E-01 4.00454E-01 4.39325E-01 2.17248E-01 1.10992E-01 0.00000E+00 4.15890E+00
0.00000E+00 1.56772E-01 2.61906E-01 4.19348E-01 4.19593E-01 4.45488E-01 4.85125E-01 2.61906E-01 1.56772E-01 0.00000E+00 5.46886E+00
0.00000E+00 2.06619E-01 3.10668E-01 4.66423E-01 4.66731E-01 4.94687E-01 5.35093E-01 3.10668E-01 2.06619E-01 0.00000E+00 6.86101E+00
0.00000E+00 2.60341E-01 3.63335E-01 5.17450E-01 5.17823E-01 5.47847E-01 5.89027E-01 3.63335E-01 2.60341E-01 0.00000E+00 8.32265E+00
0.00000E+00 3.04271E-01 4.06467E-01 5.59340E-01 5.59764E-01 5.91395E-01 6.33178E-01 4.06467E-01 3.04271E-01 0.00000E+00 9.49131E+00
1.30936E-02 3.16339E-01 4.18306E-01 5.70824E-01 5.71263E-01 6.03365E-01 6.45324E-01 4.18306E-01 3.16339E-01 1.30936E-02 9.82739E+00
8.25028E-02 3.80908E-01 4.81798E-01 6.32638E-01 6.33151E-01 6.67501E-01 7.10309E-01 4.81798E-01 3.80908E-01 8.25028E-02 1.13990E+01
1.57274E-01 4.50894E-01 5.50723E-01 6.99913E-01 7.00502E-01 7.37131E-01 7.80805E-01 5.50723E-01 4.50894E-01 1.57274E-01 1.30030E+01
2.35809E-01 5.24691E-01 6.23474E-01 7.71035E-01 7.71702E-01 8.10644E-01 8.55202E-01 6.23474E-01 5.24691E-01 2.35809E-01 1.46395E+01
3.17833E-01 6.02019E-01 6.99769E-01 8.45723E-01 8.46471E-01 8.87758E-01 9.33220E-01 6.99769E-01 6.02019E-01 3.17833E-01 1.62959E+01
4.03134E-01 6.82664E-01 7.79394E-01 9.23759E-01 9.24592E-01 9.68257E-01 1.01464E+00 7.79394E-01 6.82664E-01 4.03134E-01 1.79591E+01
4.91389E-01 7.66301E-01 8.62023E-01 1.00482E+00 1.00574E+00 1.05181E+00 1.09914E+00 8.62023E-01 7.66301E-01 4.91389E-01 1.96154E+01
5.82238E-01 8.52569E-01 9.47293E-01 1.08853E+00 1.08954E+00 1.13806E+00 1.18636E+00 9.47293E-01 8.52569E-01 5.82238E-01 2.12520E+01
6.75327E-01 9.41112E-01 1.03485E+00 1.17455E+00 1.17565E+00 1.22663E+00 1.27592E+00 1.03485E+00 9.41112E-01 6.75327E-01 2.28569E+01
7.70279E-01 1.03155E+00 1.12431E+00 1.26248E+00 1.26368E+00 1.31716E+00 1.36746E+00 1.12431E+00 1.03155E+00 7.70279E-01 2.44184E+01
8.66694E-01 1.12349E+00 1.21528E+00 1.35194E+00 1.35324E+00 1.40924E+00 1.46057E+00 1.21528E+00 1.12349E+00 8.66694E-01 2.59259E+01
9.64158E-01 1.21651E+00 1.30734E+00 1.44249E+00 1.44390E+00 1.50244E+00 1.55483E+00 1.30734E+00 1.21651E+00 9.64158E-01 2.73693E+01
1.06224E+00 1.31018E+00 1.40006E+00 1.53373E+00 1.53524E+00 1.59634E+00 1.64982E+00 1.40006E+00 1.31018E+00 1.06224E+00 2.87400E+01
1.16051E+00 1.40407E+00 1.49300E+00 1.62519E+00 1.62681E+00 1.69050E+00 1.74508E+00 1.49300E+00 1.40407E+00 1.16051E+00 3.00299E+01
1.25854E+00 1.49774E+00 1.58574E+00 1.71646E+00 1.71820E+00 1.78448E+00 1.84019E+00 1.58574E+00 1.49774E+00 1.25854E+00 3.12323E+01
1.35587E+00 1.59077E+00 1.67783E+00 1.80709E+00 1.80894E+00 1.87784E+00 1.93471E+00 1.67783E+00 1.59077E+00 1.35587E+00 3.23415E+01
1.45207E+00 1.68268E+00 1.76882E+00 1.89663E+00 1.89860E+00 1.97012E+00 2.02816E+00 1.76882E+00 1.68268E+00 1.45207E+00 3.33512E+01
1.54670E+00 1.77306E+00 1.85829E+00 1.98465E+00 1.98675E+00 2.06090E+00 2.12014E+00 1.85829E+00 1.77306E+00 1.54670E+00 3.42590E+01
0.00000E+00 0.00000E+00 1.04303E-01 2.60759E-01 2.60759E-01 2.83010E-01 3.21961E-01 1.04303E-01 0.00000E+00 0.00000E+00 9.03664E-01
0.00000E+00 3.03203E-02 1.33444E-01 2.88054E-01 2.88124E-01 3.12764E-01 3.52520E-01 1.33444E-01 3.03203E-02 0.00000E+00 1.89129E+00
0.00000E+00 6.61486E-02 1.68147E-01 3.20996E-01 3.21137E-01 3.48141E-01 3.88697E-01 1.68147E-01 6.61486E-02 0.00000E+00 2.94961E+00
0.00000E+00 1.05428E-01 2.06343E-01 3.57498E-01 3.57710E-01 3.87066E-01 4.28424E-01 2.06343E-01 1.05428E-01 0.00000E+00 4.08516E+00
0.00000E+00 1.48056E-01 2.47924E-01 3.97442E-01 3.97726E-01 4.29427E-01 4.71590E-01 2.47924E-01 1.48056E-01 0.00000E+00 5.28774E+00
0.00000E+00 1.94030E-01 2.92885E-01 4.40818E-01 4.41177E-01 4.75220E-01 5.18194E-01 2.92885E-01 1.94030E-01 0.00000E+00 6.54930E+00
0.00000E+00 2.43144E-01 3.41014E-01 4.87405E-01 4.87841E-01 5.24226E-01 5.68019E-01 3.41014E-01 2.43144E-01 0.00000E+00 7.85796E+00
0.00000E+00 2.83035E-01 3.80158E-01 5.25382E-01 5.25877E-01 5.64077E-01 6.08509E-01 3.80158E-01 2.83035E-01 0.00000E+00 8.89454E+00
1.18848E-02 2.93923E-01 3.90832E-01 5.35722E-01 5.36235E-01 5.74964E-01 6.19584E-01 3.90832E-01 2.93923E-01 1.18848E-02 9.18991E+00
7.46595E-02 3.51990E-01 4.47893E-01 5.91205E-01 5.91804E-01 6.33058E-01 6.78583E-01 4.47893E-01 3.51990E-01 7.46595E-02 1.05623E+01
1.41755E-01 4.14434E-01 5.09344E-01 6.51103E-01 6.51791E-01 6.95596E-01 7.42046E-01 5.09344E-01 4.14434E-01 1.41755E-01 1.19462E+01
2.11679E-01 4.79751E-01 5.73683E-01 7.13908E-01 7.14689E-01 7.61072E-01 8.08469E-01 5.73683E-01 4.79751E-01 2.11679E-01 1.33418E+01
2.84148E-01 5.47655E-01 6.40620E-01 7.79330E-01 7.80206E-01 8.29194E-01 8.77562E-01 6.40620E-01 5.47655E-01 2.84148E-01 1.47382E+01
3.58929E-01 6.17912E-01 7.09922E-01 8.47132E-01 8.48107E-01 8.99726E-01 9.49089E-01 7.09922E-01 6.17912E-01 3.58929E-01 1.61237E+01
4.35707E-01 6.90206E-01 7.81270E-01 9.16996E-01 9.18074E-01 9.72348E-01 1.02273E+00 7.81270E-01 6.90206E-01 4.35707E-01 1.74870E+01
5.14149E-01 7.64199E-01 8.54327E-01 9.88583E-01 9.89767E-01 1.04672E+00 1.09815E+00 8.54327E-01 7.64199E-01 5.14149E-01 1.88179E+01
5.93922E-01 8.39559E-01 9.28760E-01 1.06156E+00 1.06285E+00 1.12250E+00 1.17500E+00 9.28760E-01 8.39559E-01 5.93922E-01 2.01066E+01
6.74681E-01 9.15939E-01 1.00422E+00 1.13557E+00 1.13698E+00 1.19935E+00 1.25294E+00 1.00422E+00 9.15939E-01 6.74681E-01 2.13441E+01
7.56067E-01 9.92981E-01 1.08035E+00 1.21027E+00 1.21179E+00 1.27689E+00 1.33161E+00 1.08035E+00 9.92981E-01 7.56067E-01 2.25224E+01
8.37714E-01 1.07032E+00 1.15678E+00 1.28527E+00 1.28692E+00 1.35477E+00 1.41063E+00 1.15678E+00 1.07032E+00 8.37714E-01 2.36342E+01
9.19255E-01 1.14758E+00 1.23315E+00 1.36022E+00 1.36199E+00 1.43260E+00 1.48963E+00 1.23315E+00 1.14758E+00 9.19255E-01 2.46731E+01
1.00032E+00 1.22440E+00 1.30907E+00 1.43474E+00 1.43663E+00 1.51001E+00 1.56825E+00 1.30907E+00 1.22440E+00 1.00032E+00 2.56339E+01
1.08054E+00 1.30042E+00 1.38420E+00 1.50846E+00 1.51049E+00 1.58664E+00 1.64610E+00 1.38420E+00 1.30042E+00 1.08054E+00 2.65123E+01
1.15957E+00 1.37527E+00 1.45817E+00 1.58103E+00 1.58319E+00 1.66212E+00 1.72284E+00 1.45817E+00 1.37527E+00 1.15957E+00 2.73050E+01
1.23701E+00 1.44857E+00 1.53059E+00 1.65207E+00 1.65436E+00 1.73608E+00 1.79807E+00 1.53059E+00 1.44857E+00 1.23701E+00 2.80080E+01
1.31255E+00 1.52001E+00 1.60115E+00 1.72124E+00 1.72368E+00 1.80817E+00 1.87146E+00 1.60115E+00 1.52001E+00 1.31255E+00 2.86208E+01
0.00000E+00 0.00000E+00 9.88486E-02 2.47121E-01 2.47122E-01 2.75032E-01 3.16344E-01 9.88486E-02 0.00000E+00 0.00000E+00 1.03319E+00
0.00000E+00 2.90666E-02 1.26827E-01 2.73384E-01 2.73467E-01 3.04116E-01 3.46271E-01 1.26827E-01 2.90666E-02 0.00000E+00 1.97527E+00
0.00000E+00 6.29721E-02 1.59694E-01 3.04614E-01 3.04780E-01 3.38127E-01 3.81125E-01 1.59694E-01 6.29721E-02 0.00000E+00 2.96687E+00
0.00000E+00 9.97043E-02 1.95426E-01 3.38770E-01 3.39020E-01 3.75040E-01 4.18887E-01 1.95426E-01 9.97043E-02 0.00000E+00 4.01404E+00
0.00000E+00 1.39137E-01 2.33892E-01 3.75711E-01 3.76048E-01 4.14722E-01 4.59426E-01 2.33892E-01 1.39137E-01 0.00000E+00 5.10683E+00
0.00000E+00 1.81222E-01 2.75040E-01 4.15382E-01 4.15806E-01 4.57121E-01 5.02691E-01 2.75040E-01 1.81222E-01 0.00000E+00 6.23672E+00
0.00000E+00 2.25744E-01 3.18650E-01 4.57555E-01 4.58069E-01 5.02015E-01 5.48463E-01 3.18650E-01 2.25744E-01 0.00000E+00 7.39301E+00
5.55112E-17 2.61633E-01 3.53849E-01 4.91664E-01 4.92249E-01 5.38226E-01 5.85361E-01 3.53849E-01 2.61633E-01 5.55112E-17 8.29920E+00
1.06902E-02 2.71358E-01 3.63375E-01 5.00877E-01 5.01484E-01 5.48052E-01 5.95390E-01 3.63375E-01 2.71358E-01 1.06902E-02 8.55466E+00
6.69310E-02 3.23041E-01 4.14124E-01 5.50152E-01 5.50860E-01 6.00242E-01 6.48556E-01 4.14124E-01 3.23041E-01 6.69310E-02 9.73279E+00
1.26522E-01 3.78127E-01 4.68290E-01 6.02863E-01 6.03677E-01 6.55889E-01 7.05203E-01 4.68290E-01 3.78127E-01 1.26522E-01 1.09041E+01
1.88084E-01 4.35230E-01 5.24483E-01 6.57618E-01 6.58541E-01 7.13603E-01 7.63944E-01 5.24483E-01 4.35230E-01 1.88084E-01 1.20692E+01
2.51335E-01 4.94064E-01 5.82417E-01 7.14129E-01 7.15164E-01 7.73094E-01 8.24489E-01 5.82417E-01 4.94064E-01 2.51335E-01 1.32187E+01
3.16035E-01 5.54386E-01 6.41848E-01 7.72151E-01 7.73302E-01 8.34117E-01 8.86595E-01 6.41848E-01 5.54386E-01 3.16035E-01 1.43429E+01
3.81887E-01 6.15899E-01 7.02479E-01 8.31383E-01 8.32655E-01 8.96369E-01 9.49958E-01 7.02479E-01 6.15899E-01 3.81887E-01 1.54327E+01
4.48586E-01 6.78296E-01 7.64001E-01 8.91518E-01 8.92913E-01 9.59540E-01 1.01427E+00 7.64001E-01 6.78296E-01 4.48586E-01 1.64803E+01
5.15832E-01 7.41276E-01 8.26111E-01 9.52250E-01 9.53774E-01 1.02332E+00 1.07922E+00 8.26111E-01 7.41276E-01 5.15832E-01 1.74784E+01
5.83316E-01 8.04528E-01 8.88501E-01 1.01327E+00 1.01492E+00 1.08741E+00 1.14450E+00 8.88501E-01 8.04528E-01 5.83316E-01 1.84204E+01
6.50726E-01 8.67742E-01 9.50857E-01 1.07426E+00 1.07605E+00 1.15147E+00 1.20980E+00 9.50857E-01 8.67742E-01 6.50726E-01 1.93006E+01
7.17750E-01 9.30605E-01 1.01287E+00 1.13492E+00 1.13685E+00 1.21520E+00 1.27478E+00 1.01287E+00 9.30605E-01 7.17750E-01 2.01142E+01
7.84080E-01 9.92806E-01 1.07422E+00 1.19492E+00 1.19699E+00 1.27829E+00 1.33915E+00 1.07422E+00 9.92806E-01 7.84080E-01 2.08572E+01
8.49410E-01 1.05404E+00 1.13461E+00 1.25396E+00 1.25618E+00 1.34042E+00 1.40259E+00 1.13461E+00 1.05404E+00 8.49410E-01 2.15268E+01
9.13450E-01 1.11402E+00 1.19375E+00 1.31176E+00 1.31413E+00 1.40130E+00 1.46481E+00 1.19375E+00 1.11402E+00 9.13450E-01 2.21207E+01
9.75915E-01 1.17247E+00 1.25135E+00 1.36802E+00 1.37054E+00 1.46063E+00 1.52551E+00 1.25135E+00 1.17247E+00 9.75915E-01 2.26376E+01
1.03650E+00 1.22907E+00 1.30711E+00 1.42245E+00 1.42513E+00 1.51812E+00 1.58440E+00 1.30711E+00 1.22907E+00 1.03650E+00 2.30757E+01
1.09497E+00 1.28359E+00 1.36080E+00 1.47480E+00 1.47764E+00 1.57353E+00 1.64122E+00 1.36080E+00 1.28359E+00 1.09497E+00 2.34361E+01
0.00000E+00 0.00000E+00 9.42246E-02 2.35561E-01 2.35562E-01 2.70386E-01 3.13767E-01 9.42246E-02 0.00000E+00 0.00000E+00 1.17276E+00
0.00000E+00 2.78961E-02 1.21122E-01 2.60869E-01 2.60969E-01 2.98895E-01 3.43173E-01 1.21122E-01 2.78961E-02 0.00000E+00 2.06820E+00
0.00000E+00 6.00148E-02 1.52287E-01 2.90515E-01 2.90714E-01 3.31680E-01 3.76862E-01 1.52287E-01 6.00148E-02 0.00000E+00 2.99432E+00
0.00000E+00 9.44045E-02 1.85756E-01 3.22519E-01 3.22819E-01 3.66786E-01 4.12881E-01 1.85756E-01 9.44045E-02 0.00000E+00 3.95747E+00
0.00000E+00 1.30937E-01 2.21397E-01 3.56742E-01 3.57145E-01 4.04078E-01 4.51098E-01 2.21397E-01 1.30937E-01 0.00000E+00 4.94859E+00
0.00000E+00 1.69537E-01 2.59133E-01 3.93100E-01 3.93608E-01 4.43479E-01 4.91439E-01 2.59133E-01 1.69537E-01 0.00000E+00 5.95954E+00
0.00000E+00 2.10001E-01 2.98754E-01 4.31379E-01 4.31994E-01 4.84780E-01 5.33696E-01 2.98754E-01 2.10001E-01 0.00000E+00 6.98117E+00
0.00000E+00 2.42393E-01 3.30506E-01 4.62111E-01 4.62810E-01 5.17839E-01 5.67505E-01 3.30506E-01 2.42393E-01 0.00000E+00 7.77401E+00
9.65368E-03 2.51110E-01 3.39039E-01 4.70352E-01 4.71076E-01 5.26756E-01 5.76644E-01 3.39039E-01 2.51110E-01 9.65368E-03 7.99527E+00
6.02610E-02 2.97298E-01 3.84360E-01 5.14290E-01 5.15135E-01 5.73905E-01 6.24860E-01 3.84360E-01 2.97298E-01 6.02610E-02 9.00849E+00
1.13465E-01 3.46135E-01 4.32341E-01 5.60904E-01 5.61873E-01 6.23740E-01 6.75792E-01 4.32341E-01 3.46135E-01 1.13465E-01 1.00029E+01
1.68006E-01 3.96355E-01 4.81712E-01 6.08920E-01 6.10018E-01 6.74988E-01 7.28168E-01 4.81712E-01 3.96355E-01 1.68006E-01 1.09798E+01
2.23620E-01 4.47688E-01 5.32205E-01 6.58069E-01 6.59300E-01 7.27380E-01 7.81719E-01 5.32205E-01 4.47688E-01 2.23620E-01 1.19317E+01
2.80078E-01 4.99907E-01 5.83589E-01 7.08119E-01 7.09486E-01 7.80680E-01 8.36212E-01 5.83589E-01 4.99907E-01 2.80078E-01 1.28505E+01
3.37116E-01 5.52745E-01 6.35598E-01 7.58801E-01 7.60309E-01 8.34619E-01 8.91377E-01 6.35598E-01 5.52745E-01 3.37116E-01 1.37296E+01
3.94470E-01 6.05936E-01 6.87964E-01 8.09847E-01 8.11500E-01 8.88927E-01 9.46942E-01 6.87964E-01 6.05936E-01 3.94470E-01 1.45630E+01
4.51878E-01 6.59217E-01 7.40425E-01 8.60992E-01 8.62794E-01 9.43335E-01 1.00264E+00 7.40425E-01 6.59217E-01 4.51878E-01 1.53455E+01
5.09076E-01 7.12326E-01 7.92715E-01 9.11972E-01 9.13926E-01 9.97576E-01 1.05820E+00 7.92715E-01 7.12326E-01 5.09076E-01 1.60726E+01
5.65804E-01 7.64999E-01 8.44574E-01 9.62523E-01 9.64634E-01 1.05138E+00 1.11336E+00 8.44574E-01 7.64999E-01 5.65804E-01 1.67404E+01
6.21804E-01 8.16979E-01 8.95741E-01 1.01238E+00 1.01466E+00 1.10450E+00 1.16786E+00 8.95741E-01 8.16979E-01 6.21804E-01 1.73459E+01
6.76823E-01 8.68014E-01 9.45965E-01 1.06131E+00 1.06374E+00 1.15666E+00 1.22143E+00 9.45965E-01 8.68014E-01 6.76823E-01 1.78871E+01
7.30620E-01 9.17863E-01 9.95004E-01 1.10904E+00 1.11165E+00 1.20762E+00 1.27384E+00 9.95004E-01 9.17863E-01 7.30620E-01 1.83624E+01
7.82965E-01 9.66296E-01 1.04263E+00 1.15536E+00 1.15814E+00 1.25714E+00 1.32484E+00 1.04263E+00 9.66296E-01 7.82965E-01 1.87711E+01
8.33639E-01 1.01309E+00 1.08862E+00 1.20005E+00 1.20300E+00 1.30502E+00 1.37421E+00 1.08862E+00 1.01309E+00 8.33639E-01 1.91132E+01
8.82405E-01 1.05802E+00 1.13273E+00 1.24286E+00 1.24599E+00 1.35099E+00 1.42171E+00 1.13273E+00 1.05802E+00 8.82405E-01 1.93882E+01
9.29091E-01 1.10091E+00 1.17481E+00 1.28363E+00 1.28694E+00 1.39489E+00 1.46716E+00 1.17481E+00 1.10091E+00 9.29091E-01 1.95980E+01
0.00000E+00 0.00000E+00 9.02669E-02 2.25665E-01 2.25669E-01 2.68849E-01 3.14015E-01 9.02669E-02 0.00000E+00 0.00000E+00 1.32191E+00
0.00000E+00 2.67295E-02 1.16080E-01 2.50003E-01 2.50125E-01 2.96775E-01 3.42921E-01 1.16080E-01 2.67295E-02 0.00000E+00 2.16745E+00
0.00000E+00 5.71153E-02 1.45588E-01 2.78098E-01 2.78339E-01 3.28373E-01 3.75510E-01 1.45588E-01 5.71153E-02 0.00000E+00 3.02726E+00
0.00000E+00 8.92793E-02 1.76904E-01 3.08046E-01 3.08409E-01 3.61767E-01 4.09910E-01 1.76904E-01 8.92793E-02 0.00000E+00 3.90845E+00
0.00000E+00 1.23102E-01 2.09903E-01 3.39719E-01 3.40205E-01 3.96835E-01 4.46000E-01 2.09903E-01 1.23102E-01 0.00000E+00 4.80325E+00
0.00000E+00 1.58499E-01 2.44499E-01 3.73022E-01 3.73634E-01 4.33489E-01 4.83696E-01 2.44499E-01 1.58499E-01 0.00000E+00 5.70438E+00
0.00000E+00 1.95287E-01 2.80503E-01 4.07764E-01 4.08503E-01 4.71545E-01 5.22814E-01 2.80503E-01 1.95287E-01 0.00000E+00 6.60447E+00
0.00000E+00 2.24543E-01 3.09163E-01 4.35463E-01 4.36303E-01 5.01787E-01 5.53891E-01 3.09163E-01 2.24543E-01 0.00000E+00 7.29674E+00
8.73233E-03 2.32366E-01 3.16815E-01 4.42837E-01 4.43707E-01 5.09898E-01 5.62249E-01 3.16815E-01 2.32366E-01 8.73233E-03 7.48807E+00
5.43620E-02 2.73705E-01 3.57343E-01 4.82056E-01 4.83070E-01 5.52609E-01 6.06149E-01 3.57343E-01 2.73705E-01 5.43620E-02 8.35837E+00
1.01995E-01 3.17099E-01 3.99934E-01 5.23350E-01 5.24511E-01 5.97388E-01 6.52151E-01 3.99934E-01 3.17099E-01 1.01995E-01 9.20251E+00
1.50487E-01 3.61399E-01 4.43435E-01 5.65562E-01 5.66874E-01 6.43082E-01 6.99105E-01 4.43435E-01 3.61399E-01 1.50487E-01 1.00227E+01
1.99605E-01 4.06367E-01 4.87609E-01 6.08451E-01 6.09920E-01 6.89449E-01 7.46768E-01 4.87609E-01 4.06367E-01 1.99605E-01 1.08132E+01
2.49143E-01 4.51796E-01 5.32247E-01 6.51810E-01 6.53439E-01 7.36279E-01 7.94930E-01 5.32247E-01 4.51796E-01 2.49143E-01 1.15677E+01
2.98876E-01 4.97459E-01 5.77122E-01 6.95409E-01 6.97203E-01 7.83340E-01 8.43360E-01 5.77122E-01 4.97459E-01 2.98876E-01 1.22813E+01
3.48581E-01 5.43134E-01 6.22010E-01 7.39023E-01 7.40987E-01 8.30404E-01 8.91829E-01 6.22010E-01 5.43134E-01 3.48581E-01 1.29501E+01
3.98042E-01 5.88601E-01 6.66692E-01 7.82431E-01 7.84568E-01 8.77248E-01 9.40112E-01 6.66692E-01 5.88601E-01 3.98042E-01 1.35702E+01
4.47040E-01 6.33643E-01 7.10949E-01 8.25415E-01 8.27729E-01 9.23650E-01 9.87987E-01 7.10949E-01 6.33643E-01 4.47040E-01 1.41389E+01
4.95364E-01 6.78049E-01 7.54569E-01 8.67761E-01 8.70257E-01 9.69393E-01 1.03524E+00 7.54569E-01 6.78049E-01 4.95364E-01 1.46538E+01
5.42807E-01 7.21610E-01 7.97344E-01 9.09260E-01 9.11941E-01 1.01427E+00 1.08165E+00 7.97344E-01 7.21610E-01 5.42807E-01 1.51132E+01
5.89171E-01 7.64129E-01 8.39076E-01 9.49714E-01 9.52584E-01 1.05806E+00 1.12702E+00 8.39076E-01 7.64129E-01 5.89171E-01 1.55162E+01
6.34267E-01 8.05418E-01 8.79576E-01 9.88933E-01 9.91995E-01 1.10059E+00 1.17115E+00 8.79576E-01 8.05418E-01 6.34267E-01 1.58624E+01
6.77919E-01 8.45300E-01 9.18668E-01 1.02674E+00 1.03000E+00 1.14168E+00 1.21386E+00 9.18668E-01 8.45300E-01 6.77919E-01 1.61519E+01
7.19962E-01 8.83612E-01 9.56187E-01 1.06297E+00 1.06643E+00 1.18114E+00 1.25498E+00 9.56187E-01 8.83612E-01 7.19962E-01 1.63854E+01
7.60213E-01 9.20171E-01 9.91951E-01 1.09744E+00 1.10110E+00 1.21881E+00 1.29432E+00 9.91951E-01 9.20171E-01 7.60213E-01 1.65632E+01
7.98552E-01 9.54858E-01 1.02584E+00 1.13003E+00 1.13389E+00 1.25454E+00 1.33175E+00 1.02584E+00 9.54858E-01 7.98552E-01 1.66875E+01
0.00000E+00 0.00000E+00 8.64740E-02 2.16181E-01 2.16189E-01 2.69357E-01 3.16153E-01 8.64740E-02 0.00000E+00 0.00000E+00 1.48077E+00
0.00000E+00 2.54221E-02 1.11050E-01 2.39375E-01 2.39527E-01 2.96527E-01 3.44430E-01 1.11050E-01 2.54221E-02 0.00000E+00 2.26957E+00
0.00000E+00 5.39530E-02 1.38768E-01 2.65764E-01 2.66060E-01 3.26780E-01 3.75804E-01 1.38768E-01 5.39530E-02 0.00000E+00 3.05782E+00
0.00000E+00 8.37956E-02 1.67821E-01 2.93529E-01 2.93971E-01 3.58326E-01 4.08492E-01 1.67821E-01 8.37956E-02 0.00000E+00 3.85325E+00
0.00000E+00 1.14837E-01 1.98095E-01 3.22546E-01 3.23136E-01 3.91055E-01 4.42384E-01 1.98095E-01 1.14837E-01 0.00000E+00 4.64933E+00
0.00000E+00 1.46983E-01 2.29489E-01 3.52713E-01 3.53454E-01 4.24870E-01 4.77384E-01 2.29489E-01 1.46983E-01 0.00000E+00 5.43962E+00
0.00000E+00 1.80066E-01 2.61836E-01 3.83856E-01 3.84751E-01 4.59604E-01 5.13327E-01 2.61836E-01 1.80066E-01 0.00000E+00 6.21838E+00
0.00000E+00 2.06177E-01 2.87385E-01 4.08487E-01 4.09501E-01 4.86981E-01 5.41655E-01 2.87385E-01 2.06177E-01 0.00000E+00 6.81091E+00
7.81199E-03 2.13106E-01 2.94152E-01 4.14988E-01 4.16039E-01 4.94275E-01 5.49230E-01 2.94152E-01 2.13106E-01 7.81199E-03 6.97271E+00
4.84771E-02 2.49605E-01 3.29884E-01 4.49463E-01 4.50684E-01 5.32500E-01 5.88809E-01 3.29884E-01 2.49605E-01 4.84771E-02 7.70237E+00
9.05684E-02 2.87584E-01 3.67098E-01 4.85427E-01 4.86823E-01 5.72190E-01 6.29892E-01 3.67098E-01 2.87584E-01 9.05684E-02 8.39937E+00
1.33058E-01 3.26006E-01 4.04759E-01 5.21840E-01 5.23416E-01 6.12308E-01 6.71443E-01 4.04759E-01 3.26006E-01 1.33058E-01 9.06661E+00
1.75735E-01 3.64661E-01 4.42653E-01 5.58487E-01 5.60248E-01 6.52638E-01 7.13246E-01 4.42653E-01 3.64661E-01 1.75735E-01 9.69984E+00
2.18417E-01 4.03361E-01 4.80592E-01 5.95180E-01 5.97130E-01 6.92990E-01 7.55110E-01 4.80592E-01 4.03361E-01 2.18417E-01 1.02944E+01
2.60909E-01 4.41913E-01 5.18384E-01 6.31723E-01 6.33867E-01 7.33165E-01 7.96835E-01 5.18384E-01 4.41913E-01 2.60909E-01 1.08470E+01
3.03028E-01 4.80132E-01 5.55841E-01 6.67930E-01 6.70271E-01 7.72973E-01 8.38232E-01 5.55841E-01 4.80132E-01 3.03028E-01 1.13552E+01
3.44594E-01 5.17837E-01 5.92782E-01 7.03618E-01 7.06161E-01 8.12229E-01 8.79113E-01 5.92782E-01 5.17837E-01 3.44594E-01 1.18168E+01
3.85429E-01 5.54851E-01 6.29030E-01 7.38608E-01 7.41357E-01 8.50750E-01 9.19294E-01 6.29030E-01 5.54851E-01 3.85429E-01 1.22302E+01
4.25365E-01 5.91004E-01 6.64414E-01 7.72730E-01 7.75688E-01 8.88363E-01 9.58600E-01 6.64414E-01 5.91004E-01 4.25365E-01 1.25944E+01
4.64238E-01 6.26134E-01 6.98772E-01 8.05820E-01 8.08991E-01 9.24900E-01 9.96862E-01 6.98772E-01 6.26134E-01 4.64238E-01 1.29088E+01
5.01897E-01 6.60089E-01 7.31952E-01 8.37726E-01 8.41113E-01 9.60205E-01 1.03392E+00 7.31952E-01 6.60089E-01 5.01897E-01 1.31737E+01
5.38199E-01 6.92728E-01 7.63810E-01 8.68305E-01 8.71911E-01 9.94130E-01 1.06963E+00 7.63810E-01 6.92728E-01 5.38199E-01 1.33894E+01
5.73016E-01 7.23920E-01 7.94219E-01 8.97427E-01 9.01254E-01 1.02654E+00 1.10385E+00 7.94219E-01 7.23920E-01 5.73016E-01 1.35569E+01
6.06228E-01 7.53550E-01 8.23061E-01 9.24975E-01 9.29026E-01 1.05732E+00 1.13646E+00 8.23061E-01 7.53550E-01 6.06228E-01 1.36776E+01
6.37702E-01 7.81484E-01 8.50201E-01 9.50814E-01 9.55090E-01 1.08633E+00 1.16732E+00 8.50201E-01 7.81484E-01 6.37702E-01 1.37525E+01
6.67363E-01 8.07646E-01 8.75565E-01 9.74870E-01 9.79373E-01 1.11348E+00 1.19634E+00 8.75565E-01 8.07646E-01 6.67363E-01 1.37840E+01
0.00000E+00 0.00000E+00 8.31612E-02 2.07893E-01 2.07912E-01 2.72843E-01 3.21052E-01 8.31612E-02 0.00000E+00 0.00000E+00 1.64439E+00
0.00000E+00 2.40755E-02 1.06446E-01 2.29864E-01 2.30057E-01 2.99155E-01 3.48655E-01 1.06446E-01 2.40755E-02 0.00000E+00 2.37238E+00
0.00000E+00 5.07516E-02 1.32357E-01 2.54506E-01 2.54875E-01 3.27997E-01 3.78805E-01 1.32357E-01 5.07516E-02 0.00000E+00 3.08733E+00
0.00000E+00 7.83214E-02 1.59183E-01 2.80095E-01 2.80641E-01 3.57678E-01 4.09816E-01 1.59183E-01 7.83214E-02 0.00000E+00 3.79766E+00
0.00000E+00 1.06685E-01 1.86817E-01 3.06520E-01 3.07245E-01 3.88101E-01 4.41593E-01 1.86817E-01 1.06685E-01 0.00000E+00 4.49823E+00
0.00000E+00 1.35742E-01 2.15160E-01 3.33675E-01 3.34582E-01 4.19166E-01 4.74038E-01 2.15160E-01 1.35742E-01 0.00000E+00 5.18355E+00
0.00000E+00 1.65350E-01 2.44064E-01 3.61410E-01 3.62502E-01 4.50734E-01 5.07011E-01 2.44064E-01 1.65350E-01 0.00000E+00 5.84948E+00
0.00000E+00 1.88538E-01 2.66713E-01 3.83164E-01 3.84400E-01 4.75408E-01 5.32789E-01 2.66713E-01 1.88538E-01 0.00000E+00 6.35052E+00
6.96336E-03 1.94643E-01 2.72662E-01 3.88853E-01 3.90132E-01 4.81937E-01 5.39644E-01 2.72662E-01 1.94643E-01 6.96336E-03 6.48553E+00
4.30711E-02 2.26698E-01 3.03977E-01 4.18938E-01 4.20421E-01 5.15985E-01 5.75261E-01 3.03977E-01 2.26698E-01 4.30711E-02 7.08852E+00
8.01236E-02 2.59754E-01 3.36293E-01 4.50024E-01 4.51716E-01 5.50991E-01 6.11877E-01 3.36293E-01 2.59754E-01 8.01236E-02 7.65503E+00
1.17205E-01 2.92886E-01 3.68684E-01 4.81184E-01 4.83089E-01 5.86028E-01 6.48566E-01 3.68684E-01 2.92886E-01 1.17205E-01 8.18859E+00
1.54132E-01 3.25910E-01 4.00966E-01 5.12231E-01 5.14354E-01 6.20910E-01 6.85142E-01 4.00966E-01 3.25910E-01 1.54132E-01 8.68633E+00
1.90745E-01 3.58664E-01 4.32975E-01 5.43000E-01 5.45346E-01 6.55469E-01 7.21436E-01 4.32975E-01 3.58664E-01 1.90745E-01 9.14502E+00
2.26886E-01 3.90989E-01 4.64551E-01 5.73332E-01 5.75904E-01 6.89541E-01 7.57282E-01 4.64551E-01 3.90989E-01 2.26886E-01 9.56269E+00
2.62406E-01 4.22737E-01 4.95546E-01 6.03076E-01 6.05879E-01 7.22975E-01 7.92528E-01 4.95546E-01 4.22737E-01 2.62406E-01 9.93819E+00
2.97162E-01 4.53762E-01 5.25814E-01 6.32085E-01 6.35124E-01 7.55620E-01 8.27019E-01 5.25814E-01 4.53762E-01 2.97162E-01 1.02705E+01
3.31014E-01 4.83926E-01 5.55216E-01 6.60221E-01 6.63497E-01 7.87332E-01 8.60612E-01 5.55216E-01 4.83926E-01 3.31014E-01 1.05591E+01
3.63831E-01 5.13097E-01 5.83620E-01 6.87351E-01 6.90868E-01 8.17977E-01 8.93168E-01 5.83620E-01 5.13097E-01 3.63831E-01 1.08040E+01
3.95491E-01 5.41153E-01 6.10904E-01 7.13352E-01 7.17113E-01 8.47427E-01 9.24558E-01 6.10904E-01 5.41153E-01 3.95491E-01 1.10055E+01
4.25882E-01 5.67983E-01 6.36956E-01 7.38111E-01 7.42119E-01 8.75566E-01 9.54662E-01 6.36956E-01 5.67983E-01 4.25882E-01 1.11644E+01
4.54902E-01 5.93486E-01 6.61674E-01 7.61528E-01 7.65784E-01 9.02288E-01 9.83373E-01 6.61674E-01 5.93486E-01 4.54902E-01 1.12819E+01
4.82461E-01 6.17571E-01 6.84968E-01 7.83512E-01 7.88018E-01 9.27499E-01 1.01059E+00 6.84968E-01 6.17571E-01 4.82461E-01 1.13594E+01
5.08481E-01 6.40161E-01 7.06761E-01 8.03986E-01 8.08742E-01 9.51118E-01 1.03624E+00 7.06761E-01 6.40161E-01 5.08481E-01 1.13987E+01
5.32865E-01 6.61162E-01 7.26958E-01 8.22853E-01 8.27861E-01 9.73043E-01 1.06020E+00 7.26958E-01 6.61162E-01 5.32865E-01 1.14010E+01
5.55576E-01 6.80535E-01 7.45520E-01 8.40077E-01 8.45336E-01 9.93233E-01 1.08244E+00 7.45520E-01 6.80535E-01 5.55576E-01 1.13690E+01
0.00000E+00 0.00000E+00 8.02104E-02 2.00505E-01 2.00547E-01 2.79098E-01 3.28648E-01 8.02104E-02 0.00000E+00 0.00000E+00 1.80865E+00
0.00000E+00 2.26757E-02 1.02133E-01 2.21152E-01 2.21409E-01 3.04415E-01 3.55511E-01 1.02133E-01 2.26757E-02 0.00000E+00 2.47190E+00
0.00000E+00 4.74726E-02 1.26198E-01 2.43980E-01 2.44451E-01 3.31736E-01 3.84394E-01 1.26198E-01 4.74726E-02 0.00000E+00 3.11161E+00
0.00000E+00 7.27828E-02 1.50792E-01 2.67362E-01 2.68050E-01 3.59477E-01 4.13720E-01 1.50792E-01 7.27828E-02 0.00000E+00 3.73692E+00
0.00000E+00 9.85222E-02 1.75828E-01 2.91207E-01 2.92113E-01 3.87559E-01 4.43411E-01 1.75828E-01 9.85222E-02 0.00000E+00 4.34404E+00
0.00000E+00 1.24594E-01 2.01206E-01 3.15411E-01 3.16538E-01 4.15886E-01 4.73372E-01 2.01206E-01 1.24594E-01 0.00000E+00 4.92856E+00
0.00000E+00 1.50880E-01 2.26806E-01 3.39851E-01 3.41200E-01 4.44348E-01 5.03493E-01 2.26806E-01 1.50880E-01 0.00000E+00 5.48784E+00
0.00000E+00 1.71297E-01 2.46695E-01 3.58849E-01 3.60372E-01 4.66398E-01 5.26843E-01 2.46695E-01 1.71297E-01 0.00000E+00 5.90337E+00
6.16404E-03 1.76625E-01 2.51870E-01 3.63764E-01 3.65338E-01 4.72188E-01 5.33016E-01 2.51870E-01 1.76625E-01 6.16404E-03 6.01359E+00
3.79963E-02 2.04515E-01 2.79032E-01 3.89696E-01 3.91514E-01 5.02236E-01 5.64902E-01 2.79032E-01 2.04515E-01 3.79963E-02 6.50008E+00
7.03614E-02 2.32997E-01 3.06783E-01 4.16212E-01 4.18280E-01 5.32801E-01 5.97347E-01 3.06783E-01 2.32997E-01 7.03614E-02 6.94812E+00
1.02452E-01 2.61255E-01 3.34307E-01 4.42495E-01 4.44816E-01 5.63068E-01 6.29536E-01 3.34307E-01 2.61255E-01 1.02452E-01 7.36180E+00
1.34117E-01 2.89137E-01 3.61448E-01 4.68388E-01 4.70967E-01 5.92880E-01 6.61310E-01 3.61448E-01 2.89137E-01 1.34117E-01 7.73948E+00
1.65219E-01 3.16505E-01 3.88071E-01 4.93754E-01 4.96595E-01 6.22095E-01 6.92527E-01 3.88071E-01 3.16505E-01 1.65219E-01 8.07917E+00
1.95634E-01 3.43233E-01 4.14048E-01 5.18465E-01 5.21572E-01 6.50583E-01 7.23052E-01 4.14048E-01 3.43233E-01 1.95634E-01 8.38006E+00
2.25250E-01 3.69208E-01 4.39267E-01 5.42407E-01 5.45783E-01 6.78227E-01 7.52769E-01 4.39267E-01 3.69208E-01 2.25250E-01 8.64204E+00
2.53956E-01 3.94320E-01 4.63614E-01 5.65468E-01 5.69116E-01 7.04913E-01 7.81557E-01 4.63614E-01 3.94320E-01 2.53956E-01 8.86507E+00
2.81648E-01 4.18464E-01 4.86987E-01 5.87543E-01 5.91465E-01 7.30531E-01 8.09307E-01 4.86987E-01 4.18464E-01 2.81648E-01 9.04947E+00
3.08231E-01 4.41545E-01 5.09289E-01 6.08537E-01 6.12736E-01 7.54982E-01 8.35914E-01 5.09289E-01 4.41545E-01 3.08231E-01 9.19595E+00
3.33617E-01 4.63477E-01 5.30435E-01 6.28363E-01 6.32840E-01 7.78176E-01 8.61286E-01 5.30435E-01 4.63477E-01 3.33617E-01 9.30551E+00
3.57731E-01 4.84183E-01 5.50347E-01 6.46945E-01 6.51700E-01 8.00032E-01 8.85338E-01 5.50347E-01 4.84183E-01 3.57731E-01 9.37948E+00
3.80506E-01 5.03597E-01 5.68959E-01 6.64215E-01 6.69250E-01 8.20480E-01 9.07996E-01 5.68959E-01 5.03597E-01 3.80506E-01 9.41941E+00
4.01885E-01 5.21664E-01 5.86216E-01 6.80119E-01 6.85433E-01 8.39461E-01 9.29197E-01 5.86216E-01 5.21664E-01 4.01885E-01 9.42706E+00
4.21822E-01 5.38337E-01 6.02072E-01 6.94611E-01 7.00204E-01 8.56926E-01 9.48888E-01 6.02072E-01 5.38337E-01 4.21822E-01 9.40436E+00
4.40257E-01 5.53558E-01 6.16467E-01 7.07631E-01 7.13501E-01 8.72808E-01 9.66998E-01 6.16467E-01 5.53558E-01 4.40257E-01 9.35292E+00
4.57179E-01 5.67315E-01 6.29391E-01 7.19171E-01 7.25316E-01 8.87096E-01 9.83512E-01 6.29391E-01 5.67315E-01 4.57179E-01 9.27526E+00
0.00000E+00 0.00000E+00 7.76170E-02 1.93997E-01 1.94088E-01 2.88110E-01 3.39131E-01 7.76170E-02 0.00000E+00 0.00000E+00 1.96766E+00
0.00000E+00 2.12127E-02 9.80970E-02 2.13210E-01 2.13566E-01 3.12258E-01 3.65163E-01 9.80970E-02 2.12127E-02 0.00000E+00 2.56252E+00
0.00000E+00 4.41008E-02 1.20270E-01 2.34146E-01 2.34767E-01 3.37918E-01 3.92718E-01 1.20270E-01 4.41008E-02 0.00000E+00 3.12551E+00
0.00000E+00 6.71651E-02 1.42630E-01 2.55290E-01 2.56177E-01 3.63621E-01 4.20333E-01 1.42630E-01 6.71651E-02 0.00000E+00 3.66648E+00
0.00000E+00 9.03416E-02 1.65111E-01 2.76571E-01 2.77725E-01 3.89311E-01 4.47955E-01 1.65111E-01 9.03416E-02 0.00000E+00 4.18296E+00
0.00000E+00 1.13542E-01 1.87622E-01 2.97894E-01 2.99316E-01 4.14902E-01 4.75499E-01 1.87622E-01 1.13542E-01 0.00000E+00 4.67167E+00
0.00000E+00 1.36675E-01 2.10071E-01 3.19163E-01 3.20856E-01 4.40313E-01 5.02882E-01 2.10071E-01 1.36675E-01 0.00000E+00 5.13135E+00
0.00000E+00 1.54488E-01 2.27356E-01 3.35538E-01 3.37441E-01 4.59817E-01 5.23926E-01 2.27356E-01 1.54488E-01 0.00000E+00 5.46806E+00
5.41617E-03 1.59092E-01 2.31806E-01 3.39725E-01 3.41689E-01 4.64896E-01 5.29457E-01 2.31806E-01 1.59092E-01 5.41617E-03 5.55568E+00
3.32676E-02 1.83120E-01 2.55101E-01 3.61760E-01 3.64018E-01 4.91123E-01 5.57848E-01 2.55101E-01 1.83120E-01 3.32676E-02 5.93679E+00
6.13136E-02 2.07404E-01 2.78648E-01 3.84040E-01 3.86594E-01 5.17500E-01 5.86426E-01 2.78648E-01 2.07404E-01 6.13136E-02 6.27933E+00
8.88527E-02 2.31238E-01 3.01738E-01 4.05851E-01 4.08707E-01 5.43319E-01 6.14484E-01 3.01738E-01 2.31238E-01 8.88527E-02 6.58783E+00
1.15763E-01 2.54496E-01 3.24244E-01 4.27069E-01 4.30229E-01 5.68453E-01 6.41892E-01 3.24244E-01 2.54496E-01 1.15763E-01 6.86168E+00
1.41934E-01 2.77070E-01 3.46058E-01 4.47582E-01 4.51049E-01 5.92788E-01 6.68534E-01 3.46058E-01 2.77070E-01 1.41934E-01 7.09996E+00
1.67274E-01 2.98864E-01 3.67083E-01 4.67295E-01 4.71072E-01 6.16225E-01 6.94308E-01 3.67083E-01 2.98864E-01 1.67274E-01 7.30279E+00
1.91704E-01 3.19799E-01 3.87241E-01 4.86127E-01 4.90216E-01 6.38681E-01 7.19127E-01 3.87241E-01 3.19799E-01 1.91704E-01 7.47088E+00
2.15142E-01 3.39794E-01 4.06450E-01 5.03997E-01 5.08400E-01 6.60073E-01 7.42904E-01 4.06450E-01 3.39794E-01 2.15142E-01 7.60488E+00
2.37518E-01 3.58777E-01 4.24639E-01 5.20834E-01 5.25551E-01 6.80325E-01 7.65559E-01 4.24639E-01 3.58777E-01 2.37518E-01 7.70576E+00
2.58766E-01 3.76684E-01 4.41742E-01 5.36573E-01 5.41604E-01 6.99370E-01 7.87021E-01 4.41742E-01 3.76684E-01 2.58766E-01 7.77472E+00
2.78833E-01 3.93460E-01 4.57705E-01 5.51159E-01 5.56503E-01 7.17147E-01 8.07226E-01 4.57705E-01 3.93460E-01 2.78833E-01 7.81322E+00
2.97670E-01 4.09059E-01 4.72481E-01 5.64546E-01 5.70203E-01 7.33609E-01 8.26120E-01 4.72481E-01 4.09059E-01 2.97670E-01 7.82287E+00
3.15240E-01 4.23443E-01 4.86033E-01 5.76697E-01 5.82664E-01 7.48714E-01 8.43659E-01 4.86033E-01 4.23443E-01 3.15240E-01 7.80545E+00
3.31516E-01 4.36585E-01 4.98334E-01 5.87584E-01 5.93860E-01 7.62432E-01 8.59806E-01 4.98334E-01 4.36585E-01 3.31516E-01 7.76285E+00
3.46478E-01 4.48465E-01 5.09365E-01 5.97190E-01 6.03771E-01 7.74740E-01 8.74535E-01 5.09365E-01 4.48465E-01 3.46478E-01 7.69704E+00
3.60091E-01 4.59050E-01 5.19092E-01 6.05482E-01 6.12364E-01 7.85601E-01 8.87802E-01 5.19092E-01 4.59050E-01 3.60091E-01 7.60971E+00
3.72367E-01 4.68352E-01 5.27527E-01 6.12474E-01 6.19652E-01 7.95027E-01 8.99615E-01 5.27527E-01 4.68352E-01 3.72367E-01 7.50319E+00
0.00000E+00 0.00000E+00 7.53852E-02 1.88368E-01 1.88558E-01 2.99756E-01 3.52662E-01 7.53852E-02 0.00000E+00 0.00000E+00 2.11325E+00
0.00000E+00 1.96882E-02 9.43419E-02 2.06029E-01 2.06550E-01 3.22531E-01 3.77749E-01 9.43419E-02 1.96882E-02 0.00000E+00 2.63700E+00
0.00000E+00 4.06497E-02 1.14585E-01 2.25002E-01 2.25851E-01 3.46370E-01 4.03897E-01 1.14585E-01 4.06497E-02 0.00000E+00 3.12303E+00
0.00000E+00 6.15024E-02 1.34727E-01 2.43889E-01 2.45067E-01 3.69928E-01 4.29770E-01 1.34727E-01 6.15024E-02 0.00000E+00 3.58176E+00
0.00000E+00 8.22048E-02 1.54724E-01 2.62643E-01 2.64149E-01 3.93174E-01 4.55341E-01 1.54724E-01 8.22048E-02 0.00000E+00 4.01198E+00
0.00000E+00 1.02681E-01 1.74499E-01 2.81183E-01 2.83016E-01 4.16037E-01 4.80538E-01 1.74499E-01 1.02681E-01 0.00000E+00 4.41147E+00
0.00000E+00 1.22870E-01 1.93987E-01 2.99441E-01 3.01602E-01 4.38465E-01 5.05310E-01 1.93987E-01 1.22870E-01 0.00000E+00 4.78018E+00
0.00000E+00 1.38276E-01 2.08852E-01 3.13356E-01 3.15770E-01 4.55515E-01 5.24181E-01 2.08852E-01 1.38276E-01 0.00000E+00 5.04595E+00
4.72660E-03 1.42219E-01 2.12636E-01 3.16864E-01 3.19352E-01 4.59913E-01 5.29111E-01 2.12636E-01 1.42219E-01 4.72660E-03 5.11349E+00
2.89284E-02 1.62732E-01 2.32395E-01 3.35303E-01 3.38143E-01 4.82520E-01 5.54257E-01 2.32395E-01 1.62732E-01 2.89284E-02 5.40181E+00
5.30625E-02 1.83245E-01 2.52146E-01 3.53723E-01 3.56916E-01 5.04986E-01 5.79291E-01 2.52146E-01 1.83245E-01 5.30625E-02 5.65310E+00
7.65274E-02 2.03150E-01 2.71279E-01 3.71512E-01 3.75061E-01 5.26705E-01 6.03604E-01 2.71279E-01 2.03150E-01 7.65274E-02 5.87217E+00
9.92299E-02 2.22351E-01 2.89699E-01 3.88574E-01 3.92481E-01 5.47580E-01 6.27098E-01 2.89699E-01 2.22351E-01 9.92299E-02 6.05926E+00
1.21087E-01 2.40765E-01 3.07322E-01 4.04825E-01 4.09090E-01 5.67520E-01 6.49680E-01 3.07322E-01 2.40765E-01 1.21087E-01 6.21427E+00
1.42034E-01 2.58326E-01 3.24081E-01 4.20198E-01 4.24822E-01 5.86461E-01 6.71278E-01 3.24081E-01 2.58326E-01 1.42034E-01 6.33802E+00
1.62020E-01 2.74983E-01 3.39926E-01 4.34643E-01 4.39625E-01 6.04347E-01 6.91834E-01 3.39926E-01 2.74983E-01 1.62020E-01 6.43177E+00
1.80994E-01 2.90684E-01 3.54804E-01 4.48106E-01 4.53445E-01 6.21123E-01 7.11288E-01 3.54804E-01 2.90684E-01 1.80994E-01 6.49666E+00
1.98911E-01 3.05383E-01 3.68670E-01 4.60544E-01 4.66238E-01 6.36743E-01 7.29588E-01 3.68670E-01 3.05383E-01 1.98911E-01 6.53404E+00
2.15732E-01 3.19043E-01 3.81486E-01 4.71918E-01 4.77965E-01 6.51165E-01 7.46687E-01 3.81486E-01 3.19043E-01 2.15732E-01 6.54544E+00
2.31428E-01 3.31633E-01 3.93223E-01 4.82200E-01 4.88596E-01 6.64356E-01 7.62550E-01 3.93223E-01 3.31633E-01 2.31428E-01 6.53250E+00
2.45977E-01 3.43131E-01 4.03858E-01 4.91369E-01 4.98109E-01 6.76293E-01 7.77145E-01 4.03858E-01 3.43131E-01 2.45977E-01 6.49697E+00
2.59364E-01 3.53524E-01 4.13377E-01 4.99410E-01 5.06490E-01 6.86959E-01 7.90451E-01 4.13377E-01 3.53524E-01 2.59364E-01 6.44067E+00
2.71582E-01 3.62804E-01 4.21774E-01 5.06318E-01 5.13732E-01 6.96345E-01 8.02454E-01 4.21774E-01 3.62804E-01 2.71582E-01 6.36546E+00
2.82630E-01 3.70973E-01 4.29050E-01 5.12095E-01 5.19836E-01 7.04451E-01 8.13148E-01 4.29050E-01 3.70973E-01 2.82630E-01 6.27322E+00
2.92497E-01 3.78016E-01 4.35193E-01 5.16731E-01 5.24791E-01 7.11259E-01 8.22510E-01 4.35193E-01 3.78016E-01 2.92497E-01 6.16558E+00
3.01209E-01 3.83962E-01 4.40230E-01 5.20252E-01 5.28623E-01 7.16798E-01 8.30561E-01 4.40230E-01 3.83962E-01 3.01209E-01 6.04459E+00
0.00000E+00 0.00000E+00 7.34498E-02 1.83431E-01 1.83818E-01 3.13627E-01 3.69256E-01 7.34498E-02 0.00000E+00 0.00000E+00 2.23802E+00
0.00000E+00 1.81028E-02 9.07978E-02 1.99410E-01 2.00211E-01 3.34796E-01 3.93250E-01 9.07978E-02 1.81028E-02 0.00000E+00 2.68916E+00
0.00000E+00 3.71212E-02 1.09072E-01 2.16337E-01 2.17547E-01 3.56632E-01 4.17884E-01 1.09072E-01 3.71212E-02 0.00000E+00 3.09899E+00
0.00000E+00 5.57968E-02 1.27008E-01 2.32940E-01 2.34555E-01 3.77917E-01 4.41954E-01 1.27008E-01 5.57968E-02 0.00000E+00 3.47833E+00
0.00000E+00 7.41117E-02 1.44587E-01 2.49195E-01 2.51212E-01 3.98648E-01 4.65461E-01 1.44587E-01 7.41117E-02 0.00000E+00 3.82709E+00
0.00000E+00 9.20056E-02 1.61746E-01 2.65036E-01 2.67451E-01 4.18768E-01 4.88349E-01 1.61746E-01 9.20056E-02 0.00000E+00 4.14405E+00
0.00000E+00 1.09444E-01 1.78448E-01 2.80424E-01 2.83235E-01 4.38255E-01 5.10597E-01 1.78448E-01 1.09444E-01 0.00000E+00 4.43015E+00
0.00000E+00 1.22628E-01 1.91063E-01 2.92022E-01 2.95138E-01 4.52919E-01 5.27393E-01 1.91063E-01 1.22628E-01 0.00000E+00 4.63241E+00
4.09061E-03 1.25967E-01 1.94235E-01 2.94898E-01 2.98102E-01 4.56660E-01 5.31755E-01 1.94235E-01 1.25967E-01 4.09061E-03 4.68221E+00
2.49448E-02 1.43285E-01 2.10757E-01 3.10007E-01 3.13630E-01 4.75807E-01 5.53851E-01 2.10757E-01 1.43285E-01 2.49448E-02 4.88927E+00
4.55333E-02 1.60410E-01 2.27078E-01 3.24902E-01 3.28942E-01 4.94590E-01 5.75594E-01 2.27078E-01 1.60410E-01 4.55333E-02 5.06208E+00
6.53477E-02 1.76828E-01 2.42679E-01 3.39063E-01 3.43520E-01 5.12496E-01 5.96473E-01 2.42679E-01 1.76828E-01 6.53477E-02 5.20560E+00
8.43223E-02 1.92470E-01 2.57494E-01 3.52423E-01 3.57296E-01 5.29457E-01 6.16412E-01 2.57494E-01 1.92470E-01 8.43223E-02 5.32067E+00
1.02398E-01 2.07278E-01 2.71462E-01 3.64921E-01 3.70207E-01 5.45407E-01 6.35344E-01 2.71462E-01 2.07278E-01 1.02398E-01 5.40783E+00
1.19536E-01 2.21210E-01 2.84543E-01 3.76519E-01 3.82214E-01 5.60306E-01 6.53223E-01 2.84543E-01 2.21210E-01 1.19536E-01 5.46839E+00
1.35711E-01 2.34241E-01 2.96712E-01 3.87189E-01 3.93290E-01 5.74127E-01 6.70017E-01 2.96712E-01 2.34241E-01 1.35711E-01 5.50393E+00
1.50894E-01 2.46341E-01 3.07939E-01 3.96905E-01 4.03406E-01 5.86840E-01 6.85688E-01 3.07939E-01 2.46341E-01 1.50894E-01 5.51589E+00
1.65063E-01 2.57487E-01 3.18201E-01 4.05642E-01 4.12538E-01 5.98418E-01 7.00207E-01 3.18201E-01 2.57487E-01 1.65063E-01 5.50584E+00
1.78202E-01 2.67664E-01 3.27482E-01 4.13388E-01 4.20671E-01 6.08846E-01 7.13551E-01 3.27482E-01 2.67664E-01 1.78202E-01 5.47541E+00
1.90302E-01 2.76861E-01 3.35774E-01 4.20132E-01 4.27796E-01 6.18111E-01 7.25702E-01 3.35774E-01 2.76861E-01 1.90302E-01 5.42632E+00
2.01358E-01 2.85076E-01 3.43073E-01 4.25874E-01 4.33908E-01 6.26210E-01 7.36651E-01 3.43073E-01 2.85076E-01 2.01358E-01 5.36028E+00
2.11375E-01 2.92310E-01 3.49382E-01 4.30617E-01 4.39013E-01 6.33144E-01 7.46394E-01 3.49382E-01 2.92310E-01 2.11375E-01 5.27904E+00
2.20361E-01 2.98574E-01 3.54712E-01 4.34372E-01 4.43120E-01 6.38922E-01 7.54932E-01 3.54712E-01 2.98574E-01 2.20361E-01 5.18433E+00
2.28330E-01 3.03881E-01 3.59077E-01 4.37155E-01 4.46244E-01 6.43559E-01 7.62275E-01 3.59077E-01 3.03881E-01 2.28330E-01 5.07782E+00
2.35285E-01 3.08235E-01 3.62480E-01 4.38971E-01 4.48388E-01 6.47054E-01 7.68416E-01 3.62480E-01 3.08235E-01 2.35285E-01 4.96102E+00
2.41261E-01 3.11671E-01 3.64958E-01 4.39858E-01 4.49590E-01 6.49446E-01 7.73387E-01 3.64958E-01 3.11671E-01 2.41261E-01 4.83564E+00
0.00000E+00 0.00000E+00 7.17606E-02 1.79022E-01 1.79781E-01 3.29198E-01 3.88853E-01 7.17606E-02 0.00000E+00 0.00000E+00 2.33316E+00
0.00000E+00 1.64709E-02 8.74271E-02 1.93196E-01 1.94473E-01 3.48522E-01 4.11584E-01 8.74271E-02 1.64709E-02 0.00000E+00 2.71185E+00
0.00000E+00 3.35507E-02 1.03711E-01 2.08012E-01 2.09795E-01 3.68173E-01 4.34580E-01 1.03711E-01 3.35507E-02 0.00000E+00 3.04788E+00
0.00000E+00 5.01086E-02 1.19478E-01 2.22324E-01 2.24604E-01 3.87065E-01 4.56777E-01 1.19478E-01 5.01086E-02 0.00000E+00 3.35226E+00
0.00000E+00 6.61493E-02 1.34729E-01 2.36130E-01 2.38899E-01 4.05218E-01 4.78199E-01 1.34729E-01 6.61493E-02 0.00000E+00 3.62581E+00
0.00000E+00 8.16297E-02 1.49421E-01 2.49384E-01 2.52634E-01 4.22594E-01 4.98809E-01 1.49421E-01 8.16297E-02 0.00000E+00 3.86818E+00
0.00000E+00 9.65393E-02 1.63540E-01 2.62069E-01 2.65793E-01 4.39199E-01 5.18615E-01 1.63540E-01 9.65393E-02 0.00000E+00 4.08106E+00
0.00000E+00 1.07706E-01 1.74094E-01 2.71516E-01 2.75601E-01 4.51555E-01 5.33431E-01 1.74094E-01 1.07706E-01 0.00000E+00 4.22788E+00
3.51196E-03 1.10502E-01 1.76711E-01 2.73810E-01 2.77999E-01 4.54666E-01 5.37252E-01 1.76711E-01 1.10502E-01 3.51196E-03 4.26244E+00
2.13386E-02 1.24968E-01 1.90321E-01 2.85881E-01 2.90562E-01 4.70529E-01 5.56485E-01 1.90321E-01 1.24968E-01 2.13386E-02 4.40035E+00
3.87617E-02 1.39108E-01 2.03595E-01 2.97606E-01 3.02773E-01 4.85869E-01 5.75181E-01 2.03595E-01 1.39108E-01 3.87617E-02 4.50771E+00
5.53583E-02 1.52495E-01 2.16103E-01 3.08550E-01 3.14198E-01 5.00258E-01 5.92914E-01 2.16103E-01 1.52495E-01 5.53583E-02 4.58946E+00
7.10864E-02 1.65083E-01 2.27801E-01 3.18671E-01 3.24793E-01 5.13652E-01 6.09636E-01 2.27801E-01 1.65083E-01 7.10864E-02 4.64687E+00
8.59085E-02 1.76834E-01 2.38650E-01 3.27931E-01 3.34519E-01 5.26010E-01 6.25299E-01 2.38650E-01 1.76834E-01 8.59085E-02 4.68089E+00
9.98078E-02 1.87730E-01 2.48632E-01 3.36312E-01 3.43357E-01 5.37313E-01 6.39878E-01 2.48632E-01 1.87730E-01 9.98078E-02 4.69310E+00
1.12779E-01 1.97764E-01 2.57741E-01 3.43807E-01 3.51301E-01 5.47556E-01 6.53363E-01 2.57741E-01 1.97764E-01 1.12779E-01 4.68522E+00
1.24811E-01 2.06925E-01 2.65966E-01 3.50409E-01 3.58341E-01 5.56726E-01 6.65735E-01 2.65966E-01 2.06925E-01 1.24811E-01 4.65882E+00
1.35901E-01 2.15209E-01 2.73303E-01 3.56112E-01 3.64471E-01 5.64819E-01 6.76984E-01 2.73303E-01 2.15209E-01 1.35901E-01 4.61551E+00
1.46049E-01 2.22615E-01 2.79752E-01 3.60919E-01 3.69692E-01 5.71834E-01 6.87104E-01 2.79752E-01 2.22615E-01 1.46049E-01 4.55690E+00
1.55261E-01 2.29148E-01 2.85319E-01 3.64837E-01 3.74011E-01 5.77778E-01 6.96092E-01 2.85319E-01 2.29148E-01 1.55261E-01 4.48463E+00
1.63547E-01 2.34820E-01 2.90014E-01 3.67879E-01 3.77438E-01 5.82659E-01 7.03955E-01 2.90014E-01 2.34820E-01 1.63547E-01 4.40029E+00
1.70922E-01 2.39644E-01 2.93855E-01 3.70060E-01 3.79991E-01 5.86495E-01 7.10700E-01 2.93855E-01 2.39644E-01 1.70922E-01 4.30546E+00
1.77407E-01 2.43640E-01 2.96859E-01 3.71402E-01 3.81689E-01 5.89306E-01 7.16344E-01 2.96859E-01 2.43640E-01 1.77407E-01 4.20165E+00
1.83025E-01 2.46832E-01 2.99053E-01 3.71931E-01 3.82557E-01 5.91116E-01 7.20903E-01 2.99053E-01 2.46832E-01 1.83025E-01 4.09031E+00
1.87788E-01 2.49232E-01 3.00449E-01 3.71663E-01 3.82611E-01 5.91937E-01 7.24383E-01 3.00449E-01 2.49232E-01 1.87788E-01 3.97271E+00
1.91738E-01 2.50881E-01 3.01088E-01 3.70639E-01 3.81890E-01 5.91813E-01 7.26823E-01 3.01088E-01 2.50881E-01 1.91738E-01 3.85026E+00
0.00000E+00 0.00000E+00 7.00631E-02 1.74435E-01 1.75881E-01 3.45548E-01 4.11091E-01 7.00631E-02 0.00000E+00 0.00000E+00 2.39912E+00
0.00000E+00 1.47709E-02 8.39624E-02 1.86685E-01 1.88769E-01 3.62802E-01 4.32362E-01 8.39624E-02 1.47709E-02 0.00000E+00 2.70502E+00
0.00000E+00 2.98759E-02 9.82049E-02 1.99305E-01 2.02006E-01 3.80082E-01 4.53553E-01 9.82049E-02 2.98759E-02 0.00000E+00 2.96842E+00
0.00000E+00 4.43168E-02 1.11787E-01 2.11283E-01 2.14584E-01 3.96437E-01 4.73741E-01 1.11787E-01 4.43168E-02 0.00000E+00 3.20028E+00
0.00000E+00 5.81188E-02 1.24732E-01 2.22636E-01 2.26522E-01 4.11908E-01 4.92977E-01 1.24732E-01 5.81188E-02 0.00000E+00 3.40220E+00
0.00000E+00 7.12559E-02 1.37012E-01 2.33335E-01 2.37790E-01 4.26476E-01 5.11239E-01 1.37012E-01 7.12559E-02 0.00000E+00 3.57456E+00
0.00000E+00 8.37401E-02 1.48639E-01 2.43388E-01 2.48397E-01 4.40169E-01 5.28564E-01 1.48639E-01 8.37401E-02 0.00000E+00 3.71965E+00
0.00000E+00 9.29889E-02 1.57222E-01 2.50758E-01 2.56186E-01 4.50219E-01 5.41385E-01 1.57222E-01 9.29889E-02 0.00000E+00 3.81567E+00
2.95604E-03 9.52738E-02 1.59313E-01 2.52495E-01 2.58044E-01 4.52702E-01 5.44666E-01 1.59313E-01 9.52738E-02 2.95604E-03 3.83640E+00
1.78871E-02 1.07059E-01 1.70170E-01 2.61672E-01 2.67784E-01 4.65321E-01 5.61049E-01 1.70170E-01 1.07059E-01 1.78871E-02 3.91214E+00
3.23125E-02 1.18421E-01 1.80594E-01 2.70406E-01 2.77070E-01 4.77295E-01 5.76743E-01 1.80594E-01 1.18421E-01 3.23125E-02 3.96149E+00
4.58899E-02 1.29012E-01 1.90234E-01 2.78347E-01 2.85549E-01 4.88278E-01 5.91405E-01 1.90234E-01 1.29012E-01 4.58899E-02 3.98921E+00
5.85990E-02 1.38809E-01 1.99068E-01 2.85473E-01 2.93200E-01 4.98248E-01 6.05005E-01 1.99068E-01 1.38809E-01 5.85990E-02 3.99688E+00
7.04215E-02 1.47792E-01 2.07078E-01 2.91765E-01 3.00002E-01 5.07183E-01 6.17517E-01 2.07078E-01 1.47792E-01 7.04215E-02 3.98577E+00
8.13594E-02 1.55962E-01 2.14263E-01 2.97225E-01 3.05956E-01 5.15085E-01 6.28936E-01 2.14263E-01 1.55962E-01 8.13594E-02 3.95756E+00
9.14239E-02 1.63328E-01 2.20634E-01 3.01863E-01 3.11073E-01 5.21967E-01 6.39269E-01 2.20634E-01 1.63328E-01 9.14239E-02 3.91404E+00
1.00621E-01 1.69895E-01 2.26196E-01 3.05687E-01 3.15358E-01 5.27834E-01 6.48515E-01 2.26196E-01 1.69895E-01 1.00621E-01 3.85680E+00
1.08962E-01 1.75673E-01 2.30960E-01 3.08709E-01 3.18822E-01 5.32697E-01 6.56679E-01 2.30960E-01 1.75673E-01 1.08962E-01 3.78740E+00
1.16460E-01 1.80675E-01 2.34939E-01 3.10943E-01 3.21480E-01 5.36570E-01 6.63768E-01 2.34939E-01 1.80675E-01 1.16460E-01 3.70739E+00
1.23133E-01 1.84918E-01 2.38152E-01 3.12410E-01 3.23350E-01 5.39472E-01 6.69796E-01 2.38152E-01 1.84918E-01 1.23133E-01 3.61825E+00
1.29003E-01 1.88424E-01 2.40619E-01 3.13131E-01 3.24454E-01 5.41427E-01 6.74778E-01 2.40619E-01 1.88424E-01 1.29003E-01 3.52142E+00
1.34095E-01 1.91215E-01 2.42367E-01 3.13135E-01 3.24819E-01 5.42460E-01 6.78736E-01 2.42367E-01 1.91215E-01 1.34095E-01 3.41825E+00
1.38435E-01 1.93320E-01 2.43422E-01 3.12449E-01 3.24472E-01 5.42602E-01 6.81693E-01 2.43422E-01 1.93320E-01 1.38435E-01 3.31004E+00
1.42056E-01 1.94767E-01 2.43816E-01 3.11107E-01 3.23447E-01 5.41884E-01 6.83676E-01 2.43816E-01 1.94767E-01 1.42056E-01 3.19796E+00
1.44975E-01 1.95578E-01 2.43569E-01 3.09131E-01 3.21764E-01 5.40329E-01 6.84698E-01 2.43569E-01 1.95578E-01 1.44975E-01 3.08309E+00
1.47238E-01 1.95794E-01 2.42725E-01 3.06566E-01 3.19469E-01 5.37983E-01 6.84803E-01 2.42725E-01 1.95794E-01 1.47238E-01 2.96649E+00
0.00000E+00 0.00000E+00 6.85266E-02 1.70034E-01 1.72599E-01 3.62131E-01 4.35788E-01 6.85266E-02 0.00000E+00 0.00000E+00 2.41734E+00
0.00000E+00 1.30995E-02 8.06637E-02 1.80323E-01 1.83658E-01 3.77130E-01 4.55415E-01 8.06637E-02 1.30995E-02 0.00000E+00 2.65539E+00
0.00000E+00 2.63297E-02 9.29424E-02 1.90790E-01 1.94861E-01 3.91938E-01 4.74690E-01 9.29424E-02 2.63297E-02 0.00000E+00 2.85346E+00
0.00000E+00 3.88212E-02 1.04487E-01 2.00548E-01 2.05326E-01 4.05731E-01 4.92826E-01 1.04487E-01 3.88212E-02 0.00000E+00 3.02215E+00
0.00000E+00 5.06167E-02 1.15340E-01 2.09633E-01 2.15093E-01 4.18570E-01 5.09895E-01 1.15340E-01 5.06167E-02 0.00000E+00 3.16351E+00
0.00000E+00 6.17060E-02 1.25487E-01 2.18031E-01 2.24146E-01 4.30449E-01 5.25894E-01 1.25487E-01 6.17060E-02 0.00000E+00 3.27850E+00
0.00000E+00 7.21186E-02 1.34959E-01 2.25766E-01 2.32513E-01 4.41417E-01 5.40880E-01 1.34959E-01 7.21186E-02 0.00000E+00 3.36962E+00
0.00000E+00 7.97577E-02 1.41869E-01 2.31342E-01 2.38562E-01 4.49344E-01 5.51853E-01 1.41869E-01 7.97577E-02 0.00000E+00 3.42616E+00
2.48248E-03 8.16218E-02 1.43520E-01 2.32606E-01 2.39960E-01 4.51255E-01 5.54636E-01 1.43520E-01 8.16218E-02 2.48248E-03 3.43644E+00
1.49688E-02 9.12132E-02 1.52098E-01 2.39344E-01 2.47324E-01 4.60954E-01 5.68431E-01 1.52098E-01 9.12132E-02 1.49688E-02 3.46602E+00
2.69126E-02 1.00348E-01 1.60208E-01 2.45612E-01 2.54197E-01 4.69955E-01 5.81449E-01 1.60208E-01 1.00348E-01 2.69126E-02 3.47385E+00
3.80394E-02 1.08743E-01 1.67570E-01 2.51128E-01 2.60295E-01 4.77981E-01 5.93412E-01 1.67570E-01 1.08743E-01 3.80394E-02 3.46438E+00
4.83454E-02 1.16394E-01 1.74176E-01 2.55886E-01 2.65612E-01 4.85029E-01 6.04311E-01 1.74176E-01 1.16394E-01 4.83454E-02 3.43922E+00
5.78270E-02 1.23295E-01 1.80023E-01 2.59883E-01 2.70145E-01 4.91092E-01 6.14133E-01 1.80023E-01 1.23295E-01 5.78270E-02 3.39972E+00
6.64989E-02 1.29459E-01 1.85125E-01 2.63134E-01 2.73907E-01 4.96186E-01 6.22889E-01 1.85125E-01 1.29459E-01 6.64989E-02 3.34753E+00
7.43832E-02 1.34906E-01 1.89500E-01 2.65660E-01 2.76919E-01 5.00335E-01 6.30596E-01 1.89500E-01 1.34906E-01 7.43832E-02 3.28426E+00
8.14962E-02 1.39651E-01 1.93167E-01 2.67478E-01 2.79197E-01 5.03557E-01 6.37268E-01 1.93167E-01 1.39651E-01 8.14962E-02 3.21139E+00
8.78573E-02 1.43713E-01 1.96142E-01 2.68610E-01 2.80763E-01 5.05872E-01 6.42917E-01 1.96142E-01 1.43713E-01 8.78573E-02 3.13030E+00
9.34885E-02 1.47111E-01 1.98449E-01 2.69078E-01 2.81637E-01 5.07304E-01 6.47563E-01 1.98449E-01 1.47111E-01 9.34885E-02 3.04233E+00
9.84139E-02 1.49869E-01 2.00111E-01 2.68908E-01 2.81846E-01 5.07881E-01 6.51225E-01 2.00111E-01 1.49869E-01 9.84139E-02 2.94875E+00
1.02660E-01 1.52013E-01 2.01155E-01 2.68128E-01 2.81418E-01 5.07630E-01 6.53928E-01 2.01155E-01 1.52013E-01 1.02660E-01 2.85074E+00
1.06256E-01 1.53571E-01 2.01610E-01 2.66769E-01 2.80381E-01 5.06585E-01 6.55697E-01 2.01610E-01 1.53571E-01 1.06256E-01 2.74941E+00
1.09232E-01 1.54571E-01 2.01505E-01 2.64863E-01 2.78769E-01 5.04779E-01 6.56562E-01 2.01505E-01 1.54571E-01 1.09232E-01 2.64577E+00
1.11620E-01 1.55045E-01 2.00874E-01 2.62442E-01 2.76615E-01 5.02247E-01 6.56552E-01 2.00874E-01 1.55045E-01 1.11620E-01 2.54073E+00
1.13442E-01 1.55016E-01 1.99739E-01 2.59535E-01 2.73944E-01 4.99016E-01 6.55687E-01 1.99739E-01 1.55016E-01 1.13442E-01 2.43514E+00
1.14740E-01 1.54523E-01 1.98143E-01 2.56181E-01 2.70798E-01 4.95131E-01 6.54010E-01 1.98143E-01 1.54523E-01 1.14740E-01 2.32977E+00
0.00000E+00 0.00000E+00 6.71353E-02 1.65696E-01 1.69980E-01 3.78257E-01 4.62623E-01 6.71353E-02 0.00000E+00 0.00000E+00 2.37879E+00
0.00000E+00 1.15107E-02 7.75685E-02 1.74046E-01 1.79231E-01 3.90858E-01 4.80422E-01 7.75685E-02 1.15107E-02 0.00000E+00 2.55702E+00
0.00000E+00 2.30321E-02 8.80274E-02 1.82472E-01 1.88508E-01 4.03148E-01 4.97686E-01 8.80274E-02 2.30321E-02 0.00000E+00 2.70019E+00
0.00000E+00 3.38155E-02 9.77568E-02 1.90205E-01 1.97049E-01 4.14420E-01 5.13754E-01 9.77568E-02 3.38155E-02 0.00000E+00 2.81820E+00
0.00000E+00 4.39159E-02 1.06810E-01 1.97294E-01 2.04905E-01 4.24747E-01 5.28714E-01 1.06810E-01 4.39159E-02 0.00000E+00 2.91321E+00
0.00000E+00 5.33372E-02 1.15188E-01 2.03736E-01 2.12075E-01 4.34139E-01 5.42578E-01 1.15188E-01 5.33372E-02 0.00000E+00 2.98644E+00
0.00000E+00 6.21199E-02 1.22931E-01 2.09568E-01 2.18599E-01 4.42654E-01 5.55417E-01 1.22931E-01 6.21199E-02 0.00000E+00 3.04032E+00
0.00000E+00 6.85271E-02 1.28536E-01 2.13708E-01 2.23251E-01 4.48711E-01 5.64729E-01 1.28536E-01 6.85271E-02 0.00000E+00 3.07084E+00
2.11078E-03 7.00790E-02 1.29854E-01 2.14603E-01 2.24290E-01 4.50123E-01 5.67066E-01 1.29854E-01 7.00790E-02 2.11078E-03 3.07460E+00
1.27045E-02 7.80601E-02 1.36723E-01 2.19465E-01 2.29818E-01 4.57323E-01 5.78597E-01 1.36723E-01 7.80601E-02 1.27045E-02 3.07665E+00
2.27878E-02 8.56154E-02 1.43158E-01 2.23903E-01 2.34888E-01 4.63848E-01 5.89327E-01 1.43158E-01 8.56154E-02 2.27878E-02 3.06184E+00
3.21372E-02 9.25148E-02 1.48931E-01 2.27684E-01 2.39267E-01 4.69474E-01 5.99034E-01 1.48931E-01 9.25148E-02 3.21372E-02 3.03413E+00
4.07592E-02 9.87621E-02 1.54045E-01 2.30812E-01 2.42961E-01 4.74207E-01 6.07719E-01 1.54045E-01 9.87621E-02 4.07592E-02 2.99495E+00
4.86595E-02 1.04362E-01 1.58504E-01 2.33295E-01 2.45974E-01 4.78051E-01 6.15380E-01 1.58504E-01 1.04362E-01 4.86595E-02 2.94549E+00
5.58588E-02 1.09332E-01 1.62328E-01 2.35153E-01 2.48328E-01 4.81030E-01 6.22036E-01 1.62328E-01 1.09332E-01 5.58588E-02 2.88711E+00
6.23831E-02 1.13696E-01 1.65542E-01 2.36411E-01 2.50047E-01 4.83174E-01 6.27711E-01 1.65542E-01 1.13696E-01 6.23831E-02 2.82115E+00
6.82524E-02 1.17473E-01 1.68165E-01 2.37091E-01 2.51152E-01 4.84505E-01 6.32422E-01 1.68165E-01 1.17473E-01 6.82524E-02 2.74876E+00
7.34885E-02 1.20682E-01 1.70218E-01 2.37215E-01 2.51666E-01 4.85047E-01 6.36190E-01 1.70218E-01 1.20682E-01 7.34885E-02 2.67105E+00
7.81147E-02 1.23346E-01 1.71724E-01 2.36807E-01 2.51613E-01 4.84828E-01 6.39036E-01 1.71724E-01 1.23346E-01 7.81147E-02 2.58905E+00
8.21556E-02 1.25488E-01 1.72707E-01 2.35894E-01 2.51019E-01 4.83876E-01 6.40982E-01 1.72707E-01 1.25488E-01 8.21556E-02 2.50371E+00
8.56368E-02 1.27133E-01 1.73193E-01 2.34503E-01 2.49911E-01 4.82221E-01 6.42054E-01 1.73193E-01 1.27133E-01 8.56368E-02 2.41592E+00
8.85851E-02 1.28306E-01 1.73209E-01 2.32662E-01 2.48319E-01 4.79894E-01 6.42280E-01 1.73209E-01 1.28306E-01 8.85851E-02 2.32648E+00
9.10282E-02 1.29032E-01 1.72782E-01 2.30400E-01 2.46270E-01 4.76928E-01 6.41688E-01 1.72782E-01 1.29032E-01 9.10282E-02 2.23612E+00
9.29941E-02 1.29341E-01 1.71941E-01 2.27746E-01 2.43796E-01 4.73357E-01 6.40308E-01 1.71941E-01 1.29341E-01 9.29941E-02 2.14550E+00
9.45038E-02 1.29251E-01 1.70706E-01 2.24725E-01 2.40920E-01 4.69204E-01 6.38159E-01 1.70706E-01 1.29251E-01 9.45038E-02 2.05522E+00
9.55917E-02 1.28796E-01 1.69113E-01 2.21371E-01 2.37677E-01 4.64514E-01 6.35282E-01 1.69113E-01 1.28796E-01 9.55917E-02 1.96580E+00
0.00000E+00 0.00000E+00 6.54571E-02 1.60202E-01 1.67083E-01 3.93098E-01 4.90658E-01 6.54571E-02 0.00000E+00 0.00000E+00 2.30562E+00
0.00000E+00 9.96396E-03 7.42157E-02 1.66640E-01 1.74520E-01 4.03240E-01 5.06461E-01 7.42157E-02 9.96396E-03 0.00000E+00 2.42965E+00
0.00000E+00 1.98407E-02 8.29086E-02 1.73082E-01 1.81890E-01 4.12982E-01 5.21574E-01 8.29086E-02 1.98407E-02 0.00000E+00 2.52366E+00
0.00000E+00 2.89954E-02 9.08931E-02 1.78868E-01 1.88544E-01 4.21727E-01 5.35454E-01 9.08931E-02 2.89954E-02 0.00000E+00 2.59669E+00
0.00000E+00 3.74908E-02 9.82297E-02 1.84052E-01 1.94540E-01 4.29555E-01 5.48201E-01 9.82297E-02 3.74908E-02 0.00000E+00 2.65087E+00
0.00000E+00 4.53408E-02 1.04930E-01 1.88645E-01 1.99890E-01 4.36486E-01 5.59838E-01 1.04930E-01 4.53408E-02 0.00000E+00 2.68755E+00
0.00000E+00 5.25932E-02 1.11042E-01 1.92686E-01 2.04638E-01 4.42584E-01 5.70447E-01 1.11042E-01 5.25932E-02 0.00000E+00 2.70896E+00
5.55112E-17 5.78460E-02 1.15416E-01 1.95481E-01 2.07950E-01 4.46801E-01 5.78037E-01 1.15416E-01 5.78460E-02 5.55112E-17 2.71687E+00
1.75865E-03 5.91059E-02 1.16421E-01 1.96031E-01 2.08643E-01 4.47723E-01 5.79910E-01 1.16421E-01 5.91059E-02 1.75865E-03 2.71501E+00
1.05597E-02 6.55787E-02 1.21682E-01 1.99143E-01 2.12410E-01 4.52470E-01 5.89092E-01 1.21682E-01 6.55787E-02 1.05597E-02 2.69344E+00
1.88802E-02 7.16533E-02 1.26542E-01 2.01874E-01 2.15751E-01 4.56568E-01 5.97452E-01 1.26542E-01 7.16533E-02 1.88802E-02 2.65927E+00
2.65430E-02 7.71460E-02 1.30817E-01 2.04039E-01 2.18481E-01 4.59838E-01 6.04815E-01 1.30817E-01 7.71460E-02 2.65430E-02 2.61594E+00
3.35624E-02 8.20683E-02 1.34519E-01 2.05650E-01 2.20611E-01 4.62296E-01 6.11193E-01 1.34519E-01 8.20683E-02 3.35624E-02 2.56467E+00
3.99504E-02 8.64307E-02 1.37660E-01 2.06720E-01 2.22156E-01 4.63955E-01 6.16591E-01 1.37660E-01 8.64307E-02 3.99504E-02 2.50650E+00
4.57322E-02 9.02559E-02 1.40262E-01 2.07274E-01 2.23139E-01 4.64843E-01 6.21035E-01 1.40262E-01 9.02559E-02 4.57322E-02 2.44255E+00
5.09363E-02 9.35696E-02 1.42353E-01 2.07339E-01 2.23589E-01 4.64994E-01 6.24556E-01 1.42353E-01 9.35696E-02 5.09363E-02 2.37389E+00
5.55852E-02 9.63926E-02 1.43955E-01 2.06939E-01 2.23531E-01 4.64434E-01 6.27174E-01 1.43955E-01 9.63926E-02 5.55852E-02 2.30142E+00
5.97025E-02 9.87468E-02 1.45091E-01 2.06097E-01 2.22988E-01 4.63192E-01 6.28916E-01 1.45091E-01 9.87468E-02 5.97025E-02 2.22601E+00
6.33122E-02 1.00655E-01 1.45783E-01 2.04840E-01 2.21987E-01 4.61297E-01 6.29804E-01 1.45783E-01 1.00655E-01 6.33122E-02 2.14842E+00
6.64388E-02 1.02139E-01 1.46057E-01 2.03191E-01 2.20553E-01 4.58777E-01 6.29867E-01 1.46057E-01 1.02139E-01 6.64388E-02 2.06937E+00
6.91074E-02 1.03224E-01 1.45936E-01 2.01178E-01 2.18714E-01 4.55665E-01 6.29130E-01 1.45936E-01 1.03224E-01 6.91074E-02 1.98951E+00
7.13432E-02 1.03933E-01 1.45447E-01 1.98827E-01 2.16497E-01 4.51991E-01 6.27624E-01 1.45447E-01 1.03933E-01 7.13432E-02 1.90940E+00
7.31716E-02 1.04290E-01 1.44614E-01 1.96163E-01 2.13929E-01 4.47788E-01 6.25378E-01 1.44614E-01 1.04290E-01 7.31716E-02 1.82957E+00
7.46181E-02 1.04319E-01 1.43463E-01 1.93214E-01 2.11037E-01 4.43087E-01 6.22422E-01 1.43463E-01 1.04319E-01 7.46181E-02 1.75046E+00
7.57021E-02 1.04040E-01 1.42014E-01 1.90001E-01 2.07845E-01 4.37915E-01 6.18776E-01 1.42014E-01 1.04040E-01 7.57021E-02 1.67248E+00
7.64531E-02 1.03479E-01 1.40295E-01 1.86554E-01 2.04384E-01 4.32309E-01 6.14482E-01 1.40295E-01 1.03479E-01 7.64531E-02 1.59597E+00
0.00000E+00 0.00000E+00 6.35069E-02 1.53551E-01 1.63984E-01 4.05962E-01 5.19264E-01 6.35069E-02 0.00000E+00 0.00000E+00 2.19196E+00
0.00000E+00 8.52769E-03 7.06918E-02 1.58190E-01 1.69664E-01 4.13647E-01 5.32926E-01 7.06918E-02 8.52769E-03 0.00000E+00 2.27070E+00
0.00000E+00 1.69064E-02 7.77579E-02 1.62805E-01 1.75226E-01 4.20893E-01 5.45789E-01 7.77579E-02 1.69064E-02 0.00000E+00 2.32467E+00
0.00000E+00 2.46028E-02 8.41628E-02 1.66830E-01 1.80121E-01 4.27195E-01 5.57417E-01 8.41628E-02 2.46028E-02 0.00000E+00 2.36185E+00
0.00000E+00 3.16820E-02 8.99685E-02 1.70322E-01 1.84409E-01 4.32635E-01 5.67912E-01 8.99685E-02 3.16820E-02 0.00000E+00 2.38418E+00
0.00000E+00 3.81636E-02 9.51932E-02 1.73293E-01 1.88107E-01 4.37238E-01 5.77306E-01 9.51932E-02 3.81636E-02 0.00000E+00 2.39295E+00
0.00000E+00 4.40981E-02 9.98850E-02 1.75785E-01 1.91262E-01 4.41071E-01 5.85685E-01 9.98850E-02 4.40981E-02 0.00000E+00 2.39009E+00
0.00000E+00 4.83643E-02 1.03198E-01 1.77429E-01 1.93380E-01 4.43576E-01 5.91562E-01 1.03198E-01 4.83643E-02 0.00000E+00 2.38137E+00
1.45212E-03 4.93771E-02 1.03935E-01 1.77687E-01 1.93767E-01 4.44041E-01 5.92970E-01 1.03935E-01 4.93771E-02 1.45212E-03 2.37552E+00
8.69753E-03 5.45742E-02 1.07824E-01 1.79321E-01 1.95983E-01 4.46519E-01 5.99826E-01 1.07824E-01 5.45742E-02 8.69753E-03 2.33757E+00
1.54984E-02 5.94046E-02 1.11350E-01 1.80626E-01 1.97813E-01 4.48386E-01 6.05849E-01 1.11350E-01 5.94046E-02 1.54984E-02 2.29052E+00
2.17153E-02 6.37229E-02 1.14367E-01 1.81455E-01 1.99109E-01 4.49500E-01 6.10905E-01 1.14367E-01 6.37229E-02 2.17153E-02 2.23725E+00
2.73665E-02 6.75444E-02 1.16889E-01 1.81823E-01 1.99890E-01 4.49882E-01 6.15011E-01 1.16889E-01 6.75444E-02 2.73665E-02 2.17878E+00
3.24678E-02 7.08832E-02 1.18934E-01 1.81746E-01 2.00171E-01 4.49551E-01 6.18180E-01 1.18934E-01 7.08832E-02 3.24678E-02 2.11596E+00
3.70456E-02 7.37632E-02 1.20524E-01 1.81250E-01 1.99981E-01 4.48537E-01 6.20440E-01 1.20524E-01 7.37632E-02 3.70456E-02 2.04968E+00
4.11287E-02 7.62104E-02 1.21689E-01 1.80363E-01 1.99348E-01 4.46875E-01 6.21827E-01 1.21689E-01 7.62104E-02 4.11287E-02 1.98075E+00
4.47404E-02 7.82462E-02 1.22448E-01 1.79108E-01 1.98296E-01 4.44596E-01 6.22366E-01 1.22448E-01 7.82462E-02 4.47404E-02 1.90989E+00
4.79042E-02 7.98924E-02 1.22827E-01 1.77509E-01 1.96852E-01 4.41727E-01 6.22084E-01 1.22827E-01 7.98924E-02 4.79042E-02 1.83774E+00
5.06436E-02 8.11709E-02 1.22847E-01 1.75589E-01 1.95041E-01 4.38300E-01 6.21009E-01 1.22847E-01 8.11709E-02 5.06436E-02 1.76489E+00
5.29823E-02 8.21036E-02 1.22533E-01 1.73372E-01 1.92888E-01 4.34344E-01 6.19170E-01 1.22533E-01 8.21036E-02 5.29823E-02 1.69185E+00
5.49437E-02 8.27125E-02 1.21906E-01 1.70883E-01 1.90419E-01 4.29890E-01 6.16596E-01 1.21906E-01 8.27125E-02 5.49437E-02 1.61909E+00
5.65515E-02 8.30198E-02 1.20990E-01 1.68145E-01 1.87660E-01 4.24970E-01 6.13319E-01 1.20990E-01 8.30198E-02 5.65515E-02 1.54702E+00
5.78288E-02 8.30471E-02 1.19808E-01 1.65182E-01 1.84636E-01 4.19614E-01 6.09368E-01 1.19808E-01 8.30471E-02 5.78288E-02 1.47600E+00
5.87986E-02 8.28161E-02 1.18383E-01 1.62016E-01 1.81372E-01 4.13854E-01 6.04776E-01 1.18383E-01 8.28161E-02 5.87986E-02 1.40632E+00
5.94788E-02 8.23441E-02 1.16734E-01 1.58669E-01 1.77890E-01 4.07715E-01 5.99566E-01 1.16734E-01 8.23441E-02 5.94788E-02 1.33829E+00
5.98950E-02 8.16547E-02 1.14884E-01 1.55165E-01 1.74217E-01 4.01233E-01 5.93775E-01 1.14884E-01 8.16547E-02 5.98950E-02 1.27210E+00
0.00000E+00 0.00000E+00 6.12807E-02 1.45741E-01 1.60662E-01 4.16587E-01 5.47823E-01 6.12807E-02 0.00000E+00 0.00000E+00 2.04140E+00
0.00000E+00 7.24107E-03 6.70395E-02 1.48772E-01 1.64684E-01 4.21873E-01 5.59230E-01 6.70395E-02 7.24107E-03 0.00000E+00 2.08504E+00
0.00000E+00 1.43100E-02 7.26674E-02 1.51792E-01 1.68583E-01 4.26727E-01 5.69784E-01 7.26674E-02 1.43100E-02 0.00000E+00 2.10924E+00
0.00000E+00 2.07610E-02 7.77074E-02 1.54317E-01 1.71894E-01 4.30726E-01 5.79133E-01 7.77074E-02 2.07610E-02 0.00000E+00 2.12080E+00
0.00000E+00 2.66570E-02 8.22191E-02 1.56398E-01 1.74674E-01 4.33948E-01 5.87381E-01 8.22191E-02 2.66570E-02 0.00000E+00 2.12133E+00
0.00000E+00 3.20199E-02 8.62226E-02 1.58051E-01 1.76942E-01 4.36418E-01 5.94561E-01 8.62226E-02 3.20199E-02 0.00000E+00 2.11191E+00
0.00000E+00 3.68989E-02 8.97640E-02 1.59313E-01 1.78745E-01 4.38199E-01 6.00764E-01 8.97640E-02 3.68989E-02 0.00000E+00 2.09411E+00
0.00000E+00 4.03877E-02 9.22308E-02 1.60058E-01 1.79864E-01 4.39169E-01 6.04978E-01 9.22308E-02 4.03877E-02 0.00000E+00 2.07570E+00
1.20393E-03 4.12097E-02 9.27580E-02 1.60094E-01 1.79997E-01 4.39225E-01 6.05935E-01 9.27580E-02 4.12097E-02 1.20393E-03 2.06773E+00
7.19856E-03 4.54252E-02 9.55796E-02 1.60606E-01 1.80943E-01 4.39694E-01 6.10552E-01 9.55796E-02 4.54252E-02 7.19856E-03 2.02192E+00
1.27974E-02 4.93169E-02 9.80880E-02 1.60856E-01 1.81558E-01 4.39607E-01 6.14347E-01 9.80880E-02 4.93169E-02 1.27974E-02 1.96980E+00
1.78894E-02 5.27678E-02 1.00165E-01 1.60721E-01 1.81724E-01 4.38851E-01 6.17213E-01 1.00165E-01 5.27678E-02 1.78894E-02 1.91375E+00
2.24935E-02 5.57942E-02 1.01828E-01 1.60219E-01 1.81460E-01 4.37452E-01 6.19175E-01 1.01828E-01 5.57942E-02 2.24935E-02 1.85453E+00
2.66262E-02 5.84109E-02 1.03092E-01 1.59365E-01 1.80785E-01 4.35426E-01 6.20246E-01 1.03092E-01 5.84109E-02 2.66262E-02 1.79279E+00
3.03130E-02 6.06407E-02 1.03982E-01 1.58184E-01 1.79724E-01 4.32808E-01 6.20458E-01 1.03982E-01 6.06407E-02 3.03130E-02 1.72919E+00
3.35807E-02 6.25078E-02 1.04521E-01 1.56700E-01 1.78306E-01 4.29630E-01 6.19848E-01 1.04521E-01 6.25078E-02 3.35807E-02 1.66433E+00
3.64511E-02 6.40321E-02 1.04732E-01 1.54934E-01 1.76554E-01 4.25924E-01 6.18444E-01 1.04732E-01 6.40321E-02 3.64511E-02 1.59870E+00
3.89460E-02 6.52335E-02 1.04635E-01 1.52908E-01 1.74492E-01 4.21716E-01 6.16275E-01 1.04635E-01 6.52335E-02 3.89460E-02 1.53279E+00
4.10868E-02 6.61319E-02 1.04251E-01 1.50643E-01 1.72144E-01 4.17037E-01 6.13370E-01 1.04251E-01 6.61319E-02 4.10868E-02 1.46701E+00
4.28949E-02 6.67469E-02 1.03600E-01 1.48159E-01 1.69532E-01 4.11916E-01 6.09760E-01 1.03600E-01 6.67469E-02 4.28949E-02 1.40172E+00
4.43912E-02 6.70981E-02 1.02704E-01 1.45477E-01 1.66681E-01 4.06384E-01 6.05475E-01 1.02704E-01 6.70981E-02 4.43912E-02 1.33726E+00
4.55966E-02 6.72047E-02 1.01582E-01 1.42618E-01 1.63613E-01 4.00469E-01 6.00547E-01 1.01582E-01 6.72047E-02 4.55966E-02 1.27391E+00
4.65315E-02 6.70857E-02 1.00255E-01 1.39601E-01 1.60351E-01 3.94201E-01 5.95009E-01 1.00255E-01 6.70857E-02 4.65315E-02 1.21191E+00
4.72157E-02 6.67596E-02 9.87406E-02 1.36446E-01 1.56918E-01 3.87610E-01 5.88892E-01 9.87406E-02 6.67596E-02 4.72157E-02 1.15146E+00
4.76650E-02 6.62415E-02 9.70567E-02 1.33171E-01 1.53331E-01 3.80720E-01 5.82221E-01 9.70567E-02 6.62415E-02 4.76650E-02 1.09278E+00
4.79012E-02 6.55514E-02 9.52235E-02 1.29794E-01 1.49614E-01 3.73564E-01 5.75035E-01 9.52235E-02 6.55514E-02 4.79012E-02 1.03597E+00
0.00000E+00 0.00000E+00 5.86437E-02 1.36499E-01 1.56719E-01 4.25019E-01 5.75662E-01 5.86437E-02 0.00000E+00 0.00000E+00 1.87300E+00
0.00000E+00 6.08617E-03 6.31194E-02 1.38147E-01 1.59178E-01 4.28007E-01 5.84735E-01 6.31194E-02 6.08617E-03 0.00000E+00 1.88959E+00
0.00000E+00 1.19884E-02 6.74648E-02 1.39806E-01 1.61528E-01 4.30590E-01 5.92923E-01 6.74648E-02 1.19884E-02 0.00000E+00 1.89125E+00
0.00000E+00 1.73371E-02 7.12971E-02 1.41066E-01 1.63374E-01 4.32412E-01 5.99948E-01 7.12971E-02 1.73371E-02 0.00000E+00 1.88368E+00
0.00000E+00 2.21912E-02 7.46709E-02 1.41970E-01 1.64771E-01 4.33544E-01 6.05911E-01 7.46709E-02 2.21912E-02 0.00000E+00 1.86814E+00
0.00000E+00 2.65730E-02 7.76066E-02 1.42531E-01 1.65737E-01 4.34012E-01 6.10848E-01 7.76066E-02 2.65730E-02 0.00000E+00 1.84552E+00
0.00000E+00 3.05287E-02 8.01466E-02 1.42783E-01 1.66314E-01 4.33873E-01 6.14846E-01 8.01466E-02 3.05287E-02 0.00000E+00 1.81703E+00
2.77556E-17 3.33387E-02 8.18791E-02 1.42796E-01 1.66531E-01 4.33407E-01 6.17381E-01 8.18791E-02 3.33387E-02 2.77556E-17 1.79180E+00
9.84920E-04 3.39944E-02 8.22253E-02 1.42653E-01 1.66437E-01 4.33080E-01 6.17877E-01 8.22253E-02 3.39944E-02 9.84920E-04 1.78242E+00
5.87632E-03 3.73541E-02 8.41242E-02 1.42261E-01 1.66241E-01 4.31674E-01 6.20232E-01 8.41242E-02 3.73541E-02 5.87632E-03 1.73173E+00
1.04159E-02 4.04273E-02 8.57552E-02 1.41665E-01 1.65771E-01 4.29768E-01 6.21777E-01 8.57552E-02 4.04273E-02 1.04159E-02 1.67688E+00
1.45166E-02 4.31217E-02 8.70245E-02 1.40767E-01 1.64932E-01 4.27274E-01 6.22434E-01 8.70245E-02 4.31217E-02 1.45166E-02 1.61979E+00
1.81978E-02 4.54540E-02 8.79493E-02 1.39582E-01 1.63744E-01 4.24217E-01 6.22230E-01 8.79493E-02 4.54540E-02 1.81978E-02 1.56105E+00
2.14762E-02 4.74392E-02 8.85456E-02 1.38126E-01 1.62225E-01 4.20618E-01 6.21182E-01 8.85456E-02 4.74392E-02 2.14762E-02 1.50115E+00
2.43759E-02 4.90990E-02 8.88358E-02 1.36421E-01 1.60402E-01 4.16510E-01 6.19325E-01 8.88358E-02 4.90990E-02 2.43759E-02 1.44058E+00
2.69221E-02 5.04559E-02 8.88429E-02 1.34490E-01 1.58300E-01 4.11926E-01 6.16697E-01 8.88429E-02 5.04559E-02 2.69221E-02 1.37978E+00
2.91353E-02 5.15286E-02 8.85866E-02 1.32350E-01 1.55941E-01 4.06896E-01 6.13331E-01 8.85866E-02 5.15286E-02 2.91353E-02 1.31911E+00
3.10356E-02 5.23356E-02 8.80862E-02 1.30021E-01 1.53348E-01 4.01449E-01 6.09256E-01 8.80862E-02 5.23356E-02 3.10356E-02 1.25892E+00
3.26430E-02 5.28951E-02 8.73606E-02 1.27521E-01 1.50543E-01 3.95613E-01 6.04504E-01 8.73606E-02 5.28951E-02 3.26430E-02 1.19951E+00
3.39769E-02 5.32249E-02 8.64286E-02 1.24870E-01 1.47547E-01 3.89419E-01 5.99109E-01 8.64286E-02 5.32249E-02 3.39769E-02 1.14113E+00
3.50563E-02 5.33427E-02 8.53086E-02 1.22083E-01 1.44382E-01 3.82894E-01 5.93102E-01 8.53086E-02 5.33427E-02 3.50563E-02 1.08402E+00
3.58998E-02 5.32656E-02 8.40184E-02 1.19180E-01 1.41067E-01 3.76067E-01 5.86518E-01 8.40184E-02 5.32656E-02 3.58998E-02 1.02836E+00
3.65256E-02 5.30104E-02 8.25754E-02 1.16176E-01 1.37624E-01 3.68968E-01 5.79390E-01 8.25754E-02 5.30104E-02 3.65256E-02 9.74320E-01
3.69511E-02 5.25932E-02 8.09966E-02 1.13088E-01 1.34071E-01 3.61623E-01 5.71751E-01 8.09966E-02 5.25932E-02 3.69511E-02 9.22025E-01
3.71904E-02 5.20274E-02 7.92962E-02 1.09931E-01 1.30426E-01 3.54058E-01 5.63628E-01 7.92962E-02 5.20274E-02 3.71904E-02 8.71611E-01
3.72624E-02 5.13300E-02 7.74917E-02 1.06721E-01 1.26708E-01 3.46302E-01 5.55061E-01 7.74917E-02 5.13300E-02 3.72624E-02 8.23136E-01
0.00000E+00 0.00000E+00 5.56445E-02 1.26165E-01 1.52057E-01 4.31011E-01 6.02258E-01 5.56445E-02 0.00000E+00 0.00000E+00 1.69008E+00
0.00000E+00 5.09353E-03 5.90169E-02 1.26699E-01 1.53094E-01 4.31828E-01 6.08936E-01 5.90169E-02 5.09353E-03 0.00000E+00 1.68832E+00
0.00000E+00 1.00080E-02 6.22768E-02 1.27282E-01 1.54059E-01 4.32293E-01 6.14727E-01 6.22768E-02 1.00080E-02 0.00000E+00 1.67545E+00
0.00000E+00 1.44369E-02 6.51029E-02 1.27560E-01 1.54618E-01 4.32102E-01 6.19413E-01 6.51029E-02 1.44369E-02 0.00000E+00 1.65611E+00
0.00000E+00 1.84333E-02 6.75427E-02 1.27567E-01 1.54815E-01 4.31316E-01 6.23091E-01 6.75427E-02 1.84333E-02 0.00000E+00 1.63122E+00
0.00000E+00 2.20183E-02 6.96151E-02 1.27317E-01 1.54669E-01 4.29960E-01 6.25795E-01 6.96151E-02 2.20183E-02 0.00000E+00 1.60147E+00
0.00000E+00 2.52335E-02 7.13571E-02 1.26832E-01 1.54214E-01 4.28085E-01 6.27609E-01 7.13571E-02 2.52335E-02 0.00000E+00 1.56776E+00
2.77556E-17 2.75046E-02 7.25113E-02 1.26321E-01 1.53682E-01 4.26327E-01 6.28485E-01 7.25113E-02 2.75046E-02 2.77556E-17 1.53954E+00
8.07071E-04 2.80300E-02 7.27171E-02 1.26055E-01 1.53400E-01 4.25656E-01 6.28524E-01 7.27171E-02 2.80300E-02 8.07071E-04 1.52976E+00
4.80625E-03 3.07201E-02 7.39023E-02 1.25037E-01 1.52272E-01 4.22574E-01 6.28652E-01 7.39023E-02 3.07201E-02 4.80625E-03 1.47847E+00
8.49739E-03 3.31605E-02 7.48645E-02 1.23869E-01 1.50929E-01 4.19054E-01 6.27995E-01 7.48645E-02 3.31605E-02 8.49739E-03 1.42455E+00
1.18117E-02 3.52777E-02 7.55285E-02 1.22470E-01 1.49295E-01 4.15026E-01 6.26494E-01 7.55285E-02 3.52777E-02 1.18117E-02 1.36953E+00
1.47678E-02 3.70876E-02 7.59105E-02 1.20856E-01 1.47390E-01 4.10515E-01 6.24178E-01 7.59105E-02 3.70876E-02 1.47678E-02 1.31385E+00
1.73815E-02 3.86047E-02 7.60257E-02 1.19040E-01 1.45230E-01 4.05545E-01 6.21070E-01 7.60257E-02 3.86047E-02 1.73815E-02 1.25787E+00
1.96750E-02 3.98489E-02 7.58944E-02 1.17041E-01 1.42841E-01 4.00146E-01 6.17206E-01 7.58944E-02 3.98489E-02 1.96750E-02 1.20197E+00
2.16712E-02 4.08404E-02 7.55372E-02 1.14878E-01 1.40244E-01 3.94351E-01 6.12626E-01 7.55372E-02 4.08404E-02 2.16712E-02 1.14644E+00
2.33887E-02 4.15963E-02 7.49717E-02 1.12567E-01 1.37461E-01 3.88189E-01 6.07364E-01 7.49717E-02 4.15963E-02 2.33887E-02 1.09158E+00
2.48459E-02 4.21333E-02 7.42152E-02 1.10124E-01 1.34511E-01 3.81688E-01 6.01453E-01 7.42152E-02 4.21333E-02 2.48459E-02 1.03761E+00
2.60606E-02 4.24679E-02 7.32846E-02 1.07566E-01 1.31414E-01 3.74877E-01 5.94928E-01 7.32846E-02 4.24679E-02 2.60606E-02 9.84772E-01
2.70504E-02 4.26159E-02 7.21965E-02 1.04907E-01 1.28190E-01 3.67784E-01 5.87822E-01 7.21965E-02 4.26159E-02 2.70504E-02 9.33236E-01
2.78322E-02 4.25930E-02 7.09668E-02 1.02162E-01 1.24857E-01 3.60436E-01 5.80170E-01 7.09668E-02 4.25930E-02 2.78322E-02 8.83165E-01
2.84223E-02 4.24141E-02 6.96112E-02 9.93464E-02 1.21432E-01 3.52862E-01 5.72008E-01 6.96112E-02 4.24141E-02 2.84223E-02 8.34691E-01
2.88368E-02 4.20941E-02 6.81446E-02 9.64735E-02 1.17934E-01 3.45088E-01 5.63371E-01 6.81446E-02 4.20941E-02 2.88368E-02 7.87916E-01
2.90908E-02 4.16469E-02 6.65815E-02 9.35568E-02 1.14378E-01 3.37141E-01 5.54294E-01 6.65815E-02 4.16469E-02 2.90908E-02 7.42923E-01
2.91969E-02 4.10842E-02 6.49343E-02 9.06084E-02 1.10780E-01 3.29045E-01 5.44805E-01 6.49343E-02 4.10842E-02 2.91969E-02 6.99800E-01
2.91710E-02 4.04205E-02 6.32175E-02 8.76411E-02 1.07156E-01 3.20827E-01 5.34945E-01 6.32175E-02 4.04205E-02 2.91710E-02 6.58565E-01
0.00000E+00 0.00000E+00 5.22910E-02 1.15035E-01 1.46420E-01 4.34724E-01 6.27210E-01 5.22910E-02 0.00000E+00 0.00000E+00 1.50545E+00
0.00000E+00 4.24935E-03 5.47349E-02 1.14731E-01 1.46187E-01 4.33506E-01 6.31444E-01 5.47349E-02 4.24935E-03 0.00000E+00 1.49213E+00
0.00000E+00 8.33055E-03 5.70901E-02 1.14510E-01 1.45935E-01 4.31999E-01 6.34812E-01 5.70901E-02 8.33055E-03 0.00000E+00 1.47061E+00
0.00000E+00 1.19898E-02 5.90861E-02 1.14067E-01 1.45374E-01 4.29943E-01 6.37140E-01 5.90861E-02 1.19898E-02 0.00000E+00 1.44466E+00
0.00000E+00 1.52737E-02 6.07630E-02 1.13429E-01 1.44542E-01 4.27390E-01 6.38520E-01 6.07630E-02 1.52737E-02 0.00000E+00 1.41491E+00
0.00000E+00 1.82015E-02 6.21374E-02 1.12604E-01 1.43452E-01 4.24360E-01 6.38984E-01 6.21374E-02 1.82015E-02 0.00000E+00 1.38188E+00
0.00000E+00 2.08102E-02 6.32406E-02 1.11610E-01 1.42134E-01 4.20898E-01 6.38616E-01 6.32406E-02 2.08102E-02 0.00000E+00 1.34620E+00
0.00000E+00 2.26420E-02 6.39359E-02 1.10743E-01 1.40981E-01 4.17964E-01 6.37836E-01 6.39359E-02 2.26420E-02 0.00000E+00 1.31721E+00
6.59873E-04 2.30621E-02 6.40318E-02 1.10398E-01 1.40544E-01 4.16978E-01 6.37416E-01 6.40318E-02 2.30621E-02 6.59873E-04 1.30754E+00
3.92226E-03 2.52110E-02 6.46582E-02 1.08969E-01 1.38657E-01 4.12377E-01 6.35326E-01 6.46582E-02 2.52110E-02 3.92226E-03 1.25789E+00
6.91647E-03 2.71431E-02 6.51025E-02 1.07436E-01 1.36615E-01 4.07402E-01 6.32483E-01 6.51025E-02 2.71431E-02 6.91647E-03 1.20663E+00
9.58841E-03 2.88002E-02 6.53043E-02 1.05733E-01 1.34355E-01 4.01997E-01 6.28846E-01 6.53043E-02 2.88002E-02 9.58841E-03 1.15500E+00
1.19553E-02 3.01972E-02 6.52784E-02 1.03871E-01 1.31897E-01 3.96189E-01 6.24447E-01 6.52784E-02 3.01972E-02 1.19553E-02 1.10335E+00
1.40322E-02 3.13477E-02 6.50390E-02 1.01864E-01 1.29255E-01 3.89999E-01 6.19310E-01 6.50390E-02 3.13477E-02 1.40322E-02 1.05196E+00
1.58391E-02 3.22696E-02 6.46040E-02 9.97279E-02 1.26452E-01 3.83459E-01 6.13475E-01 6.46040E-02 3.22696E-02 1.58391E-02 1.00109E+00
1.73966E-02 3.29812E-02 6.39918E-02 9.74773E-02 1.23507E-01 3.76600E-01 6.06984E-01 6.39918E-02 3.29812E-02 1.73966E-02 9.50984E-01
1.87216E-02 3.34980E-02 6.32179E-02 9.51265E-02 1.20438E-01 3.69450E-01 5.99873E-01 6.32179E-02 3.34980E-02 1.87216E-02 9.01844E-01
1.98307E-02 3.38350E-02 6.22976E-02 9.26892E-02 1.17264E-01 3.62037E-01 5.92178E-01 6.22976E-02 3.38350E-02 1.98307E-02 8.53856E-01
2.07398E-02 3.40068E-02 6.12457E-02 9.01785E-02 1.14001E-01 3.54389E-01 5.83935E-01 6.12457E-02 3.40068E-02 2.07398E-02 8.07180E-01
2.14646E-02 3.40277E-02 6.00767E-02 8.76074E-02 1.10666E-01 3.46531E-01 5.75181E-01 6.00767E-02 3.40277E-02 2.14646E-02 7.61951E-01
2.20200E-02 3.39114E-02 5.88045E-02 8.49881E-02 1.07274E-01 3.38492E-01 5.65952E-01 5.88045E-02 3.39114E-02 2.20200E-02 7.18278E-01
2.24204E-02 3.36711E-02 5.74424E-02 8.23327E-02 1.03841E-01 3.30297E-01 5.56285E-01 5.74424E-02 3.36711E-02 2.24204E-02 6.76249E-01
2.26799E-02 3.33195E-02 5.60032E-02 7.96524E-02 1.00381E-01 3.21973E-01 5.46217E-01 5.60032E-02 3.33195E-02 2.26799E-02 6.35928E-01
2.28116E-02 3.28689E-02 5.44990E-02 7.69579E-02 9.69080E-02 3.13543E-01 5.35784E-01 5.44990E-02 3.28689E-02 2.28116E-02 5.97361E-01
2.28264E-02 3.23294E-02 5.29406E-02 7.42595E-02 9.34342E-02 3.05032E-01 5.25018E-01 5.29406E-02 3.23294E-02 2.28264E-02 5.60604E-01
2.27379E-02 3.17133E-02 5.13398E-02 7.15669E-02 8.99723E-02 2.96464E-01 5.13958E-01 5.13398E-02 3.17133E-02 2.27379E-02 5.25646E-01
0.00000E+00 0.00000E+00 4.86620E-02 1.03659E-01 1.39651E-01 4.36183E-01 6.50118E-01 4.86620E-02 0.00000E+00 0.00000E+00 1.32786E+00
0.00000E+00 3.54730E-03 5.03506E-02 1.02773E-01 1.38332E-01 4.33072E-01 6.51868E-01 5.03506E-02 3.54730E-03 0.00000E+00 1.30838E+00
0.00000E+00 6.94022E-03 5.19763E-02 1.01995E-01 1.37054E-01 4.29749E-01 6.52790E-01 5.19763E-02 6.94022E-03 0.00000E+00 1.28278E+00
0.00000E+00 9.96793E-03 5.33096E-02 1.01065E-01 1.35564E-01 4.25981E-01 6.52746E-01 5.33096E-02 9.96793E-03 0.00000E+00 1.25411E+00
0.00000E+00 1.26710E-02 5.43839E-02 1.00000E-01 1.33889E-01 4.21813E-01 6.51821E-01 5.43839E-02 1.26710E-02 0.00000E+00 1.22280E+00
0.00000E+00 1.50664E-02 5.52129E-02 9.88058E-02 1.32040E-01 4.17261E-01 6.50047E-01 5.52129E-02 1.50664E-02 0.00000E+00 1.18922E+00
0.00000E+00 1.71869E-02 5.58227E-02 9.74947E-02 1.30037E-01 4.12362E-01 6.47502E-01 5.58227E-02 1.71869E-02 0.00000E+00 1.15387E+00
0.00000E+00 1.86671E-02 5.61669E-02 9.64120E-02 1.28399E-01 4.08368E-01 6.45075E-01 5.61669E-02 1.86671E-02 0.00000E+00 1.12559E+00
5.40292E-04 1.90035E-02 5.61805E-02 9.60243E-02 1.27845E-01 4.07098E-01 6.44198E-01 5.61805E-02 1.90035E-02 5.40292E-04 1.11639E+00
3.20545E-03 2.07225E-02 5.63865E-02 9.43626E-02 1.25379E-01 4.01136E-01 6.39911E-01 5.63865E-02 2.07225E-02 3.20545E-03 1.06974E+00
5.63776E-03 2.22537E-02 5.64466E-02 9.26328E-02 1.22815E-01 3.94864E-01 6.34912E-01 5.64466E-02 2.22537E-02 5.63776E-03 1.02213E+00
7.79464E-03 2.35507E-02 5.63117E-02 9.07801E-02 1.20102E-01 3.88239E-01 6.29174E-01 5.63117E-02 2.35507E-02 7.79464E-03 9.74600E-01
9.69199E-03 2.46276E-02 5.59955E-02 8.88149E-02 1.17256E-01 3.81288E-01 6.22733E-01 5.59955E-02 2.46276E-02 9.69199E-03 9.27406E-01
1.13436E-02 2.54967E-02 5.55105E-02 8.67480E-02 1.14291E-01 3.74032E-01 6.15617E-01 5.55105E-02 2.54967E-02 1.13436E-02 8.80783E-01
1.27678E-02 2.61743E-02 5.48727E-02 8.45928E-02 1.11225E-01 3.66501E-01 6.07866E-01 5.48727E-02 2.61743E-02 1.27678E-02 8.34947E-01
1.39827E-02 2.66768E-02 5.40980E-02 8.23620E-02 1.08075E-01 3.58726E-01 5.99526E-01 5.40980E-02 2.66768E-02 1.39827E-02 7.90078E-01
1.50037E-02 2.70182E-02 5.32002E-02 8.00674E-02 1.04857E-01 3.50734E-01 5.90636E-01 5.32002E-02 2.70182E-02 1.50037E-02 7.46341E-01
1.58456E-02 2.72119E-02 5.21925E-02 7.77203E-02 1.01585E-01 3.42551E-01 5.81232E-01 5.21925E-02 2.72119E-02 1.58456E-02 7.03880E-01
1.65228E-02 2.72709E-02 5.10879E-02 7.53319E-02 9.82746E-02 3.34204E-01 5.71353E-01 5.10879E-02 2.72709E-02 1.65228E-02 6.62815E-01
1.70489E-02 2.72079E-02 4.98988E-02 7.29126E-02 9.49384E-02 3.25718E-01 5.61039E-01 4.98988E-02 2.72079E-02 1.70489E-02 6.23247E-01
1.74373E-02 2.70349E-02 4.86372E-02 7.04728E-02 9.15897E-02 3.17120E-01 5.50326E-01 4.86372E-02 2.70349E-02 1.74373E-02 5.85252E-01
1.77005E-02 2.67636E-02 4.73143E-02 6.80221E-02 8.82408E-02 3.08433E-01 5.39255E-01 4.73143E-02 2.67636E-02 1.77005E-02 5.48886E-01
1.78508E-02 2.64050E-02 4.59409E-02 6.55696E-02 8.49032E-02 2.99683E-01 5.27861E-01 4.59409E-02 2.64050E-02 1.78508E-02 5.14188E-01
1.78995E-02 2.59695E-02 4.45272E-02 6.31239E-02 8.15875E-02 2.90892E-01 5.16183E-01 4.45272E-02 2.59695E-02 1.78995E-02 4.81175E-01
1.78562E-02 2.54662E-02 4.30822E-02 6.06934E-02 7.83044E-02 2.82082E-01 5.04255E-01 4.30822E-02 2.54662E-02 1.78562E-02 4.49881E-01
1.77324E-02 2.49052E-02 4.16156E-02 5.82856E-02 7.50628E-02 2.73276E-01 4.92115E-01 4.16156E-02 2.49052E-02 1.77324E-02 4.20274E-01
0.00000E+00 0.00000E+00 4.47780E-02 9.22964E-02 1.31594E-01 4.35415E-01 6.70914E-01 4.47780E-02 0.00000E+00 0.00000E+00 1.16122E+00
0.00000E+00 2.96870E-03 4.58683E-02 9.10473E-02 1.29384E-01 4.30539E-01 6.70106E-01 4.58683E-02 2.96870E-03 0.00000E+00 1.13967E+00
0.00000E+00 5.79711E-03 4.69202E-02 8.99253E-02 1.27276E-01 4.25531E-01 6.68531E-01 4.69202E-02 5.79711E-03 0.00000E+00 1.11334E+00
0.00000E+00 8.30942E-03 4.77379E-02 8.87026E-02 1.25048E-01 4.20185E-01 6.66071E-01 4.77379E-02 8.30942E-03 0.00000E+00 1.08470E+00
0.00000E+00 1.05407E-02 4.83482E-02 8.73911E-02 1.22715E-01 4.14533E-01 6.62806E-01 4.83482E-02 1.05407E-02 0.00000E+00 1.05409E+00
0.00000E+00 1.25061E-02 4.87625E-02 8.59940E-02 1.20286E-01 4.08590E-01 6.58768E-01 4.87625E-02 1.25061E-02 0.00000E+00 1.02180E+00
0.00000E+00 1.42342E-02 4.90021E-02 8.45194E-02 1.17773E-01 4.02385E-01 6.54029E-01 4.90021E-02 1.42342E-02 0.00000E+00 9.88209E-01
0.00000E+00 1.54331E-02 4.90859E-02 8.33332E-02 1.15781E-01 3.97431E-01 6.49949E-01 4.90859E-02 1.54331E-02 0.00000E+00 9.61565E-01
4.43383E-04 1.57030E-02 4.90401E-02 8.29309E-02 1.15144E-01 3.95904E-01 6.48611E-01 4.90401E-02 1.57030E-02 4.43383E-04 9.53024E-01
2.62551E-03 1.70805E-02 4.89411E-02 8.11752E-02 1.12272E-01 3.88717E-01 6.42125E-01 4.89411E-02 1.70805E-02 2.62551E-03 9.10082E-01
4.60554E-03 1.82952E-02 4.87272E-02 7.93784E-02 1.09355E-01 3.81287E-01 6.34982E-01 4.87272E-02 1.82952E-02 4.60554E-03 8.66571E-01
6.35003E-03 1.93103E-02 4.83586E-02 7.74949E-02 1.06350E-01 3.73581E-01 6.27164E-01 4.83586E-02 1.93103E-02 6.35003E-03 8.23354E-01
7.87354E-03 2.01386E-02 4.78473E-02 7.55335E-02 1.03270E-01 3.65624E-01 6.18711E-01 4.78473E-02 2.01386E-02 7.87354E-03 7.80660E-01
9.18880E-03 2.07917E-02 4.72047E-02 7.35035E-02 1.00128E-01 3.57438E-01 6.09653E-01 4.72047E-02 2.07917E-02 9.18880E-03 7.38695E-01
1.03122E-02 2.12843E-02 4.64447E-02 7.14161E-02 9.69381E-02 3.49052E-01 6.00034E-01 4.64447E-02 2.12843E-02 1.03122E-02 6.97645E-01
1.12601E-02 2.16310E-02 4.55811E-02 6.92818E-02 9.37144E-02 3.40495E-01 5.89902E-01 4.55811E-02 2.16310E-02 1.12601E-02 6.57660E-01
1.20462E-02 2.18444E-02 4.46258E-02 6.71106E-02 9.04693E-02 3.31792E-01 5.79296E-01 4.46258E-02 2.18444E-02 1.20462E-02 6.18880E-01
1.26838E-02 2.19366E-02 4.35903E-02 6.49119E-02 8.72149E-02 3.22969E-01 5.68257E-01 4.35903E-02 2.19366E-02 1.26838E-02 5.81422E-01
1.31857E-02 2.19190E-02 4.24858E-02 6.26950E-02 8.39626E-02 3.14051E-01 5.56824E-01 4.24858E-02 2.19190E-02 1.31857E-02 5.45382E-01
1.35641E-02 2.18030E-02 4.13230E-02 6.04686E-02 8.07233E-02 3.05063E-01 5.45039E-01 4.13230E-02 2.18030E-02 1.35641E-02 5.10834E-01
1.38304E-02 2.15992E-02 4.01117E-02 5.82411E-02 7.75070E-02 2.96029E-01 5.32941E-01 4.01117E-02 2.15992E-02 1.38304E-02 4.77832E-01
1.39960E-02 2.13176E-02 3.88617E-02 5.60203E-02 7.43233E-02 2.86971E-01 5.20568E-01 3.88617E-02 2.13176E-02 1.39960E-02 4.46412E-01
1.40712E-02 2.09678E-02 3.75819E-02 5.38135E-02 7.11808E-02 2.77912E-01 5.07960E-01 3.75819E-02 2.09678E-02 1.40712E-02 4.16588E-01
1.40660E-02 2.05589E-02 3.62806E-02 5.16276E-02 6.80874E-02 2.68874E-01 4.95154E-01 3.62806E-02 2.05589E-02 1.40660E-02 3.88362E-01
1.39885E-02 2.00986E-02 3.49654E-02 4.94694E-02 6.50513E-02 2.59877E-01 4.82186E-01 3.49654E-02 2.00986E-02 1.39885E-02 3.61746E-01
1.38486E-02 1.95954E-02 3.36438E-02 4.73444E-02 6.20787E-02 2.50940E-01 4.69093E-01 3.36438E-02 1.95954E-02 1.38486E-02 3.36696E-01
0.00000E+00 0.00000E+00 4.07664E-02 8.15436E-02 1.22289E-01 4.32561E-01 6.89221E-01 4.07664E-02 0.00000E+00 0.00000E+00 1.01253E+00
0.00000E+00 2.49327E-03 4.13958E-02 8.00931E-02 1.19403E-01 4.26049E-01 6.85791E-01 4.13958E-02 2.49327E-03 0.00000E+00 9.91124E-01
0.00000E+00 4.85808E-03 4.20070E-02 7.87764E-02 1.16679E-01 4.19491E-01 6.81670E-01 4.20070E-02 4.85808E-03 0.00000E+00 9.65698E-01
0.00000E+00 6.94755E-03 4.24318E-02 7.73959E-02 1.13913E-01 4.12697E-01 6.76759E-01 4.24318E-02 6.94755E-03 0.00000E+00 9.38339E-01
0.00000E+00 8.79236E-03 4.26920E-02 7.59595E-02 1.11114E-01 4.05691E-01 6.71130E-01 4.26920E-02 8.79236E-03 0.00000E+00 9.09327E-01
0.00000E+00 1.04061E-02 4.27967E-02 7.44687E-02 1.08286E-01 3.98485E-01 6.64814E-01 4.27967E-02 1.04061E-02 0.00000E+00 8.78931E-01
0.00000E+00 1.18140E-02 4.27635E-02 7.29285E-02 1.05435E-01 3.91101E-01 6.57879E-01 4.27635E-02 1.18140E-02 0.00000E+00 8.47493E-01
0.00000E+00 1.27839E-02 4.26579E-02 7.17080E-02 1.03218E-01 3.85284E-01 6.52150E-01 4.26579E-02 1.27839E-02 0.00000E+00 8.22666E-01
3.64074E-04 1.29999E-02 4.25703E-02 7.13080E-02 1.02532E-01 3.83527E-01 6.50353E-01 4.25703E-02 1.29999E-02 3.64074E-04 8.14794E-01
2.15137E-03 1.41007E-02 4.22547E-02 6.95415E-02 9.94179E-02 3.75247E-01 6.41688E-01 4.22547E-02 1.41007E-02 2.15137E-03 7.75471E-01
3.76284E-03 1.50599E-02 4.18502E-02 6.77532E-02 9.63057E-02 3.66794E-01 6.32433E-01 4.18502E-02 1.50599E-02 3.76284E-03 7.35818E-01
5.17248E-03 1.58488E-02 4.13244E-02 6.59054E-02 9.31580E-02 3.58140E-01 6.22579E-01 4.13244E-02 1.58488E-02 5.17248E-03 6.96586E-01
6.39371E-03 1.64791E-02 4.06880E-02 6.40057E-02 8.99848E-02 3.49309E-01 6.12167E-01 4.06880E-02 1.64791E-02 6.39371E-03 6.57987E-01
7.43830E-03 1.69616E-02 3.99512E-02 6.20623E-02 8.67968E-02 3.40325E-01 6.01233E-01 3.99512E-02 1.69616E-02 7.43830E-03 6.20216E-01
8.32106E-03 1.73096E-02 3.91261E-02 6.00846E-02 8.36053E-02 3.31214E-01 5.89823E-01 3.91261E-02 1.73096E-02 8.32106E-03 5.83440E-01
9.05667E-03 1.75363E-02 3.82245E-02 5.80817E-02 8.04206E-02 3.22003E-01 5.77984E-01 3.82245E-02 1.75363E-02 9.05667E-03 5.47792E-01
9.65754E-03 1.76531E-02 3.72569E-02 5.60618E-02 7.72526E-02 3.12716E-01 5.65759E-01 3.72569E-02 1.76531E-02 9.65754E-03 5.13390E-01
1.01355E-02 1.76707E-02 3.62332E-02 5.40329E-02 7.41104E-02 3.03379E-01 5.53189E-01 3.62332E-02 1.76707E-02 1.01355E-02 4.80334E-01
1.05020E-02 1.75995E-02 3.51628E-02 5.20028E-02 7.10028E-02 2.94014E-01 5.40316E-01 3.51628E-02 1.75995E-02 1.05020E-02 4.48697E-01
1.07676E-02 1.74494E-02 3.40549E-02 4.99788E-02 6.79378E-02 2.84645E-01 5.27181E-01 3.40549E-02 1.74494E-02 1.07676E-02 4.18533E-01
1.09427E-02 1.72296E-02 3.29177E-02 4.79676E-02 6.49230E-02 2.75293E-01 5.13824E-01 3.29177E-02 1.72296E-02 1.09427E-02 3.89878E-01
1.10370E-02 1.69490E-02 3.17592E-02 4.59755E-02 6.19651E-02 2.65979E-01 5.00286E-01 3.17592E-02 1.69490E-02 1.10370E-02 3.62744E-01
1.10594E-02 1.66159E-02 3.05869E-02 4.40086E-02 5.90700E-02 2.56724E-01 4.86603E-01 3.05869E-02 1.66159E-02 1.10594E-02 3.37133E-01
1.10186E-02 1.62379E-02 2.94073E-02 4.20720E-02 5.62434E-02 2.47546E-01 4.72815E-01 2.94073E-02 1.62379E-02 1.10186E-02 3.13026E-01
1.09215E-02 1.58217E-02 2.82269E-02 4.01713E-02 5.34912E-02 2.38466E-01 4.58955E-01 2.82269E-02 1.58217E-02 1.09215E-02 2.90422E-01
1.07765E-02 1.53745E-02 2.70515E-02 3.83105E-02 5.08167E-02 2.29499E-01 4.45062E-01 2.70515E-02 1.53745E-02 1.07765E-02 2.69262E-01
0.00000E+00 0.00000E+00 3.66962E-02 7.15772E-02 1.11904E-01 4.27642E-01 7.04717E-01 3.66962E-02 0.00000E+00 0.00000E+00 8.82838E-01
0.00000E+00 2.10760E-03 3.69872E-02 7.00484E-02 1.08562E-01 4.19620E-01 6.98597E-01 3.69872E-02 2.10760E-03 0.00000E+00 8.62951E-01
0.00000E+00 4.09637E-03 3.72754E-02 6.86518E-02 1.05432E-01 4.11643E-01 6.91888E-01 3.72754E-02 4.09637E-03 0.00000E+00 8.39379E-01
0.00000E+00 5.84311E-03 3.74156E-02 6.72160E-02 1.02327E-01 4.03530E-01 6.84497E-01 3.74156E-02 5.84311E-03 0.00000E+00 8.13953E-01
0.00000E+00 7.37511E-03 3.74254E-02 6.57462E-02 9.92488E-02 3.95298E-01 6.76488E-01 3.74254E-02 7.37511E-03 0.00000E+00 7.86969E-01
0.00000E+00 8.70482E-03 3.73127E-02 6.42430E-02 9.61982E-02 3.86955E-01 6.67893E-01 3.73127E-02 8.70482E-03 0.00000E+00 7.58709E-01
0.00000E+00 9.85504E-03 3.70915E-02 6.27100E-02 9.31743E-02 3.78517E-01 6.58774E-01 3.70915E-02 9.85504E-03 0.00000E+00 7.29523E-01
0.00000E+00 1.06411E-02 3.68580E-02 6.15065E-02 9.08517E-02 3.71936E-01 6.51414E-01 3.68580E-02 1.06411E-02 0.00000E+00 7.06517E-01
3.00050E-04 1.08140E-02 3.67441E-02 6.11210E-02 9.01488E-02 3.69974E-01 6.49163E-01 3.67441E-02 1.08140E-02 3.00050E-04 6.99280E-01
1.76909E-03 1.16939E-02 3.62886E-02 5.94042E-02 8.69481E-02 3.60735E-01 6.38357E-01 3.62886E-02 1.16939E-02 1.76909E-03 6.63318E-01
3.08463E-03 1.24504E-02 3.57653E-02 5.76792E-02 8.37873E-02 3.51392E-01 6.27042E-01 3.57653E-02 1.24504E-02 3.08463E-03 6.27180E-01
4.22665E-03 1.30610E-02 3.51481E-02 5.59147E-02 8.06336E-02 3.41924E-01 6.15217E-01 3.51481E-02 1.30610E-02 4.22665E-03 5.91537E-01
5.20759E-03 1.35368E-02 3.44462E-02 5.41175E-02 7.74944E-02 3.32353E-01 6.02925E-01 3.44462E-02 1.35368E-02 5.20759E-03 5.56596E-01
6.03838E-03 1.38878E-02 3.36690E-02 5.22949E-02 7.43781E-02 3.22703E-01 5.90204E-01 3.36690E-02 1.38878E-02 6.03838E-03 5.22549E-01
6.73248E-03 1.41262E-02 3.28270E-02 5.04552E-02 7.12928E-02 3.12998E-01 5.77102E-01 3.28270E-02 1.41262E-02 6.73248E-03 4.89552E-01
7.30312E-03 1.42638E-02 3.19303E-02 4.86059E-02 6.82460E-02 3.03264E-01 5.63666E-01 3.19303E-02 1.42638E-02 7.30312E-03 4.57723E-01
7.76145E-03 1.43108E-02 3.09878E-02 4.67542E-02 6.52447E-02 2.93523E-01 5.49941E-01 3.09878E-02 1.43108E-02 7.76145E-03 4.27166E-01
8.11812E-03 1.42771E-02 3.00082E-02 4.49068E-02 6.22955E-02 2.83797E-01 5.35968E-01 3.00082E-02 1.42771E-02 8.11812E-03 3.97961E-01
8.38321E-03 1.41716E-02 2.89994E-02 4.30703E-02 5.94046E-02 2.74109E-01 5.21790E-01 2.89994E-02 1.41716E-02 8.38321E-03 3.70164E-01
8.56623E-03 1.40032E-02 2.79689E-02 4.12506E-02 5.65775E-02 2.64479E-01 5.07449E-01 2.79689E-02 1.40032E-02 8.56623E-03 3.43811E-01
8.67616E-03 1.37801E-02 2.69238E-02 3.94534E-02 5.38192E-02 2.54927E-01 4.92983E-01 2.69238E-02 1.37801E-02 8.67616E-03 3.18918E-01
8.72138E-03 1.35097E-02 2.58706E-02 3.76836E-02 5.11342E-02 2.45472E-01 4.78433E-01 2.58706E-02 1.35097E-02 8.72138E-03 2.95483E-01
8.70974E-03 1.31993E-02 2.48151E-02 3.59460E-02 4.85260E-02 2.36132E-01 4.63835E-01 2.48151E-02 1.31993E-02 8.70974E-03 2.73489E-01
8.64851E-03 1.28555E-02 2.37629E-02 3.42447E-02 4.59981E-02 2.26922E-01 4.49225E-01 2.37629E-02 1.28555E-02 8.64851E-03 2.52905E-01
8.54377E-03 1.24837E-02 2.27189E-02 3.25840E-02 4.35543E-02 2.17861E-01 4.34641E-01 2.27189E-02 1.24837E-02 8.54377E-03 2.33714E-01
8.40233E-03 1.20901E-02 2.16875E-02 3.09667E-02 4.11960E-02 2.08962E-01 4.20114E-01 2.16875E-02 1.20901E-02 8.40233E-03 2.15850E-01
0.00000E+00 0.00000E+00 3.26610E-02 6.26074E-02 1.00697E-01 4.20792E-01 7.17124E-01 3.26610E-02 0.00000E+00 0.00000E+00 7.72890E-01
0.00000E+00 1.78849E-03 3.27093E-02 6.10663E-02 9.71131E-02 4.11375E-01 7.08251E-01 3.27093E-02 1.78849E-03 0.00000E+00 7.54643E-01
0.00000E+00 3.46548E-03 3.27652E-02 5.96505E-02 9.37761E-02 4.02097E-01 6.98915E-01 3.27652E-02 3.46548E-03 0.00000E+00 7.32831E-01
0.00000E+00 4.92778E-03 3.27032E-02 5.82118E-02 9.05166E-02 3.92783E-01 6.89023E-01 3.27032E-02 4.92778E-03 0.00000E+00 7.09129E-01
0.00000E+00 6.20018E-03 3.25379E-02 5.67539E-02 8.73302E-02 3.83442E-01 6.78631E-01 3.25379E-02 6.20018E-03 0.00000E+00 6.83890E-01
0.00000E+00 7.29447E-03 3.22761E-02 5.52776E-02 8.42143E-02 3.74080E-01 6.67770E-01 3.22761E-02 7.29447E-03 0.00000E+00 6.57436E-01
0.00000E+00 8.23155E-03 3.19298E-02 5.37852E-02 8.11633E-02 3.64706E-01 6.56495E-01 3.19298E-02 8.23155E-03 0.00000E+00 6.30147E-01
0.00000E+00 8.86603E-03 3.16136E-02 5.26218E-02 7.88418E-02 3.57449E-01 6.47533E-01 3.16136E-02 8.86603E-03 0.00000E+00 6.08677E-01
2.47146E-04 9.00353E-03 3.14844E-02 5.22554E-02 7.81500E-02 3.55310E-01 6.44838E-01 3.14844E-02 9.00353E-03 2.47146E-04 6.01977E-01
1.45356E-03 9.70215E-03 3.09444E-02 5.06140E-02 7.49952E-02 3.45235E-01 6.31951E-01 3.09444E-02 9.70215E-03 1.45356E-03 5.68861E-01
2.52574E-03 1.02932E-02 3.03539E-02 4.89744E-02 7.19090E-02 3.35130E-01 6.18652E-01 3.03539E-02 1.02932E-02 2.52574E-03 5.35720E-01
3.44860E-03 1.07595E-02 2.96917E-02 4.73109E-02 6.88625E-02 3.24974E-01 6.04944E-01 2.96917E-02 1.07595E-02 3.44860E-03 5.03160E-01
4.23377E-03 1.11114E-02 2.89661E-02 4.56298E-02 6.58604E-02 3.14790E-01 5.90873E-01 2.89661E-02 1.11114E-02 4.23377E-03 4.71386E-01
4.89146E-03 1.13583E-02 2.81855E-02 4.39378E-02 6.29090E-02 3.04599E-01 5.76478E-01 2.81855E-02 1.13583E-02 4.89146E-03 4.40581E-01
5.43392E-03 1.15112E-02 2.73591E-02 4.22420E-02 6.00139E-02 2.94426E-01 5.61808E-01 2.73591E-02 1.15112E-02 5.43392E-03 4.10889E-01
5.87305E-03 1.15810E-02 2.64954E-02 4.05488E-02 5.71796E-02 2.84292E-01 5.46910E-01 2.64954E-02 1.15810E-02 5.87305E-03 3.82411E-01
6.21894E-03 1.15767E-02 2.56022E-02 3.88645E-02 5.44109E-02 2.74217E-01 5.31828E-01 2.56022E-02 1.15767E-02 6.21894E-03 3.55234E-01
6.48108E-03 1.15071E-02 2.46867E-02 3.71947E-02 5.17121E-02 2.64223E-01 5.16604E-01 2.46867E-02 1.15071E-02 6.48108E-03 3.29416E-01
6.66842E-03 1.13803E-02 2.37555E-02 3.55449E-02 4.90870E-02 2.54329E-01 5.01279E-01 2.37555E-02 1.13803E-02 6.66842E-03 3.04996E-01
6.78934E-03 1.12040E-02 2.28151E-02 3.39199E-02 4.65390E-02 2.44553E-01 4.85894E-01 2.28151E-02 1.12040E-02 6.78934E-03 2.81988E-01
6.85164E-03 1.09851E-02 2.18710E-02 3.23242E-02 4.40710E-02 2.34913E-01 4.70488E-01 2.18710E-02 1.09851E-02 6.85164E-03 2.60391E-01
6.86261E-03 1.07303E-02 2.09284E-02 3.07618E-02 4.16854E-02 2.25424E-01 4.55098E-01 2.09284E-02 1.07303E-02 6.86261E-03 2.40185E-01
6.82894E-03 1.04456E-02 1.99922E-02 2.92363E-02 3.93839E-02 2.16101E-01 4.39759E-01 1.99922E-02 1.04456E-02 6.82894E-03 2.21338E-01
6.75681E-03 1.01366E-02 1.90664E-02 2.77508E-02 3.71679E-02 2.06959E-01 4.24505E-01 1.90664E-02 1.01366E-02 6.75681E-03 2.03807E-01
6.65139E-03 9.80799E-03 1.81551E-02 2.63085E-02 3.50398E-02 1.98013E-01 4.09372E-01 1.81551E-02 9.80799E-03 6.65139E-03 1.87561E-01
6.51833E-03 9.46464E-03 1.72615E-02 2.49114E-02 3.29992E-02 1.89271E-01 3.94388E-01 1.72615E-02 9.46464E-03 6.51833E-03 1.72528E-01
0.00000E+00 0.00000E+00 2.87354E-02 5.46207E-02 8.90561E-02 4.12075E-01 7.26033E-01 2.87354E-02 0.00000E+00 0.00000E+00 6.81321E-01
0.00000E+00 1.52403E-03 2.86203E-02 5.31074E-02 8.54209E-02 4.01378E-01 7.14375E-01 2.86203E-02 1.52403E-03 0.00000E+00 6.64366E-01
0.00000E+00 2.94239E-03 2.85190E-02 5.17104E-02 8.20550E-02 3.90916E-01 7.02406E-01 2.85190E-02 2.94239E-03 0.00000E+00 6.43891E-01
0.00000E+00 4.16877E-03 2.83228E-02 5.03016E-02 7.88031E-02 3.80519E-01 6.90025E-01 2.83228E-02 4.16877E-03 0.00000E+00 6.21482E-01
0.00000E+00 5.22620E-03 2.80446E-02 4.88843E-02 7.56565E-02 3.70187E-01 6.77280E-01 2.80446E-02 5.22620E-03 0.00000E+00 5.97560E-01
0.00000E+00 6.12614E-03 2.76904E-02 4.74594E-02 7.26104E-02 3.59926E-01 6.64200E-01 2.76904E-02 6.12614E-03 0.00000E+00 5.72502E-01
0.00000E+00 6.88797E-03 2.72706E-02 4.60292E-02 6.96557E-02 3.49735E-01 6.50833E-01 2.72706E-02 6.88797E-03 0.00000E+00 5.46722E-01
0.00000E+00 7.39830E-03 2.69086E-02 4.49202E-02 6.74238E-02 3.41896E-01 6.40328E-01 2.69086E-02 7.39830E-03 0.00000E+00 5.26501E-01
2.03643E-04 7.50697E-03 2.67735E-02 4.45759E-02 6.67663E-02 3.39604E-01 6.37207E-01 2.67735E-02 7.50697E-03 2.03643E-04 5.20246E-01
1.19451E-03 8.05834E-03 2.61943E-02 4.30257E-02 6.37662E-02 3.28822E-01 6.22335E-01 2.61943E-02 8.05834E-03 1.19451E-03 4.89509E-01
2.06790E-03 8.51613E-03 2.55784E-02 4.14851E-02 6.08543E-02 3.18083E-01 6.07163E-01 2.55784E-02 8.51613E-03 2.06790E-03 4.58913E-01
2.81280E-03 8.86737E-03 2.49089E-02 3.99334E-02 5.80045E-02 3.07369E-01 5.91698E-01 2.49089E-02 8.86737E-03 2.81280E-03 4.29008E-01
3.44007E-03 9.12182E-03 2.41931E-02 3.83761E-02 5.52196E-02 2.96700E-01 5.75983E-01 2.41931E-02 9.12182E-03 3.44007E-03 3.99989E-01
3.95925E-03 9.28826E-03 2.34385E-02 3.68194E-02 5.25040E-02 2.86098E-01 5.60061E-01 2.34385E-02 9.28826E-03 3.95925E-03 3.72029E-01
4.38150E-03 9.37679E-03 2.26530E-02 3.52695E-02 4.98609E-02 2.75582E-01 5.43979E-01 2.26530E-02 9.37679E-03 4.38150E-03 3.45251E-01
4.71754E-03 9.39706E-03 2.18439E-02 3.37319E-02 4.72926E-02 2.65172E-01 5.27783E-01 2.18439E-02 9.39706E-03 4.71754E-03 3.19736E-01
4.97641E-03 9.35730E-03 2.10178E-02 3.22117E-02 4.48019E-02 2.54887E-01 5.11515E-01 2.10178E-02 9.35730E-03 4.97641E-03 2.95549E-01
5.16659E-03 9.26522E-03 2.01808E-02 3.07137E-02 4.23911E-02 2.44744E-01 4.95216E-01 2.01808E-02 9.26522E-03 5.16659E-03 2.72728E-01
5.29598E-03 9.12797E-03 1.93383E-02 2.92424E-02 4.00621E-02 2.34761E-01 4.78925E-01 1.93383E-02 9.12797E-03 5.29598E-03 2.51288E-01
5.37188E-03 8.95218E-03 1.84956E-02 2.78016E-02 3.78167E-02 2.24951E-01 4.62682E-01 1.84956E-02 8.95218E-03 5.37188E-03 2.31224E-01
5.40109E-03 8.74395E-03 1.76571E-02 2.63948E-02 3.56558E-02 2.15331E-01 4.46522E-01 1.76571E-02 8.74395E-03 5.40109E-03 2.12517E-01
5.38984E-03 8.50887E-03 1.68269E-02 2.50251E-02 3.35803E-02 2.05913E-01 4.30480E-01 1.68269E-02 8.50887E-03 5.38984E-03 1.95130E-01
5.34383E-03 8.25202E-03 1.60088E-02 2.36949E-02 3.15904E-02 1.96708E-01 4.14588E-01 1.60088E-02 8.25202E-03 5.34383E-03 1.79018E-01
5.26826E-03 7.97801E-03 1.52058E-02 2.24066E-02 2.96861E-02 1.87728E-01 3.98877E-01 1.52058E-02 7.97801E-03 5.26826E-03 1.64125E-01
5.16749E-03 7.69080E-03 1.44211E-02 2.11626E-02 2.78684E-02 1.78986E-01 3.83381E-01 1.44211E-02 7.69080E-03 5.16749E-03 1.50411E-01
5.04615E-03 7.39432E-03 1.36569E-02 1.99638E-02 2.61356E-02 1.70487E-01 3.68123E-01 1.36569E-02 7.39432E-03 5.04615E-03 1.37797E-01
0.00000E+00 0.00000E+00 2.49874E-02 4.75627E-02 7.73744E-02 4.01573E-01 7.31099E-01 2.49874E-02 0.00000E+00 0.00000E+00 6.06153E-01
0.00000E+00 1.30158E-03 2.47703E-02 4.60957E-02 7.38500E-02 3.89707E-01 7.16661E-01 2.47703E-02 1.30158E-03 0.00000E+00 5.89760E-01
0.00000E+00 2.50244E-03 2.45695E-02 4.47364E-02 7.06023E-02 3.78179E-01 7.02091E-01 2.45695E-02 2.50244E-03 0.00000E+00 5.69938E-01
0.00000E+00 3.53081E-03 2.42917E-02 4.33737E-02 6.74904E-02 3.66817E-01 6.87273E-01 2.42917E-02 3.53081E-03 0.00000E+00 5.48214E-01
0.00000E+00 4.40837E-03 2.39483E-02 4.20110E-02 6.45027E-02 3.55614E-01 6.72245E-01 2.39483E-02 4.40837E-03 0.00000E+00 5.25076E-01
0.00000E+00 5.14643E-03 2.35450E-02 4.06498E-02 6.16332E-02 3.44572E-01 6.57033E-01 2.35450E-02 5.14643E-03 0.00000E+00 5.00952E-01
0.00000E+00 5.76313E-03 2.30909E-02 3.92918E-02 5.88704E-02 3.33685E-01 6.41672E-01 2.30909E-02 5.76313E-03 0.00000E+00 4.76275E-01
1.38778E-17 6.17125E-03 2.27114E-02 3.82443E-02 5.67958E-02 3.25358E-01 6.29710E-01 2.27114E-02 6.17125E-03 1.38778E-17 4.57022E-01
1.67586E-04 6.25637E-03 2.25770E-02 3.79229E-02 5.61898E-02 3.22939E-01 6.26190E-01 2.25770E-02 6.25637E-03 1.67586E-04 4.51128E-01
9.80208E-04 6.68774E-03 2.19926E-02 3.64709E-02 5.34256E-02 3.11580E-01 6.09467E-01 2.19926E-02 6.68774E-03 9.80208E-04 4.22351E-01
1.69019E-03 7.03801E-03 2.13825E-02 3.50352E-02 5.07603E-02 3.00338E-01 5.92569E-01 2.13825E-02 7.03801E-03 1.69019E-03 3.93916E-01
2.28980E-03 7.29771E-03 2.07331E-02 3.35991E-02 4.81705E-02 2.89195E-01 5.75503E-01 2.07331E-02 7.29771E-03 2.28980E-03 3.66312E-01
2.78919E-03 7.47595E-03 2.00511E-02 3.21674E-02 4.56574E-02 2.78170E-01 5.58312E-01 2.00511E-02 7.47595E-03 2.78919E-03 3.39715E-01
3.19724E-03 7.58091E-03 1.93431E-02 3.07459E-02 4.32238E-02 2.67283E-01 5.41039E-01 1.93431E-02 7.58091E-03 3.19724E-03 3.14279E-01
3.52407E-03 7.62173E-03 1.86158E-02 2.93397E-02 4.08712E-02 2.56550E-01 5.23729E-01 1.86158E-02 7.62173E-03 3.52407E-03 2.90102E-01
3.77930E-03 7.60705E-03 1.78754E-02 2.79533E-02 3.86000E-02 2.45988E-01 5.06423E-01 1.78754E-02 7.60705E-03 3.77930E-03 2.67238E-01
3.97102E-03 7.54418E-03 1.71275E-02 2.65911E-02 3.64114E-02 2.35612E-01 4.89162E-01 1.71275E-02 7.54418E-03 3.97102E-03 2.45727E-01
4.10671E-03 7.43990E-03 1.63771E-02 2.52570E-02 3.43062E-02 2.25437E-01 4.71984E-01 1.63771E-02 7.43990E-03 4.10671E-03 2.25581E-01
4.19330E-03 7.30044E-03 1.56286E-02 2.39543E-02 3.22850E-02 2.15476E-01 4.54927E-01 1.56286E-02 7.30044E-03 4.19330E-03 2.06794E-01
4.23714E-03 7.13151E-03 1.48861E-02 2.26860E-02 3.03478E-02 2.05742E-01 4.38024E-01 1.48861E-02 7.13151E-03 4.23714E-03 1.89341E-01
4.24406E-03 6.93829E-03 1.41532E-02 2.14547E-02 2.84946E-02 1.96245E-01 4.21309E-01 1.41532E-02 6.93829E-03 4.24406E-03 1.73183E-01
4.21937E-03 6.72550E-03 1.34332E-02 2.02626E-02 2.67249E-02 1.86996E-01 4.04812E-01 1.34332E-02 6.72550E-03 4.21937E-03 1.58270E-01
4.16786E-03 6.49735E-03 1.27286E-02 1.91114E-02 2.50378E-02 1.78003E-01 3.88563E-01 1.27286E-02 6.49735E-03 4.16786E-03 1.44544E-01
4.09389E-03 6.25762E-03 1.20418E-02 1.80023E-02 2.34323E-02 1.69274E-01 3.72587E-01 1.20418E-02 6.25762E-03 4.09389E-03 1.31940E-01
4.00107E-03 6.00956E-03 1.13751E-02 1.69373E-02 2.19083E-02 1.60817E-01 3.56915E-01 1.13751E-02 6.00956E-03 4.00107E-03 1.20408E-01
3.89317E-03 5.75631E-03 1.07300E-02 1.59163E-02 2.04633E-02 1.52637E-01 3.41565E-01 1.07300E-02 5.75631E-03 3.89317E-03 1.09865E-01
0.00000E+00 0.00000E+00 2.15081E-02 4.13597E-02 6.61807E-02 3.89488E-01 7.32014E-01 2.15081E-02 0.00000E+00 0.00000E+00 5.45063E-01
0.00000E+00 1.11223E-03 2.12339E-02 3.99461E-02 6.28860E-02 3.76577E-01 7.14880E-01 2.12339E-02 1.11223E-03 0.00000E+00 5.28364E-01
0.00000E+00 2.12858E-03 2.09764E-02 3.86328E-02 5.98625E-02 3.64109E-01 6.97813E-01 2.09764E-02 2.12858E-03 0.00000E+00 5.08460E-01
0.00000E+00 2.98974E-03 2.06556E-02 3.73241E-02 5.69834E-02 3.51910E-01 6.80679E-01 2.06556E-02 2.98974E-03 0.00000E+00 4.86820E-01
0.00000E+00 3.71629E-03 2.02820E-02 3.60231E-02 5.42361E-02 3.39964E-01 6.63503E-01 2.02820E-02 3.71629E-03 0.00000E+00 4.63977E-01
0.00000E+00 4.31941E-03 1.98611E-02 3.47317E-02 5.16139E-02 3.28271E-01 6.46306E-01 1.98611E-02 4.31941E-03 0.00000E+00 4.40389E-01
0.00000E+00 4.81613E-03 1.94012E-02 3.34515E-02 4.91041E-02 3.16816E-01 6.29112E-01 1.94012E-02 4.81613E-03 0.00000E+00 4.16492E-01
6.93889E-17 5.14040E-03 1.90242E-02 3.24690E-02 4.72286E-02 3.08099E-01 6.15822E-01 1.90242E-02 5.14040E-03 6.93889E-17 3.97990E-01
1.37661E-04 5.20640E-03 1.88953E-02 3.21708E-02 4.66844E-02 3.05583E-01 6.11941E-01 1.88953E-02 5.20640E-03 1.37661E-04 3.92392E-01
8.02780E-04 5.54061E-03 1.83295E-02 3.08201E-02 4.42034E-02 2.93781E-01 5.93554E-01 1.83295E-02 5.54061E-03 8.02780E-04 3.65263E-01
1.37850E-03 5.80496E-03 1.77466E-02 2.94918E-02 4.18244E-02 2.82170E-01 5.75128E-01 1.77466E-02 5.80496E-03 1.37850E-03 3.38704E-01
1.85971E-03 5.99273E-03 1.71358E-02 2.81721E-02 3.95267E-02 2.70732E-01 5.56666E-01 1.71358E-02 5.99273E-03 1.85971E-03 3.13138E-01
2.25583E-03 6.11239E-03 1.65030E-02 2.68654E-02 3.73105E-02 2.59482E-01 5.38209E-01 1.65030E-02 6.11239E-03 2.25583E-03 2.88714E-01
2.57508E-03 6.17147E-03 1.58540E-02 2.55765E-02 3.51771E-02 2.48437E-01 5.19800E-01 1.58540E-02 6.17147E-03 2.57508E-03 2.65555E-01
2.82659E-03 6.17820E-03 1.51946E-02 2.43099E-02 3.31267E-02 2.37613E-01 5.01477E-01 1.51946E-02 6.17820E-03 2.82659E-03 2.43729E-01
3.01893E-03 6.14021E-03 1.45300E-02 2.30690E-02 3.11586E-02 2.27019E-01 4.83281E-01 1.45300E-02 6.14021E-03 3.01893E-03 2.23260E-01
3.15926E-03 6.06395E-03 1.38647E-02 2.18572E-02 2.92726E-02 2.16668E-01 4.65245E-01 1.38647E-02 6.06395E-03 3.15926E-03 2.04157E-01
3.25417E-03 5.95532E-03 1.32028E-02 2.06776E-02 2.74687E-02 2.06572E-01 4.47407E-01 1.32028E-02 5.95532E-03 3.25417E-03 1.86411E-01
3.30968E-03 5.81970E-03 1.25479E-02 1.95327E-02 2.57461E-02 1.96740E-01 4.29797E-01 1.25479E-02 5.81970E-03 3.30968E-03 1.69990E-01
3.33125E-03 5.66192E-03 1.19032E-02 1.84245E-02 2.41041E-02 1.87182E-01 4.12447E-01 1.19032E-02 5.66192E-03 3.33125E-03 1.54852E-01
3.32384E-03 5.48637E-03 1.12714E-02 1.73549E-02 2.25416E-02 1.77904E-01 3.95385E-01 1.12714E-02 5.48637E-03 3.32384E-03 1.40940E-01
3.29194E-03 5.29694E-03 1.06549E-02 1.63251E-02 2.10574E-02 1.68913E-01 3.78637E-01 1.06549E-02 5.29694E-03 3.29194E-03 1.28192E-01
3.23954E-03 5.09711E-03 1.00557E-02 1.53361E-02 1.96498E-02 1.60215E-01 3.62227E-01 1.00557E-02 5.09711E-03 3.23954E-03 1.16540E-01
3.17025E-03 4.88993E-03 9.47532E-03 1.43886E-02 1.83171E-02 1.51811E-01 3.46177E-01 9.47532E-03 4.88993E-03 3.17025E-03 1.05911E-01
3.08705E-03 4.67803E-03 8.91547E-03 1.34837E-02 1.70586E-02 1.43711E-01 3.30512E-01 8.91547E-03 4.67803E-03 3.08705E-03 9.62483E-02
2.99296E-03 4.46385E-03 8.37693E-03 1.26209E-02 1.58713E-02 1.35913E-01 3.15247E-01 8.37693E-03 4.46385E-03 2.99296E-03 8.74683E-02
0.00000E+00 0.00000E+00 1.82679E-02 3.57638E-02 5.55758E-02 3.75620E-01 7.28584E-01 1.82679E-02 0.00000E+00 0.00000E+00 4.94102E-01
0.00000E+00 9.46452E-04 1.79694E-02 3.44120E-02 5.25950E-02 3.61779E-01 7.08843E-01 1.79694E-02 9.46452E-04 0.00000E+00 4.76344E-01
0.00000E+00 1.80230E-03 1.76864E-02 3.31550E-02 4.98693E-02 3.48489E-01 6.89388E-01 1.76864E-02 1.80230E-03 0.00000E+00 4.55768E-01
0.00000E+00 2.51909E-03 1.73510E-02 3.19101E-02 4.72867E-02 3.35573E-01 6.70064E-01 1.73510E-02 2.51909E-03 0.00000E+00 4.33767E-01
0.00000E+00 3.11637E-03 1.69730E-02 3.06802E-02 4.48344E-02 3.23007E-01 6.50879E-01 1.69730E-02 3.11637E-03 0.00000E+00 4.10887E-01
0.00000E+00 3.60512E-03 1.65580E-02 2.94674E-02 4.25057E-02 3.10787E-01 6.31850E-01 1.65580E-02 3.60512E-03 0.00000E+00 3.87594E-01
0.00000E+00 4.00125E-03 1.61132E-02 2.82729E-02 4.02880E-02 2.98890E-01 6.12984E-01 1.61132E-02 4.00125E-03 0.00000E+00 3.64298E-01
4.16334E-17 4.25590E-03 1.57535E-02 2.73610E-02 3.86374E-02 2.89879E-01 5.98496E-01 1.57535E-02 4.25590E-03 4.16334E-17 3.46440E-01
1.12374E-04 4.30626E-03 1.56336E-02 2.70870E-02 3.81610E-02 2.87292E-01 5.94292E-01 1.56336E-02 4.30626E-03 1.12374E-04 3.41107E-01
6.53284E-04 4.56117E-03 1.51039E-02 2.58438E-02 3.59909E-02 2.75180E-01 5.74433E-01 1.51039E-02 4.56117E-03 6.53284E-04 3.15467E-01
1.11692E-03 4.75652E-03 1.45639E-02 2.46282E-02 3.39201E-02 2.63332E-01 5.54676E-01 1.45639E-02 4.75652E-03 1.11692E-03 2.90641E-01
1.50023E-03 4.88779E-03 1.40049E-02 2.34288E-02 3.19306E-02 2.51730E-01 5.35023E-01 1.40049E-02 4.88779E-03 1.50023E-03 2.66981E-01
1.81189E-03 4.96273E-03 1.34321E-02 2.22494E-02 3.00217E-02 2.40384E-01 5.15510E-01 1.34321E-02 4.96273E-03 1.81189E-03 2.44597E-01
2.05940E-03 4.98820E-03 1.28508E-02 2.10939E-02 2.81940E-02 2.29308E-01 4.96176E-01 1.28508E-02 4.98820E-03 2.05940E-03 2.23577E-01
2.25092E-03 4.97150E-03 1.22656E-02 1.99659E-02 2.64465E-02 2.18514E-01 4.77057E-01 1.22656E-02 4.97150E-03 2.25092E-03 2.03953E-01
2.39401E-03 4.91929E-03 1.16809E-02 1.88678E-02 2.47778E-02 2.08007E-01 4.58183E-01 1.16809E-02 4.91929E-03 2.39401E-03 1.85714E-01
2.49493E-03 4.83719E-03 1.11004E-02 1.78024E-02 2.31870E-02 1.97796E-01 4.39588E-01 1.11004E-02 4.83719E-03 2.49493E-03 1.68842E-01
2.55941E-03 4.73026E-03 1.05273E-02 1.67715E-02 2.16730E-02 1.87888E-01 4.21301E-01 1.05273E-02 4.73026E-03 2.55941E-03 1.53300E-01
2.59260E-03 4.60304E-03 9.96437E-03 1.57770E-02 2.02347E-02 1.78290E-01 4.03349E-01 9.96437E-03 4.60304E-03 2.59260E-03 1.39039E-01
2.59916E-03 4.45961E-03 9.41409E-03 1.48202E-02 1.88705E-02 1.69006E-01 3.85757E-01 9.41409E-03 4.45961E-03 2.59916E-03 1.25995E-01
2.58326E-03 4.30358E-03 8.87847E-03 1.39020E-02 1.75788E-02 1.60040E-01 3.68549E-01 8.87847E-03 4.30358E-03 2.58326E-03 1.14100E-01
2.54863E-03 4.13813E-03 8.35921E-03 1.30231E-02 1.63578E-02 1.51394E-01 3.51745E-01 8.35921E-03 4.13813E-03 2.54863E-03 1.03280E-01
2.49857E-03 3.96605E-03 7.85763E-03 1.21838E-02 1.52054E-02 1.43070E-01 3.35364E-01 7.85763E-03 3.96605E-03 2.49857E-03 9.34598E-02
2.43599E-03 3.78979E-03 7.37478E-03 1.13841E-02 1.41197E-02 1.35068E-01 3.19422E-01 7.37478E-03 3.78979E-03 2.43599E-03 8.45622E-02
2.36334E-03 3.61142E-03 6.91178E-03 1.06246E-02 1.30994E-02 1.27392E-01 3.03939E-01 6.91178E-03 3.61142E-03 2.36334E-03 7.65265E-02
2.28303E-03 3.43282E-03 6.46895E-03 9.90437E-03 1.21414E-02 1.20037E-01 2.88924E-01 6.46895E-03 3.43282E-03 2.28303E-03 6.92688E-02
0.00000E+00 0.00000E+00 1.53418E-02 3.07501E-02 4.59588E-02 3.60194E-01 7.20730E-01 1.53418E-02 0.00000E+00 0.00000E+00 4.51370E-01
0.00000E+00 8.01806E-04 1.50420E-02 2.94691E-02 4.33351E-02 3.45563E-01 6.98563E-01 1.50420E-02 8.01806E-04 0.00000E+00 4.31996E-01
0.00000E+00 1.51895E-03 1.47559E-02 2.82787E-02 4.09436E-02 3.31595E-01 6.76914E-01 1.47559E-02 1.51895E-03 0.00000E+00 4.10353E-01
0.00000E+00 2.11231E-03 1.44263E-02 2.71075E-02 3.86862E-02 3.18107E-01 6.55602E-01 1.44263E-02 2.11231E-03 0.00000E+00 3.87725E-01
0.00000E+00 2.60028E-03 1.40621E-02 2.59579E-02 3.65512E-02 3.05065E-01 6.34619E-01 1.40621E-02 2.60028E-03 0.00000E+00 3.64638E-01
0.00000E+00 2.99353E-03 1.36692E-02 2.48320E-02 3.45323E-02 2.92459E-01 6.13974E-01 1.36692E-02 2.99353E-03 0.00000E+00 3.41537E-01
0.00000E+00 3.30679E-03 1.32539E-02 2.37304E-02 3.26176E-02 2.80258E-01 5.93657E-01 1.32539E-02 3.30679E-03 0.00000E+00 3.18781E-01
1.38778E-17 3.50478E-03 1.29213E-02 2.28939E-02 3.11974E-02 2.71061E-01 5.78144E-01 1.29213E-02 3.50478E-03 1.38778E-17 3.01534E-01
9.12807E-05 3.54264E-03 1.28126E-02 2.26450E-02 3.07893E-02 2.68433E-01 5.73669E-01 1.28126E-02 3.54264E-03 9.12807E-05 2.96454E-01
5.28987E-04 3.73434E-03 1.23300E-02 2.15141E-02 2.89318E-02 2.56154E-01 5.52577E-01 1.23300E-02 3.73434E-03 5.28987E-04 2.72228E-01
9.00414E-04 3.87577E-03 1.18420E-02 2.04149E-02 2.71668E-02 2.44210E-01 5.31733E-01 1.18420E-02 3.87577E-03 9.00414E-04 2.49057E-01
1.20407E-03 3.96410E-03 1.13420E-02 1.93379E-02 2.54789E-02 2.32579E-01 5.11132E-01 1.13420E-02 3.96410E-03 1.20407E-03 2.27217E-01
1.44783E-03 4.00632E-03 1.08345E-02 1.82859E-02 2.38669E-02 2.21268E-01 4.90805E-01 1.08345E-02 4.00632E-03 1.44783E-03 2.06772E-01
1.63847E-03 4.00858E-03 1.03239E-02 1.72624E-02 2.23306E-02 2.10288E-01 4.70788E-01 1.03239E-02 4.00858E-03 1.63847E-03 1.87773E-01
1.78319E-03 3.97727E-03 9.81421E-03 1.62697E-02 2.08687E-02 1.99645E-01 4.51109E-01 9.81421E-03 3.97727E-03 1.78319E-03 1.70209E-01
1.88857E-03 3.91815E-03 9.30880E-03 1.53095E-02 1.94792E-02 1.89340E-01 4.31793E-01 9.30880E-03 3.91815E-03 1.88857E-03 1.54039E-01
1.96005E-03 3.83601E-03 8.81064E-03 1.43837E-02 1.81607E-02 1.79377E-01 4.12866E-01 8.81064E-03 3.83601E-03 1.96005E-03 1.39217E-01
2.00254E-03 3.73515E-03 8.32226E-03 1.34935E-02 1.69117E-02 1.69760E-01 3.94352E-01 8.32226E-03 3.73515E-03 2.00254E-03 1.25683E-01
2.02040E-03 3.61935E-03 7.84581E-03 1.26398E-02 1.57305E-02 1.60490E-01 3.76272E-01 7.84581E-03 3.61935E-03 2.02040E-03 1.13368E-01
2.01756E-03 3.49198E-03 7.38305E-03 1.18233E-02 1.46155E-02 1.51568E-01 3.58646E-01 7.38305E-03 3.49198E-03 2.01756E-03 1.02196E-01
1.99747E-03 3.35598E-03 6.93545E-03 1.10443E-02 1.35645E-02 1.42995E-01 3.41491E-01 6.93545E-03 3.35598E-03 1.99747E-03 9.20856E-02
1.96320E-03 3.21392E-03 6.50413E-03 1.03029E-02 1.25755E-02 1.34768E-01 3.24821E-01 6.50413E-03 3.21392E-03 1.96320E-03 8.29569E-02
1.91744E-03 3.06800E-03 6.08995E-03 9.59882E-03 1.16464E-02 1.26885E-01 3.08648E-01 6.08995E-03 3.06800E-03 1.91744E-03 7.47291E-02
1.86255E-03 2.92013E-03 5.69351E-03 8.93174E-03 1.07750E-02 1.19343E-01 2.92984E-01 5.69351E-03 2.92013E-03 1.86255E-03 6.73240E-02
1.80047E-03 2.77193E-03 5.31551E-03 8.30161E-03 9.95971E-03 1.12144E-01 2.77844E-01 5.31551E-03 2.77193E-03 1.80047E-03 6.06787E-02
1.73310E-03 2.62480E-03 4.95593E-03 7.70724E-03 9.19764E-03 1.05278E-01 2.63229E-01 4.95593E-03 2.62480E-03 1.73310E-03 5.47124E-02
0.00000E+00 0.00000E+00 1.27309E-02 2.62106E-02 3.74441E-02 3.43214E-01 7.08481E-01 1.27309E-02 0.00000E+00 0.00000E+00 4.14176E-01
0.00000E+00 6.74193E-04 1.24449E-02 2.50123E-02 3.51896E-02 3.27949E-01 6.84110E-01 1.24449E-02 6.74193E-04 0.00000E+00 3.92887E-01
0.00000E+00 1.27047E-03 1.21705E-02 2.39007E-02 3.31399E-02 3.13459E-01 6.60498E-01 1.21705E-02 1.27047E-03 0.00000E+00 3.70013E-01
0.00000E+00 1.75766E-03 1.18598E-02 2.28145E-02 3.12111E-02 2.99553E-01 6.37435E-01 1.18598E-02 1.75766E-03 0.00000E+00 3.46698E-01
0.00000E+00 2.15289E-03 1.15215E-02 2.17555E-02 2.93928E-02 2.86186E-01 6.14892E-01 1.15215E-02 2.15289E-03 0.00000E+00 3.23408E-01
0.00000E+00 2.46631E-03 1.11609E-02 2.07256E-02 2.76794E-02 2.73344E-01 5.92871E-01 1.11609E-02 2.46631E-03 0.00000E+00 3.00542E-01
0.00000E+00 2.71138E-03 1.07839E-02 1.97246E-02 2.60601E-02 2.60985E-01 5.71345E-01 1.07839E-02 2.71138E-03 0.00000E+00 2.78386E-01
4.16334E-17 2.86342E-03 1.04844E-02 1.89686E-02 2.48626E-02 2.51711E-01 5.54993E-01 1.04844E-02 2.86342E-03 4.16334E-17 2.61798E-01
7.36143E-05 2.89136E-03 1.03880E-02 1.87455E-02 2.45197E-02 2.49074E-01 5.50299E-01 1.03880E-02 2.89136E-03 7.36143E-05 2.56978E-01
4.25259E-04 3.03304E-03 9.95842E-03 1.77319E-02 2.29604E-02 2.36773E-01 5.28230E-01 9.95842E-03 3.03304E-03 4.25259E-04 2.34186E-01
7.20630E-04 3.13283E-03 9.52724E-03 1.67526E-02 2.14845E-02 2.24873E-01 5.06553E-01 9.52724E-03 3.13283E-03 7.20630E-04 2.12669E-01
9.59366E-04 3.18912E-03 9.08928E-03 1.57996E-02 2.00788E-02 2.13350E-01 4.85257E-01 9.08928E-03 3.18912E-03 9.59366E-04 1.92623E-01
1.14851E-03 3.20813E-03 8.64837E-03 1.48751E-02 1.87418E-02 2.02204E-01 4.64364E-01 8.64837E-03 3.20813E-03 1.14851E-03 1.74066E-01
1.29409E-03 3.19529E-03 8.20821E-03 1.39815E-02 1.74731E-02 1.91444E-01 4.43906E-01 8.20821E-03 3.19529E-03 1.29409E-03 1.57007E-01
1.40237E-03 3.15610E-03 7.77206E-03 1.31205E-02 1.62710E-02 1.81069E-01 4.23904E-01 7.77206E-03 3.15610E-03 1.40237E-03 1.41397E-01
1.47902E-03 3.09544E-03 7.34261E-03 1.22930E-02 1.51332E-02 1.71075E-01 4.04376E-01 7.34261E-03 3.09544E-03 1.47902E-03 1.27165E-01
1.52868E-03 3.01737E-03 6.92217E-03 1.14999E-02 1.40583E-02 1.61463E-01 3.85340E-01 6.92217E-03 3.01737E-03 1.52868E-03 1.14241E-01
1.55551E-03 2.92546E-03 6.51265E-03 1.07420E-02 1.30444E-02 1.52231E-01 3.66813E-01 6.51265E-03 2.92546E-03 1.55551E-03 1.02545E-01
1.56316E-03 2.82282E-03 6.11562E-03 1.00194E-02 1.20897E-02 1.43376E-01 3.48811E-01 6.11562E-03 2.82282E-03 1.56316E-03 9.19912E-02
1.55488E-03 2.71219E-03 5.73235E-03 9.33244E-03 1.11923E-02 1.34896E-01 3.31347E-01 5.73235E-03 2.71219E-03 1.55488E-03 8.24940E-02
1.53351E-03 2.59592E-03 5.36381E-03 8.68076E-03 1.03502E-02 1.26787E-01 3.14430E-01 5.36381E-03 2.59592E-03 1.53351E-03 7.39658E-02
1.50154E-03 2.47603E-03 5.01071E-03 8.06399E-03 9.56109E-03 1.19043E-01 2.98069E-01 5.01071E-03 2.47603E-03 1.50154E-03 6.63214E-02
1.46113E-03 2.35426E-03 4.67352E-03 7.48155E-03 8.82295E-03 1.11659E-01 2.82271E-01 4.67352E-03 2.35426E-03 1.46113E-03 5.94788E-02
1.41416E-03 2.23204E-03 4.35252E-03 6.93267E-03 8.13353E-03 1.04628E-01 2.67039E-01 4.35252E-03 2.23204E-03 1.41416E-03 5.33604E-02
1.36215E-03 2.11064E-03 4.04811E-03 6.41702E-03 7.49135E-03 9.79475E-02 2.52384E-01 4.04811E-03 2.11064E-03 1.36215E-03 4.79036E-02
1.30659E-03 1.99106E-03 3.76004E-03 5.93320E-03 6.89361E-03 9.16065E-02 2.38301E-01 3.76004E-03 1.99106E-03 1.30659E-03 4.30322E-02
0.00000E+00 0.00000E+00 1.04386E-02 2.20994E-02 3.00935E-02 3.24768E-01 6.92007E-01 1.04386E-02 0.00000E+00 0.00000E+00 3.80506E-01
0.00000E+00 5.61551E-04 1.01753E-02 2.09965E-02 2.81951E-02 3.09047E-01 6.65703E-01 1.01753E-02 5.61551E-04 0.00000E+00 3.57289E-01
0.00000E+00 1.05265E-03 9.92150E-03 1.99763E-02 2.64730E-02 2.94208E-01 6.40397E-01 9.92150E-03 1.05265E-03 0.00000E+00 3.33262E-01
0.00000E+00 1.44883E-03 9.63793E-03 1.89863E-02 2.48565E-02 2.80053E-01 6.15851E-01 9.63793E-03 1.44883E-03 0.00000E+00 3.09393E-01
0.00000E+00 1.76575E-03 9.33240E-03 1.80276E-02 2.33368E-02 2.66525E-01 5.92017E-01 9.33240E-03 1.76575E-03 0.00000E+00 2.86058E-01
0.00000E+00 2.01291E-03 9.00994E-03 1.71016E-02 2.19090E-02 2.53605E-01 5.68885E-01 9.00994E-03 2.01291E-03 0.00000E+00 2.63591E-01
0.00000E+00 2.20238E-03 8.67580E-03 1.62076E-02 2.05639E-02 2.41239E-01 5.46409E-01 8.67580E-03 2.20238E-03 0.00000E+00 2.42183E-01
0.00000E+00 2.31755E-03 8.41212E-03 1.55359E-02 1.95716E-02 2.32001E-01 5.29417E-01 8.41212E-03 2.31755E-03 0.00000E+00 2.26355E-01
5.88730E-05 2.33776E-03 8.32828E-03 1.53393E-02 1.92884E-02 2.29386E-01 5.24561E-01 8.32828E-03 2.33776E-03 5.88730E-05 2.21819E-01
3.39033E-04 2.44044E-03 7.95387E-03 1.44459E-02 1.80016E-02 2.17212E-01 5.01783E-01 7.95387E-03 2.44044E-03 3.39033E-04 2.00534E-01
5.71957E-04 2.50869E-03 7.58048E-03 1.35880E-02 1.67879E-02 2.05498E-01 4.79536E-01 7.58048E-03 2.50869E-03 5.71957E-04 1.80708E-01
7.58060E-04 2.54176E-03 7.20413E-03 1.27587E-02 1.56362E-02 1.94216E-01 4.57800E-01 7.20413E-03 2.54176E-03 7.58060E-04 1.62458E-01
9.03538E-04 2.54510E-03 6.82803E-03 1.19594E-02 1.45450E-02 1.83362E-01 4.36591E-01 6.82803E-03 2.54510E-03 9.03538E-04 1.45755E-01
1.01366E-03 2.52338E-03 6.45522E-03 1.11919E-02 1.35137E-02 1.72939E-01 4.15934E-01 6.45522E-03 2.52338E-03 1.01366E-03 1.30566E-01
1.09382E-03 2.48130E-03 6.08832E-03 1.04570E-02 1.25404E-02 1.62942E-01 3.95843E-01 6.08832E-03 2.48130E-03 1.09382E-03 1.16812E-01
1.14881E-03 2.42291E-03 5.72940E-03 9.75501E-03 1.16229E-02 1.53361E-01 3.76325E-01 5.72940E-03 2.42291E-03 1.14881E-03 1.04394E-01
1.18254E-03 2.35160E-03 5.38019E-03 9.08634E-03 1.07595E-02 1.44192E-01 3.57393E-01 5.38019E-03 2.35160E-03 1.18254E-03 9.32217E-02
1.19848E-03 2.27027E-03 5.04213E-03 8.45103E-03 9.94851E-03 1.35429E-01 3.39057E-01 5.04213E-03 2.27027E-03 1.19848E-03 8.31996E-02
1.19965E-03 2.18145E-03 4.71631E-03 7.84893E-03 9.18798E-03 1.27067E-01 3.21325E-01 4.71631E-03 2.18145E-03 1.19965E-03 7.42328E-02
1.18871E-03 2.08733E-03 4.40358E-03 7.27967E-03 8.47600E-03 1.19097E-01 3.04202E-01 4.40358E-03 2.08733E-03 1.18871E-03 6.62276E-02
1.16794E-03 1.98975E-03 4.10456E-03 6.74270E-03 7.81058E-03 1.11512E-01 2.87693E-01 4.10456E-03 1.98975E-03 1.16794E-03 5.90933E-02
1.13936E-03 1.89029E-03 3.81962E-03 6.23730E-03 7.18969E-03 1.04303E-01 2.71800E-01 3.81962E-03 1.89029E-03 1.13936E-03 5.27437E-02
1.10466E-03 1.79026E-03 3.54897E-03 5.76260E-03 6.61125E-03 9.74619E-02 2.56521E-01 3.54897E-03 1.79026E-03 1.10466E-03 4.70981E-02
1.06532E-03 1.69076E-03 3.29266E-03 5.31764E-03 6.07319E-03 9.09780E-02 2.41856E-01 3.29266E-03 1.69076E-03 1.06532E-03 4.20815E-02
1.02254E-03 1.59272E-03 3.05085E-03 4.90183E-03 5.57408E-03 8.48471E-02 2.27809E-01 3.05085E-03 1.59272E-03 1.02254E-03 3.76340E-02
9.77445E-04 1.49685E-03 2.82316E-03 4.51370E-03 5.11138E-03 7.90545E-02 2.14370E-01 2.82316E-03 1.49685E-03 9.77445E-04 3.36853E-02
0.00000E+00 0.00000E+00 8.45036E-03 1.83904E-02 2.38614E-02 3.04931E-01 6.71530E-01 8.45036E-03 0.00000E+00 0.00000E+00 3.48885E-01
0.00000E+00 4.62356E-04 8.21469E-03 1.73943E-02 2.22920E-02 2.88949E-01 6.43589E-01 8.21469E-03 4.62356E-04 0.00000E+00 3.23967E-01
0.00000E+00 8.62240E-04 7.98687E-03 1.64763E-02 2.08712E-02 2.73950E-01 6.16882E-01 7.98687E-03 8.62240E-04 0.00000E+00 2.99050E-01
0.00000E+00 1.18076E-03 7.73487E-03 1.55914E-02 1.95404E-02 2.59725E-01 5.91141E-01 7.73487E-03 1.18076E-03 0.00000E+00 2.74901E-01
0.00000E+00 1.43198E-03 7.46573E-03 1.47402E-02 1.82922E-02 2.46209E-01 5.66296E-01 7.46573E-03 1.43198E-03 0.00000E+00 2.51787E-01
0.00000E+00 1.62454E-03 7.18404E-03 1.39236E-02 1.71227E-02 2.33373E-01 5.42328E-01 7.18404E-03 1.62454E-03 0.00000E+00 2.29954E-01
0.00000E+00 1.76912E-03 6.89438E-03 1.31402E-02 1.60240E-02 2.21155E-01 5.19171E-01 6.89438E-03 1.76912E-03 0.00000E+00 2.09493E-01
0.00000E+00 1.85507E-03 6.66714E-03 1.25548E-02 1.52154E-02 2.12068E-01 5.01740E-01 6.66714E-03 1.85507E-03 0.00000E+00 1.94553E-01
4.66281E-05 1.86934E-03 6.59564E-03 1.23846E-02 1.49853E-02 2.09506E-01 4.96779E-01 6.59564E-03 1.86934E-03 4.66281E-05 1.90327E-01
2.67691E-04 1.94214E-03 6.27584E-03 1.16119E-02 1.39406E-02 1.97606E-01 4.73562E-01 6.27584E-03 1.94214E-03 2.67691E-04 1.70650E-01
4.49620E-04 1.98705E-03 5.95881E-03 1.08742E-02 1.29584E-02 1.86216E-01 4.51006E-01 5.95881E-03 1.98705E-03 4.49620E-04 1.52566E-01
5.93310E-04 2.00393E-03 5.64149E-03 1.01656E-02 1.20297E-02 1.75304E-01 4.29082E-01 5.64149E-03 2.00393E-03 5.93310E-04 1.36118E-01
7.04123E-04 1.99742E-03 5.32652E-03 9.48707E-03 1.11530E-02 1.64861E-01 4.07801E-01 5.32652E-03 1.99742E-03 7.04123E-04 1.21236E-01
7.86589E-04 1.97152E-03 5.01636E-03 8.83956E-03 1.03274E-02 1.54886E-01 3.87178E-01 5.01636E-03 1.97152E-03 7.86589E-04 1.07851E-01
8.45259E-04 1.93011E-03 4.71304E-03 8.22337E-03 9.55124E-03 1.45367E-01 3.67219E-01 4.71304E-03 1.93011E-03 8.45259E-04 9.58549E-02
8.84134E-04 1.87656E-03 4.41811E-03 7.63828E-03 8.82238E-03 1.36291E-01 3.47923E-01 4.41811E-03 1.87656E-03 8.84134E-04 8.51286E-02
9.06467E-04 1.81359E-03 4.13287E-03 7.08419E-03 8.13917E-03 1.27648E-01 3.29294E-01 4.13287E-03 1.81359E-03 9.06467E-04 7.55664E-02
9.15098E-04 1.74355E-03 3.85830E-03 6.56076E-03 7.49989E-03 1.19428E-01 3.11336E-01 3.85830E-03 1.74355E-03 9.15098E-04 6.70637E-02
9.12489E-04 1.66847E-03 3.59517E-03 6.06749E-03 6.90275E-03 1.11622E-01 2.94049E-01 3.59517E-03 1.66847E-03 9.12489E-04 5.95189E-02
9.00773E-04 1.59004E-03 3.34398E-03 5.60370E-03 6.34594E-03 1.04219E-01 2.77433E-01 3.34398E-03 1.59004E-03 9.00773E-04 5.28355E-02
8.81786E-04 1.50969E-03 3.10508E-03 5.16860E-03 5.82759E-03 9.72065E-02 2.61483E-01 3.10508E-03 1.50969E-03 8.81786E-04 4.69228E-02
8.57101E-04 1.42863E-03 2.87863E-03 4.76126E-03 5.34583E-03 9.05738E-02 2.46196E-01 2.87863E-03 1.42863E-03 8.57101E-04 4.16965E-02
8.28058E-04 1.34783E-03 2.66462E-03 4.38068E-03 4.89879E-03 8.43084E-02 2.31565E-01 2.66462E-03 1.34783E-03 8.28058E-04 3.70794E-02
7.95793E-04 1.26811E-03 2.46297E-03 4.02579E-03 4.48459E-03 7.83980E-02 2.17582E-01 2.46297E-03 1.26811E-03 7.95793E-04 3.30013E-02
7.61235E-04 1.19013E-03 2.27366E-03 3.69587E-03 4.10192E-03 7.28357E-02 2.04248E-01 2.27366E-03 1.19013E-03 7.61235E-04 2.94062E-02
7.25227E-04 1.11440E-03 2.09627E-03 3.38947E-03 3.74856E-03 6.76045E-02 1.91544E-01 2.09627E-03 1.11440E-03 7.25227E-04 2.62306E-02
0.00000E+00 0.00000E+00 6.75341E-03 1.50820E-02 1.86851E-02 2.83899E-01 6.47397E-01 6.75341E-03 0.00000E+00 0.00000E+00 3.18338E-01
0.00000E+00 3.75729E-04 6.54721E-03 1.42008E-02 1.74080E-02 2.67867E-01 6.18143E-01 6.54721E-03 3.75729E-04 0.00000E+00 2.92150E-01
0.00000E+00 6.97214E-04 6.34756E-03 1.33919E-02 1.62541E-02 2.52906E-01 5.90350E-01 6.34756E-03 6.97214E-04 0.00000E+00 2.66755E-01
0.00000E+00 9.50105E-04 6.12867E-03 1.26175E-02 1.51754E-02 2.38799E-01 5.63717E-01 6.12867E-03 9.50105E-04 0.00000E+00 2.42705E-01
0.00000E+00 1.14677E-03 5.89674E-03 1.18773E-02 1.41659E-02 2.25470E-01 5.38156E-01 5.89674E-03 1.14677E-03 0.00000E+00 2.20141E-01
0.00000E+00 1.29489E-03 5.65582E-03 1.11718E-02 1.32224E-02 2.12883E-01 5.13635E-01 5.65582E-03 1.29489E-03 0.00000E+00 1.99217E-01
0.00000E+00 1.40370E-03 5.40979E-03 1.04993E-02 1.23383E-02 2.00966E-01 4.90067E-01 5.40979E-03 1.40370E-03 0.00000E+00 1.79922E-01
0.00000E+00 1.46684E-03 5.21782E-03 9.99915E-03 1.16892E-02 1.92141E-01 4.72402E-01 5.21782E-03 1.46684E-03 0.00000E+00 1.66003E-01
3.65423E-05 1.47666E-03 5.15797E-03 9.85476E-03 1.15049E-02 1.89663E-01 4.67394E-01 5.15797E-03 1.47666E-03 3.65423E-05 1.62115E-01
2.09162E-04 1.52705E-03 4.89001E-03 9.19947E-03 1.06692E-02 1.78176E-01 4.44004E-01 4.89001E-03 1.52705E-03 2.09162E-04 1.44142E-01
3.49809E-04 1.55520E-03 4.62585E-03 8.57748E-03 9.88599E-03 1.67240E-01 4.21395E-01 4.62585E-03 1.55520E-03 3.49809E-04 1.27840E-01
4.59635E-04 1.56134E-03 4.36317E-03 7.98376E-03 9.14787E-03 1.56818E-01 3.99529E-01 4.36317E-03 1.56134E-03 4.59635E-04 1.13190E-01
5.43192E-04 1.54936E-03 4.10406E-03 7.41859E-03 8.45345E-03 1.46895E-01 3.78407E-01 4.10406E-03 1.54936E-03 5.43192E-04 1.00083E-01
6.04305E-04 1.52260E-03 3.85049E-03 6.88253E-03 7.80193E-03 1.37466E-01 3.58039E-01 3.85049E-03 1.52260E-03 6.04305E-04 8.84211E-02
6.46754E-04 1.48424E-03 3.60399E-03 6.37540E-03 7.19165E-03 1.28513E-01 3.38420E-01 3.60399E-03 1.48424E-03 6.46754E-04 7.80753E-02
6.73826E-04 1.43698E-03 3.36568E-03 5.89662E-03 6.62069E-03 1.20019E-01 3.19541E-01 3.36568E-03 1.43698E-03 6.73826E-04 6.89121E-02
6.88178E-04 1.38302E-03 3.13649E-03 5.44574E-03 6.08750E-03 1.11970E-01 3.01398E-01 3.13649E-03 1.38302E-03 6.88178E-04 6.08166E-02
6.92102E-04 1.32421E-03 2.91708E-03 5.02217E-03 5.59047E-03 1.04353E-01 2.83987E-01 2.91708E-03 1.32421E-03 6.92102E-04 5.36789E-02
6.87574E-04 1.26213E-03 2.70793E-03 4.62516E-03 5.12798E-03 9.71540E-02 2.67301E-01 2.70793E-03 1.26213E-03 6.87574E-04 4.73960E-02
6.76286E-04 1.19808E-03 2.50932E-03 4.25388E-03 4.69837E-03 9.03585E-02 2.51333E-01 2.50932E-03 1.19808E-03 6.76286E-04 4.18721E-02
6.59680E-04 1.13315E-03 2.32138E-03 3.90739E-03 4.29997E-03 8.39526E-02 2.36073E-01 2.32138E-03 1.13315E-03 6.59680E-04 3.70194E-02
6.38980E-04 1.06824E-03 2.14412E-03 3.58469E-03 3.93113E-03 7.79218E-02 2.21511E-01 2.14412E-03 1.06824E-03 6.38980E-04 3.27582E-02
6.15219E-04 1.00406E-03 1.97743E-03 3.28472E-03 3.59017E-03 7.22515E-02 2.07633E-01 1.97743E-03 1.00406E-03 6.15219E-04 2.90165E-02
5.89263E-04 9.41197E-04 1.82111E-03 3.00640E-03 3.27549E-03 6.69272E-02 1.94426E-01 1.82111E-03 9.41197E-04 5.89263E-04 2.57302E-02
5.61818E-04 8.80135E-04 1.67506E-03 2.74896E-03 2.98587E-03 6.19397E-02 1.81886E-01 1.67506E-03 8.80135E-04 5.61818E-04 2.28484E-02
5.33511E-04 8.21204E-04 1.53884E-03 2.51104E-03 2.71947E-03 5.72706E-02 1.69989E-01 1.53884E-03 8.21204E-04 5.33511E-04 2.03150E-02
0.00000E+00 0.00000E+00 5.32610E-03 1.21734E-02 1.44571E-02 2.61905E-01 6.20000E-01 5.32610E-03 0.00000E+00 0.00000E+00 2.88291E-01
0.00000E+00 3.00878E-04 5.14912E-03 1.14107E-02 1.34323E-02 2.46043E-01 5.89773E-01 5.14912E-03 3.00878E-04 0.00000E+00 2.61405E-01
0.00000E+00 5.55689E-04 4.97775E-03 1.07136E-02 1.25080E-02 2.31323E-01 5.61217E-01 4.97775E-03 5.55689E-04 0.00000E+00 2.36034E-01
0.00000E+00 7.53723E-04 4.79150E-03 1.00505E-02 1.16458E-02 2.17522E-01 5.34004E-01 4.79150E-03 7.53723E-04 0.00000E+00 2.12511E-01
0.00000E+00 9.05604E-04 4.59563E-03 9.42059E-03 1.08406E-02 2.04552E-01 5.08023E-01 4.59563E-03 9.05604E-04 0.00000E+00 1.90853E-01
0.00000E+00 1.01799E-03 4.39362E-03 8.82403E-03 1.00900E-02 1.92373E-01 4.83231E-01 4.39362E-03 1.01799E-03 0.00000E+00 1.71118E-01
0.00000E+00 1.09870E-03 4.18870E-03 8.25876E-03 9.38850E-03 1.80903E-01 4.59521E-01 4.18870E-03 1.09870E-03 0.00000E+00 1.53196E-01
1.38778E-17 1.14433E-03 4.02961E-03 7.84034E-03 8.87461E-03 1.72443E-01 4.41820E-01 4.02961E-03 1.14433E-03 1.38778E-17 1.40418E-01
2.83090E-05 1.15089E-03 3.98042E-03 7.72026E-03 8.72904E-03 1.70078E-01 4.36820E-01 3.98042E-03 1.15089E-03 2.83090E-05 1.36891E-01
1.61571E-04 1.18483E-03 3.76005E-03 7.17589E-03 8.06974E-03 1.59135E-01 4.13515E-01 3.76005E-03 1.18483E-03 1.61571E-04 1.20697E-01
2.69099E-04 1.20134E-03 3.54399E-03 6.66205E-03 7.45375E-03 1.48770E-01 3.91098E-01 3.54399E-03 1.20134E-03 2.69099E-04 1.06197E-01
3.52131E-04 1.20083E-03 3.33044E-03 6.17444E-03 6.87516E-03 1.38943E-01 3.69522E-01 3.33044E-03 1.20083E-03 3.52131E-04 9.33163E-02
4.14459E-04 1.18651E-03 3.12106E-03 5.71296E-03 6.33268E-03 1.29634E-01 3.48777E-01 3.12106E-03 1.18651E-03 4.14459E-04 8.19187E-02
4.59254E-04 1.16111E-03 2.91735E-03 5.27777E-03 5.82554E-03 1.20833E-01 3.28867E-01 2.91735E-03 1.16111E-03 4.59254E-04 7.18847E-02
4.89600E-04 1.12717E-03 2.72044E-03 4.86838E-03 5.35222E-03 1.12519E-01 3.09777E-01 2.72044E-03 1.12717E-03 4.89600E-04 6.30704E-02
5.08154E-04 1.08684E-03 2.53112E-03 4.48398E-03 4.91101E-03 1.04669E-01 2.91490E-01 2.53112E-03 1.08684E-03 5.08154E-04 5.53355E-02
5.17047E-04 1.04185E-03 2.35002E-03 4.12394E-03 4.50050E-03 9.72674E-02 2.73994E-01 2.35002E-03 1.04185E-03 5.17047E-04 4.85610E-02
5.18104E-04 9.93632E-04 2.17755E-03 3.78750E-03 4.11926E-03 9.02960E-02 2.57279E-01 2.17755E-03 9.93632E-04 5.18104E-04 4.26369E-02
5.12884E-04 9.43392E-04 2.01398E-03 3.47380E-03 3.76584E-03 8.37383E-02 2.41329E-01 2.01398E-03 9.43392E-04 5.12884E-04 3.74620E-02
5.02706E-04 8.92122E-04 1.85943E-03 3.18193E-03 3.43878E-03 7.75775E-02 2.26131E-01 1.85943E-03 8.92122E-04 5.02706E-04 3.29448E-02
4.88689E-04 8.40630E-04 1.71390E-03 2.91093E-03 3.13663E-03 7.17971E-02 2.11670E-01 1.71390E-03 8.40630E-04 4.88689E-04 2.90030E-02
4.71771E-04 7.89570E-04 1.57730E-03 2.65979E-03 2.85796E-03 6.63804E-02 1.97928E-01 1.57730E-03 7.89570E-04 4.71771E-04 2.55629E-02
4.52737E-04 7.39459E-04 1.44945E-03 2.42749E-03 2.60132E-03 6.13110E-02 1.84887E-01 1.44945E-03 7.39459E-04 4.52737E-04 2.25594E-02
4.32237E-04 6.90702E-04 1.33010E-03 2.21299E-03 2.36535E-03 5.65727E-02 1.72529E-01 1.33010E-03 6.90702E-04 4.32237E-04 1.99353E-02
4.10801E-04 6.43638E-04 1.21911E-03 2.01555E-03 2.14902E-03 5.21547E-02 1.60845E-01 1.21911E-03 6.43638E-04 4.10801E-04 1.76453E-02
3.88888E-04 5.98479E-04 1.11604E-03 1.83394E-03 1.95077E-03 4.80374E-02 1.49806E-01 1.11604E-03 5.98479E-04 3.88888E-04 1.56409E-02
0.00000E+00 0.00000E+00 4.14219E-03 9.66003E-03 1.10509E-02 2.39223E-01 5.89748E-01 4.14219E-03 0.00000E+00 0.00000E+00 2.58519E-01
0.00000E+00 2.37022E-04 3.99286E-03 9.01432E-03 1.02389E-02 2.23749E-01 5.58897E-01 3.99286E-03 2.37022E-04 0.00000E+00 2.31581E-01
0.00000E+00 4.35829E-04 3.84850E-03 8.42685E-03 9.50812E-03 2.09470E-01 5.29906E-01 3.84850E-03 4.35829E-04 0.00000E+00 2.06769E-01
0.00000E+00 5.88560E-04 3.69302E-03 7.87154E-03 8.82782E-03 1.96155E-01 5.02421E-01 3.69302E-03 5.88560E-04 0.00000E+00 1.84210E-01
0.00000E+00 7.04122E-04 3.53076E-03 7.34726E-03 8.19410E-03 1.83710E-01 4.76313E-01 3.53076E-03 7.04122E-04 0.00000E+00 1.63800E-01
0.00000E+00 7.88140E-04 3.36462E-03 6.85370E-03 7.60489E-03 1.72087E-01 4.51525E-01 3.36462E-03 7.88140E-04 0.00000E+00 1.45505E-01
0.00000E+00 8.47085E-04 3.19716E-03 6.38869E-03 7.05578E-03 1.61196E-01 4.27932E-01 3.19716E-03 8.47085E-04 0.00000E+00 1.29133E-01
6.93889E-18 8.79485E-04 3.06781E-03 6.04606E-03 6.65444E-03 1.53198E-01 4.10386E-01 3.06781E-03 8.79485E-04 6.93889E-18 1.17589E-01
2.16521E-05 8.83711E-04 3.02810E-03 5.94827E-03 6.54103E-03 1.50970E-01 4.05447E-01 3.02810E-03 8.83711E-04 2.16521E-05 1.14437E-01
1.23240E-04 9.05884E-04 2.85023E-03 5.50546E-03 6.02798E-03 1.40684E-01 3.82472E-01 2.85023E-03 9.05884E-04 1.23240E-04 1.00063E-01
2.04442E-04 9.14617E-04 2.67676E-03 5.08972E-03 5.55015E-03 1.30991E-01 3.60476E-01 2.67676E-03 9.14617E-04 2.04442E-04 8.73511E-02
2.66467E-04 9.10409E-04 2.50631E-03 4.69742E-03 5.10284E-03 1.21848E-01 3.39403E-01 2.50631E-03 9.10409E-04 2.66467E-04 7.61859E-02
3.12413E-04 8.95848E-04 2.34014E-03 4.32819E-03 4.68490E-03 1.13231E-01 3.19235E-01 2.34014E-03 8.95848E-04 3.12413E-04 6.64110E-02
3.44855E-04 8.73113E-04 2.17938E-03 3.98191E-03 4.29559E-03 1.05124E-01 2.99966E-01 2.17938E-03 8.73113E-04 3.44855E-04 5.78931E-02
3.66268E-04 8.44215E-04 2.02484E-03 3.65790E-03 3.93357E-03 9.75029E-02 2.81575E-01 2.02484E-03 8.44215E-04 3.66268E-04 5.04817E-02
3.78759E-04 8.10825E-04 1.87703E-03 3.35529E-03 3.59733E-03 9.03428E-02 2.64035E-01 1.87703E-03 8.10825E-04 3.78759E-04 4.40355E-02
3.84012E-04 7.74266E-04 1.73636E-03 3.07331E-03 3.28565E-03 8.36231E-02 2.47327E-01 1.73636E-03 7.74266E-04 3.84012E-04 3.84367E-02
3.83455E-04 7.35638E-04 1.60308E-03 2.81115E-03 2.99727E-03 7.73243E-02 2.31433E-01 1.60308E-03 7.35638E-04 3.83455E-04 3.35788E-02
3.78295E-04 6.95845E-04 1.47729E-03 2.56793E-03 2.73093E-03 7.14272E-02 2.16332E-01 1.47729E-03 6.95845E-04 3.78295E-04 2.93661E-02
3.69548E-04 6.55621E-04 1.35901E-03 2.34277E-03 2.48539E-03 6.59129E-02 2.02005E-01 1.35901E-03 6.55621E-04 3.69548E-04 2.57138E-02
3.58066E-04 6.15558E-04 1.24817E-03 2.13472E-03 2.25940E-03 6.07629E-02 1.88429E-01 1.24817E-03 6.15558E-04 3.58066E-04 2.25465E-02
3.44558E-04 5.76123E-04 1.14460E-03 1.94285E-03 2.05175E-03 5.59592E-02 1.75583E-01 1.14460E-03 5.76123E-04 3.44558E-04 1.97983E-02
3.29611E-04 5.37678E-04 1.04810E-03 1.76620E-03 1.86125E-03 5.14840E-02 1.63443E-01 1.04810E-03 5.37678E-04 3.29611E-04 1.74116E-02
3.13709E-04 5.00502E-04 9.58427E-04 1.60386E-03 1.68674E-03 4.73200E-02 1.51986E-01 9.58427E-04 5.00502E-04 3.13709E-04 1.53364E-02
2.97240E-04 4.64824E-04 8.75397E-04 1.45513E-03 1.52735E-03 4.34553E-02 1.41200E-01 8.75397E-04 4.64824E-04 2.97240E-04 1.35334E-02
2.80538E-04 4.30774E-04 7.98626E-04 1.31895E-03 1.38184E-03 3.98699E-02 1.31052E-01 7.98626E-04 4.30774E-04 2.80538E-04 1.19616E-02
0.00000E+00 0.00000E+00 3.17618E-03 7.53375E-03 8.34715E-03 2.16230E-01 5.57149E-01 3.17618E-03 0.00000E+00 0.00000E+00 2.29173E-01
0.00000E+00 1.83481E-04 3.05212E-03 6.99894E-03 7.71122E-03 2.01353E-01 5.26020E-01 3.05212E-03 1.83481E-04 0.00000E+00 2.02834E-01
0.00000E+00 3.36026E-04 2.93262E-03 6.51468E-03 7.14030E-03 1.87698E-01 4.96917E-01 2.93262E-03 3.36026E-04 0.00000E+00 1.79094E-01
0.00000E+00 4.51954E-04 2.80517E-03 6.05975E-03 6.61020E-03 1.75036E-01 4.69465E-01 2.80517E-03 4.51954E-04 0.00000E+00 1.57894E-01
0.00000E+00 5.38541E-04 2.67323E-03 5.63276E-03 6.11774E-03 1.63262E-01 4.43513E-01 2.67323E-03 5.38541E-04 0.00000E+00 1.39023E-01
0.00000E+00 6.00413E-04 2.53913E-03 5.23314E-03 5.66121E-03 1.52324E-01 4.18992E-01 2.53913E-03 6.00413E-04 0.00000E+00 1.22366E-01
0.00000E+00 6.42802E-04 2.40484E-03 4.85872E-03 5.23700E-03 1.42127E-01 3.95762E-01 2.40484E-03 6.42802E-04 0.00000E+00 1.07666E-01
0.00000E+00 6.65413E-04 2.30161E-03 4.58405E-03 4.92772E-03 1.34669E-01 3.78549E-01 2.30161E-03 6.65413E-04 0.00000E+00 9.74098E-02
1.63434E-05 6.68029E-04 2.27015E-03 4.50605E-03 4.84055E-03 1.32599E-01 3.73720E-01 2.27015E-03 6.68029E-04 1.63434E-05 9.46394E-02
9.27853E-05 6.82026E-04 2.12922E-03 4.15331E-03 4.44666E-03 1.23063E-01 3.51301E-01 2.12922E-03 6.82026E-04 9.27853E-05 8.20786E-02
1.53340E-04 6.85847E-04 1.99249E-03 3.82386E-03 4.08102E-03 1.14121E-01 3.29935E-01 1.99249E-03 6.85847E-04 1.53340E-04 7.11027E-02
1.99112E-04 6.79991E-04 1.85892E-03 3.51464E-03 3.73992E-03 1.05729E-01 3.09558E-01 1.85892E-03 6.79991E-04 1.99112E-04 6.15661E-02
2.32584E-04 6.66500E-04 1.72941E-03 3.22515E-03 3.42234E-03 9.78574E-02 2.90144E-01 1.72941E-03 6.66500E-04 2.32584E-04 5.33024E-02
2.55806E-04 6.47085E-04 1.60480E-03 2.95508E-03 3.12760E-03 9.04891E-02 2.71678E-01 1.60480E-03 6.47085E-04 2.55806E-04 4.61717E-02
2.70726E-04 6.23299E-04 1.48563E-03 2.70370E-03 2.85453E-03 8.35963E-02 2.54131E-01 1.48563E-03 6.23299E-04 2.70726E-04 4.00237E-02
2.78990E-04 5.96415E-04 1.37224E-03 2.47009E-03 2.60185E-03 7.71508E-02 2.37468E-01 1.37224E-03 5.96415E-04 2.78990E-04 3.47216E-02
2.81903E-04 5.67436E-04 1.26486E-03 2.25348E-03 2.36848E-03 7.11303E-02 2.21664E-01 1.26486E-03 5.67436E-04 2.81903E-04 3.01528E-02
2.80562E-04 5.37183E-04 1.16361E-03 2.05309E-03 2.15337E-03 6.55132E-02 2.06693E-01 1.16361E-03 5.37183E-04 2.80562E-04 2.62179E-02
2.75889E-04 5.06323E-04 1.06851E-03 1.86808E-03 1.95545E-03 6.02787E-02 1.92530E-01 1.06851E-03 5.06323E-04 2.75889E-04 2.28290E-02
2.68654E-04 4.75391E-04 9.79498E-04 1.69762E-03 1.77367E-03 5.54066E-02 1.79149E-01 9.79498E-04 4.75391E-04 2.68654E-04 1.99094E-02
2.59496E-04 4.44809E-04 8.96459E-04 1.54085E-03 1.60699E-03 5.08771E-02 1.66523E-01 8.96459E-04 4.44809E-04 2.59496E-04 1.73921E-02
2.48942E-04 4.14906E-04 8.19218E-04 1.39694E-03 1.45441E-03 4.66715E-02 1.54625E-01 8.19218E-04 4.14906E-04 2.48942E-04 1.52196E-02
2.37426E-04 3.85931E-04 7.47565E-04 1.26506E-03 1.31495E-03 4.27711E-02 1.43428E-01 7.47565E-04 3.85931E-04 2.37426E-04 1.33418E-02
2.25301E-04 3.58067E-04 6.81260E-04 1.14440E-03 1.18768E-03 3.91582E-02 1.32905E-01 6.81260E-04 3.58067E-04 2.25301E-04 1.17161E-02
2.12850E-04 3.31469E-04 6.20132E-04 1.03436E-03 1.07188E-03 3.58203E-02 1.23039E-01 6.20132E-04 3.31469E-04 2.12850E-04 1.03094E-02
2.00311E-04 3.06208E-04 5.63846E-04 9.34039E-04 9.66550E-04 3.27374E-02 1.13794E-01 5.63846E-04 3.06208E-04 2.00311E-04 9.08741E-03
0.00000E+00 0.00000E+00 2.39766E-03 5.76630E-03 6.22203E-03 1.93222E-01 5.22567E-01 2.39766E-03 0.00000E+00 0.00000E+00 2.00446E-01
0.00000E+00 1.39237E-04 2.29619E-03 5.33315E-03 5.73010E-03 1.79132E-01 4.91502E-01 2.29619E-03 1.39237E-04 0.00000E+00 1.75312E-01
0.00000E+00 2.54092E-04 2.19898E-03 4.94288E-03 5.28974E-03 1.66269E-01 4.62603E-01 2.19898E-03 2.54092E-04 0.00000E+00 1.53099E-01
0.00000E+00 3.40515E-04 2.09645E-03 4.57851E-03 4.88215E-03 1.54403E-01 4.35474E-01 2.09645E-03 3.40515E-04 0.00000E+00 1.33588E-01
0.00000E+00 4.04286E-04 1.99122E-03 4.23851E-03 4.50469E-03 1.43427E-01 4.09947E-01 1.99122E-03 4.04286E-04 0.00000E+00 1.16484E-01
0.00000E+00 4.49102E-04 1.88508E-03 3.92212E-03 4.15592E-03 1.33282E-01 3.85943E-01 1.88508E-03 4.49102E-04 0.00000E+00 1.01607E-01
0.00000E+00 4.79084E-04 1.77949E-03 3.62728E-03 3.83289E-03 1.23873E-01 3.63305E-01 1.77949E-03 4.79084E-04 0.00000E+00 8.86470E-02
0.00000E+00 4.94578E-04 1.69874E-03 3.41191E-03 3.59801E-03 1.17018E-01 3.46590E-01 1.69874E-03 4.94578E-04 0.00000E+00 7.96968E-02
1.21537E-05 4.96119E-04 1.67428E-03 3.35104E-03 3.53199E-03 1.15122E-01 3.41916E-01 1.67428E-03 4.96119E-04 1.21537E-05 7.73031E-02
6.88357E-05 5.04615E-04 1.56481E-03 3.07615E-03 3.23403E-03 1.06407E-01 3.20260E-01 1.56481E-03 5.04615E-04 6.88357E-05 6.65114E-02
1.13358E-04 5.05550E-04 1.45916E-03 2.82070E-03 2.95840E-03 9.82753E-02 2.99713E-01 1.45916E-03 5.05550E-04 1.13358E-04 5.71889E-02
1.46679E-04 4.99380E-04 1.35651E-03 2.58218E-03 2.70220E-03 9.06803E-02 2.80205E-01 1.35651E-03 4.99380E-04 1.46679E-04 4.91731E-02
1.70744E-04 4.87681E-04 1.25753E-03 2.36001E-03 2.46454E-03 8.35917E-02 2.61700E-01 1.25753E-03 4.87681E-04 1.70744E-04 4.22952E-02
1.87154E-04 4.71764E-04 1.16279E-03 2.15381E-03 2.24480E-03 7.69881E-02 2.44177E-01 1.16279E-03 4.71764E-04 1.87154E-04 3.64158E-02
1.97412E-04 4.52805E-04 1.07265E-03 1.96282E-03 2.04197E-03 7.08403E-02 2.27598E-01 1.07265E-03 4.52805E-04 1.97412E-04 3.13908E-02
2.02778E-04 4.31756E-04 9.87298E-04 1.78620E-03 1.85499E-03 6.51184E-02 2.11922E-01 9.87298E-04 4.31756E-04 2.02778E-04 2.70917E-02
2.04244E-04 4.09360E-04 9.06859E-04 1.62323E-03 1.68296E-03 5.97987E-02 1.97118E-01 9.06859E-04 4.09360E-04 2.04244E-04 2.34151E-02
2.02641E-04 3.86219E-04 8.31365E-04 1.47316E-03 1.52499E-03 5.48584E-02 1.83153E-01 8.31365E-04 3.86219E-04 2.02641E-04 2.02703E-02
1.98659E-04 3.62815E-04 7.60780E-04 1.33526E-03 1.38018E-03 5.02757E-02 1.69998E-01 7.60780E-04 3.62815E-04 1.98659E-04 1.75792E-02
1.92871E-04 3.39530E-04 6.95013E-04 1.20878E-03 1.24768E-03 4.60297E-02 1.57621E-01 6.95013E-04 3.39530E-04 1.92871E-04 1.52742E-02
1.85750E-04 3.16658E-04 6.33926E-04 1.09299E-03 1.12665E-03 4.21004E-02 1.45991E-01 6.33926E-04 3.16658E-04 1.85750E-04 1.32974E-02
1.77681E-04 2.94427E-04 5.77348E-04 9.87170E-04 1.01627E-03 3.84683E-02 1.35077E-01 5.77348E-04 2.94427E-04 1.77681E-04 1.15994E-02
1.68979E-04 2.73003E-04 5.25082E-04 8.90626E-04 9.15764E-04 3.51149E-02 1.24849E-01 5.25082E-04 2.73003E-04 1.68979E-04 1.01381E-02
1.59899E-04 2.52505E-04 4.76918E-04 8.02684E-04 8.24378E-04 3.20227E-02 1.15275E-01 4.76918E-04 2.52505E-04 1.59899E-04 8.87801E-03
1.50643E-04 2.33033E-04 4.32695E-04 7.22828E-04 7.41540E-04 2.91786E-02 1.06337E-01 4.32695E-04 2.33033E-04 1.50643E-04 7.79140E-03
1.41379E-04 2.14623E-04 3.92137E-04 6.50340E-04 6.66468E-04 2.65635E-02 9.79970E-02 3.92137E-04 2.14623E-04 1.41379E-04 6.85039E-03
0.00000E+00 0.00000E+00 1.78610E-03 4.34223E-03 4.58825E-03 1.70813E-01 4.86856E-01 1.78610E-03 0.00000E+00 0.00000E+00 1.73010E-01
0.00000E+00 1.03724E-04 1.70417E-03 3.99825E-03 4.21143E-03 1.57661E-01 4.56179E-01 1.70417E-03 1.03724E-04 0.00000E+00 1.49579E-01
0.00000E+00 1.88722E-04 1.62628E-03 3.68994E-03 3.87528E-03 1.45718E-01 4.27779E-01 1.62628E-03 1.88722E-04 0.00000E+00 1.29239E-01
0.00000E+00 2.52129E-04 1.54511E-03 3.40385E-03 3.56529E-03 1.34756E-01 4.01242E-01 1.54511E-03 2.52129E-04 0.00000E+00 1.11644E-01
0.00000E+00 2.98410E-04 1.46259E-03 3.13844E-03 3.27927E-03 1.24667E-01 3.76385E-01 1.46259E-03 2.98410E-04 0.00000E+00 9.64370E-02
0.00000E+00 3.30434E-04 1.38003E-03 2.89285E-03 3.01596E-03 1.15390E-01 3.53117E-01 1.38003E-03 3.30434E-04 0.00000E+00 8.33887E-02
0.00000E+00 3.51373E-04 1.29846E-03 2.66519E-03 2.77295E-03 1.06827E-01 3.31271E-01 1.29846E-03 3.51373E-04 0.00000E+00 7.21618E-02
1.38778E-17 3.61850E-04 1.23638E-03 2.49958E-03 2.59676E-03 1.00612E-01 3.15198E-01 1.23638E-03 3.61850E-04 1.38778E-17 6.44822E-02
8.92562E-06 3.62710E-04 1.21770E-03 2.45298E-03 2.54737E-03 9.88999E-02 3.10718E-01 1.21770E-03 3.62710E-04 8.92562E-06 6.24473E-02
5.04441E-05 3.67675E-04 1.13414E-03 2.24285E-03 2.32480E-03 9.10421E-02 2.89997E-01 1.13414E-03 3.67675E-04 5.04441E-05 5.33218E-02
8.28033E-05 3.67116E-04 1.05391E-03 2.04854E-03 2.11966E-03 8.37464E-02 2.70425E-01 1.05391E-03 3.67116E-04 8.28033E-05 4.55239E-02
1.06800E-04 3.61418E-04 9.76392E-04 1.86800E-03 1.92969E-03 7.69644E-02 2.51923E-01 9.76392E-04 3.61418E-04 1.06800E-04 3.88849E-02
1.23929E-04 3.51773E-04 9.02024E-04 1.70066E-03 1.75412E-03 7.06645E-02 2.34448E-01 9.02024E-04 3.51773E-04 1.23929E-04 3.32412E-02
1.35417E-04 3.39168E-04 8.31208E-04 1.54611E-03 1.59241E-03 6.48235E-02 2.17972E-01 8.31208E-04 3.39168E-04 1.35417E-04 2.84593E-02
1.42405E-04 3.24478E-04 7.64161E-04 1.40364E-03 1.44372E-03 5.94111E-02 2.02451E-01 7.64161E-04 3.24478E-04 1.42405E-04 2.44054E-02
1.45840E-04 3.08399E-04 7.00975E-04 1.27250E-03 1.30716E-03 5.43968E-02 1.87838E-01 7.00975E-04 3.08399E-04 1.45840E-04 2.09632E-02
1.46466E-04 2.91476E-04 6.41696E-04 1.15204E-03 1.18200E-03 4.97562E-02 1.74094E-01 6.41696E-04 2.91476E-04 1.46466E-04 1.80395E-02
1.44901E-04 2.74140E-04 5.86310E-04 1.04163E-03 1.06749E-03 4.54661E-02 1.61185E-01 5.86310E-04 2.74140E-04 1.44901E-04 1.55547E-02
1.41656E-04 2.56735E-04 5.34751E-04 9.40617E-04 9.62921E-04 4.15045E-02 1.49074E-01 5.34751E-04 2.56735E-04 1.41656E-04 1.34406E-02
1.37150E-04 2.39529E-04 4.86915E-04 8.48380E-04 8.67600E-04 3.78504E-02 1.37726E-01 4.86915E-04 2.39529E-04 1.37150E-04 1.16393E-02
1.31728E-04 2.22726E-04 4.42668E-04 7.64304E-04 7.80852E-04 3.44838E-02 1.27108E-01 4.42668E-04 2.22726E-04 1.31728E-04 1.01017E-02
1.25668E-04 2.06478E-04 4.01854E-04 6.87798E-04 7.02032E-04 3.13857E-02 1.17185E-01 4.01854E-04 2.06478E-04 1.25668E-04 8.78657E-03
1.19197E-04 1.90895E-04 3.64302E-04 6.18292E-04 6.30525E-04 2.85380E-02 1.07923E-01 3.64302E-04 1.90895E-04 1.19197E-04 7.65904E-03
1.12496E-04 1.76053E-04 3.29831E-04 5.55241E-04 5.65745E-04 2.59235E-02 9.92895E-02 3.29831E-04 1.76053E-04 1.12496E-04 6.68993E-03
1.05709E-04 1.62014E-04 2.98303E-04 4.98228E-04 5.07243E-04 2.35295E-02 9.12624E-02 2.98303E-04 1.62014E-04 1.05709E-04 5.85678E-03
9.89516E-05 1.48794E-04 2.69498E-04 4.46685E-04 4.54417E-04 2.13378E-02 8.38028E-02 2.69498E-04 1.48794E-04 9.89516E-05 5.13718E-03
0.00000E+00 0.00000E+00 1.30512E-03 3.19958E-03 3.32601E-03 1.48974E-01 4.49867E-01 1.30512E-03 0.00000E+00 0.00000E+00 1.46801E-01
0.00000E+00 7.53150E-05 1.24008E-03 2.93273E-03 3.04173E-03 1.36895E-01 4.19892E-01 1.24008E-03 7.53150E-05 0.00000E+00 1.25489E-01
0.00000E+00 1.36717E-04 1.17884E-03 2.69489E-03 2.78917E-03 1.25982E-01 3.92274E-01 1.17884E-03 1.36717E-04 0.00000E+00 1.07292E-01
0.00000E+00 1.82194E-04 1.11591E-03 2.47561E-03 2.55733E-03 1.16017E-01 3.66587E-01 1.11591E-03 1.82194E-04 0.00000E+00 9.17768E-02
0.00000E+00 2.15075E-04 1.05258E-03 2.27337E-03 2.34431E-03 1.06891E-01 3.42634E-01 1.05258E-03 2.15075E-04 0.00000E+00 7.85472E-02
0.00000E+00 2.37510E-04 9.89778E-04 2.08732E-03 2.14903E-03 9.85411E-02 3.20315E-01 9.89778E-04 2.37510E-04 0.00000E+00 6.73425E-02
0.00000E+00 2.51864E-04 9.28174E-04 1.91575E-03 1.96952E-03 9.08703E-02 2.99451E-01 9.28174E-04 2.51864E-04 0.00000E+00 5.78151E-02
0.00000E+00 2.58819E-04 8.81539E-04 1.79146E-03 1.83977E-03 8.53244E-02 2.84155E-01 8.81539E-04 2.58819E-04 0.00000E+00 5.13576E-02
6.43278E-06 2.59262E-04 8.67591E-04 1.75664E-03 1.80352E-03 8.38018E-02 2.79904E-01 8.67591E-04 2.59262E-04 6.43278E-06 4.96618E-02
3.62859E-05 2.62023E-04 8.05258E-04 1.59985E-03 1.64035E-03 7.68283E-02 2.60284E-01 8.05258E-04 2.62023E-04 3.62859E-05 4.20942E-02
5.93882E-05 2.60837E-04 7.45730E-04 1.45557E-03 1.49055E-03 7.03846E-02 2.41833E-01 7.45730E-04 2.60837E-04 5.93882E-05 3.56951E-02
7.63751E-05 2.56013E-04 6.88521E-04 1.32218E-03 1.35237E-03 6.44229E-02 2.24467E-01 6.88521E-04 2.56013E-04 7.63751E-05 3.02981E-02
8.83688E-05 2.48428E-04 6.33921E-04 1.19914E-03 1.22517E-03 5.89110E-02 2.08135E-01 6.33921E-04 2.48428E-04 8.83688E-05 2.57511E-02
9.62862E-05 2.38809E-04 5.82188E-04 1.08603E-03 1.10847E-03 5.38249E-02 1.92805E-01 5.82188E-04 2.38809E-04 9.62862E-05 2.19305E-02
1.00972E-04 2.27786E-04 5.33443E-04 9.82261E-04 1.00159E-03 4.91338E-02 1.78425E-01 5.33443E-04 2.27786E-04 1.00972E-04 1.87164E-02
1.03125E-04 2.15863E-04 4.87715E-04 8.87173E-04 9.03805E-04 4.48076E-02 1.64943E-01 4.87715E-04 2.15863E-04 1.03125E-04 1.60064E-02
1.03290E-04 2.03425E-04 4.45006E-04 8.00223E-04 8.14523E-04 4.08221E-02 1.52318E-01 4.45006E-04 2.03425E-04 1.03290E-04 1.37193E-02
1.01917E-04 1.90777E-04 4.05274E-04 7.20873E-04 7.33157E-04 3.71543E-02 1.40509E-01 4.05274E-04 1.90777E-04 1.01917E-04 1.17869E-02
9.93756E-05 1.78159E-04 3.68443E-04 6.48594E-04 6.59138E-04 3.37825E-02 1.29477E-01 3.68443E-04 1.78159E-04 9.93756E-05 1.01513E-02
9.59681E-05 1.65753E-04 3.34412E-04 5.82877E-04 5.91918E-04 3.06863E-02 1.19184E-01 3.34412E-04 1.65753E-04 9.59681E-05 8.76426E-03
9.19403E-05 1.53699E-04 3.03061E-04 5.23228E-04 5.30973E-04 2.78464E-02 1.09592E-01 3.03061E-04 1.53699E-04 9.19403E-05 7.58526E-03
8.74909E-05 1.42097E-04 2.74255E-04 4.69175E-04 4.75804E-04 2.52446E-02 1.00665E-01 2.74255E-04 1.42097E-04 8.74909E-05 6.58051E-03
8.27789E-05 1.31017E-04 2.47852E-04 4.20269E-04 4.25938E-04 2.28636E-02 9.23684E-02 2.47852E-04 1.31017E-04 8.27789E-05 5.72188E-03
7.79314E-05 1.20505E-04 2.23707E-04 3.76086E-04 3.80929E-04 2.06872E-02 8.46665E-02 2.23707E-04 1.20505E-04 7.79314E-05 4.98599E-03
7.30487E-05 1.10600E-04 2.01706E-04 3.36295E-04 3.40431E-04 1.87031E-02 7.75356E-02 2.01706E-04 1.10600E-04 7.30487E-05 4.35496E-03
6.82107E-05 1.01307E-04 1.81677E-04 3.00465E-04 3.03994E-04 1.68947E-02 7.09362E-02 1.81677E-04 1.01307E-04 6.82107E-05 3.81116E-03
0.00000E+00 0.00000E+00 9.36937E-04 2.31130E-03 2.37338E-03 1.28241E-01 4.12385E-01 9.36937E-04 0.00000E+00 0.00000E+00 1.22468E-01
0.00000E+00 5.33179E-05 8.86105E-04 2.10866E-03 2.16191E-03 1.17323E-01 3.83402E-01 8.86105E-04 5.33179E-05 0.00000E+00 1.03543E-01
0.00000E+00 9.66479E-05 8.38804E-04 1.92912E-03 1.97495E-03 1.07508E-01 3.56823E-01 8.38804E-04 9.66479E-05 0.00000E+00 8.76305E-02
0.00000E+00 1.28573E-04 7.90933E-04 1.76471E-03 1.80423E-03 9.85906E-02 3.32214E-01 7.90933E-04 1.28573E-04 0.00000E+00 7.42472E-02
0.00000E+00 1.51484E-04 7.43317E-04 1.61399E-03 1.64814E-03 9.04627E-02 3.09368E-01 7.43317E-04 1.51484E-04 0.00000E+00 6.29800E-02
0.00000E+00 1.66935E-04 6.96533E-04 1.47614E-03 1.50571E-03 8.30630E-02 2.88178E-01 6.96533E-04 1.66935E-04 0.00000E+00 5.35547E-02
0.00000E+00 1.76634E-04 6.50992E-04 1.34970E-03 1.37535E-03 7.62969E-02 2.68455E-01 6.50992E-04 1.76634E-04 0.00000E+00 4.56297E-02
0.00000E+00 1.81194E-04 6.16705E-04 1.25849E-03 1.28145E-03 7.14235E-02 2.54045E-01 6.16705E-04 1.81194E-04 0.00000E+00 4.03051E-02
4.55789E-06 1.81402E-04 6.06510E-04 1.23304E-03 1.25529E-03 7.00902E-02 2.50054E-01 6.06510E-04 1.81402E-04 4.55789E-06 3.89185E-02
2.56679E-05 1.82874E-04 5.61011E-04 1.11865E-03 1.13778E-03 6.39952E-02 2.31663E-01 5.61011E-04 1.82874E-04 2.56679E-05 3.27597E-02
4.19020E-05 1.81584E-04 5.17793E-04 1.01388E-03 1.03032E-03 5.83899E-02 2.14444E-01 5.17793E-04 1.81584E-04 4.19020E-05 2.76032E-02
5.37490E-05 1.77765E-04 4.76480E-04 9.17491E-04 9.31610E-04 5.32280E-02 1.98308E-01 4.76480E-04 1.77765E-04 5.37490E-05 2.32931E-02
6.20311E-05 1.72049E-04 4.37250E-04 8.28991E-04 8.41107E-04 4.84777E-02 1.83199E-01 4.37250E-04 1.72049E-04 6.20311E-05 1.96920E-02
6.74184E-05 1.64955E-04 4.00261E-04 7.48022E-04 7.58414E-04 4.41147E-02 1.69078E-01 4.00261E-04 1.64955E-04 6.74184E-05 1.66898E-02
7.05241E-05 1.56933E-04 3.65571E-04 6.74072E-04 6.82979E-04 4.01091E-02 1.55890E-01 3.65571E-04 1.56933E-04 7.05241E-05 1.41821E-02
7.18520E-05 1.48334E-04 3.33170E-04 6.06609E-04 6.14236E-04 3.64318E-02 1.43578E-01 3.33170E-04 1.48334E-04 7.18520E-05 1.20811E-02
7.17937E-05 1.39428E-04 3.03038E-04 5.45187E-04 5.51714E-04 3.30592E-02 1.32097E-01 3.03038E-04 1.39428E-04 7.17937E-05 1.03184E-02
7.06710E-05 1.30427E-04 2.75122E-04 4.89373E-04 4.94952E-04 2.99694E-02 1.21404E-01 2.75122E-04 1.30427E-04 7.06710E-05 8.83663E-03
6.87467E-05 1.21493E-04 2.49348E-04 4.38748E-04 4.43512E-04 2.71415E-02 1.11456E-01 2.49348E-04 1.21493E-04 6.87467E-05 7.58830E-03
6.62346E-05 1.12751E-04 2.25627E-04 3.92908E-04 3.96973E-04 2.45564E-02 1.02214E-01 2.25627E-04 1.12751E-04 6.62346E-05 6.53394E-03
6.33075E-05 1.04291E-04 2.03857E-04 3.51471E-04 3.54936E-04 2.21956E-02 9.36377E-02 2.03857E-04 1.04291E-04 6.33075E-05 5.64090E-03
6.01044E-05 9.61807E-05 1.83928E-04 3.14072E-04 3.17024E-04 2.00423E-02 8.56895E-02 1.83928E-04 9.61807E-05 6.01044E-05 4.88219E-03
5.67359E-05 8.84633E-05 1.65728E-04 2.80369E-04 2.82880E-04 1.80803E-02 7.83327E-02 1.65728E-04 8.84633E-05 5.67359E-05 4.23556E-03
5.32897E-05 8.11671E-05 1.49143E-04 2.50039E-04 2.52174E-04 1.62947E-02 7.15322E-02 1.49143E-04 8.11671E-05 5.32897E-05 3.68266E-03
4.98349E-05 7.43145E-05 1.34084E-04 2.22831E-04 2.24645E-04 1.46742E-02 6.52625E-02 1.34084E-04 7.43145E-05 4.98349E-05 3.20955E-03
4.64258E-05 6.79052E-05 1.20422E-04 1.98425E-04 1.99965E-04 1.32035E-02 5.94843E-02 1.20422E-04 6.79052E-05 4.64258E-05 2.80259E-03
0.00000E+00 0.00000E+00 6.59886E-04 1.63526E-03 1.66417E-03 1.08889E-01 3.74851E-01 6.59886E-04 0.00000E+00 0.00000E+00 1.00329E-01
0.00000E+00 3.66877E-05 6.20802E-04 1.48464E-03 1.50931E-03 9.91795E-02 3.47121E-01 6.20802E-04 3.66877E-05 0.00000E+00 8.39246E-02
0.00000E+00 6.64825E-05 5.84937E-04 1.35205E-03 1.37318E-03 9.04947E-02 3.21809E-01 5.84937E-04 6.64825E-05 0.00000E+00 7.03311E-02
0.00000E+00 8.83755E-05 5.49255E-04 1.23151E-03 1.24964E-03 8.26419E-02 2.98480E-01 5.49255E-04 8.83755E-05 0.00000E+00 5.90442E-02
0.00000E+00 1.04011E-04 5.14208E-04 1.12171E-03 1.13729E-03 7.55185E-02 2.76918E-01 5.14208E-04 1.04011E-04 0.00000E+00 4.96565E-02
0.00000E+00 1.14467E-04 4.80125E-04 1.02190E-03 1.03532E-03 6.90645E-02 2.57008E-01 4.80125E-04 1.14467E-04 0.00000E+00 4.18953E-02
0.00000E+00 1.20932E-04 4.47216E-04 9.30845E-04 9.42433E-04 6.31904E-02 2.38557E-01 4.47216E-04 1.20932E-04 0.00000E+00 3.54387E-02
0.00000E+00 1.23896E-04 4.22580E-04 8.65436E-04 8.75770E-04 5.89752E-02 2.25123E-01 4.22580E-04 1.23896E-04 0.00000E+00 3.11365E-02
3.17074E-06 1.23983E-04 4.15297E-04 8.47261E-04 8.57269E-04 5.78258E-02 2.21414E-01 4.15297E-04 1.23983E-04 3.17074E-06 3.00251E-02
1.78322E-05 1.24749E-04 3.82844E-04 7.65704E-04 7.74265E-04 5.25818E-02 2.04355E-01 3.82844E-04 1.24749E-04 1.78322E-05 2.51100E-02
2.90474E-05 1.23623E-04 3.52189E-04 6.91377E-04 6.98697E-04 4.77815E-02 1.88453E-01 3.52189E-04 1.23623E-04 2.90474E-05 2.10334E-02
3.71786E-05 1.20772E-04 3.23041E-04 6.23317E-04 6.29570E-04 4.33813E-02 1.73616E-01 3.23041E-04 1.20772E-04 3.71786E-05 1.76543E-02
4.28136E-05 1.16639E-04 2.95500E-04 5.61119E-04 5.66458E-04 3.93504E-02 1.59784E-01 2.95500E-04 1.16639E-04 4.28136E-05 1.48529E-02
4.64306E-05 1.11589E-04 2.69655E-04 5.04475E-04 5.09031E-04 3.56652E-02 1.46912E-01 2.69655E-04 1.11589E-04 4.64306E-05 1.25343E-02
4.84647E-05 1.05931E-04 2.45525E-04 4.52973E-04 4.56857E-04 3.22973E-02 1.34943E-01 2.45525E-04 1.05931E-04 4.84647E-05 1.06101E-02
4.92716E-05 9.99078E-05 2.23084E-04 4.06191E-04 4.09501E-04 2.92192E-02 1.23817E-01 2.23084E-04 9.99078E-05 4.92716E-05 9.00726E-03
4.91271E-05 9.37043E-05 2.02298E-04 3.63779E-04 3.66597E-04 2.64087E-02 1.13487E-01 2.02298E-04 9.37043E-05 4.91271E-05 7.66930E-03
4.82566E-05 8.74635E-05 1.83118E-04 3.25400E-04 3.27796E-04 2.38453E-02 1.03905E-01 1.83118E-04 8.74635E-05 4.82566E-05 6.54969E-03
4.68436E-05 8.12948E-05 1.65477E-04 2.90731E-04 2.92767E-04 2.15095E-02 9.50304E-02 1.65477E-04 8.12948E-05 4.68436E-05 5.61016E-03
4.50365E-05 7.52807E-05 1.49301E-04 2.59466E-04 2.61193E-04 1.93836E-02 8.68194E-02 1.49301E-04 7.52807E-05 4.50365E-05 4.81931E-03
4.29551E-05 6.94811E-05 1.34508E-04 2.31315E-04 2.32780E-04 1.74507E-02 7.92324E-02 1.34508E-04 6.94811E-05 4.29551E-05 4.15141E-03
4.06949E-05 6.39380E-05 1.21014E-04 2.06007E-04 2.07248E-04 1.56953E-02 7.22309E-02 1.21014E-04 6.39380E-05 4.06949E-05 3.58539E-03
3.83316E-05 5.86793E-05 1.08733E-04 1.83287E-04 1.84337E-04 1.41029E-02 6.57777E-02 1.08733E-04 5.86793E-05 3.83316E-05 3.10401E-03
3.59251E-05 5.37216E-05 9.75779E-05 1.62918E-04 1.63806E-04 1.26599E-02 5.98375E-02 9.75779E-05 5.37216E-05 3.59251E-05 2.69318E-03
3.35223E-05 4.90781E-05 8.74831E-05 1.44715E-04 1.45465E-04 1.13560E-02 5.43845E-02 8.74831E-05 4.90781E-05 3.35223E-05 2.34222E-03
3.11596E-05 4.47463E-05 7.83532E-05 1.28446E-04 1.29080E-04 1.01777E-02 4.93803E-02 7.83532E-05 4.47463E-05 3.11596E-05 2.04081E-03
0.00000E+00 0.00000E+00 4.55233E-04 1.13173E-03 1.14443E-03 9.11340E-02 3.37687E-01 4.55233E-04 0.00000E+00 0.00000E+00 8.06065E-02
0.00000E+00 2.44402E-05 4.25706E-04 1.02222E-03 1.03299E-03 8.26423E-02 3.11440E-01 4.25706E-04 2.44402E-05 0.00000E+00 6.67355E-02
0.00000E+00 4.43423E-05 3.99042E-04 9.26502E-04 9.35681E-04 7.50843E-02 2.87595E-01 3.99042E-04 4.43423E-05 0.00000E+00 5.53979E-02
0.00000E+00 5.89757E-05 3.73013E-04 8.40149E-04 8.47984E-04 6.82829E-02 2.65715E-01 3.73013E-04 5.89757E-05 0.00000E+00 4.60987E-02
0.00000E+00 6.94129E-05 3.47801E-04 7.62033E-04 7.68732E-04 6.21421E-02 2.45583E-01 3.47801E-04 6.94129E-05 0.00000E+00 3.84531E-02
0.00000E+00 7.63624E-05 3.23555E-04 6.91472E-04 6.97215E-04 5.66048E-02 2.27077E-01 3.23555E-04 7.63624E-05 0.00000E+00 3.22026E-02
0.00000E+00 8.06214E-05 3.00348E-04 6.27470E-04 6.32401E-04 5.15878E-02 2.10002E-01 3.00348E-04 8.06214E-05 0.00000E+00 2.70553E-02
0.00000E+00 8.25428E-05 2.83079E-04 5.81692E-04 5.86073E-04 4.80009E-02 1.97613E-01 2.83079E-04 8.25428E-05 0.00000E+00 2.36524E-02
2.16269E-06 8.25760E-05 2.78003E-04 5.69024E-04 5.73262E-04 4.70261E-02 1.94203E-01 2.78003E-04 8.25760E-05 2.16269E-06 2.27800E-02
1.21508E-05 8.29881E-05 2.55427E-04 5.12283E-04 5.15888E-04 4.25868E-02 1.78549E-01 2.55427E-04 8.29881E-05 1.21508E-05 1.89372E-02
1.97588E-05 8.21313E-05 2.34223E-04 4.60826E-04 4.63892E-04 3.85419E-02 1.64022E-01 2.34223E-04 8.21313E-05 1.97588E-05 1.57780E-02
2.52456E-05 8.01216E-05 2.14168E-04 4.13933E-04 4.16538E-04 3.48510E-02 1.50527E-01 2.14168E-04 8.01216E-05 2.52456E-05 1.31798E-02
2.90203E-05 7.72608E-05 1.95311E-04 3.71278E-04 3.73490E-04 3.14851E-02 1.38000E-01 1.95311E-04 7.72608E-05 2.90203E-05 1.10411E-02
3.14155E-05 7.37959E-05 1.77697E-04 3.32609E-04 3.34487E-04 2.84219E-02 1.26396E-01 1.77697E-04 7.37959E-05 3.14155E-05 9.28251E-03
3.27325E-05 6.99374E-05 1.61323E-04 2.97604E-04 2.99197E-04 2.56350E-02 1.15652E-01 1.61323E-04 6.99374E-05 3.27325E-05 7.83151E-03
3.32172E-05 6.58487E-05 1.46157E-04 2.65944E-04 2.67293E-04 2.30993E-02 1.05708E-01 1.46157E-04 6.58487E-05 3.32172E-05 6.62889E-03
3.30595E-05 6.16529E-05 1.32164E-04 2.37360E-04 2.38502E-04 2.07942E-02 9.65145E-02 1.32164E-04 6.16529E-05 3.30595E-05 5.62942E-03
3.24140E-05 5.74455E-05 1.19300E-04 2.11598E-04 2.12564E-04 1.87009E-02 8.80248E-02 1.19300E-04 5.74455E-05 3.24140E-05 4.79621E-03
3.14064E-05 5.32989E-05 1.07511E-04 1.88420E-04 1.89236E-04 1.68019E-02 8.01944E-02 1.07511E-04 5.32989E-05 3.14064E-05 4.09927E-03
3.01381E-05 4.92669E-05 9.67378E-05 1.67599E-04 1.68288E-04 1.50810E-02 7.29812E-02 9.67378E-05 4.92669E-05 3.01381E-05 3.51420E-03
2.86902E-05 4.53883E-05 8.69190E-05 1.48924E-04 1.49505E-04 1.35232E-02 6.63446E-02 8.69190E-05 4.53883E-05 2.86902E-05 3.02120E-03
2.71275E-05 4.16899E-05 7.79912E-05 1.32198E-04 1.32687E-04 1.21146E-02 6.02463E-02 7.79912E-05 4.16899E-05 2.71275E-05 2.60421E-03
2.55013E-05 3.81892E-05 6.98913E-05 1.17238E-04 1.17650E-04 1.08423E-02 5.46498E-02 6.98913E-05 3.81892E-05 2.55013E-05 2.25014E-03
2.38516E-05 3.48959E-05 6.25570E-05 1.03875E-04 1.04221E-04 9.69431E-03 4.95202E-02 6.25570E-05 3.48959E-05 2.38516E-05 1.94840E-03
2.22100E-05 3.18179E-05 5.59397E-05 9.19767E-05 9.22678E-05 8.66153E-03 4.48317E-02 5.59397E-05 3.18179E-05 2.22100E-05 1.69097E-03
2.06007E-05 2.89524E-05 4.99726E-05 8.13804E-05 8.16248E-05 7.73228E-03 4.05476E-02 4.99726E-05 2.89524E-05 2.06007E-05 1.47015E-03
0.00000E+00 0.00000E+00 3.07122E-04 7.65173E-04 7.70438E-04 7.51263E-02 3.01298E-01 3.07122E-04 0.00000E+00 0.00000E+00 6.34216E-02
0.00000E+00 1.56849E-05 2.85237E-04 6.87343E-04 6.91786E-04 6.78271E-02 2.76730E-01 2.85237E-04 1.56849E-05 0.00000E+00 5.19889E-02
0.00000E+00 2.85537E-05 2.65829E-04 6.19859E-04 6.23622E-04 6.13619E-02 2.54515E-01 2.65829E-04 2.85537E-05 0.00000E+00 4.27659E-02
0.00000E+00 3.80654E-05 2.47273E-04 5.59487E-04 5.62682E-04 5.55712E-02 2.34224E-01 2.47273E-04 3.80654E-05 0.00000E+00 3.52890E-02
0.00000E+00 4.48725E-05 2.29577E-04 5.05275E-04 5.07992E-04 5.03669E-02 2.15636E-01 2.29577E-04 4.48725E-05 0.00000E+00 2.92092E-02
0.00000E+00 4.94123E-05 2.12766E-04 4.56638E-04 4.58955E-04 4.56961E-02 1.98628E-01 2.12766E-04 4.94123E-05 0.00000E+00 2.42916E-02
0.00000E+00 5.21932E-05 1.96826E-04 4.12785E-04 4.14765E-04 4.14832E-02 1.83002E-01 1.96826E-04 5.21932E-05 0.00000E+00 2.02806E-02
1.38778E-17 5.34442E-05 1.85042E-04 3.81561E-04 3.83312E-04 3.84820E-02 1.71705E-01 1.85042E-04 5.34442E-05 1.38778E-17 1.76487E-02
1.44461E-06 5.34601E-05 1.81597E-04 3.72956E-04 3.74648E-04 3.76690E-02 1.68605E-01 1.81597E-04 5.34601E-05 1.44461E-06 1.69787E-02
8.11152E-06 5.37153E-05 1.66311E-04 3.34488E-04 3.35920E-04 3.39737E-02 1.54403E-01 1.66311E-04 5.37153E-05 8.11152E-06 1.40388E-02
1.31748E-05 5.31388E-05 1.52037E-04 2.99778E-04 3.00989E-04 3.06221E-02 1.41283E-01 1.52037E-04 5.31388E-05 1.31748E-05 1.16415E-02
1.68122E-05 5.18058E-05 1.38608E-04 2.68300E-04 2.69323E-04 2.75774E-02 1.29148E-01 1.38608E-04 5.18058E-05 1.68122E-05 9.68391E-03
1.93006E-05 4.99162E-05 1.26042E-04 2.39799E-04 2.40663E-04 2.48134E-02 1.17933E-01 1.26042E-04 4.99162E-05 1.93006E-05 8.08293E-03
2.08651E-05 4.76334E-05 1.14357E-04 2.14078E-04 2.14807E-04 2.23092E-02 1.07591E-01 1.14357E-04 4.76334E-05 2.08651E-05 6.77408E-03
2.17093E-05 4.50965E-05 1.03539E-04 1.90895E-04 1.91511E-04 2.00411E-02 9.80580E-02 1.03539E-04 4.50965E-05 2.17093E-05 5.69951E-03
2.19988E-05 4.24130E-05 9.35575E-05 1.70015E-04 1.70533E-04 1.79864E-02 8.92732E-02 9.35575E-05 4.24130E-05 2.19988E-05 4.81265E-03
2.18617E-05 3.96637E-05 8.43815E-05 1.51239E-04 1.51676E-04 1.61268E-02 8.11870E-02 8.43815E-05 3.96637E-05 2.18617E-05 4.07823E-03
2.14019E-05 3.69111E-05 7.59744E-05 1.34385E-04 1.34753E-04 1.44455E-02 7.37523E-02 7.59744E-05 3.69111E-05 2.14019E-05 3.46781E-03
2.07037E-05 3.42023E-05 6.82950E-05 1.19280E-04 1.19588E-04 1.29268E-02 6.69250E-02 6.82950E-05 3.42023E-05 2.07037E-05 2.95846E-03
1.98349E-05 3.15721E-05 6.12996E-05 1.05761E-04 1.06020E-04 1.15566E-02 6.06632E-02 6.12996E-05 3.15721E-05 1.98349E-05 2.53172E-03
1.88499E-05 2.90456E-05 5.49432E-05 9.36807E-05 9.38978E-05 1.03216E-02 5.49270E-02 5.49432E-05 2.90456E-05 1.88499E-05 2.17272E-03
1.77917E-05 2.66398E-05 4.91804E-05 8.29001E-05 8.30819E-05 9.20961E-03 4.96792E-02 4.91804E-05 2.66398E-05 1.77917E-05 1.86946E-03
1.66945E-05 2.43657E-05 4.39667E-05 7.32919E-05 7.34440E-05 8.20955E-03 4.48839E-02 4.39667E-05 2.43657E-05 1.66945E-05 1.61226E-03
1.55848E-05 2.22293E-05 3.92588E-05 6.47393E-05 6.48665E-05 7.31112E-03 4.05080E-02 3.92588E-05 2.22293E-05 1.55848E-05 1.39329E-03
1.44836E-05 2.02354E-05 3.50227E-05 5.71504E-05 5.72567E-05 6.50636E-03 3.65260E-02 3.50227E-05 2.02354E-05 1.44836E-05 1.20667E-03
1.34067E-05 1.83818E-05 3.12128E-05 5.04148E-05 5.05035E-05 5.78537E-03 3.29033E-02 3.12128E-05 1.83818E-05 1.34067E-05 1.04676E-03
0.00000E+00 0.00000E+00 2.02212E-04 5.04504E-04 5.06556E-04 6.09488E-02 2.66054E-01 2.02212E-04 0.00000E+00 0.00000E+00 4.87877E-02
0.00000E+00 9.62982E-06 1.86326E-04 4.50510E-04 4.52232E-04 5.47860E-02 2.43326E-01 1.86326E-04 9.62982E-06 0.00000E+00 3.96140E-02
0.00000E+00 1.76463E-05 1.72519E-04 4.04103E-04 4.05553E-04 4.93532E-02 2.22870E-01 1.72519E-04 1.76463E-05 0.00000E+00 3.23056E-02
0.00000E+00 2.36411E-05 1.59618E-04 3.62971E-04 3.64196E-04 4.45098E-02 2.04272E-01 1.59618E-04 2.36411E-05 0.00000E+00 2.64470E-02
0.00000E+00 2.79729E-05 1.47524E-04 3.26332E-04 3.27368E-04 4.01766E-02 1.87311E-01 1.47524E-04 2.79729E-05 0.00000E+00 2.17329E-02
0.00000E+00 3.08888E-05 1.36190E-04 2.93701E-04 2.94580E-04 3.63057E-02 1.71863E-01 1.36190E-04 3.08888E-05 0.00000E+00 1.79585E-02
0.00000E+00 3.26938E-05 1.25552E-04 2.64466E-04 2.65212E-04 3.28296E-02 1.57733E-01 1.25552E-04 3.26938E-05 0.00000E+00 1.49077E-02
3.46945E-18 3.35178E-05 1.17742E-04 2.43749E-04 2.44407E-04 3.03622E-02 1.47554E-01 1.17742E-04 3.35178E-05 3.46945E-18 1.29198E-02
9.43534E-07 3.35328E-05 1.15472E-04 2.38063E-04 2.38698E-04 2.96960E-02 1.44770E-01 1.15472E-04 3.35328E-05 9.43534E-07 1.24171E-02
5.29719E-06 3.37284E-05 1.05424E-04 2.12699E-04 2.13234E-04 2.66733E-02 1.32039E-01 1.05424E-04 3.37284E-05 5.29719E-06 1.02189E-02
8.59881E-06 3.33912E-05 9.60978E-05 1.89933E-04 1.90382E-04 2.39442E-02 1.20330E-01 9.60978E-05 3.33912E-05 8.59881E-06 8.43981E-03
1.09653E-05 3.25669E-05 8.73704E-05 1.69386E-04 1.69764E-04 2.14760E-02 1.09550E-01 8.73704E-05 3.25669E-05 1.09653E-05 6.99624E-03
1.25782E-05 3.13834E-05 7.92417E-05 1.50870E-04 1.51187E-04 1.92453E-02 9.96325E-02 7.92417E-05 3.13834E-05 1.25782E-05 5.82229E-03
1.35856E-05 2.99461E-05 7.17151E-05 1.34235E-04 1.34501E-04 1.72334E-02 9.05273E-02 7.17151E-05 2.99461E-05 1.35856E-05 4.86724E-03
1.41214E-05 2.83444E-05 6.47738E-05 1.19306E-04 1.19529E-04 1.54191E-02 8.21727E-02 6.47738E-05 2.83444E-05 1.41214E-05 4.08634E-03
1.42945E-05 2.66475E-05 5.83916E-05 1.05914E-04 1.06101E-04 1.37828E-02 7.45079E-02 5.83916E-05 2.66475E-05 1.42945E-05 3.44399E-03
1.41891E-05 2.49074E-05 5.25438E-05 9.39197E-05 9.40765E-05 1.23083E-02 6.74840E-02 5.25438E-05 2.49074E-05 1.41891E-05 2.91349E-03
1.38735E-05 2.31644E-05 4.72025E-05 8.31939E-05 8.33250E-05 1.09809E-02 6.10548E-02 4.72025E-05 2.31644E-05 1.38735E-05 2.47349E-03
1.34031E-05 2.14487E-05 4.23377E-05 7.36163E-05 7.37258E-05 9.78717E-03 5.51770E-02 4.23377E-05 2.14487E-05 1.34031E-05 2.10695E-03
1.28226E-05 1.97827E-05 3.79184E-05 6.50761E-05 6.51675E-05 8.71471E-03 4.98100E-02 3.79184E-05 1.97827E-05 1.28226E-05 1.80025E-03
1.21674E-05 1.81826E-05 3.39133E-05 5.74711E-05 5.75473E-05 7.75225E-03 4.49154E-02 3.39133E-05 1.81826E-05 1.21674E-05 1.54247E-03
1.14660E-05 1.66594E-05 3.02914E-05 5.07077E-05 5.07711E-05 6.88943E-03 4.04573E-02 3.02914E-05 1.66594E-05 1.14660E-05 1.32490E-03
1.07407E-05 1.52201E-05 2.70226E-05 4.46999E-05 4.47527E-05 6.11676E-03 3.64019E-02 2.70226E-05 1.52201E-05 1.07407E-05 1.14050E-03
1.00088E-05 1.38685E-05 2.40778E-05 3.93698E-05 3.94136E-05 5.42559E-03 3.27175E-02 2.40778E-05 1.38685E-05 1.00088E-05 9.83619E-04
9.28406E-06 1.26079E-05 2.14343E-05 3.46556E-05 3.46921E-05 4.80916E-03 2.93800E-02 2.14343E-05 1.26079E-05 9.28406E-06 8.50026E-04
8.57676E-06 1.14369E-05 1.90621E-05 3.04848E-05 3.05150E-05 4.25926E-03 2.63571E-02 1.90621E-05 1.14369E-05 8.57676E-06 7.35663E-04
0.00000E+00 0.00000E+00 1.29635E-04 3.23712E-04 3.24461E-04 4.86229E-02 2.32305E-01 1.29635E-04 0.00000E+00 0.00000E+00 3.66262E-02
0.00000E+00 5.59888E-06 1.18366E-04 2.87204E-04 2.87829E-04 4.35151E-02 2.11535E-01 1.18366E-04 5.59888E-06 0.00000E+00 2.94712E-02
0.00000E+00 1.03800E-05 1.08785E-04 2.56131E-04 2.56654E-04 3.90336E-02 1.92931E-01 1.08785E-04 1.03800E-05 0.00000E+00 2.38394E-02
0.00000E+00 1.40309E-05 1.00056E-04 2.28873E-04 2.29313E-04 3.50565E-02 1.76095E-01 1.00056E-04 1.40309E-05 0.00000E+00 1.93729E-02
0.00000E+00 1.67172E-05 9.20269E-05 2.04806E-04 2.05176E-04 3.15143E-02 1.60811E-01 9.20269E-05 1.67172E-05 0.00000E+00 1.58148E-02
0.00000E+00 1.85600E-05 8.46154E-05 1.83542E-04 1.83854E-04 2.83645E-02 1.46956E-01 8.46154E-05 1.85600E-05 0.00000E+00 1.29932E-02
0.00000E+00 1.97279E-05 7.77378E-05 1.64621E-04 1.64884E-04 2.55484E-02 1.34339E-01 7.77378E-05 1.97279E-05 0.00000E+00 1.07317E-02
0.00000E+00 2.02794E-05 7.27260E-05 1.51280E-04 1.51511E-04 2.35566E-02 1.25284E-01 7.27260E-05 2.02794E-05 0.00000E+00 9.26759E-03
6.01585E-07 2.02987E-05 7.12776E-05 1.47634E-04 1.47857E-04 2.30204E-02 1.22815E-01 7.12776E-05 2.02987E-05 6.01585E-07 8.89960E-03
3.37866E-06 2.04738E-05 6.48850E-05 1.31408E-04 1.31595E-04 2.05926E-02 1.11548E-01 6.48850E-05 2.04738E-05 3.37866E-06 7.29549E-03
5.48512E-06 2.03153E-05 5.89894E-05 1.16922E-04 1.17079E-04 1.84103E-02 1.01233E-01 5.89894E-05 2.03153E-05 5.48512E-06 6.00592E-03
6.99425E-06 1.98487E-05 5.35011E-05 1.03914E-04 1.04045E-04 1.64455E-02 9.17800E-02 5.35011E-05 1.98487E-05 6.99425E-06 4.96523E-03
8.02118E-06 1.91533E-05 4.84124E-05 9.22464E-05 9.23553E-05 1.46775E-02 8.31229E-02 4.84124E-05 1.91533E-05 8.02118E-06 4.12286E-03
8.66022E-06 1.82946E-05 4.37194E-05 8.18109E-05 8.19018E-05 1.30900E-02 7.52119E-02 4.37194E-05 1.82946E-05 8.66022E-06 3.44023E-03
8.99693E-06 1.73289E-05 3.94065E-05 7.24849E-05 7.25608E-05 1.16648E-02 6.79863E-02 3.94065E-05 1.73289E-05 8.99693E-06 2.88379E-03
9.10111E-06 1.62996E-05 3.54534E-05 6.41525E-05 6.42157E-05 1.03850E-02 6.13875E-02 3.54534E-05 1.62996E-05 9.10111E-06 2.42714E-03
9.02671E-06 1.52396E-05 3.18416E-05 5.67182E-05 5.67708E-05 9.23669E-03 5.53679E-02 3.18416E-05 1.52396E-05 9.02671E-06 2.05066E-03
8.81768E-06 1.41746E-05 2.85513E-05 5.00944E-05 5.01381E-05 8.20743E-03 4.98830E-02 2.85513E-05 1.41746E-05 8.81768E-06 1.73880E-03
8.50964E-06 1.31238E-05 2.55617E-05 4.42005E-05 4.42368E-05 7.28578E-03 4.48913E-02 2.55617E-05 1.31238E-05 8.50964E-06 1.47921E-03
8.13128E-06 1.21015E-05 2.28521E-05 3.89629E-05 3.89930E-05 6.46134E-03 4.03541E-02 2.28521E-05 1.21015E-05 8.13128E-06 1.26212E-03
7.70557E-06 1.11183E-05 2.04017E-05 3.43142E-05 3.43392E-05 5.72464E-03 3.62351E-02 2.04017E-05 1.11183E-05 7.70557E-06 1.07974E-03
7.25079E-06 1.01812E-05 1.81902E-05 3.01931E-05 3.02138E-05 5.06704E-03 3.25005E-02 1.81902E-05 1.01812E-05 7.25079E-06 9.25845E-04
6.78132E-06 9.29509E-06 1.61981E-05 2.65439E-05 2.65610E-05 4.48068E-03 2.91186E-02 1.61981E-05 9.29509E-06 6.78132E-06 7.95469E-04
6.30840E-06 8.46257E-06 1.44068E-05 2.33161E-05 2.33302E-05 3.95840E-03 2.60602E-02 1.44068E-05 8.46257E-06 6.30840E-06 6.84606E-04
5.84089E-06 7.68579E-06 1.28018E-05 2.04700E-05 2.04816E-05 3.49462E-03 2.33025E-02 1.28018E-05 7.68579E-06 5.84089E-06 5.90265E-04
5.38538E-06 6.96413E-06 1.13641E-05 1.79591E-05 1.79687E-05 3.08266E-03 2.08162E-02 1.13641E-05 6.96413E-06 5.38538E-06 5.09579E-04
0.00000E+00 0.00000E+00 8.06926E-05 2.01604E-04 2.01859E-04 3.81076E-02 2.00352E-01 8.06926E-05 0.00000E+00 0.00000E+00 2.67745E-02
0.00000E+00 3.03264E-06 7.29003E-05 1.77596E-04 1.77807E-04 3.39553E-02 1.81620E-01 7.29003E-05 3.03264E-06 0.00000E+00 2.13616E-02
0.00000E+00 5.73833E-06 6.64320E-05 1.57385E-04 1.57560E-04 3.03290E-02 1.64924E-01 6.64320E-05 5.73833E-06 0.00000E+00 1.71503E-02
0.00000E+00 7.87754E-06 6.06988E-05 1.39857E-04 1.40004E-04 2.71255E-02 1.49885E-01 6.06988E-05 7.87754E-06 0.00000E+00 1.38442E-02
0.00000E+00 9.49874E-06 5.55368E-05 1.24532E-04 1.24655E-04 2.42849E-02 1.36297E-01 5.55368E-05 9.49874E-06 0.00000E+00 1.12354E-02
0.00000E+00 1.06454E-05 5.08522E-05 1.11111E-04 1.11214E-04 2.17705E-02 1.24037E-01 5.08522E-05 1.06454E-05 0.00000E+00 9.18497E-03
0.00000E+00 1.14000E-05 4.65596E-05 9.92554E-05 9.93421E-05 1.95323E-02 1.12924E-01 4.65596E-05 1.14000E-05 0.00000E+00 7.55432E-03
8.67362E-18 1.17752E-05 4.34573E-05 9.09424E-05 9.10181E-05 1.79547E-02 1.04978E-01 4.34573E-05 1.17752E-05 8.67362E-18 6.50470E-03
3.73686E-07 1.17982E-05 4.25659E-05 8.86808E-05 8.87537E-05 1.75314E-02 1.02818E-01 4.25659E-05 1.17982E-05 3.73686E-07 6.24235E-03
2.10072E-06 1.19617E-05 3.86451E-05 7.86397E-05 7.87003E-05 1.56181E-02 9.29834E-02 3.86451E-05 1.19617E-05 2.10072E-06 5.10186E-03
3.41347E-06 1.19210E-05 3.50532E-05 6.97261E-05 6.97766E-05 1.39060E-02 8.40229E-02 3.50532E-05 1.19210E-05 3.41347E-06 4.19021E-03
4.35535E-06 1.16888E-05 3.17268E-05 6.17628E-05 6.18047E-05 1.23712E-02 7.58489E-02 3.17268E-05 1.16888E-05 4.35535E-06 3.45772E-03
4.99671E-06 1.13123E-05 2.86558E-05 5.46536E-05 5.46884E-05 1.09963E-02 6.83985E-02 2.86558E-05 1.13123E-05 4.99671E-06 2.86693E-03
5.39557E-06 1.08312E-05 2.58339E-05 4.83236E-05 4.83524E-05 9.76720E-03 6.16223E-02 2.58339E-05 1.08312E-05 5.39557E-06 2.38948E-03
5.60494E-06 1.02795E-05 2.32485E-05 4.26900E-05 4.27139E-05 8.66860E-03 5.54625E-02 2.32485E-05 1.02795E-05 5.60494E-06 2.00104E-03
5.66829E-06 9.68428E-06 2.08849E-05 3.76759E-05 3.76957E-05 7.68629E-03 4.98632E-02 2.08849E-05 9.68428E-06 5.66829E-06 1.68267E-03
5.61932E-06 9.06595E-06 1.87303E-05 3.32185E-05 3.32350E-05 6.80877E-03 4.47791E-02 1.87303E-05 9.06595E-06 5.61932E-06 1.42037E-03
5.48560E-06 8.44048E-06 1.67713E-05 2.92608E-05 2.92744E-05 6.02561E-03 4.01683E-02 1.67713E-05 8.44048E-06 5.48560E-06 1.20317E-03
5.28953E-06 7.82013E-06 1.49947E-05 2.57508E-05 2.57620E-05 5.32734E-03 3.59916E-02 1.49947E-05 7.82013E-06 5.28953E-06 1.02238E-03
5.04922E-06 7.21414E-06 1.33869E-05 2.26414E-05 2.26507E-05 4.70541E-03 3.22130E-02 1.33869E-05 7.21414E-06 5.04922E-06 8.71176E-04
4.77919E-06 6.62931E-06 1.19351E-05 1.98900E-05 1.98976E-05 4.15205E-03 2.87986E-02 1.19351E-05 6.62931E-06 4.77919E-06 7.44133E-04
4.49102E-06 6.07043E-06 1.06267E-05 1.74580E-05 1.74643E-05 3.66022E-03 2.57174E-02 1.06267E-05 6.07043E-06 4.49102E-06 6.36935E-04
4.19387E-06 5.54074E-06 9.44968E-06 1.53105E-05 1.53156E-05 3.22355E-03 2.29403E-02 9.44968E-06 5.54074E-06 4.19387E-06 5.46132E-04
3.89486E-06 5.04222E-06 8.39264E-06 1.34161E-05 1.34203E-05 2.83627E-03 2.04405E-02 8.39264E-06 5.04222E-06 3.89486E-06 4.68951E-04
3.59964E-06 4.57645E-06 7.44667E-06 1.17502E-05 1.17537E-05 2.49386E-03 1.81972E-02 7.44667E-06 4.57645E-06 3.59964E-06 4.03320E-04
3.31240E-06 4.14331E-06 6.60033E-06 1.02844E-05 1.02873E-05 2.19101E-03 1.61842E-02 6.60033E-06 4.14331E-06 3.31240E-06 3.47247E-04
0.00000E+00 0.00000E+00 4.85579E-05 1.21355E-04 1.21435E-04 2.92964E-02 1.70407E-01 4.85579E-05 0.00000E+00 0.00000E+00 1.89957E-02
0.00000E+00 1.48332E-06 4.33252E-05 1.06055E-04 1.06121E-04 2.59897E-02 1.53755E-01 4.33252E-05 1.48332E-06 0.00000E+00 1.50372E-02
0.00000E+00 2.91484E-06 3.90923E-05 9.33313E-05 9.33858E-05 2.31153E-02 1.38988E-01 3.90923E-05 2.91484E-06 0.00000E+00 1.19916E-02
0.00000E+00 4.11276E-06 3.54522E-05 8.24387E-05 8.24840E-05 2.05874E-02 1.25751E-01 3.54522E-05 4.11276E-06 0.00000E+00 9.62361E-03
0.00000E+00 5.06249E-06 3.22526E-05 7.30190E-05 7.30566E-05 1.83559E-02 1.13847E-01 3.22526E-05 5.06249E-06 0.00000E+00 7.77152E-03
0.00000E+00 5.76465E-06 2.94047E-05 6.48491E-05 6.48805E-05 1.63894E-02 1.03160E-01 2.94047E-05 5.76465E-06 0.00000E+00 6.32763E-03
0.00000E+00 6.25099E-06 2.68324E-05 5.76914E-05 5.77176E-05 1.46465E-02 9.35194E-02 2.68324E-05 6.25099E-06 0.00000E+00 5.18725E-03
1.56125E-17 6.50872E-06 2.49907E-05 5.27021E-05 5.27249E-05 1.34224E-02 8.66516E-02 2.49907E-05 6.50872E-06 1.56125E-17 4.45690E-03
2.25399E-07 6.53277E-06 2.44645E-05 5.13510E-05 5.13730E-05 1.30949E-02 8.47916E-02 2.44645E-05 6.53277E-06 2.25399E-07 4.27522E-03
1.26914E-06 6.68099E-06 2.21599E-05 4.53690E-05 4.53872E-05 1.16177E-02 7.63379E-02 2.21599E-05 6.68099E-06 1.26914E-06 3.48727E-03
2.06588E-06 6.70715E-06 2.00636E-05 4.00906E-05 4.01057E-05 1.03016E-02 6.86734E-02 2.00636E-05 6.70715E-06 2.06588E-06 2.86024E-03
2.63957E-06 6.61637E-06 1.81323E-05 3.53998E-05 3.54122E-05 9.12705E-03 6.17154E-02 1.81323E-05 6.61637E-06 2.63957E-06 2.35800E-03
3.03138E-06 6.43559E-06 1.63563E-05 3.12321E-05 3.12424E-05 8.07940E-03 5.54039E-02 1.63563E-05 6.43559E-06 3.03138E-06 1.95383E-03
3.27565E-06 6.18779E-06 1.47295E-05 2.75377E-05 2.75461E-05 7.14702E-03 4.96918E-02 1.47295E-05 6.18779E-06 3.27565E-06 1.62765E-03
3.40411E-06 5.89330E-06 1.32426E-05 2.42629E-05 2.42699E-05 6.31729E-03 4.45244E-02 1.32426E-05 5.89330E-06 3.40411E-06 1.36246E-03
3.44297E-06 5.56838E-06 1.18858E-05 2.13589E-05 2.13646E-05 5.57860E-03 3.98498E-02 1.18858E-05 5.56838E-06 3.44297E-06 1.14512E-03
3.41271E-06 5.22552E-06 1.06507E-05 1.87862E-05 1.87909E-05 4.92156E-03 3.56258E-02 1.06507E-05 5.22552E-06 3.41271E-06 9.66006E-04
3.33015E-06 4.87464E-06 9.52919E-06 1.65090E-05 1.65129E-05 4.33769E-03 3.18134E-02 9.52919E-06 4.87464E-06 3.33015E-06 8.17597E-04
3.20906E-06 4.52346E-06 8.51294E-06 1.44955E-05 1.44987E-05 3.81937E-03 2.83767E-02 8.51294E-06 4.52346E-06 3.20906E-06 6.93992E-04
3.06059E-06 4.17793E-06 7.59404E-06 1.27169E-05 1.27195E-05 3.35970E-03 2.52824E-02 7.59404E-06 4.17793E-06 3.06059E-06 5.90547E-04
2.89374E-06 3.84251E-06 6.76480E-06 1.11471E-05 1.11493E-05 2.95247E-03 2.25000E-02 6.76480E-06 3.84251E-06 2.89374E-06 5.03591E-04
2.71573E-06 3.52043E-06 6.01787E-06 9.76314E-06 9.76489E-06 2.59209E-03 2.00012E-02 6.01787E-06 3.52043E-06 2.71573E-06 4.30202E-04
2.53223E-06 3.21399E-06 5.34628E-06 8.54400E-06 8.54542E-06 2.27349E-03 1.77599E-02 5.34628E-06 3.21399E-06 2.53223E-06 3.68043E-04
2.34772E-06 2.92466E-06 4.74346E-06 7.47107E-06 7.47224E-06 1.99215E-03 1.57522E-02 4.74346E-06 2.92466E-06 2.34772E-06 3.15235E-04
2.16572E-06 2.65366E-06 4.20427E-06 6.52971E-06 6.53066E-06 1.74449E-03 1.39594E-02 4.20427E-06 2.65366E-06 2.16572E-06 2.70368E-04
1.98885E-06 2.40114E-06 3.72213E-06 5.70322E-06 5.70399E-06 1.52639E-03 1.23585E-02 3.72213E-06 2.40114E-06 1.98885E-06 2.32084E-04
0.00000E+00 0.00000E+00 2.82742E-05 7.06739E-05 7.06971E-05 2.21242E-02 1.42939E-01 2.82742E-05 0.00000E+00 0.00000E+00 1.30820E-02
0.00000E+00 6.17911E-07 2.48608E-05 6.12156E-05 6.12346E-05 1.95415E-02 1.28352E-01 2.48608E-05 6.17911E-07 0.00000E+00 1.02847E-02
0.00000E+00 1.31453E-06 2.21742E-05 5.34558E-05 5.34715E-05 1.73067E-02 1.15481E-01 2.21742E-05 1.31453E-06 0.00000E+00 8.15509E-03
0.00000E+00 1.95458E-06 1.99385E-05 4.69078E-05 4.69207E-05 1.53499E-02 1.04002E-01 1.99385E-05 1.95458E-06 0.00000E+00 6.51388E-03
0.00000E+00 2.49651E-06 1.80258E-05 4.13143E-05 4.13250E-05 1.36301E-02 9.37292E-02 1.80258E-05 2.49651E-06 0.00000E+00 5.24040E-03
0.00000E+00 2.92139E-06 1.63608E-05 3.65155E-05 3.65244E-05 1.21213E-02 8.45526E-02 1.63608E-05 2.92139E-06 0.00000E+00 4.25461E-03
0.00000E+00 3.23433E-06 1.48817E-05 3.23491E-05 3.23564E-05 1.07897E-02 7.63143E-02 1.48817E-05 3.23433E-06 0.00000E+00 3.48049E-03
6.93889E-18 3.41187E-06 1.38339E-05 2.94637E-05 2.94701E-05 9.85777E-03 7.04687E-02 1.38339E-05 3.41187E-06 6.93889E-18 2.98669E-03
1.32288E-07 3.43429E-06 1.35363E-05 2.86862E-05 2.86923E-05 9.60924E-03 6.88911E-02 1.35363E-05 3.43429E-06 1.32288E-07 2.86434E-03
7.46606E-07 3.56125E-06 1.22395E-05 2.52542E-05 2.52593E-05 8.49008E-03 6.17359E-02 1.22395E-05 3.56125E-06 7.46606E-07 2.33458E-03
1.21859E-06 3.61660E-06 1.10689E-05 2.22452E-05 2.22493E-05 7.49739E-03 5.52810E-02 1.10689E-05 3.61660E-06 1.21859E-06 1.91427E-03
1.56040E-06 3.60146E-06 9.99583E-06 1.95857E-05 1.95891E-05 6.61530E-03 4.94502E-02 9.99583E-06 3.60146E-06 1.56040E-06 1.57813E-03
1.79506E-06 3.53053E-06 9.01252E-06 1.72341E-05 1.72369E-05 5.83193E-03 4.41874E-02 9.01252E-06 3.53053E-06 1.79506E-06 1.30780E-03
1.94213E-06 3.41675E-06 8.11392E-06 1.51585E-05 1.51608E-05 5.13782E-03 3.94483E-02 8.11392E-06 3.41675E-06 1.94213E-06 1.08961E-03
2.01999E-06 3.27190E-06 7.29382E-06 1.33257E-05 1.33276E-05 4.52281E-03 3.51825E-02 7.29382E-06 3.27190E-06 2.01999E-06 9.12092E-04
2.04402E-06 3.10563E-06 6.54608E-06 1.17060E-05 1.17075E-05 3.97764E-03 3.13426E-02 6.54608E-06 3.10563E-06 2.04402E-06 7.66445E-04
2.02631E-06 2.92550E-06 5.86570E-06 1.02754E-05 1.02766E-05 3.49480E-03 2.78900E-02 5.86570E-06 2.92550E-06 2.02631E-06 6.46257E-04
1.97691E-06 2.73763E-06 5.24784E-06 9.01263E-06 9.01366E-06 3.06759E-03 2.47893E-02 5.24784E-06 2.73763E-06 1.97691E-06 5.46536E-04
1.90408E-06 2.54688E-06 4.68786E-06 7.89891E-06 7.89974E-06 2.68996E-03 2.20080E-02 4.68786E-06 2.54688E-06 1.90408E-06 4.63378E-04
1.81458E-06 2.35707E-06 4.18132E-06 6.91735E-06 6.91803E-06 2.35650E-03 1.95162E-02 4.18132E-06 2.35707E-06 1.81458E-06 3.93714E-04
1.71387E-06 2.17116E-06 3.72399E-06 6.05296E-06 6.05351E-06 2.06236E-03 1.72867E-02 3.72399E-06 2.17116E-06 1.71387E-06 3.35116E-04
1.60636E-06 1.99135E-06 3.31185E-06 5.29235E-06 5.29280E-06 1.80317E-03 1.52945E-02 3.31185E-06 1.99135E-06 1.60636E-06 2.85648E-04
1.49553E-06 1.81927E-06 2.94108E-06 4.62361E-06 4.62397E-06 1.57502E-03 1.35164E-02 2.94108E-06 1.81927E-06 1.49553E-06 2.43759E-04
1.38414E-06 1.65603E-06 2.60813E-06 4.03612E-06 4.03641E-06 1.37441E-03 1.19316E-02 2.60813E-06 1.65603E-06 1.38414E-06 2.08195E-04
1.27436E-06 1.50254E-06 2.31020E-06 3.52156E-06 3.52180E-06 1.19859E-03 1.05236E-02 2.31020E-06 1.50254E-06 1.27436E-06 1.78016E-04
1.16779E-06 1.35911E-06 2.04372E-06 3.07055E-06 3.07074E-06 1.04442E-03 9.27266E-03 2.04372E-06 1.35911E-06 1.16779E-06 1.52306E-04
0.00000E+00 0.00000E+00 1.57428E-05 3.93540E-05 3.93601E-05 1.63338E-02 1.17760E-01 1.57428E-05 0.00000E+00 0.00000E+00 8.67009E-03
0.00000E+00 1.72885E-07 1.36008E-05 3.37402E-05 3.37452E-05 1.43635E-02 1.05208E-01 1.36008E-05 1.72885E-07 0.00000E+00 6.77713E-03
0.00000E+00 4.68060E-07 1.19633E-05 2.92042E-05 2.92082E-05 1.26664E-02 9.41922E-02 1.19633E-05 4.68060E-07 0.00000E+00 5.35017E-03
0.00000E+00 7.88371E-07 1.06491E-05 2.54386E-05 2.54419E-05 1.11871E-02 8.44180E-02 1.06491E-05 7.88371E-07 0.00000E+00 4.25919E-03
0.00000E+00 1.08673E-06 9.55936E-06 2.22669E-05 2.22697E-05 9.89247E-03 7.57162E-02 9.55936E-06 1.08673E-06 0.00000E+00 3.41845E-03
0.00000E+00 1.33864E-06 8.63551E-06 1.95797E-05 1.95819E-05 8.76183E-03 6.79835E-02 8.63551E-06 1.33864E-06 0.00000E+00 2.77137E-03
0.00000E+00 1.53732E-06 7.83096E-06 1.72705E-05 1.72723E-05 7.76829E-03 6.10765E-02 7.83096E-06 1.53732E-06 0.00000E+00 2.26542E-03
5.20417E-18 1.65782E-06 7.26825E-06 1.56831E-05 1.56847E-05 7.07531E-03 5.61956E-02 7.26825E-06 1.65782E-06 5.20417E-18 1.94356E-03
7.47611E-08 1.67676E-06 7.10940E-06 1.52576E-05 1.52591E-05 6.89109E-03 5.48831E-02 7.10940E-06 1.67676E-06 7.47611E-08 1.86402E-03
4.23276E-07 1.77838E-06 6.42170E-06 1.33860E-05 1.33873E-05 6.06302E-03 4.89435E-02 6.42170E-06 1.77838E-06 4.23276E-07 1.52005E-03
6.93477E-07 1.83910E-06 5.80631E-06 1.17566E-05 1.17576E-05 5.33178E-03 4.36132E-02 5.80631E-06 1.83910E-06 6.93477E-07 1.24744E-03
8.90713E-07 1.85819E-06 5.24495E-06 1.03247E-05 1.03255E-05 4.68485E-03 3.88232E-02 5.24495E-06 1.85819E-06 8.90713E-07 1.02935E-03
1.02713E-06 1.84324E-06 4.73197E-06 9.06472E-06 9.06541E-06 4.11283E-03 3.45222E-02 4.73197E-06 1.84324E-06 1.02713E-06 8.53752E-04
1.11331E-06 1.80120E-06 4.26379E-06 7.95738E-06 7.95794E-06 3.60823E-03 3.06696E-02 4.26379E-06 1.80120E-06 1.11331E-06 7.11775E-04
1.15943E-06 1.73869E-06 3.83654E-06 6.98307E-06 6.98353E-06 3.16310E-03 2.72199E-02 3.83654E-06 1.73869E-06 1.15943E-06 5.96011E-04
1.17416E-06 1.66133E-06 3.44672E-06 6.12460E-06 6.12497E-06 2.77023E-03 2.41306E-02 3.44672E-06 1.66133E-06 1.17416E-06 5.00814E-04
1.16442E-06 1.57360E-06 3.09155E-06 5.36833E-06 5.36863E-06 2.42380E-03 2.13673E-02 3.09155E-06 1.57360E-06 1.16442E-06 4.22082E-04
1.13599E-06 1.47921E-06 2.76850E-06 4.70230E-06 4.70255E-06 2.11861E-03 1.88985E-02 2.76850E-06 1.47921E-06 1.13599E-06 3.56625E-04
1.09369E-06 1.38120E-06 2.47515E-06 4.11599E-06 4.11619E-06 1.85001E-03 1.66955E-02 2.47515E-06 1.38120E-06 1.09369E-06 3.01951E-04
1.04150E-06 1.28200E-06 2.20928E-06 3.60012E-06 3.60028E-06 1.61387E-03 1.47321E-02 2.20928E-06 1.28200E-06 1.04150E-06 2.56095E-04
9.82647E-07 1.18355E-06 1.96875E-06 3.14648E-06 3.14661E-06 1.40647E-03 1.29845E-02 1.96875E-06 1.18355E-06 9.82647E-07 2.17498E-04
9.19752E-07 1.08734E-06 1.75156E-06 2.74784E-06 2.74794E-06 1.22452E-03 1.14310E-02 1.75156E-06 1.08734E-06 9.19752E-07 1.84913E-04
8.54901E-07 9.94505E-07 1.55582E-06 2.39775E-06 2.39783E-06 1.06506E-03 1.00518E-02 1.55582E-06 9.94505E-07 8.54901E-07 1.57335E-04
7.89737E-07 9.05863E-07 1.37974E-06 2.09053E-06 2.09060E-06 9.25461E-04 8.82892E-03 1.37974E-06 9.05863E-07 7.89737E-07 1.33946E-04
7.25563E-07 8.22078E-07 1.22195E-06 1.82173E-06 1.82179E-06 8.03658E-04 7.74828E-03 1.22195E-06 8.22078E-07 7.25563E-07 1.14131E-04
6.63345E-07 7.43466E-07 1.08063E-06 1.58636E-06 1.58640E-06 6.97323E-04 6.79317E-03 1.08063E-06 7.43466E-07 6.63345E-07 9.72864E-05
0.00000E+00 0.00000E+00 8.35105E-06 2.08770E-05 2.08783E-05 1.17959E-02 9.51797E-02 8.35105E-06 0.00000E+00 0.00000E+00 5.51688E-03
0.00000E+00 0.00000E+00 7.06147E-06 1.76864E-05 1.76875E-05 1.03270E-02 8.45839E-02 7.06147E-06 0.00000E+00 0.00000E+00 4.29464E-03
0.00000E+00 7.40970E-08 6.10543E-06 1.51520E-05 1.51529E-05 9.06751E-03 7.53368E-02 6.10543E-06 7.40970E-08 0.00000E+00 3.38146E-03
0.00000E+00 2.22103E-07 5.36823E-06 1.30871E-05 1.30878E-05 7.97443E-03 6.71758E-02 5.36823E-06 2.22103E-07 0.00000E+00 2.68787E-03
0.00000E+00 3.80424E-07 4.77875E-06 1.13759E-05 1.13765E-05 7.02206E-03 5.99490E-02 4.77875E-06 3.80424E-07 0.00000E+00 2.15616E-03
0.00000E+00 5.26491E-07 4.29488E-06 9.94723E-06 9.94770E-06 6.19401E-03 5.35620E-02 4.29488E-06 5.26491E-07 0.00000E+00 1.74851E-03
0.00000E+00 6.50150E-07 3.88386E-06 8.73422E-06 8.73461E-06 5.46949E-03 4.78870E-02 3.88386E-06 6.50150E-07 0.00000E+00 1.43050E-03
0.00000E+00 7.29820E-07 3.60097E-06 7.90752E-06 7.90785E-06 4.96591E-03 4.38939E-02 3.60097E-06 7.29820E-07 0.00000E+00 1.22839E-03
4.05973E-08 7.44477E-07 3.52164E-06 7.68721E-06 7.68753E-06 4.83246E-03 4.28242E-02 3.52164E-06 7.44477E-07 4.05973E-08 1.17852E-03
2.30802E-07 8.20374E-07 3.18120E-06 6.72229E-06 6.72255E-06 4.23368E-03 3.79944E-02 3.18120E-06 8.20374E-07 2.30802E-07 9.62865E-04
3.80020E-07 8.73485E-07 2.87965E-06 5.88879E-06 5.88900E-06 3.70727E-03 3.36837E-02 2.87965E-06 8.73485E-07 3.80020E-07 7.91739E-04
4.90062E-07 9.02549E-07 2.60590E-06 5.16083E-06 5.16100E-06 3.24360E-03 2.98309E-02 2.60590E-06 9.02549E-07 4.90062E-07 6.54481E-04
5.66898E-07 9.11224E-07 2.35618E-06 4.52354E-06 4.52368E-06 2.83544E-03 2.63901E-02 2.35618E-06 9.11224E-07 5.66898E-07 5.43622E-04
6.15924E-07 9.03071E-07 2.12816E-06 3.96573E-06 3.96585E-06 2.47699E-03 2.33250E-02 2.12816E-06 9.03071E-07 6.15924E-07 4.53668E-04
6.42526E-07 8.81706E-07 1.91965E-06 3.47652E-06 3.47661E-06 2.16219E-03 2.05954E-02 1.91965E-06 8.81706E-07 6.42526E-07 3.80061E-04
6.51398E-07 8.50312E-07 1.72882E-06 3.04655E-06 3.04662E-06 1.88557E-03 1.81642E-02 1.72882E-06 8.50312E-07 6.51398E-07 3.19328E-04
6.46344E-07 8.11502E-07 1.55431E-06 2.66849E-06 2.66855E-06 1.64272E-03 1.60013E-02 1.55431E-06 8.11502E-07 6.46344E-07 2.68951E-04
6.30599E-07 7.67503E-07 1.39492E-06 2.33603E-06 2.33608E-06 1.42972E-03 1.40794E-02 1.39492E-06 7.67503E-07 6.30599E-07 2.26968E-04
6.06885E-07 7.20173E-07 1.24958E-06 2.04367E-06 2.04370E-06 1.24309E-03 1.23737E-02 1.24958E-06 7.20173E-07 6.06885E-07 1.91838E-04
5.77465E-07 6.71047E-07 1.11728E-06 1.78662E-06 1.78665E-06 1.07974E-03 1.08618E-02 1.11728E-06 6.71047E-07 5.77465E-07 1.62342E-04
5.44201E-07 6.21366E-07 9.97106E-07 1.56070E-06 1.56073E-06 9.36906E-04 9.52343E-03 9.97106E-07 6.21366E-07 5.44201E-07 1.37508E-04
5.08605E-07 5.72116E-07 8.88169E-07 1.36224E-06 1.36226E-06 8.12156E-04 8.34019E-03 8.88169E-07 5.72116E-07 5.08605E-07 1.16549E-04
4.71889E-07 5.24063E-07 7.89637E-07 1.18799E-06 1.18800E-06 7.03313E-04 7.29546E-03 7.89637E-07 5.24063E-07 4.71889E-07 9.88284E-05
4.35009E-07 4.77787E-07 7.00715E-07 1.03510E-06 1.03511E-06 6.08455E-04 6.37422E-03 7.00715E-07 4.77787E-07 4.35009E-07 8.38249E-05
3.98723E-07 4.33752E-07 6.20793E-07 9.01348E-07 9.01358E-07 5.26066E-04 5.56468E-03 6.20793E-07 4.33752E-07 3.98723E-07 7.11421E-05
3.63594E-07 3.92228E-07 5.49037E-07 7.84247E-07 7.84255E-07 4.54463E-04 4.85313E-03 5.49037E-07 3.92228E-07 3.63594E-07 6.03898E-05
0.00000E+00 0.00000E+00 4.19052E-06 1.04762E-05 1.04764E-05 8.32025E-03 7.52569E-02 4.19052E-06 0.00000E+00 0.00000E+00 3.35011E-03
0.00000E+00 0.00000E+00 3.45040E-06 8.75072E-06 8.75091E-06 7.25137E-03 6.65048E-02 3.45040E-06 0.00000E+00 0.00000E+00 2.60335E-03
0.00000E+00 0.00000E+00 2.91893E-06 7.40586E-06 7.40602E-06 6.33903E-03 5.89111E-02 2.91893E-06 0.00000E+00 0.00000E+00 2.04948E-03
0.00000E+00 0.00000E+00 2.52675E-06 6.33335E-06 6.33348E-06 5.55074E-03 5.22472E-02 2.52675E-06 0.00000E+00 0.00000E+00 1.63065E-03
0.00000E+00 6.95724E-08 2.22636E-06 5.46149E-06 5.46159E-06 4.86695E-03 4.63790E-02 2.22636E-06 6.95724E-08 0.00000E+00 1.31049E-03
0.00000E+00 1.51878E-07 1.98958E-06 4.74609E-06 4.74617E-06 4.27508E-03 4.12226E-02 1.98958E-06 1.51878E-07 0.00000E+00 1.06529E-03
0.00000E+00 2.26535E-07 1.79491E-06 4.14744E-06 4.14751E-06 3.75946E-03 3.66663E-02 1.79491E-06 2.26535E-07 0.00000E+00 8.73901E-04
8.67362E-19 2.77203E-07 1.66379E-06 3.74364E-06 3.74369E-06 3.40234E-03 3.34747E-02 1.66379E-06 2.77203E-07 8.67362E-19 7.52093E-04
2.10651E-08 2.87649E-07 1.62730E-06 3.63675E-06 3.63680E-06 3.30800E-03 3.26231E-02 1.62730E-06 2.87649E-07 2.10651E-08 7.22016E-04
1.20391E-07 3.40410E-07 1.47265E-06 3.17097E-06 3.17102E-06 2.88548E-03 2.87873E-02 1.47265E-06 3.40410E-07 1.20391E-07 5.91866E-04
1.99485E-07 3.80851E-07 1.33744E-06 2.77230E-06 2.77233E-06 2.51571E-03 2.53835E-02 1.33744E-06 3.80851E-07 1.99485E-07 4.88155E-04
2.58550E-07 4.07768E-07 1.21525E-06 2.42646E-06 2.42649E-06 2.19147E-03 2.23585E-02 1.21525E-06 4.07768E-07 2.58550E-07 4.04537E-04
3.00265E-07 4.22783E-07 1.10378E-06 2.12526E-06 2.12528E-06 1.90731E-03 1.96724E-02 1.10378E-06 4.22783E-07 3.00265E-07 3.36637E-04
3.27196E-07 4.27629E-07 1.00164E-06 1.86264E-06 1.86266E-06 1.65890E-03 1.72933E-02 1.00164E-06 4.27629E-07 3.27196E-07 2.81246E-04
3.42042E-07 4.24213E-07 9.07696E-07 1.63291E-06 1.63293E-06 1.44173E-03 1.51869E-02 9.07696E-07 4.24213E-07 3.42042E-07 2.35701E-04
3.47233E-07 4.14298E-07 8.21111E-07 1.43132E-06 1.43134E-06 1.25175E-03 1.33213E-02 8.21111E-07 4.14298E-07 3.47233E-07 1.97967E-04
3.44776E-07 3.99371E-07 7.41314E-07 1.25422E-06 1.25423E-06 1.08572E-03 1.16712E-02 7.41314E-07 3.99371E-07 3.44776E-07 1.66562E-04
3.36413E-07 3.80735E-07 6.67845E-07 1.09850E-06 1.09851E-06 9.40752E-04 1.02132E-02 6.67845E-07 3.80735E-07 3.36413E-07 1.40325E-04
3.23627E-07 3.59505E-07 6.00315E-07 9.61526E-07 9.61532E-07 8.14306E-04 8.92666E-03 6.00315E-07 3.59505E-07 3.23627E-07 1.18337E-04
3.07665E-07 3.36619E-07 5.38378E-07 8.41014E-07 8.41019E-07 7.04133E-04 7.79286E-03 5.38378E-07 3.36619E-07 3.07665E-07 9.98629E-05
2.89563E-07 3.12852E-07 4.81711E-07 7.34997E-07 7.35001E-07 6.08242E-04 6.79494E-03 4.81711E-07 3.12852E-07 2.89563E-07 8.43115E-05
2.70165E-07 2.88832E-07 4.30004E-07 6.41761E-07 6.41764E-07 5.24872E-04 5.91777E-03 4.30004E-07 2.88832E-07 2.70165E-07 7.12004E-05
2.50152E-07 2.65058E-07 3.82957E-07 5.59804E-07 5.59806E-07 4.52468E-04 5.14774E-03 3.82957E-07 2.65058E-07 2.50152E-07 6.01345E-05
2.30061E-07 2.41915E-07 3.40273E-07 4.87809E-07 4.87811E-07 3.89658E-04 4.47266E-03 3.40273E-07 2.41915E-07 2.30061E-07 5.07874E-05
2.10318E-07 2.19711E-07 3.01728E-07 4.24753E-07 4.24755E-07 3.35361E-04 3.88292E-03 3.01728E-07 2.19711E-07 2.10318E-07 4.29096E-05
1.91237E-07 1.98648E-07 2.66985E-07 3.69489E-07 3.69490E-07 2.88392E-04 3.36758E-03 2.66985E-07 1.98648E-07 1.91237E-07 3.62538E-05
0.00000E+00 0.00000E+00 1.97072E-06 4.92678E-06 4.92681E-06 5.72216E-03 5.80036E-02 1.97072E-06 0.00000E+00 0.00000E+00 1.92695E-03
0.00000E+00 0.00000E+00 1.56894E-06 4.04584E-06 4.04587E-06 4.96401E-03 5.09529E-02 1.56894E-06 0.00000E+00 0.00000E+00 1.50005E-03
0.00000E+00 0.00000E+00 1.28960E-06 3.37344E-06 3.37346E-06 4.31988E-03 4.48732E-02 1.28960E-06 0.00000E+00 0.00000E+00 1.18489E-03
0.00000E+00 0.00000E+00 1.09319E-06 2.85025E-06 2.85027E-06 3.76583E-03 3.95697E-02 1.09319E-06 0.00000E+00 0.00000E+00 9.46791E-04
0.00000E+00 0.00000E+00 9.50318E-07 2.43455E-06 2.43456E-06 3.28736E-03 3.49271E-02 9.50318E-07 0.00000E+00 0.00000E+00 7.64596E-04
0.00000E+00 5.41623E-09 8.43520E-07 2.10067E-06 2.10068E-06 2.87512E-03 3.08724E-02 8.43520E-07 5.41623E-09 0.00000E+00 6.24625E-04
0.00000E+00 4.85755E-08 7.59662E-07 1.82629E-06 1.82629E-06 2.51757E-03 2.73105E-02 7.59662E-07 4.85755E-08 0.00000E+00 5.14865E-04
1.73472E-18 7.91738E-08 7.04945E-07 1.64360E-06 1.64360E-06 2.27082E-03 2.48272E-02 7.04945E-07 7.91738E-08 1.73472E-18 4.44683E-04
1.03565E-08 8.60307E-08 6.89872E-07 1.59563E-06 1.59564E-06 2.20585E-03 2.41675E-02 6.89872E-07 8.60307E-08 1.03565E-08 4.27298E-04
5.95869E-08 1.20053E-07 6.27224E-07 1.38798E-06 1.38798E-06 1.91541E-03 2.12032E-02 6.27224E-07 1.20053E-07 5.95869E-08 3.51920E-04
9.95241E-08 1.47659E-07 5.73481E-07 1.21221E-06 1.21222E-06 1.66240E-03 1.85887E-02 5.73481E-07 1.47659E-07 9.95241E-08 2.91388E-04
1.29802E-07 1.67928E-07 5.25125E-07 1.06092E-06 1.06092E-06 1.44156E-03 1.62792E-02 5.25125E-07 1.67928E-07 1.29802E-07 2.42186E-04
1.51473E-07 1.81501E-07 4.80849E-07 9.29868E-07 9.29871E-07 1.24891E-03 1.42407E-02 4.80849E-07 1.81501E-07 1.51473E-07 2.01928E-04
1.65651E-07 1.89167E-07 4.39896E-07 8.15987E-07 8.15990E-07 1.08129E-03 1.24463E-02 4.39896E-07 1.89167E-07 1.65651E-07 1.68860E-04
1.73604E-07 1.91894E-07 4.01747E-07 7.16524E-07 7.16526E-07 9.35437E-04 1.08672E-02 4.01747E-07 1.91894E-07 1.73604E-07 1.41512E-04
1.76521E-07 1.90626E-07 3.66078E-07 6.29256E-07 6.29258E-07 8.08437E-04 9.47715E-03 3.66078E-07 1.90626E-07 1.76521E-07 1.18752E-04
1.75416E-07 1.86183E-07 3.32714E-07 5.52509E-07 5.52511E-07 6.97960E-04 8.25496E-03 3.32714E-07 1.86183E-07 1.75416E-07 9.97464E-05
1.71182E-07 1.79302E-07 3.01543E-07 4.84905E-07 4.84906E-07 6.01952E-04 7.18168E-03 3.01543E-07 1.79302E-07 1.71182E-07 8.38352E-05
1.64596E-07 1.70628E-07 2.72492E-07 4.25288E-07 4.25289E-07 5.18606E-04 6.24034E-03 2.72492E-07 1.70628E-07 1.64596E-07 7.04880E-05
1.56318E-07 1.60715E-07 2.45503E-07 3.72686E-07 3.72686E-07 4.46330E-04 5.41579E-03 2.45503E-07 1.60715E-07 1.56318E-07 5.92755E-05
1.46900E-07 1.50025E-07 2.20521E-07 3.26265E-07 3.26266E-07 3.83721E-04 4.69449E-03 2.20521E-07 1.50025E-07 1.46900E-07 4.98467E-05
1.36796E-07 1.38940E-07 1.97488E-07 2.85309E-07 2.85309E-07 3.29549E-04 4.06434E-03 1.97488E-07 1.38940E-07 1.36796E-07 4.19127E-05
1.26370E-07 1.27767E-07 1.76337E-07 2.49192E-07 2.49192E-07 2.82729E-04 3.51455E-03 1.76337E-07 1.27767E-07 1.26370E-07 3.52339E-05
1.15912E-07 1.16747E-07 1.56995E-07 2.17367E-07 2.17367E-07 2.42308E-04 3.03552E-03 1.56995E-07 1.16747E-07 1.15912E-07 2.96109E-05
1.05653E-07 1.06071E-07 1.39408E-07 1.89412E-07 1.89412E-07 2.07539E-04 2.61965E-03 1.39408E-07 1.06071E-07 1.05653E-07 2.48901E-05
9.57583E-08 9.58751E-08 1.23464E-07 1.64847E-07 1.64847E-07 1.77609E-04 2.25849E-03 1.23464E-07 9.58751E-08 9.57583E-08 2.09185E-05
0.00000E+00 0.00000E+00 8.57728E-07 2.14432E-06 2.14432E-06 3.82816E-03 4.33749E-02 8.57728E-07 0.00000E+00 0.00000E+00 1.03952E-03
0.00000E+00 0.00000E+00 6.53468E-07 1.72409E-06 1.72409E-06 3.30492E-03 3.78594E-02 6.53468E-07 0.00000E+00 0.00000E+00 8.15000E-04
0.00000E+00 0.00000E+00 5.15856E-07 1.41051E-06 1.41051E-06 2.86249E-03 3.31345E-02 5.15856E-07 0.00000E+00 0.00000E+00 6.49200E-04
0.00000E+00 0.00000E+00 4.24033E-07 1.17336E-06 1.17336E-06 2.48370E-03 2.90393E-02 4.24033E-07 0.00000E+00 0.00000E+00 5.23299E-04
0.00000E+00 0.00000E+00 3.61318E-07 9.90100E-07 9.90102E-07 2.15809E-03 2.54769E-02 3.61318E-07 0.00000E+00 0.00000E+00 4.26248E-04
0.00000E+00 0.00000E+00 3.17750E-07 8.46880E-07 8.46881E-07 1.87888E-03 2.23858E-02 3.17750E-07 0.00000E+00 0.00000E+00 3.50971E-04
0.00000E+00 0.00000E+00 2.85901E-07 7.31964E-07 7.31965E-07 1.63783E-03 1.96873E-02 2.85901E-07 0.00000E+00 0.00000E+00 2.91320E-04
2.16840E-18 5.83827E-09 2.66216E-07 6.56783E-07 6.56784E-07 1.47210E-03 1.78155E-02 2.66216E-07 5.83827E-09 2.16840E-18 2.52830E-04
4.75970E-09 9.97183E-09 2.60885E-07 6.37254E-07 6.37255E-07 1.42861E-03 1.73204E-02 2.60885E-07 9.97183E-09 4.75970E-09 2.43236E-04
2.76254E-08 3.02121E-08 2.39517E-07 5.53474E-07 5.53475E-07 1.23457E-03 1.51021E-02 2.39517E-07 3.02121E-08 2.76254E-08 2.01488E-04
4.66150E-08 4.72780E-08 2.21810E-07 4.83608E-07 4.83609E-07 1.06636E-03 1.31583E-02 2.21810E-07 4.72780E-08 4.66150E-08 1.67565E-04
6.12798E-08 6.05587E-08 2.05956E-07 4.24053E-07 4.24053E-07 9.20244E-04 1.14522E-02 2.05956E-07 6.05587E-08 6.12798E-08 1.39687E-04
7.19427E-08 7.02583E-08 1.91265E-07 3.72774E-07 3.72775E-07 7.93401E-04 9.95603E-03 1.91265E-07 7.02583E-08 7.19427E-08 1.16655E-04
7.90257E-08 7.67062E-08 1.77357E-07 3.28332E-07 3.28332E-07 6.83580E-04 8.64765E-03 1.77357E-07 7.67062E-08 7.90257E-08 9.75864E-05
8.30758E-08 8.03689E-08 1.64024E-07 2.89507E-07 2.89507E-07 5.88488E-04 7.50371E-03 1.64024E-07 8.03689E-08 8.30758E-08 8.17202E-05
8.46382E-08 8.17284E-08 1.51180E-07 2.55357E-07 2.55358E-07 5.06094E-04 6.50321E-03 1.51180E-07 8.17284E-08 8.46382E-08 6.84590E-05
8.41932E-08 8.12171E-08 1.38811E-07 2.25201E-07 2.25201E-07 4.34774E-04 5.62922E-03 1.38811E-07 8.12171E-08 8.41932E-08 5.73559E-05
8.21767E-08 7.92335E-08 1.26938E-07 1.98495E-07 1.98495E-07 3.73103E-04 4.86668E-03 1.26938E-07 7.92335E-08 8.21767E-08 4.80491E-05
7.89735E-08 7.61330E-08 1.15600E-07 1.74801E-07 1.74801E-07 3.19832E-04 4.20222E-03 1.15600E-07 7.61330E-08 7.89735E-08 4.02428E-05
7.49155E-08 7.22244E-08 1.04838E-07 1.53759E-07 1.53759E-07 2.73868E-04 3.62399E-03 1.04838E-07 7.22244E-08 7.49155E-08 3.36931E-05
7.02823E-08 6.77701E-08 9.46886E-08 1.35066E-07 1.35066E-07 2.34255E-04 3.12147E-03 9.46886E-08 6.77701E-08 7.02823E-08 2.81976E-05
6.53052E-08 6.29879E-08 8.51795E-08 1.18467E-07 1.18467E-07 2.00154E-04 2.68532E-03 8.51795E-08 6.29879E-08 6.53052E-08 2.35874E-05
6.01708E-08 5.80546E-08 7.63278E-08 1.03738E-07 1.03738E-07 1.70833E-04 2.30729E-03 7.63278E-08 5.80546E-08 6.01708E-08 1.97210E-05
5.50268E-08 5.31105E-08 6.81397E-08 9.06835E-08 9.06836E-08 1.45650E-04 1.98007E-03 6.81397E-08 5.31105E-08 5.50268E-08 1.64799E-05
4.99899E-08 4.82672E-08 6.06223E-08 7.91548E-08 7.91549E-08 1.24102E-04 1.69791E-03 6.06223E-08 4.82672E-08 4.99899E-08 1.37720E-05
4.51449E-08 4.36061E-08 5.37540E-08 6.89759E-08 6.89759E-08 1.05651E-04 1.45449E-03 5.37540E-08 4.36061E-08 4.51449E-08 1.15056E-05
0.00000E+00 0.00000E+00 3.39971E-07 8.49928E-07 8.49928E-07 2.48373E-03 3.12834E-02 3.39971E-07 0.00000E+00 0.00000E+00 5.19344E-04
0.00000E+00 0.00000E+00 2.43931E-07 6.65047E-07 6.65047E-07 2.13317E-03 2.71169E-02 2.43931E-07 0.00000E+00 0.00000E+00 4.13555E-04
0.00000E+00 0.00000E+00 1.81015E-07 5.30283E-07 5.30283E-07 1.83824E-03 2.35729E-02 1.81015E-07 0.00000E+00 0.00000E+00 3.34637E-04
0.00000E+00 0.00000E+00 1.41277E-07 4.31639E-07 4.31639E-07 1.58697E-03 2.05222E-02 1.41277E-07 0.00000E+00 0.00000E+00 2.73715E-04
0.00000E+00 0.00000E+00 1.16158E-07 3.58014E-07 3.58014E-07 1.37205E-03 1.78866E-02 1.16158E-07 0.00000E+00 0.00000E+00 2.25891E-04
0.00000E+00 0.00000E+00 1.00491E-07 3.02547E-07 3.02547E-07 1.18868E-03 1.56155E-02 1.00491E-07 0.00000E+00 0.00000E+00 1.88053E-04
0.00000E+00 0.00000E+00 9.04183E-08 2.59536E-07 2.59537E-07 1.03115E-03 1.36462E-02 9.04183E-08 0.00000E+00 0.00000E+00 1.57500E-04
6.50521E-19 0.00000E+00 8.48819E-08 2.32125E-07 2.32125E-07 9.23275E-04 1.22877E-02 8.48819E-08 0.00000E+00 6.50521E-19 1.37492E-04
2.00251E-09 0.00000E+00 8.34444E-08 2.25121E-07 2.25121E-07 8.95066E-04 1.19302E-02 8.34444E-08 0.00000E+00 2.00251E-09 1.32453E-04
1.17651E-08 1.60524E-11 7.82023E-08 1.95481E-07 1.95482E-07 7.69489E-04 1.03326E-02 7.82023E-08 1.60524E-11 1.17651E-08 1.10417E-04
2.01302E-08 9.57938E-09 7.42769E-08 1.71323E-07 1.71323E-07 6.61192E-04 8.94249E-03 7.42769E-08 9.57938E-09 2.01302E-08 9.22240E-05
2.67449E-08 1.73192E-08 7.08006E-08 1.51023E-07 1.51023E-07 5.67606E-04 7.73086E-03 7.08006E-08 1.73192E-08 2.67449E-08 7.70680E-05
3.16500E-08 2.32691E-08 6.74323E-08 1.33677E-07 1.33677E-07 4.86788E-04 6.67573E-03 6.74323E-08 2.32691E-08 3.16500E-08 6.44116E-05
3.49695E-08 2.75485E-08 6.39956E-08 1.18666E-07 1.18666E-07 4.17189E-04 5.75951E-03 6.39956E-08 2.75485E-08 3.49695E-08 5.38469E-05
3.69119E-08 3.03660E-08 6.04212E-08 1.05504E-07 1.05504E-07 3.57244E-04 4.96407E-03 6.04212E-08 3.03660E-08 3.69119E-08 4.50081E-05
3.77056E-08 3.19528E-08 5.67074E-08 9.38392E-08 9.38393E-08 3.05580E-04 4.27320E-03 5.67074E-08 3.19528E-08 3.77056E-08 3.75963E-05
3.75614E-08 3.25229E-08 5.28869E-08 8.34327E-08 8.34328E-08 2.61099E-04 3.67390E-03 5.28869E-08 3.25229E-08 3.75614E-08 3.13821E-05
3.66775E-08 3.22788E-08 4.90100E-08 7.41068E-08 7.41068E-08 2.22843E-04 3.15467E-03 4.90100E-08 3.22788E-08 3.66775E-08 2.61745E-05
3.52324E-08 3.14039E-08 4.51332E-08 6.57271E-08 6.57272E-08 1.89977E-04 2.70541E-03 4.51332E-08 3.14039E-08 3.52324E-08 2.18134E-05
3.33825E-08 3.00599E-08 4.13117E-08 5.81893E-08 5.81893E-08 1.61776E-04 2.31719E-03 4.13117E-08 3.00599E-08 3.33825E-08 1.81642E-05
3.12608E-08 2.83851E-08 3.75947E-08 5.14091E-08 5.14092E-08 1.37604E-04 1.98218E-03 3.75947E-08 2.83851E-08 3.12608E-08 1.51135E-05
2.89776E-08 2.64952E-08 3.40238E-08 4.53167E-08 4.53168E-08 1.16912E-04 1.69347E-03 3.40238E-08 2.64952E-08 2.89776E-08 1.25654E-05
2.66225E-08 2.44849E-08 3.06316E-08 3.98515E-08 3.98515E-08 9.92202E-05 1.44501E-03 3.06316E-08 2.44849E-08 2.66225E-08 1.04392E-05
2.42659E-08 2.24296E-08 2.74417E-08 3.49597E-08 3.49597E-08 8.41113E-05 1.23148E-03 2.74417E-08 2.24296E-08 2.42659E-08 8.66663E-06
2.19635E-08 2.03890E-08 2.44737E-08 3.06008E-08 3.06009E-08 7.12580E-05 1.04868E-03 2.44737E-08 2.03890E-08 2.19635E-08 7.19451E-06
1.97552E-08 1.84079E-08 2.17338E-08 2.67226E-08 2.67226E-08 6.03150E-05 8.92111E-04 2.17338E-08 1.84079E-08 1.97552E-08 5.97005E-06
0.00000E+00 0.00000E+00 1.19555E-07 2.98887E-07 2.98887E-07 1.55232E-03 2.15556E-02 1.19555E-07 0.00000E+00 0.00000E+00 2.35473E-04
0.00000E+00 0.00000E+00 7.85995E-08 2.25402E-07 2.25402E-07 1.32561E-03 1.85431E-02 7.85995E-08 0.00000E+00 0.00000E+00 1.93115E-04
0.00000E+00 0.00000E+00 5.22872E-08 1.73003E-07 1.73003E-07 1.13592E-03 1.60004E-02 5.22872E-08 0.00000E+00 0.00000E+00 1.60442E-04
0.00000E+00 0.00000E+00 3.65310E-08 1.36036E-07 1.36036E-07 9.75185E-04 1.38281E-02 3.65310E-08 0.00000E+00 0.00000E+00 1.34185E-04
0.00000E+00 0.00000E+00 2.74622E-08 1.09644E-07 1.09644E-07 8.38433E-04 1.19653E-02 2.74622E-08 0.00000E+00 0.00000E+00 1.12769E-04
0.00000E+00 0.00000E+00 2.26935E-08 9.07819E-08 9.07820E-08 7.22414E-04 1.03723E-02 2.26935E-08 0.00000E+00 0.00000E+00 9.51976E-05
0.00000E+00 0.00000E+00 2.04101E-08 7.69307E-08 7.69308E-08 6.23278E-04 9.00122E-03 2.04101E-08 0.00000E+00 0.00000E+00 8.05680E-05
5.42101E-19 0.00000E+00 1.96042E-08 6.84938E-08 6.84939E-08 5.55696E-04 8.06103E-03 1.96042E-08 0.00000E+00 5.42101E-19 7.07759E-05
7.40183E-10 0.00000E+00 1.94445E-08 6.64041E-08 6.64042E-08 5.38094E-04 7.81490E-03 1.94445E-08 0.00000E+00 7.40183E-10 6.82747E-05
4.43419E-09 0.00000E+00 1.92481E-08 5.77777E-08 5.77777E-08 4.59917E-04 6.71860E-03 1.92481E-08 0.00000E+00 4.43419E-09 5.72636E-05
7.75040E-09 0.00000E+00 1.94512E-08 5.10508E-08 5.10509E-08 3.92887E-04 5.77197E-03 1.94512E-08 0.00000E+00 7.75040E-09 4.79931E-05
1.04627E-08 2.41032E-09 1.96685E-08 4.55556E-08 4.55557E-08 3.35295E-04 4.95314E-03 1.96685E-08 2.41032E-09 1.04627E-08 4.01545E-05
1.25294E-08 5.61905E-09 1.97411E-08 4.09241E-08 4.09242E-08 2.85851E-04 4.24550E-03 1.97411E-08 5.61905E-09 1.25294E-08 3.35382E-05
1.39641E-08 8.04288E-09 1.95914E-08 3.69140E-08 3.69141E-08 2.43523E-04 3.63577E-03 1.95914E-08 8.04288E-09 1.39641E-08 2.79762E-05
1.48305E-08 9.76507E-09 1.92008E-08 3.33543E-08 3.33543E-08 2.07284E-04 3.11048E-03 1.92008E-08 9.76507E-09 1.48305E-08 2.33047E-05
1.52122E-08 1.08866E-08 1.85860E-08 3.01350E-08 3.01350E-08 1.76237E-04 2.65773E-03 1.85860E-08 1.08866E-08 1.52122E-08 1.93819E-05
1.51920E-08 1.15049E-08 1.77790E-08 2.71902E-08 2.71902E-08 1.49667E-04 2.26798E-03 1.77790E-08 1.15049E-08 1.51920E-08 1.60951E-05
1.48515E-08 1.17143E-08 1.68200E-08 2.44787E-08 2.44787E-08 1.26953E-04 1.93290E-03 1.68200E-08 1.17143E-08 1.48515E-08 1.33467E-05
1.42668E-08 1.16020E-08 1.57512E-08 2.19750E-08 2.19751E-08 1.07559E-04 1.64519E-03 1.57512E-08 1.16020E-08 1.42668E-08 1.10532E-05
1.35051E-08 1.12456E-08 1.46128E-08 1.96636E-08 1.96636E-08 9.10203E-05 1.39850E-03 1.46128E-08 1.12456E-08 1.35051E-08 9.14276E-06
1.26248E-08 1.07121E-08 1.34408E-08 1.75339E-08 1.75339E-08 7.69330E-05 1.18726E-03 1.34408E-08 1.07121E-08 1.26248E-08 7.55415E-06
1.16743E-08 1.00578E-08 1.22661E-08 1.55784E-08 1.55784E-08 6.49492E-05 1.00664E-03 1.22661E-08 1.00578E-08 1.16743E-08 6.23523E-06
1.06929E-08 9.32911E-09 1.11136E-08 1.37903E-08 1.37903E-08 5.47675E-05 8.52400E-04 1.11136E-08 9.32911E-09 1.06929E-08 5.14178E-06
9.71173E-09 8.56289E-09 1.00029E-08 1.21630E-08 1.21630E-08 4.61280E-05 7.20883E-04 1.00029E-08 8.56289E-09 9.71173E-09 4.23644E-06
8.75502E-09 7.78830E-09 8.94967E-09 1.06917E-08 1.06917E-08 3.88263E-05 6.09190E-04 8.94967E-09 7.78830E-09 8.75502E-09 3.49003E-06
7.84011E-09 7.02771E-09 7.96334E-09 9.36678E-09 9.36678E-09 3.26501E-05 5.14273E-04 7.96334E-09 7.02771E-09 7.84011E-09 2.87377E-06
0.00000E+00 0.00000E+00 3.63444E-08 9.08610E-08 9.08610E-08 9.30046E-04 1.40596E-02 3.63444E-08 0.00000E+00 0.00000E+00 9.49662E-05
0.00000E+00 0.00000E+00 2.07608E-08 6.49307E-08 6.49307E-08 7.89003E-04 1.19932E-02 2.07608E-08 0.00000E+00 0.00000E+00 8.21069E-05
0.00000E+00 0.00000E+00 1.07568E-08 4.67108E-08 4.67108E-08 6.71740E-04 1.02639E-02 1.07568E-08 0.00000E+00 0.00000E+00 7.10982E-05
0.00000E+00 0.00000E+00 5.00627E-09 3.43437E-08 3.43437E-08 5.72992E-04 8.79864E-03 5.00627E-09 0.00000E+00 0.00000E+00 6.13435E-05
0.00000E+00 0.00000E+00 2.02150E-09 2.60074E-08 2.60074E-08 4.89501E-04 7.55247E-03 2.02150E-09 0.00000E+00 0.00000E+00 5.27456E-05
0.00000E+00 0.00000E+00 8.39611E-10 2.05150E-08 2.05150E-08 4.19122E-04 6.49584E-03 8.39611E-10 0.00000E+00 0.00000E+00 4.52376E-05
0.00000E+00 0.00000E+00 6.94261E-10 1.68657E-08 1.68657E-08 3.59359E-04 5.59368E-03 6.94261E-10 0.00000E+00 0.00000E+00 3.86957E-05
0.00000E+00 0.00000E+00 9.71632E-10 1.48501E-08 1.48501E-08 3.18826E-04 4.97917E-03 9.71632E-10 0.00000E+00 0.00000E+00 3.41881E-05
2.22894E-10 0.00000E+00 1.08711E-09 1.43898E-08 1.43898E-08 3.08318E-04 4.81924E-03 1.08711E-09 0.00000E+00 2.22894E-10 3.30164E-05
1.38851E-09 0.00000E+00 1.80716E-09 1.26051E-08 1.26051E-08 2.61770E-04 4.10936E-03 1.80716E-09 0.00000E+00 1.38851E-09 2.78206E-05
2.52636E-09 0.00000E+00 2.62872E-09 1.13890E-08 1.13891E-08 2.22125E-04 3.50159E-03 2.62872E-09 0.00000E+00 2.52636E-09 2.33534E-05
3.51044E-09 0.00000E+00 3.39317E-09 1.04913E-08 1.04913E-08 1.88287E-04 2.98027E-03 3.39317E-09 0.00000E+00 3.51044E-09 1.95228E-05
4.29302E-09 2.00255E-10 4.02942E-09 9.77315E-09 9.77316E-09 1.59430E-04 2.53353E-03 4.02942E-09 2.00255E-10 4.29302E-09 1.62613E-05
4.85803E-09 1.40731E-09 4.50351E-09 9.14780E-09 9.14781E-09 1.34896E-04 2.15189E-03 4.50351E-09 1.40731E-09 4.85803E-09 1.35075E-05
5.21614E-09 2.31012E-09 4.81112E-09 8.56263E-09 8.56263E-09 1.14034E-04 1.82589E-03 4.81112E-09 2.31012E-09 5.21614E-09 1.11921E-05
5.39152E-09 2.94777E-09 4.96495E-09 7.99072E-09 7.99073E-09 9.62835E-05 1.54727E-03 4.96495E-09 2.94777E-09 5.39152E-09 9.25055E-06
5.41196E-09 3.35996E-09 4.98440E-09 7.42106E-09 7.42106E-09 8.11965E-05 1.30945E-03 4.98440E-09 3.35996E-09 5.41196E-09 7.62907E-06
5.30703E-09 3.58651E-09 4.89261E-09 6.85174E-09 6.85174E-09 6.83890E-05 1.10672E-03 4.89261E-09 3.58651E-09 5.30703E-09 6.27961E-06
5.10538E-09 3.66492E-09 4.71336E-09 6.28602E-09 6.28602E-09 5.75301E-05 9.34136E-04 4.71336E-09 3.66492E-09 5.10538E-09 5.15999E-06
4.83321E-09 3.62898E-09 4.46922E-09 5.72958E-09 5.72958E-09 4.83350E-05 7.87415E-04 4.46922E-09 3.62898E-09 4.83321E-09 4.23357E-06
4.51340E-09 3.50813E-09 4.18040E-09 5.18880E-09 5.18880E-09 4.05590E-05 6.62859E-04 4.18040E-09 3.50813E-09 4.51340E-09 3.46880E-06
4.16522E-09 3.32724E-09 3.86422E-09 4.66969E-09 4.66969E-09 3.39916E-05 5.57268E-04 3.86422E-09 3.32724E-09 4.16522E-09 2.83879E-06
3.80436E-09 3.10683E-09 3.53502E-09 4.17730E-09 4.17730E-09 2.84524E-05 4.67882E-04 3.53502E-09 3.10683E-09 3.80436E-09 2.32071E-06
3.44315E-09 2.86337E-09 3.20422E-09 3.71551E-09 3.71551E-09 2.37866E-05 3.92322E-04 3.20422E-09 2.86337E-09 3.44315E-09 1.89535E-06
3.09126E-09 2.60972E-09 2.88084E-09 3.28752E-09 3.28752E-09 1.98728E-05 3.28718E-04 2.88084E-09 2.60972E-09 3.09126E-09 1.54771E-06
2.75548E-09 2.35599E-09 2.57135E-09 2.89439E-09 2.89439E-09 1.65870E-05 2.75138E-04 2.57135E-09 2.35599E-09 2.75548E-09 1.26320E-06
0.00000E+00 0.00000E+00 9.05054E-09 2.26264E-08 2.26264E-08 5.25487E-04 8.52090E-03 9.05054E-09 0.00000E+00 0.00000E+00 3.27122E-05
0.00000E+00 0.00000E+00 3.92864E-09 1.47838E-08 1.47838E-08 4.42313E-04 7.19939E-03 3.92864E-09 0.00000E+00 0.00000E+00 3.10787E-05
0.00000E+00 0.00000E+00 5.18821E-10 9.23998E-09 9.23998E-09 3.73686E-04 6.10409E-03 5.18821E-10 0.00000E+00 0.00000E+00 2.86283E-05
0.00000E+00 0.00000E+00 0.00000E+00 5.59950E-09 5.59950E-09 3.16322E-04 5.18472E-03 0.00000E+00 0.00000E+00 0.00000E+00 2.57153E-05
0.00000E+00 0.00000E+00 0.00000E+00 3.31752E-09 3.31752E-09 2.68181E-04 4.41004E-03 0.00000E+00 0.00000E+00 0.00000E+00 2.26933E-05
0.00000E+00 0.00000E+00 0.00000E+00 2.00501E-09 2.00501E-09 2.27912E-04 3.75942E-03 0.00000E+00 0.00000E+00 0.00000E+00 1.97718E-05
0.00000E+00 0.00000E+00 0.00000E+00 1.31160E-09 1.31160E-09 1.93970E-04 3.20900E-03 0.00000E+00 0.00000E+00 0.00000E+00 1.70656E-05
0.00000E+00 0.00000E+00 0.00000E+00 1.03704E-09 1.03705E-09 1.71091E-04 2.83688E-03 0.00000E+00 0.00000E+00 0.00000E+00 1.51365E-05
4.21109E-11 0.00000E+00 0.00000E+00 9.98519E-10 9.98522E-10 1.65191E-04 2.74068E-03 0.00000E+00 0.00000E+00 4.21109E-11 1.46260E-05
2.98111E-10 0.00000E+00 0.00000E+00 9.17013E-10 9.17016E-10 1.39143E-04 2.31532E-03 0.00000E+00 0.00000E+00 2.98111E-10 1.23467E-05
6.06608E-10 0.00000E+00 0.00000E+00 9.79029E-10 9.79032E-10 1.17133E-04 1.95463E-03 0.00000E+00 0.00000E+00 6.06608E-10 1.03499E-05
9.05598E-10 0.00000E+00 0.00000E+00 1.09983E-09 1.09983E-09 9.84950E-05 1.64817E-03 0.00000E+00 0.00000E+00 9.05598E-10 8.61984E-06
1.16254E-09 0.00000E+00 1.70473E-12 1.23068E-09 1.23068E-09 8.27272E-05 1.38805E-03 1.70473E-12 0.00000E+00 1.16254E-09 7.14023E-06
1.36082E-09 0.00000E+00 3.64378E-10 1.34262E-09 1.34262E-09 6.94301E-05 1.16798E-03 3.64378E-10 0.00000E+00 1.36082E-09 5.89071E-06
1.49656E-09 1.25415E-10 6.43808E-10 1.42140E-09 1.42140E-09 5.82155E-05 9.81804E-04 6.43808E-10 1.25415E-10 1.49656E-09 4.84321E-06
1.57351E-09 4.34698E-10 8.45955E-10 1.46284E-09 1.46284E-09 4.87504E-05 8.24201E-04 8.45955E-10 4.34698E-10 1.57351E-09 3.96928E-06
1.59862E-09 6.54101E-10 9.79700E-10 1.46810E-09 1.46810E-09 4.07715E-05 6.90961E-04 9.79700E-10 6.54101E-10 1.59862E-09 3.24417E-06
1.58063E-09 7.98366E-10 1.05561E-09 1.44147E-09 1.44147E-09 3.40540E-05 5.78469E-04 1.05561E-09 7.98366E-10 1.58063E-09 2.64534E-06
1.52870E-09 8.81747E-10 1.08454E-09 1.38873E-09 1.38873E-09 2.84058E-05 4.83626E-04 1.08454E-09 8.81747E-10 1.52870E-09 2.15272E-06
1.45159E-09 9.17298E-10 1.07681E-09 1.31607E-09 1.31607E-09 2.36633E-05 4.03778E-04 1.07681E-09 9.17298E-10 1.45159E-09 1.74880E-06
1.35712E-09 9.16499E-10 1.04168E-09 1.22945E-09 1.22945E-09 1.96866E-05 3.36650E-04 1.04168E-09 9.16499E-10 1.35712E-09 1.41854E-06
1.25199E-09 8.89132E-10 9.87136E-10 1.13414E-09 1.13414E-09 1.63567E-05 2.80299E-04 9.87136E-10 8.89132E-10 1.25199E-09 1.14914E-06
1.14169E-09 8.43294E-10 9.19833E-10 1.03464E-09 1.03464E-09 1.35723E-05 2.33063E-04 9.19833E-10 8.43294E-10 1.14169E-09 9.29833E-07
1.03057E-09 7.85516E-10 8.45143E-10 9.34582E-10 9.34582E-10 1.12473E-05 1.93526E-04 8.45143E-10 7.85516E-10 1.03057E-09 7.51611E-07
9.21985E-10 7.20888E-10 7.67268E-10 8.36839E-10 8.36839E-10 9.31427E-06 1.60579E-04 7.67268E-10 7.20888E-10 9.21985E-10 6.07477E-07
8.18345E-10 6.53495E-10 6.89492E-10 7.43487E-10 7.43488E-10 7.70571E-06 1.33099E-04 6.89492E-10 6.53495E-10 8.18345E-10 4.90737E-07
0.00000E+00 0.00000E+00 1.70115E-09 4.25287E-09 4.25287E-09 2.73271E-04 4.67350E-03 1.70115E-09 0.00000E+00 0.00000E+00 9.07013E-06
0.00000E+00 0.00000E+00 3.03626E-10 2.30571E-09 2.30571E-09 2.27808E-04 3.90508E-03 3.03626E-10 0.00000E+00 0.00000E+00 1.02230E-05
0.00000E+00 0.00000E+00 0.00000E+00 8.49799E-10 8.49800E-10 1.90647E-04 3.27526E-03 0.00000E+00 0.00000E+00 0.00000E+00 1.02639E-05
0.00000E+00 0.00000E+00 0.00000E+00 0.00000E+00 0.00000E+00 1.59870E-04 2.75230E-03 0.00000E+00 0.00000E+00 0.00000E+00 9.65742E-06
0.00000E+00 0.00000E+00 0.00000E+00 0.00000E+00 0.00000E+00 1.34278E-04 2.31636E-03 0.00000E+00 0.00000E+00 0.00000E+00 8.74040E-06
0.00000E+00 0.00000E+00 0.00000E+00 0.00000E+00 0.00000E+00 1.13073E-04 1.95427E-03 0.00000E+00 0.00000E+00 0.00000E+00 7.71006E-06
0.00000E+00 0.00000E+00 0.00000E+00 0.00000E+00 0.00000E+00 9.53633E-05 1.65118E-03 0.00000E+00 0.00000E+00 0.00000E+00 6.68703E-06
0.00000E+00 0.00000E+00 0.00000E+00 0.00000E+00 0.00000E+00 8.35151E-05 1.44804E-03 0.00000E+00 0.00000E+00 0.00000E+00 5.93405E-06
0.00000E+00 0.00000E+00 0.00000E+00 0.00000E+00 0.00000E+00 8.04807E-05 1.39594E-03 0.00000E+00 0.00000E+00 0.00000E+00 5.73196E-06
4.97911E-12 0.00000E+00 0.00000E+00 0.00000E+00 0.00000E+00 6.71346E-05 1.16656E-03 0.00000E+00 0.00000E+00 4.97911E-12 4.82626E-06
5.76332E-11 0.00000E+00 0.00000E+00 0.00000E+00 0.00000E+00 5.59673E-05 9.74212E-04 0.00000E+00 0.00000E+00 5.76332E-11 4.02346E-06
1.27752E-10 0.00000E+00 0.00000E+00 0.00000E+00 0.00000E+00 4.66022E-05 8.12576E-04 0.00000E+00 0.00000E+00 1.27752E-10 3.32561E-06
1.98347E-10 0.00000E+00 0.00000E+00 0.00000E+00 0.00000E+00 3.87566E-05 6.76894E-04 0.00000E+00 0.00000E+00 1.98347E-10 2.72992E-06
2.59413E-10 0.00000E+00 0.00000E+00 0.00000E+00 0.00000E+00 3.22063E-05 5.63391E-04 0.00000E+00 0.00000E+00 2.59413E-10 2.22969E-06
3.06288E-10 0.00000E+00 0.00000E+00 0.00000E+00 0.00000E+00 2.67367E-05 4.68437E-04 0.00000E+00 0.00000E+00 3.06288E-10 1.81366E-06
3.37898E-10 0.00000E+00 0.00000E+00 3.92127E-11 3.92129E-11 2.21661E-05 3.88945E-04 0.00000E+00 0.00000E+00 3.37898E-10 1.46982E-06
3.55016E-10 0.00000E+00 3.85589E-11 1.03194E-10 1.03195E-10 1.83517E-05 3.22488E-04 3.85589E-11 0.00000E+00 3.55016E-10 1.18751E-06
3.59482E-10 6.54968E-11 9.84257E-11 1.47819E-10 1.47819E-10 1.51726E-05 2.67006E-04 9.84257E-11 6.54968E-11 3.59482E-10 9.56965E-07
3.53603E-10 1.13578E-10 1.38634E-10 1.76216E-10 1.76216E-10 1.25267E-05 2.20752E-04 1.38634E-10 1.13578E-10 3.53603E-10 7.69511E-07
3.39769E-10 1.44089E-10 1.63064E-10 1.91526E-10 1.91526E-10 1.03278E-05 1.82250E-04 1.63064E-10 1.44089E-10 3.39769E-10 6.17648E-07
3.20221E-10 1.60927E-10 1.75224E-10 1.96669E-10 1.96669E-10 8.50299E-06 1.50248E-04 1.75224E-10 1.60927E-10 3.20221E-10 4.94986E-07
2.96925E-10 1.67441E-10 1.78153E-10 1.94222E-10 1.94222E-10 6.99086E-06 1.23689E-04 1.78153E-10 1.67441E-10 2.96925E-10 3.96157E-07
2.71525E-10 1.66425E-10 1.74402E-10 1.86367E-10 1.86367E-10 5.73967E-06 1.01680E-04 1.74402E-10 1.66425E-10 2.71525E-10 3.16696E-07
2.45332E-10 1.60147E-10 1.66046E-10 1.74895E-10 1.74895E-10 4.70594E-06 8.34701E-05 1.66046E-10 1.60147E-10 2.45332E-10 2.52920E-07
2.19368E-10 1.50370E-10 1.54705E-10 1.61208E-10 1.61208E-10 3.85578E-06 6.84725E-05 1.54705E-10 1.50370E-10 2.19368E-10 2.01989E-07
1.94378E-10 1.38551E-10 1.41711E-10 1.46451E-10 1.46451E-10 3.15588E-06 5.61085E-05 1.41711E-10 1.38551E-10 1.94378E-10 1.61246E-07
0.00000E+00 0.00000E+00 2.06184E-10 5.15460E-10 5.15460E-10 1.25190E-04 2.21894E-03 2.06184E-10 0.00000E+00 0.00000E+00 1.82315E-06
0.00000E+00 0.00000E+00 0.00000E+00 1.40163E-10 1.40163E-10 1.03087E-04 1.82946E-03 0.00000E+00 0.00000E+00 0.00000E+00 2.82447E-06
0.00000E+00 0.00000E+00 0.00000E+00 0.00000E+00 0.00000E+00 8.52369E-05 1.51446E-03 0.00000E+00 0.00000E+00 0.00000E+00 3.15336E-06
0.00000E+00 0.00000E+00 0.00000E+00 0.00000E+00 0.00000E+00 7.06269E-05 1.25629E-03 0.00000E+00 0.00000E+00 0.00000E+00 3.10128E-06
0.00000E+00 0.00000E+00 0.00000E+00 0.00000E+00 0.00000E+00 5.86203E-05 1.04384E-03 0.00000E+00 0.00000E+00 0.00000E+00 2.85857E-06
0.00000E+00 0.00000E+00 0.00000E+00 0.00000E+00 0.00000E+00 4.87918E-05 8.69711E-04 0.00000E+00 0.00000E+00 0.00000E+00 2.53386E-06
0.00000E+00 0.00000E+00 0.00000E+00 0.00000E+00 0.00000E+00 4.06789E-05 7.25803E-04 0.00000E+00 0.00000E+00 0.00000E+00 2.19283E-06
0.00000E+00 0.00000E+00 0.00000E+00 0.00000E+00 0.00000E+00 3.53031E-05 6.30356E-04 0.00000E+00 0.00000E+00 0.00000E+00 1.93696E-06
0.00000E+00 0.00000E+00 0.00000E+00 0.00000E+00 0.00000E+00 3.39382E-05 6.06101E-04 0.00000E+00 0.00000E+00 0.00000E+00 1.86803E-06
0.00000E+00 0.00000E+00 0.00000E+00 0.00000E+00 0.00000E+00 2.79640E-05 4.99895E-04 0.00000E+00 0.00000E+00 0.00000E+00 1.55945E-06
0.00000E+00 0.00000E+00 0.00000E+00 0.00000E+00 0.00000E+00 2.30271E-05 4.12027E-04 0.00000E+00 0.00000E+00 0.00000E+00 1.28605E-06
0.00000E+00 0.00000E+00 0.00000E+00 0.00000E+00 0.00000E+00 1.89376E-05 3.39161E-04 0.00000E+00 0.00000E+00 0.00000E+00 1.04994E-06
2.24534E-13 0.00000E+00 0.00000E+00 0.00000E+00 0.00000E+00 1.55539E-05 2.78809E-04 0.00000E+00 0.00000E+00 2.24534E-13 8.50451E-07
1.66534E-11 0.00000E+00 0.00000E+00 0.00000E+00 0.00000E+00 1.27645E-05 2.29005E-04 0.00000E+00 0.00000E+00 1.66534E-11 6.85048E-07
3.10563E-11 0.00000E+00 0.00000E+00 0.00000E+00 0.00000E+00 1.04646E-05 1.87899E-04 0.00000E+00 0.00000E+00 3.10563E-11 5.49395E-07
4.24047E-11 0.00000E+00 0.00000E+00 0.00000E+00 0.00000E+00 8.56681E-06 1.53947E-04 0.00000E+00 0.00000E+00 4.24047E-11 4.38905E-07
5.04351E-11 0.00000E+00 0.00000E+00 0.00000E+00 0.00000E+00 7.00293E-06 1.25943E-04 0.00000E+00 0.00000E+00 5.04351E-11 3.49541E-07
5.53332E-11 0.00000E+00 0.00000E+00 0.00000E+00 0.00000E+00 5.71610E-06 1.02879E-04 0.00000E+00 0.00000E+00 5.53332E-11 2.77667E-07
5.75185E-11 0.00000E+00 0.00000E+00 0.00000E+00 0.00000E+00 4.65881E-06 8.39125E-05 0.00000E+00 0.00000E+00 5.75185E-11 2.20116E-07
5.75041E-11 2.15589E-12 2.51275E-12 3.04804E-12 3.04804E-12 3.79145E-06 6.83397E-05 2.51275E-12 2.15589E-12 5.75041E-11 1.74201E-07
5.58099E-11 1.14480E-11 1.15790E-11 1.17756E-11 1.17756E-11 3.08100E-06 5.55733E-05 1.15790E-11 1.14480E-11 5.58099E-11 1.37675E-07
5.29133E-11 1.74089E-11 1.73934E-11 1.73700E-11 1.73700E-11 2.49999E-06 4.51243E-05 1.73934E-11 1.74089E-11 5.29133E-11 1.08687E-07
4.92254E-11 2.08507E-11 2.07450E-11 2.05864E-11 2.05864E-11 2.02557E-06 3.65856E-05 2.07450E-11 2.08507E-11 4.92254E-11 8.57240E-08
4.50827E-11 2.24376E-11 2.22813E-11 2.20467E-11 2.20467E-11 1.63880E-06 2.96190E-05 2.22813E-11 2.24376E-11 4.50827E-11 6.75628E-08
4.07491E-11 2.26852E-11 2.25055E-11 2.22359E-11 2.22359E-11 1.32502E-06 2.39629E-05 2.25055E-11 2.26852E-11 4.07491E-11 5.32708E-08
3.64285E-11 2.20327E-11 2.18474E-11 2.15694E-11 2.15694E-11 1.07016E-06 1.93656E-05 2.18474E-11 2.20327E-11 3.64285E-11 4.19986E-08
0.00000E+00 0.00000E+00 1.05022E-11 2.62554E-11 2.62554E-11 4.64701E-05 8.39717E-04 1.05022E-11 0.00000E+00 0.00000E+00 2.13621E-07
0.00000E+00 0.00000E+00 0.00000E+00 0.00000E+00 0.00000E+00 3.76420E-05 6.80565E-04 0.00000E+00 0.00000E+00 0.00000E+00 6.14690E-07
0.00000E+00 0.00000E+00 0.00000E+00 0.00000E+00 0.00000E+00 3.06272E-05 5.54022E-04 0.00000E+00 0.00000E+00 0.00000E+00 7.61576E-07
0.00000E+00 0.00000E+00 0.00000E+00 0.00000E+00 0.00000E+00 2.49757E-05 4.52014E-04 0.00000E+00 0.00000E+00 0.00000E+00 7.71015E-07
0.00000E+00 0.00000E+00 0.00000E+00 0.00000E+00 0.00000E+00 2.04042E-05 3.69450E-04 0.00000E+00 0.00000E+00 0.00000E+00 7.13732E-07
0.00000E+00 0.00000E+00 0.00000E+00 0.00000E+00 0.00000E+00 1.67223E-05 3.02916E-04 0.00000E+00 0.00000E+00 0.00000E+00 6.28569E-07
0.00000E+00 0.00000E+00 0.00000E+00 0.00000E+00 0.00000E+00 1.37303E-05 2.48821E-04 0.00000E+00 0.00000E+00 0.00000E+00 5.37821E-07
0.00000E+00 0.00000E+00 0.00000E+00 0.00000E+00 0.00000E+00 1.17731E-05 2.13420E-04 0.00000E+00 0.00000E+00 0.00000E+00 4.69990E-07
0.00000E+00 0.00000E+00 0.00000E+00 0.00000E+00 0.00000E+00 1.12819E-05 2.04532E-04 0.00000E+00 0.00000E+00 0.00000E+00 4.51923E-07
0.00000E+00 0.00000E+00 0.00000E+00 0.00000E+00 0.00000E+00 9.14571E-06 1.65873E-04 0.00000E+00 0.00000E+00 0.00000E+00 3.71640E-07
0.00000E+00 0.00000E+00 0.00000E+00 0.00000E+00 0.00000E+00 7.40960E-06 1.34438E-04 0.00000E+00 0.00000E+00 0.00000E+00 3.01626E-07
0.00000E+00 0.00000E+00 0.00000E+00 0.00000E+00 0.00000E+00 5.99490E-06 1.08810E-04 0.00000E+00 0.00000E+00 0.00000E+00 2.42242E-07
0.00000E+00 0.00000E+00 0.00000E+00 0.00000E+00 0.00000E+00 4.84365E-06 8.79460E-05 0.00000E+00 0.00000E+00 0.00000E+00 1.93025E-07
0.00000E+00 0.00000E+00 0.00000E+00 0.00000E+00 0.00000E+00 3.91048E-06 7.10262E-05 0.00000E+00 0.00000E+00 0.00000E+00 1.53030E-07
2.53994E-12 0.00000E+00 0.00000E+00 0.00000E+00 0.00000E+00 3.15389E-06 5.73026E-05 0.00000E+00 0.00000E+00 2.53994E-12 1.20871E-07
5.61458E-12 0.00000E+00 0.00000E+00 0.00000E+00 0.00000E+00 2.53991E-06 4.61611E-05 0.00000E+00 0.00000E+00 5.61458E-12 9.51740E-08
7.97337E-12 0.00000E+00 0.00000E+00 0.00000E+00 0.00000E+00 2.04239E-06 3.71295E-05 0.00000E+00 0.00000E+00 7.97337E-12 7.47724E-08
9.62451E-12 0.00000E+00 0.00000E+00 0.00000E+00 0.00000E+00 1.63986E-06 2.98197E-05 0.00000E+00 0.00000E+00 9.62451E-12 5.86536E-08
1.06411E-11 0.00000E+00 0.00000E+00 0.00000E+00 0.00000E+00 1.31470E-06 2.39127E-05 0.00000E+00 0.00000E+00 1.06411E-11 4.59649E-08
1.11251E-11 7.28546E-13 5.35221E-13 2.45232E-13 2.45232E-13 1.05245E-06 1.91471E-05 5.35221E-13 7.28546E-13 1.11251E-11 3.60032E-08
1.11857E-11 2.96152E-12 2.80197E-12 2.56266E-12 2.56266E-12 8.41288E-07 1.53086E-05 2.80197E-12 2.96152E-12 1.11857E-11 2.81975E-08
1.09261E-11 4.42160E-12 4.29144E-12 4.09620E-12 4.09620E-12 6.71532E-07 1.22219E-05 4.29144E-12 4.42160E-12 1.09261E-11 2.20893E-08
1.04372E-11 5.29297E-12 5.18794E-12 5.03039E-12 5.03040E-12 5.35283E-07 9.74376E-06 5.18794E-12 5.29297E-12 1.04372E-11 1.73131E-08
9.79553E-12 5.72632E-12 5.64246E-12 5.51668E-12 5.51668E-12 4.26102E-07 7.75742E-06 5.64246E-12 5.72632E-12 9.79553E-12 1.35800E-08
9.06165E-12 5.83846E-12 5.77217E-12 5.67272E-12 5.67272E-12 3.39058E-07 6.17346E-06 5.77217E-12 5.83846E-12 9.06165E-12 1.06735E-08
8.28528E-12 5.72978E-12 5.67790E-12 5.60008E-12 5.60008E-12 2.69561E-07 4.90852E-06 5.67790E-12 5.72978E-12 8.28528E-12 8.40215E-09
0.00000E+00 0.00000E+00 0.00000E+00 0.00000E+00 0.00000E+00 1.13647E-05 2.06481E-04 0.00000E+00 0.00000E+00 0.00000E+00 7.16346E-09
0.00000E+00 0.00000E+00 0.00000E+00 0.00000E+00 0.00000E+00 8.99305E-06 1.63410E-04 0.00000E+00 0.00000E+00 0.00000E+00 8.70554E-08
0.00000E+00 0.00000E+00 0.00000E+00 0.00000E+00 0.00000E+00 7.15189E-06 1.29966E-04 0.00000E+00 0.00000E+00 0.00000E+00 1.15217E-07
0.00000E+00 0.00000E+00 0.00000E+00 0.00000E+00 0.00000E+00 5.70200E-06 1.03624E-04 0.00000E+00 0.00000E+00 0.00000E+00 1.17342E-07
0.00000E+00 0.00000E+00 0.00000E+00 0.00000E+00 0.00000E+00 4.55560E-06 8.27916E-05 0.00000E+00 0.00000E+00 0.00000E+00 1.07753E-07
0.00000E+00 0.00000E+00 0.00000E+00 0.00000E+00 0.00000E+00 3.65371E-06 6.64001E-05 0.00000E+00 0.00000E+00 0.00000E+00 9.38370E-08
0.00000E+00 0.00000E+00 0.00000E+00 0.00000E+00 0.00000E+00 2.93716E-06 5.33756E-05 0.00000E+00 0.00000E+00 0.00000E+00 7.94496E-08
0.00000E+00 0.00000E+00 0.00000E+00 0.00000E+00 0.00000E+00 2.47706E-06 4.50118E-05 0.00000E+00 0.00000E+00 0.00000E+00 6.89507E-08
0.00000E+00 0.00000E+00 0.00000E+00 0.00000E+00 0.00000E+00 2.36349E-06 4.29472E-05 0.00000E+00 0.00000E+00 0.00000E+00 6.62177E-08
2.37988E-13 0.00000E+00 0.00000E+00 0.00000E+00 0.00000E+00 1.87413E-06 3.40508E-05 0.00000E+00 0.00000E+00 2.37988E-13 5.41945E-08
1.04834E-12 0.00000E+00 0.00000E+00 0.00000E+00 0.00000E+00 1.48581E-06 2.69909E-05 0.00000E+00 0.00000E+00 1.04834E-12 4.39376E-08
2.06588E-12 0.00000E+00 0.00000E+00 0.00000E+00 0.00000E+00 1.17669E-06 2.13712E-05 0.00000E+00 0.00000E+00 2.06588E-12 3.53899E-08
3.07585E-12 0.00000E+00 0.00000E+00 0.00000E+00 0.00000E+00 9.30991E-07 1.69044E-05 0.00000E+00 0.00000E+00 3.07585E-12 2.84057E-08
3.95248E-12 0.00000E+00 0.00000E+00 0.00000E+00 0.00000E+00 7.36498E-07 1.33689E-05 0.00000E+00 0.00000E+00 3.95248E-12 2.27870E-08
4.63815E-12 8.94712E-13 9.20508E-13 9.59203E-13 9.59203E-13 5.82449E-07 1.05689E-05 9.20508E-13 8.94712E-13 4.63815E-12 1.82922E-08
5.12015E-12 2.00768E-12 2.03776E-12 2.08287E-12 2.08287E-12 4.60263E-07 8.34840E-06 2.03776E-12 2.00768E-12 5.12015E-12 1.47013E-08
5.40816E-12 2.80634E-12 2.83861E-12 2.88702E-12 2.88702E-12 3.63472E-07 6.58977E-06 2.83861E-12 2.80634E-12 5.40816E-12 1.18372E-08
5.52475E-12 3.33911E-12 3.37197E-12 3.42126E-12 3.42126E-12 2.86888E-07 5.19867E-06 3.37197E-12 3.33911E-12 5.52475E-12 9.55282E-09
5.49813E-12 3.65412E-12 3.68638E-12 3.73477E-12 3.73477E-12 2.26363E-07 4.09959E-06 3.68638E-12 3.65412E-12 5.49813E-12 7.72883E-09
5.35767E-12 3.79607E-12 3.82689E-12 3.87312E-12 3.87312E-12 1.78579E-07 3.23222E-06 3.82689E-12 3.79607E-12 5.35767E-12 6.26968E-09
5.13115E-12 3.80463E-12 3.83345E-12 3.87668E-12 3.87668E-12 1.40890E-07 2.54837E-06 3.83345E-12 3.80463E-12 5.13115E-12 5.09954E-09
4.84340E-12 3.71381E-12 3.74029E-12 3.78001E-12 3.78001E-12 1.11187E-07 2.00968E-06 3.74029E-12 3.71381E-12 4.84340E-12 4.15855E-09
4.51565E-12 3.55198E-12 3.57596E-12 3.61193E-12 3.61193E-12 8.77920E-08 1.58562E-06 3.57596E-12 3.55198E-12 4.51565E-12 3.39953E-09
4.16542E-12 3.34227E-12 3.36371E-12 3.39588E-12 3.39588E-12 6.93736E-08 1.25197E-06 3.36371E-12 3.34227E-12 4.16542E-12 2.78541E-09
3.80677E-12 3.10283E-12 3.12179E-12 3.15024E-12 3.15024E-12 5.49307E-08 9.90512E-07 3.12179E-12 3.10283E-12 3.80677E-12 2.28862E-09
3.45086E-12 2.84862E-12 2.86524E-12 2.89016E-12 2.89016E-12 4.35670E-08 7.84944E-07 2.86524E-12 2.84862E-12 3.45086E-12 1.88438E-09
0.00000E+00 0.00000E+00 2.62660E-13 6.56650E-13 6.56650E-13 0.00000E+00 0.00000E+00 2.62660E-13 0.00000E+00 0.00000E+00 2.41933E-09
0.00000E+00 0.00000E+00 0.00000E+00 2.21145E-13 2.21145E-13 0.00000E+00 0.00000E+00 0.00000E+00 0.00000E+00 0.00000E+00 1.39025E-09
0.00000E+00 0.00000E+00 0.00000E+00 0.00000E+00 0.00000E+00 0.00000E+00 0.00000E+00 0.00000E+00 0.00000E+00 0.00000E+00 1.04681E-09
0.00000E+00 0.00000E+00 0.00000E+00 0.00000E+00 0.00000E+00 0.00000E+00 0.00000E+00 0.00000E+00 0.00000E+00 0.00000E+00 9.50641E-10
0.00000E+00 0.00000E+00 0.00000E+00 0.00000E+00 0.00000E+00 0.00000E+00 0.00000E+00 0.00000E+00 0.00000E+00 0.00000E+00 9.17677E-10
0.00000E+00 0.00000E+00 0.00000E+00 0.00000E+00 0.00000E+00 0.00000E+00 0.00000E+00 0.00000E+00 0.00000E+00 0.00000E+00 8.77428E-10
0.00000E+00 0.00000E+00 0.00000E+00 0.00000E+00 0.00000E+00 0.00000E+00 0.00000E+00 0.00000E+00 0.00000E+00 0.00000E+00 8.13679E-10
4.63221E-22 0.00000E+00 0.00000E+00 0.00000E+00 0.00000E+00 0.00000E+00 0.00000E+00 0.00000E+00 0.00000E+00 4.63221E-22 7.51095E-10
0.00000E+00 0.00000E+00 0.00000E+00 0.00000E+00 0.00000E+00 0.00000E+00 0.00000E+00 0.00000E+00 0.00000E+00 0.00000E+00 7.30321E-10
0.00000E+00 0.00000E+00 0.00000E+00 0.00000E+00 0.00000E+00 0.00000E+00 0.00000E+00 0.00000E+00 0.00000E+00 0.00000E+00 6.29580E-10
0.00000E+00 0.00000E+00 0.00000E+00 0.00000E+00 0.00000E+00 0.00000E+00 0.00000E+00 0.00000E+00 0.00000E+00 0.00000E+00 5.26035E-10
0.00000E+00 0.00000E+00 0.00000E+00 0.00000E+00 0.00000E+00 0.00000E+00 0.00000E+00 0.00000E+00 0.00000E+00 0.00000E+00 4.26879E-10
0.00000E+00 0.00000E+00 0.00000E+00 0.00000E+00 0.00000E+00 0.00000E+00 0.00000E+00 0.00000E+00 0.00000E+00 0.00000E+00 3.36588E-10
0.00000E+00 0.00000E+00 0.00000E+00 0.00000E+00 0.00000E+00 0.00000E+00 0.00000E+00 0.00000E+00 0.00000E+00 0.00000E+00 2.57910E-10
0.00000E+00 0.00000E+00 0.00000E+00 0.00000E+00 0.00000E+00 0.00000E+00 0.00000E+00 0.00000E+00 0.00000E+00 0.00000E+00 1.91681E-10
0.00000E+00 0.00000E+00 0.00000E+00 0.00000E+00 0.00000E+00 0.00000E+00 0.00000E+00 0.00000E+00 0.00000E+00 0.00000E+00 1.37430E-10
0.00000E+00 0.00000E+00 0.00000E+00 0.00000E+00 0.00000E+00 0.00000E+00 0.00000E+00 0.00000E+00 0.00000E+00 0.00000E+00 9.41204E-11
0.00000E+00 0.00000E+00 0.00000E+00 0.00000E+00 0.00000E+00 0.00000E+00 0.00000E+00 0.00000E+00 0.00000E+00 0.00000E+00 6.03760E-11
0.00000E+00 0.00000E+00 0.00000E+00 0.00000E+00 0.00000E+00 0.00000E+00 0.00000E+00 0.00000E+00 0.00000E+00 0.00000E+00 3.47152E-11
0.00000E+00 0.00000E+00 0.00000E+00 0.00000E+00 0.00000E+00 0.00000E+00 0.00000E+00 0.00000E+00 0.00000E+00 0.00000E+00 1.57016E-11
0.00000E+00 0.00000E+00 0.00000E+00 0.00000E+00 0.00000E+00 6.73972E-11 1.74587E-09 0.00000E+00 0.00000E+00 0.00000E+00 2.02763E-12
0.00000E+00 0.00000E+00 0.00000E+00 0.00000E+00 0.00000E+00 1.53721E-10 3.31810E-09 0.00000E+00 0.00000E+00 0.00000E+00 0.00000E+00
0.00000E+00 0.00000E+00 0.00000E+00 0.00000E+00 0.00000E+00 1.91861E-10 3.99345E-09 0.00000E+00 0.00000E+00 0.00000E+00 0.00000E+00
0.00000E+00 0.00000E+00 0.00000E+00 0.00000E+00 0.00000E+00 1.99043E-10 4.09266E-09 0.00000E+00 0.00000E+00 0.00000E+00 0.00000E+00
0.00000E+00 0.00000E+00 0.00000E+00 0.00000E+00 0.00000E+00 1.87276E-10 3.83963E-09 0.00000E+00 0.00000E+00 0.00000E+00 0.00000E+00
0.00000E+00 0.00000E+00 0.00000E+00 0.00000E+00 0.00000E+00 1.65353E-10 3.39842E-09 0.00000E+00 0.00000E+00 0.00000E+00 0.00000E+00
0.00000E+00 0.00000E+00 0.00000E+00 0.00000E+00 0.00000E+00 0.00000E+00 0.00000E+00 0.00000E+00 0.00000E+00 0.00000E+00 0.00000E+00
0.00000E+00 0.00000E+00 0.00000E+00 0.00000E+00 0.00000E+00 0.00000E+00 0.00000E+00 0.00000E+00 0.00000E+00 0.00000E+00 0.00000E+00
0.00000E+00 0.00000E+00 0.00000E+00 0.00000E+00 0.00000E+00 0.00000E+00 0.00000E+00 0.00000E+00 0.00000E+00 0.00000E+00 0.00000E+00
0.00000E+00 0.00000E+00 0.00000E+00 0.00000E+00 0.00000E+00 0.00000E+00 0.00000E+00 0.00000E+00 0.00000E+00 0.00000E+00 0.00000E+00
0.00000E+00 0.00000E+00 0.00000E+00 0.00000E+00 0.00000E+00 0.00000E+00 0.00000E+00 0.00000E+00 0.00000E+00 0.00000E+00 0.00000E+00
0.00000E+00 0.00000E+00 0.00000E+00 0.00000E+00 0.00000E+00 0.00000E+00 0.00000E+00 0.00000E+00 0.00000E+00 0.00000E+00 0.00000E+00
0.00000E+00 0.00000E+00 0.00000E+00 0.00000E+00 0.00000E+00 0.00000E+00 0.00000E+00 0.00000E+00 0.00000E+00 0.00000E+00 0.00000E+00
0.00000E+00 0.00000E+00 0.00000E+00 0.00000E+00 0.00000E+00 0.00000E+00 0.00000E+00 0.00000E+00 0.00000E+00 0.00000E+00 0.00000E+00
0.00000E+00 0.00000E+00 0.00000E+00 0.00000E+00 0.00000E+00 0.00000E+00 0.00000E+00 0.00000E+00 0.00000E+00 0.00000E+00 0.00000E+00
0.00000E+00 0.00000E+00 0.00000E+00 0.00000E+00 0.00000E+00 0.00000E+00 0.00000E+00 0.00000E+00 0.00000E+00 0.00000E+00 0.00000E+00
0.00000E+00 0.00000E+00 0.00000E+00 0.00000E+00 0.00000E+00 0.00000E+00 0.00000E+00 0.00000E+00 0.00000E+00 0.00000E+00 0.00000E+00
0.00000E+00 0.00000E+00 0.00000E+00 0.00000E+00 0.00000E+00 0.00000E+00 0.00000E+00 0.00000E+00 0.00000E+00 0.00000E+00 0.00000E+00
0.00000E+00 0.00000E+00 0.00000E+00 0.00000E+00 0.00000E+00 0.00000E+00 0.00000E+00 0.00000E+00 0.00000E+00 0.00000E+00 0.00000E+00
0.00000E+00 0.00000E+00 0.00000E+00 0.00000E+00 0.00000E+00 0.00000E+00 0.00000E+00 0.00000E+00 0.00000E+00 0.00000E+00 0.00000E+00
0.00000E+00 0.00000E+00 0.00000E+00 0.00000E+00 0.00000E+00 0.00000E+00 0.00000E+00 0.00000E+00 0.00000E+00 0.00000E+00 0.00000E+00
0.00000E+00 0.00000E+00 0.00000E+00 0.00000E+00 0.00000E+00 0.00000E+00 0.00000E+00 0.00000E+00 0.00000E+00 0.00000E+00 0.00000E+00
0.00000E+00 0.00000E+00 0.00000E+00 0.00000E+00 0.00000E+00 0.00000E+00 0.00000E+00 0.00000E+00 0.00000E+00 0.00000E+00 0.00000E+00
0.00000E+00 0.00000E+00 0.00000E+00 0.00000E+00 0.00000E+00 0.00000E+00 0.00000E+00 0.00000E+00 0.00000E+00 0.00000E+00 0.00000E+00
0.00000E+00 0.00000E+00 0.00000E+00 0.00000E+00 0.00000E+00 0.00000E+00 0.00000E+00 0.00000E+00 0.00000E+00 0.00000E+00 0.00000E+00
0.00000E+00 0.00000E+00 0.00000E+00 0.00000E+00 0.00000E+00 0.00000E+00 0.00000E+00 0.00000E+00 0.00000E+00 0.00000E+00 0.00000E+00
0.00000E+00 0.00000E+00 0.00000E+00 0.00000E+00 0.00000E+00 0.00000E+00 0.00000E+00 0.00000E+00 0.00000E+00 0.00000E+00 0.00000E+00
0.00000E+00 0.00000E+00 0.00000E+00 0.00000E+00 0.00000E+00 0.00000E+00 0.00000E+00 0.00000E+00 0.00000E+00 0.00000E+00 0.00000E+00
0.00000E+00 0.00000E+00 0.00000E+00 0.00000E+00 0.00000E+00 0.00000E+00 0.00000E+00 0.00000E+00 0.00000E+00 0.00000E+00 0.00000E+00
0.00000E+00 0.00000E+00 0.00000E+00 0.00000E+00 0.00000E+00 0.00000E+00 0.00000E+00 0.00000E+00 0.00000E+00 0.00000E+00 0.00000E+00
0.00000E+00 0.00000E+00 0.00000E+00 0.00000E+00 0.00000E+00 0.00000E+00 0.00000E+00 0.00000E+00 0.00000E+00 0.00000E+00 0.00000E+00
0.00000E+00 0.00000E+00 0.00000E+00 0.00000E+00 0.00000E+00 0.00000E+00 0.00000E+00 0.00000E+00 0.00000E+00 0.00000E+00 0.00000E+00
---
