PdfType: error
Format: lhagrid1
---
1.00000E-06 1.28121E-06 1.64152E-06 2.10317E-06 2.69463E-06 3.45242E-06 4.42329E-06 5.66715E-06 7.26076E-06 9.30241E-06 1.19180E-05 1.52689E-05 1.95617E-05 2.50609E-05 3.21053E-05 4.11287E-05 5.26863E-05 6.74889E-05 8.64459E-05 1.10720E-04 1.41800E-04 1.81585E-04 2.32503E-04 2.97652E-04 3.80981E-04 4.87518E-04 6.26039E-04 8.00452E-04 1.02297E-03 1.30657E-03 1.66759E-03 2.12729E-03 2.71054E-03 3.44865E-03 4.37927E-03 5.54908E-03 7.01192E-03 8.83064E-03 1.10763E-02 1.38266E-02 1.71641E-02 2.11717E-02 2.59364E-02 3.15062E-02 3.79623E-02 4.53425E-02 5.36750E-02 6.29705E-02 7.32221E-02 8.44039E-02 9.64793E-02 1.09332E-01 1.23067E-01 1.37507E-01 1.52639E-01 1.68416E-01 1.84794E-01 2.01731E-01 2.19016E-01 2.36948E-01 2.55242E-01 2.73927E-01 2.92954E-01 3.12340E-01 3.32036E-01 3.52019E-01 3.72282E-01 3.92772E-01 4.13533E-01 4.34326E-01 4.55495E-01 4.76836E-01 4.98342E-01 5.20006E-01 5.41818E-01 5.63773E-01 5.85861E-01 6.08077E-01 6.30459E-01 6.52800E-01 6.75387E-01 6.98063E-01 7.20830E-01 7.43683E-01 7.66623E-01 7.89636E-01 8.12791E-01 8.35940E-01 8.59175E-01 8.82485E-01 9.05866E-01 9.29311E-01 9.52817E-01 9.76387E-01 1.00000E+00
1.30000E+00 1.50159E+00 1.75516E+00 2.07810E+00 2.49495E+00 3.04086E+00 3.76715E+00 4.50000E+00 4.75000E+00 6.23113E+00 8.37423E+00 1.15549E+01 1.64076E+01 2.40380E+01 3.64361E+01 5.73145E+01 9.38707E+01 1.60654E+02 2.88438E+02 5.45587E+02 1.09231E+03 2.32646E+03 5.30043E+03 1.29956E+04 3.45140E+04 1.00000E+05
-5 -4 -3 -2 -1 1 2 3 4 5 21
0.00000E+00 0.00000E+00 4.09615E-01 1.02404E+00 1.02404E+00 1.02404E+00 1.02519E+00 4.09615E-01 0.00000E+00 0.00000E+00 1.30545E-02
0.00000E+00 3.99019E-02 4.44811E-01 1.05217E+00 1.05217E+00 1.05219E+00 1.05341E+00 4.44811E-01 3.99019E-02 0.00000E+00 1.42937E+00
0.00000E+00 1.15456E-01 5.15861E-01 1.11646E+00 1.11647E+00 1.11649E+00 1.11779E+00 5.15861E-01 1.15456E-01 0.00000E+00 3.81282E+00
0.00000E+00 2.30615E-01 6.26670E-01 1.22075E+00 1.22075E+00 1.22078E+00 1.22216E+00 6.26670E-01 2.30615E-01 0.00000E+00 7.42397E+00
0.00000E+00 3.91723E-01 7.83563E-01 1.37131E+00 1.37132E+00 1.37136E+00 1.37281E+00 7.83563E-01 3.91723E-01 0.00000E+00 1.25262E+01
0.00000E+00 6.08447E-01 9.96192E-01 1.57780E+00 1.57781E+00 1.57786E+00 1.57939E+00 9.96192E-01 6.08447E-01 0.00000E+00 1.94910E+01
0.00000E+00 8.88331E-01 1.27209E+00 1.84770E+00 1.84771E+00 1.84778E+00 1.84939E+00 1.27209E+00 8.88331E-01 0.00000E+00 2.86116E+01
0.00000E+00 1.14934E+00 1.53007E+00 2.10114E+00 2.10115E+00 2.10123E+00 2.10291E+00 1.53007E+00 1.14934E+00 0.00000E+00 3.71975E+01
8.21160E-02 1.22974E+00 1.60960E+00 2.17936E+00 2.17938E+00 2.17946E+00 2.18116E+00 1.60960E+00 1.22974E+00 8.21160E-02 4.00442E+01
5.49403E-01 1.68891E+00 2.06467E+00 2.62828E+00 2.62829E+00 2.62839E+00 2.63018E+00 2.06467E+00 1.68891E+00 5.49403E-01 5.47436E+01
1.13122E+00 2.26265E+00 2.63435E+00 3.19189E+00 3.19191E+00 3.19203E+00 3.19391E+00 2.63435E+00 2.26265E+00 1.13122E+00 7.28562E+01
1.83438E+00 2.95775E+00 3.32546E+00 3.87699E+00 3.87702E+00 3.87716E+00 3.87914E+00 3.32546E+00 2.95775E+00 1.83438E+00 9.49200E+01
2.67483E+00 3.79017E+00 4.15392E+00 4.69952E+00 4.69954E+00 4.69971E+00 4.70179E+00 4.15392E+00 3.79017E+00 2.67483E+00 1.21404E+02
3.67271E+00 4.78002E+00 5.13986E+00 5.67957E+00 5.67960E+00 5.67980E+00 5.68199E+00 5.13986E+00 4.78002E+00 3.67271E+00 1.52862E+02
4.84660E+00 5.94589E+00 6.30185E+00 6.83574E+00 6.83577E+00 6.83600E+00 6.83830E+00 6.30185E+00 5.94589E+00 4.84660E+00 1.89756E+02
6.21469E+00 7.30597E+00 7.65808E+00 8.18621E+00 8.18624E+00 8.18650E+00 8.18892E+00 7.65808E+00 7.30597E+00 6.21469E+00 2.32499E+02
7.79768E+00 8.88093E+00 9.22924E+00 9.75165E+00 9.75168E+00 9.75198E+00 9.75452E+00 9.22924E+00 8.88093E+00 7.79768E+00 2.81538E+02
9.61707E+00 1.06923E+01 1.10368E+01 1.15536E+01 1.15536E+01 1.15540E+01 1.15566E+01 1.10368E+01 1.06923E+01 9.61707E+00 3.37300E+02
1.16951E+01 1.27623E+01 1.31031E+01 1.36142E+01 1.36142E+01 1.36146E+01 1.36174E+01 1.31031E+01 1.27623E+01 1.16951E+01 4.00183E+02
1.40544E+01 1.51135E+01 1.54506E+01 1.59562E+01 1.59562E+01 1.59566E+01 1.59596E+01 1.54506E+01 1.51135E+01 1.40544E+01 4.70552E+02
1.67179E+01 1.77690E+01 1.81024E+01 1.86025E+01 1.86025E+01 1.86030E+01 1.86060E+01 1.81024E+01 1.77690E+01 1.67179E+01 5.48731E+02
1.97088E+01 2.07518E+01 2.10815E+01 2.15761E+01 2.15762E+01 2.15767E+01 2.15799E+01 2.10815E+01 2.07518E+01 1.97088E+01 6.35001E+02
2.30499E+01 2.40848E+01 2.44109E+01 2.49001E+01 2.49001E+01 2.49007E+01 2.49041E+01 2.44109E+01 2.40848E+01 2.30499E+01 7.29591E+02
2.67637E+01 2.77905E+01 2.81131E+01 2.85968E+01 2.85969E+01 2.85976E+01 2.86011E+01 2.81131E+01 2.77905E+01 2.67637E+01 8.32674E+02
3.08796E+01 3.18983E+01 3.22173E+01 3.26958E+01 3.26958E+01 3.26966E+01 3.27002E+01 3.22173E+01 3.18983E+01 3.08796E+01 9.44522E+02
3.54152E+01 3.64258E+01 3.67412E+01 3.72144E+01 3.72144E+01 3.72152E+01 3.72191E+01 3.67412E+01 3.64258E+01 3.54152E+01 1.06510E+03
0.00000E+00 0.00000E+00 4.06234E-01 1.01558E+00 1.01558E+00 1.01559E+00 1.01680E+00 4.06234E-01 0.00000E+00 0.00000E+00 1.38849E-02
0.00000E+00 4.01058E-02 4.41666E-01 1.04400E+00 1.04401E+00 1.04402E+00 1.04530E+00 4.41666E-01 4.01058E-02 0.00000E+00 1.43260E+00
0.00000E+00 1.15656E-01 5.12744E-01 1.10837E+00 1.10837E+00 1.10840E+00 1.10976E+00 5.12744E-01 1.15656E-01 0.00000E+00 3.81246E+00
0.00000E+00 2.30489E-01 6.23257E-01 1.21240E+00 1.21241E+00 1.21244E+00 1.21388E+00 6.23257E-01 2.30489E-01 0.00000E+00 7.41031E+00
0.00000E+00 3.90844E-01 7.79425E-01 1.36229E+00 1.36229E+00 1.36234E+00 1.36386E+00 7.79425E-01 3.90844E-01 0.00000E+00 1.24852E+01
0.00000E+00 6.06241E-01 9.90756E-01 1.56751E+00 1.56753E+00 1.56758E+00 1.56919E+00 9.90756E-01 6.06241E-01 0.00000E+00 1.94027E+01
0.00000E+00 8.84093E-01 1.26464E+00 1.83546E+00 1.83547E+00 1.83554E+00 1.83723E+00 1.26464E+00 8.84093E-01 0.00000E+00 2.84505E+01
0.00000E+00 1.14301E+00 1.52055E+00 2.08685E+00 2.08686E+00 2.08695E+00 2.08870E+00 1.52055E+00 1.14301E+00 0.00000E+00 3.69610E+01
8.14220E-02 1.22271E+00 1.59939E+00 2.16439E+00 2.16441E+00 2.16450E+00 2.16627E+00 1.59939E+00 1.22271E+00 8.14220E-02 3.97808E+01
5.44571E-01 1.67773E+00 2.05034E+00 2.60923E+00 2.60924E+00 2.60936E+00 2.61123E+00 2.05034E+00 1.67773E+00 5.44571E-01 5.43344E+01
1.12078E+00 2.24585E+00 2.61444E+00 3.16730E+00 3.16732E+00 3.16746E+00 3.16942E+00 2.61444E+00 2.24585E+00 1.12078E+00 7.22524E+01
1.81668E+00 2.93368E+00 3.29830E+00 3.84520E+00 3.84522E+00 3.84538E+00 3.84745E+00 3.29830E+00 2.93368E+00 1.81668E+00 9.40627E+01
2.64792E+00 3.75687E+00 4.11756E+00 4.65856E+00 4.65858E+00 4.65877E+00 4.66095E+00 4.11756E+00 3.75687E+00 2.64792E+00 1.20225E+02
3.63425E+00 4.73516E+00 5.09196E+00 5.62713E+00 5.62715E+00 5.62737E+00 5.62966E+00 5.09196E+00 4.73516E+00 3.63425E+00 1.51280E+02
4.79391E+00 5.88678E+00 6.23973E+00 6.76912E+00 6.76914E+00 6.76940E+00 6.77180E+00 6.23973E+00 5.88678E+00 4.79391E+00 1.87680E+02
6.14470E+00 7.22955E+00 7.57868E+00 8.10234E+00 8.10237E+00 8.10266E+00 8.10518E+00 7.57868E+00 7.22955E+00 6.14470E+00 2.29828E+02
7.70691E+00 8.78372E+00 9.12908E+00 9.64706E+00 9.64709E+00 9.64743E+00 9.65007E+00 9.12908E+00 8.78372E+00 7.70691E+00 2.78159E+02
9.50160E+00 1.05704E+01 1.09120E+01 1.14243E+01 1.14244E+01 1.14248E+01 1.14275E+01 1.09120E+01 1.05704E+01 9.50160E+00 3.33088E+02
1.15505E+01 1.26112E+01 1.29491E+01 1.34559E+01 1.34559E+01 1.34564E+01 1.34593E+01 1.29491E+01 1.26112E+01 1.15505E+01 3.95004E+02
1.38757E+01 1.49284E+01 1.52626E+01 1.57639E+01 1.57639E+01 1.57644E+01 1.57674E+01 1.52626E+01 1.49284E+01 1.38757E+01 4.64260E+02
1.64998E+01 1.75444E+01 1.78749E+01 1.83707E+01 1.83708E+01 1.83713E+01 1.83745E+01 1.78749E+01 1.75444E+01 1.64998E+01 5.41171E+02
1.94452E+01 2.04817E+01 2.08086E+01 2.12990E+01 2.12990E+01 2.12996E+01 2.13029E+01 2.08086E+01 2.04817E+01 1.94452E+01 6.26005E+02
2.27342E+01 2.37626E+01 2.40860E+01 2.45710E+01 2.45710E+01 2.45717E+01 2.45751E+01 2.40860E+01 2.37626E+01 2.27342E+01 7.18985E+02
2.63889E+01 2.74092E+01 2.77290E+01 2.82086E+01 2.82087E+01 2.82094E+01 2.82130E+01 2.77290E+01 2.74092E+01 2.63889E+01 8.20274E+02
3.04379E+01 3.14500E+01 3.17663E+01 3.22406E+01 3.22407E+01 3.22415E+01 3.22453E+01 3.17663E+01 3.14500E+01 3.04379E+01 9.30135E+02
3.48981E+01 3.59021E+01 3.62149E+01 3.66839E+01 3.66840E+01 3.66849E+01 3.66889E+01 3.62149E+01 3.59021E+01 3.48981E+01 1.04853E+03
0.00000E+00 0.00000E+00 4.01983E-01 1.00496E+00 1.00496E+00 1.00497E+00 1.00624E+00 4.01983E-01 0.00000E+00 0.00000E+00 1.49390E-02
0.00000E+00 4.03628E-02 4.37714E-01 1.03374E+00 1.03374E+00 1.03376E+00 1.03511E+00 4.37714E-01 4.03628E-02 0.00000E+00 1.43668E+00
0.00000E+00 1.15908E-01 5.08825E-01 1.09820E+00 1.09820E+00 1.09823E+00 1.09967E+00 5.08825E-01 1.15908E-01 0.00000E+00 3.81203E+00
0.00000E+00 2.30329E-01 6.18964E-01 1.20191E+00 1.20192E+00 1.20196E+00 1.20348E+00 6.18964E-01 2.30329E-01 0.00000E+00 7.39311E+00
0.00000E+00 3.89734E-01 7.74220E-01 1.35094E+00 1.35094E+00 1.35100E+00 1.35261E+00 7.74220E-01 3.89734E-01 0.00000E+00 1.24335E+01
0.00000E+00 6.03461E-01 9.83916E-01 1.55458E+00 1.55459E+00 1.55467E+00 1.55636E+00 9.83916E-01 6.03461E-01 0.00000E+00 1.92915E+01
0.00000E+00 8.78754E-01 1.25528E+00 1.82005E+00 1.82007E+00 1.82015E+00 1.82193E+00 1.25528E+00 8.78754E-01 0.00000E+00 2.82478E+01
0.00000E+00 1.13503E+00 1.50857E+00 2.06887E+00 2.06888E+00 2.06899E+00 2.07084E+00 1.50857E+00 1.13503E+00 0.00000E+00 3.66633E+01
8.05488E-02 1.21386E+00 1.58655E+00 2.14556E+00 2.14557E+00 2.14568E+00 2.14755E+00 1.58655E+00 1.21386E+00 8.05488E-02 3.94492E+01
5.38492E-01 1.66365E+00 2.03231E+00 2.58526E+00 2.58528E+00 2.58541E+00 2.58738E+00 2.03231E+00 1.66365E+00 5.38492E-01 5.38195E+01
1.10766E+00 2.22472E+00 2.58939E+00 3.13637E+00 3.13639E+00 3.13655E+00 3.13862E+00 2.58939E+00 2.22472E+00 1.10766E+00 7.14929E+01
1.79443E+00 2.90340E+00 3.26414E+00 3.80521E+00 3.80523E+00 3.80542E+00 3.80760E+00 3.26414E+00 2.90340E+00 1.79443E+00 9.29846E+01
2.61408E+00 3.71499E+00 4.07183E+00 4.60705E+00 4.60708E+00 4.60729E+00 4.60958E+00 4.07183E+00 3.71499E+00 2.61408E+00 1.18742E+02
3.58590E+00 4.67875E+00 5.03174E+00 5.56118E+00 5.56121E+00 5.56146E+00 5.56386E+00 5.03174E+00 4.67875E+00 3.58590E+00 1.49291E+02
4.72767E+00 5.81247E+00 6.16164E+00 6.68535E+00 6.68538E+00 6.68567E+00 6.68819E+00 6.16164E+00 5.81247E+00 4.72767E+00 1.85071E+02
6.05674E+00 7.13349E+00 7.47888E+00 7.99692E+00 7.99695E+00 7.99728E+00 7.99993E+00 7.47888E+00 7.13349E+00 6.05674E+00 2.26471E+02
7.59285E+00 8.66155E+00 9.00319E+00 9.51561E+00 9.51564E+00 9.51603E+00 9.51880E+00 9.00319E+00 8.66155E+00 7.59285E+00 2.73913E+02
9.35651E+00 1.04171E+01 1.07551E+01 1.12619E+01 1.12620E+01 1.12624E+01 1.12653E+01 1.07551E+01 1.04171E+01 9.35651E+00 3.27798E+02
1.13688E+01 1.24214E+01 1.27557E+01 1.32570E+01 1.32570E+01 1.32575E+01 1.32605E+01 1.27557E+01 1.24214E+01 1.13688E+01 3.88499E+02
1.36513E+01 1.46958E+01 1.50264E+01 1.55223E+01 1.55223E+01 1.55229E+01 1.55260E+01 1.50264E+01 1.46958E+01 1.36513E+01 4.56358E+02
1.62258E+01 1.72622E+01 1.75892E+01 1.80796E+01 1.80797E+01 1.80803E+01 1.80836E+01 1.75892E+01 1.72622E+01 1.62258E+01 5.31676E+02
1.91141E+01 2.01424E+01 2.04658E+01 2.09509E+01 2.09509E+01 2.09516E+01 2.09551E+01 2.04658E+01 2.01424E+01 1.91141E+01 6.14710E+02
2.23379E+01 2.33581E+01 2.36779E+01 2.41576E+01 2.41577E+01 2.41584E+01 2.41621E+01 2.36779E+01 2.33581E+01 2.23379E+01 7.05669E+02
2.59183E+01 2.69304E+01 2.72467E+01 2.77211E+01 2.77212E+01 2.77220E+01 2.77258E+01 2.72467E+01 2.69304E+01 2.59183E+01 8.04709E+02
2.98832E+01 3.08872E+01 3.12000E+01 3.16692E+01 3.16692E+01 3.16701E+01 3.16741E+01 3.12000E+01 3.08872E+01 2.98832E+01 9.12077E+02
3.42489E+01 3.52447E+01 3.55541E+01 3.60180E+01 3.60181E+01 3.60191E+01 3.60232E+01 3.55541E+01 3.52447E+01 3.42489E+01 1.02773E+03
0.00000E+00 0.00000E+00 3.96671E-01 9.91678E-01 9.91678E-01 9.91696E-01 9.93053E-01 3.96671E-01 0.00000E+00 0.00000E+00 1.62738E-02
0.00000E+00 4.06852E-02 4.32775E-01 1.02091E+00 1.02091E+00 1.02094E+00 1.02238E+00 4.32775E-01 4.06852E-02 0.00000E+00 1.44183E+00
0.00000E+00 1.16222E-01 5.03927E-01 1.08548E+00 1.08548E+00 1.08552E+00 1.08705E+00 5.03927E-01 1.16222E-01 0.00000E+00 3.81151E+00
0.00000E+00 2.30126E-01 6.13597E-01 1.18879E+00 1.18880E+00 1.18885E+00 1.19047E+00 6.13597E-01 2.30126E-01 0.00000E+00 7.37156E+00
0.00000E+00 3.88341E-01 7.67707E-01 1.33674E+00 1.33675E+00 1.33682E+00 1.33853E+00 7.67707E-01 3.88341E-01 0.00000E+00 1.23688E+01
0.00000E+00 5.99974E-01 9.75354E-01 1.53841E+00 1.53842E+00 1.53851E+00 1.54031E+00 9.75354E-01 5.99974E-01 0.00000E+00 1.91522E+01
0.00000E+00 8.72062E-01 1.24356E+00 1.80078E+00 1.80080E+00 1.80090E+00 1.80280E+00 1.24356E+00 8.72062E-01 0.00000E+00 2.79939E+01
0.00000E+00 1.12503E+00 1.49358E+00 2.04638E+00 2.04639E+00 2.04652E+00 2.04848E+00 1.49358E+00 1.12503E+00 0.00000E+00 3.62904E+01
7.94561E-02 1.20276E+00 1.57046E+00 2.12199E+00 2.12201E+00 2.12214E+00 2.12413E+00 1.57046E+00 1.20276E+00 7.94561E-02 3.90340E+01
5.30887E-01 1.64603E+00 2.00974E+00 2.55528E+00 2.55530E+00 2.55545E+00 2.55755E+00 2.00974E+00 1.64603E+00 5.30887E-01 5.31751E+01
1.09125E+00 2.19827E+00 2.55804E+00 3.09767E+00 3.09769E+00 3.09788E+00 3.10008E+00 2.55804E+00 2.19827E+00 1.09125E+00 7.05425E+01
1.76661E+00 2.86552E+00 3.22140E+00 3.75518E+00 3.75521E+00 3.75543E+00 3.75774E+00 3.22140E+00 2.86552E+00 1.76661E+00 9.16360E+01
2.57177E+00 3.66259E+00 4.01462E+00 4.54263E+00 4.54265E+00 4.54291E+00 4.54534E+00 4.01462E+00 3.66259E+00 2.57177E+00 1.16887E+02
3.52546E+00 4.60821E+00 4.95643E+00 5.47871E+00 5.47874E+00 5.47904E+00 5.48159E+00 4.95643E+00 4.60821E+00 3.52546E+00 1.46804E+02
4.64488E+00 5.71956E+00 6.06400E+00 6.58063E+00 6.58066E+00 6.58100E+00 6.58367E+00 6.06400E+00 5.71956E+00 4.64488E+00 1.81810E+02
5.94682E+00 7.01342E+00 7.35413E+00 7.86515E+00 7.86518E+00 7.86557E+00 7.86837E+00 7.35413E+00 7.01342E+00 5.94682E+00 2.22276E+02
7.45034E+00 8.50887E+00 8.84588E+00 9.35134E+00 9.35138E+00 9.35181E+00 9.35475E+00 8.84588E+00 8.50887E+00 7.45034E+00 2.68608E+02
9.17525E+00 1.02257E+01 1.05590E+01 1.10590E+01 1.10590E+01 1.10595E+01 1.10626E+01 1.05590E+01 1.02257E+01 9.17525E+00 3.21189E+02
1.11419E+01 1.21843E+01 1.25140E+01 1.30085E+01 1.30085E+01 1.30091E+01 1.30123E+01 1.25140E+01 1.21843E+01 1.11419E+01 3.80376E+02
1.33711E+01 1.44054E+01 1.47315E+01 1.52205E+01 1.52206E+01 1.52212E+01 1.52246E+01 1.47315E+01 1.44054E+01 1.33711E+01 4.46493E+02
1.58837E+01 1.69099E+01 1.72324E+01 1.77161E+01 1.77162E+01 1.77169E+01 1.77204E+01 1.72324E+01 1.69099E+01 1.58837E+01 5.19823E+02
1.87008E+01 1.97188E+01 2.00378E+01 2.05162E+01 2.05163E+01 2.05170E+01 2.05207E+01 2.00378E+01 1.97188E+01 1.87008E+01 6.00611E+02
2.18431E+01 2.28530E+01 2.31685E+01 2.36416E+01 2.36417E+01 2.36425E+01 2.36464E+01 2.31685E+01 2.28530E+01 2.18431E+01 6.89052E+02
2.53310E+01 2.63328E+01 2.66448E+01 2.71127E+01 2.71127E+01 2.71136E+01 2.71177E+01 2.66448E+01 2.63328E+01 2.53310E+01 7.85286E+02
2.91911E+01 3.01847E+01 3.04933E+01 3.09560E+01 3.09560E+01 3.09571E+01 3.09612E+01 3.04933E+01 3.01847E+01 2.91911E+01 8.89548E+02
3.34389E+01 3.44244E+01 3.47295E+01 3.51871E+01 3.51872E+01 3.51883E+01 3.51926E+01 3.47295E+01 3.44244E+01 3.34389E+01 1.00178E+03
0.00000E+00 0.00000E+00 3.90080E-01 9.75200E-01 9.75200E-01 9.75223E-01 9.76691E-01 3.90080E-01 0.00000E+00 0.00000E+00 1.79582E-02
0.00000E+00 4.10870E-02 4.26649E-01 1.00499E+00 1.00499E+00 1.00503E+00 1.00659E+00 4.26649E-01 4.10870E-02 0.00000E+00 1.44831E+00
0.00000E+00 1.16613E-01 4.97851E-01 1.06970E+00 1.06971E+00 1.06976E+00 1.07141E+00 4.97851E-01 1.16613E-01 0.00000E+00 3.81091E+00
0.00000E+00 2.29871E-01 6.06933E-01 1.17252E+00 1.17252E+00 1.17259E+00 1.17434E+00 6.06933E-01 2.29871E-01 0.00000E+00 7.34471E+00
0.00000E+00 3.86601E-01 7.59616E-01 1.31912E+00 1.31913E+00 1.31922E+00 1.32106E+00 7.59616E-01 3.86601E-01 0.00000E+00 1.22881E+01
0.00000E+00 5.95627E-01 9.64711E-01 1.51832E+00 1.51833E+00 1.51844E+00 1.52038E+00 9.64711E-01 5.95627E-01 0.00000E+00 1.89787E+01
0.00000E+00 8.63728E-01 1.22898E+00 1.77684E+00 1.77686E+00 1.77699E+00 1.77903E+00 1.22898E+00 8.63728E-01 0.00000E+00 2.76779E+01
0.00000E+00 1.11259E+00 1.47493E+00 2.01843E+00 2.01845E+00 2.01860E+00 2.02071E+00 1.47493E+00 1.11259E+00 0.00000E+00 3.58267E+01
7.80982E-02 1.18896E+00 1.55047E+00 2.09271E+00 2.09273E+00 2.09289E+00 2.09503E+00 1.55047E+00 1.18896E+00 7.80982E-02 3.85176E+01
5.21439E-01 1.62411E+00 1.98169E+00 2.51802E+00 2.51804E+00 2.51823E+00 2.52048E+00 1.98169E+00 1.62411E+00 5.21439E-01 5.23740E+01
1.07087E+00 2.16539E+00 2.51908E+00 3.04959E+00 3.04962E+00 3.04984E+00 3.05220E+00 2.51908E+00 2.16539E+00 1.07087E+00 6.93617E+01
1.73205E+00 2.81844E+00 3.16830E+00 3.69305E+00 3.69308E+00 3.69334E+00 3.69582E+00 3.16830E+00 2.81844E+00 1.73205E+00 8.99612E+01
2.51925E+00 3.59752E+00 3.94358E+00 4.46264E+00 4.46266E+00 4.46296E+00 4.46557E+00 3.94358E+00 3.59752E+00 2.51925E+00 1.14585E+02
3.45045E+00 4.52062E+00 4.86293E+00 5.37634E+00 5.37637E+00 5.37672E+00 5.37945E+00 4.86293E+00 4.52062E+00 3.45045E+00 1.43719E+02
4.54217E+00 5.60424E+00 5.94283E+00 6.45066E+00 6.45070E+00 6.45109E+00 6.45396E+00 5.94283E+00 5.60424E+00 4.54217E+00 1.77764E+02
5.81047E+00 6.86444E+00 7.19935E+00 7.70166E+00 7.70169E+00 7.70214E+00 7.70515E+00 7.19935E+00 6.86444E+00 5.81047E+00 2.17074E+02
7.27362E+00 8.31949E+00 8.65075E+00 9.14758E+00 9.14762E+00 9.14813E+00 9.15127E+00 8.65075E+00 8.31949E+00 7.27362E+00 2.62032E+02
8.95054E+00 9.98830E+00 1.03160E+01 1.08074E+01 1.08074E+01 1.08080E+01 1.08113E+01 1.03160E+01 9.98830E+00 8.95054E+00 3.12999E+02
1.08607E+01 1.18903E+01 1.22144E+01 1.27004E+01 1.27005E+01 1.27011E+01 1.27045E+01 1.22144E+01 1.18903E+01 1.08607E+01 3.70311E+02
1.30238E+01 1.40453E+01 1.43658E+01 1.48465E+01 1.48466E+01 1.48473E+01 1.48509E+01 1.43658E+01 1.40453E+01 1.30238E+01 4.34270E+02
1.54598E+01 1.64733E+01 1.67902E+01 1.72657E+01 1.72657E+01 1.72665E+01 1.72703E+01 1.67902E+01 1.64733E+01 1.54598E+01 5.05143E+02
1.81888E+01 1.91940E+01 1.95076E+01 1.99777E+01 1.99778E+01 1.99786E+01 1.99826E+01 1.95076E+01 1.91940E+01 1.81888E+01 5.83153E+02
2.12303E+01 2.22274E+01 2.25375E+01 2.30025E+01 2.30025E+01 2.30035E+01 2.30076E+01 2.25375E+01 2.22274E+01 2.12303E+01 6.68478E+02
2.46037E+01 2.55926E+01 2.58992E+01 2.63591E+01 2.63591E+01 2.63602E+01 2.63645E+01 2.58992E+01 2.55926E+01 2.46037E+01 7.61245E+02
2.83341E+01 2.93149E+01 2.96181E+01 3.00729E+01 3.00729E+01 3.00741E+01 3.00785E+01 2.96181E+01 2.93149E+01 2.83341E+01 8.61664E+02
3.24362E+01 3.34088E+01 3.37087E+01 3.41583E+01 3.41584E+01 3.41597E+01 3.41643E+01 3.37087E+01 3.34088E+01 3.24362E+01 9.69676E+02
0.00000E+00 0.00000E+00 3.81980E-01 9.54951E-01 9.54951E-01 9.54982E-01 9.56587E-01 3.81980E-01 0.00000E+00 0.00000E+00 2.00748E-02
0.00000E+00 4.15836E-02 4.19125E-01 9.85433E-01 9.85435E-01 9.85482E-01 9.87186E-01 4.19125E-01 4.15836E-02 0.00000E+00 1.45640E+00
0.00000E+00 1.17094E-01 4.90386E-01 1.05032E+00 1.05032E+00 1.05039E+00 1.05219E+00 4.90386E-01 1.17094E-01 0.00000E+00 3.81023E+00
0.00000E+00 2.29550E-01 5.98738E-01 1.15251E+00 1.15252E+00 1.15260E+00 1.15451E+00 5.98738E-01 2.29550E-01 0.00000E+00 7.31157E+00
0.00000E+00 3.84444E-01 7.49655E-01 1.29746E+00 1.29747E+00 1.29757E+00 1.29958E+00 7.49655E-01 3.84444E-01 0.00000E+00 1.21885E+01
0.00000E+00 5.90252E-01 9.51600E-01 1.49360E+00 1.49362E+00 1.49375E+00 1.49586E+00 9.51600E-01 5.90252E-01 0.00000E+00 1.87646E+01
0.00000E+00 8.53436E-01 1.21102E+00 1.74738E+00 1.74739E+00 1.74755E+00 1.74977E+00 1.21102E+00 8.53436E-01 0.00000E+00 2.72882E+01
0.00000E+00 1.09723E+00 1.45196E+00 1.98403E+00 1.98404E+00 1.98423E+00 1.98653E+00 1.45196E+00 1.09723E+00 0.00000E+00 3.52549E+01
7.64260E-02 1.17192E+00 1.52583E+00 2.05667E+00 2.05668E+00 2.05688E+00 2.05921E+00 1.52583E+00 1.17192E+00 7.64260E-02 3.78811E+01
5.09808E-01 1.59708E+00 1.94713E+00 2.47216E+00 2.47218E+00 2.47241E+00 2.47486E+00 1.94713E+00 1.59708E+00 5.09808E-01 5.13873E+01
1.04579E+00 2.12488E+00 2.47111E+00 2.99042E+00 2.99044E+00 2.99071E+00 2.99328E+00 2.47111E+00 2.12488E+00 1.04579E+00 6.79081E+01
1.68955E+00 2.76048E+00 3.10294E+00 3.61659E+00 3.61662E+00 3.61693E+00 3.61963E+00 3.10294E+00 2.76048E+00 1.68955E+00 8.79005E+01
2.45466E+00 3.51744E+00 3.85618E+00 4.36423E+00 4.36426E+00 4.36462E+00 4.36745E+00 3.85618E+00 3.51744E+00 2.45466E+00 1.11754E+02
3.35825E+00 4.41289E+00 4.74794E+00 5.25046E+00 5.25049E+00 5.25090E+00 5.25387E+00 4.74794E+00 4.41289E+00 3.35825E+00 1.39926E+02
4.41596E+00 5.46247E+00 5.79387E+00 6.29090E+00 6.29094E+00 6.29140E+00 6.29451E+00 5.79387E+00 5.46247E+00 4.41596E+00 1.72794E+02
5.64299E+00 6.68137E+00 7.00915E+00 7.50076E+00 7.50080E+00 7.50133E+00 7.50458E+00 7.00915E+00 6.68137E+00 5.64299E+00 2.10685E+02
7.05661E+00 8.08686E+00 8.41106E+00 8.89729E+00 8.89733E+00 8.89792E+00 8.90133E+00 8.41106E+00 8.08686E+00 7.05661E+00 2.53958E+02
8.67467E+00 9.69679E+00 1.00174E+01 1.04983E+01 1.04984E+01 1.04991E+01 1.05026E+01 1.00174E+01 9.69679E+00 8.67467E+00 3.02947E+02
1.05155E+01 1.15295E+01 1.18466E+01 1.23222E+01 1.23223E+01 1.23230E+01 1.23268E+01 1.18466E+01 1.15295E+01 1.05155E+01 3.57962E+02
1.25977E+01 1.36035E+01 1.39172E+01 1.43876E+01 1.43876E+01 1.43884E+01 1.43923E+01 1.39172E+01 1.36035E+01 1.25977E+01 4.19280E+02
1.49399E+01 1.59376E+01 1.62478E+01 1.67130E+01 1.67131E+01 1.67140E+01 1.67180E+01 1.62478E+01 1.59376E+01 1.49399E+01 4.87144E+02
1.75609E+01 1.85504E+01 1.88572E+01 1.93173E+01 1.93173E+01 1.93183E+01 1.93226E+01 1.88572E+01 1.85504E+01 1.75609E+01 5.61754E+02
2.04791E+01 2.14604E+01 2.17638E+01 2.22187E+01 2.22188E+01 2.22199E+01 2.22243E+01 2.17638E+01 2.14604E+01 2.04791E+01 6.43268E+02
2.37123E+01 2.46854E+01 2.49854E+01 2.54353E+01 2.54354E+01 2.54366E+01 2.54412E+01 2.49854E+01 2.46854E+01 2.37123E+01 7.31793E+02
2.72841E+01 2.82490E+01 2.85457E+01 2.89906E+01 2.89907E+01 2.89920E+01 2.89968E+01 2.85457E+01 2.82490E+01 2.72841E+01 8.27516E+02
3.12079E+01 3.21646E+01 3.24579E+01 3.28979E+01 3.28980E+01 3.28994E+01 3.29044E+01 3.24579E+01 3.21646E+01 3.12079E+01 9.30366E+02
0.00000E+00 0.00000E+00 3.72155E-01 9.30386E-01 9.30386E-01 9.30426E-01 9.32202E-01 3.72155E-01 0.00000E+00 0.00000E+00 2.27202E-02
0.00000E+00 4.21910E-02 4.10001E-01 9.61712E-01 9.61715E-01 9.61775E-01 9.63659E-01 4.10001E-01 4.21910E-02 0.00000E+00 1.46645E+00
0.00000E+00 1.17678E-01 4.81330E-01 1.02680E+00 1.02680E+00 1.02689E+00 1.02888E+00 4.81330E-01 1.17678E-01 0.00000E+00 3.80952E+00
0.00000E+00 2.29150E-01 5.88785E-01 1.12823E+00 1.12823E+00 1.12834E+00 1.13045E+00 5.88785E-01 2.29150E-01 0.00000E+00 7.27110E+00
0.00000E+00 3.81797E-01 7.37540E-01 1.27114E+00 1.27115E+00 1.27129E+00 1.27350E+00 7.37540E-01 3.81797E-01 0.00000E+00 1.20668E+01
0.00000E+00 5.83675E-01 9.35639E-01 1.46356E+00 1.46358E+00 1.46374E+00 1.46607E+00 9.35639E-01 5.83675E-01 0.00000E+00 1.85032E+01
0.00000E+00 8.40867E-01 1.18915E+00 1.71155E+00 1.71156E+00 1.71176E+00 1.71421E+00 1.18915E+00 8.40867E-01 0.00000E+00 2.68129E+01
0.00000E+00 1.07850E+00 1.42398E+00 1.94218E+00 1.94220E+00 1.94243E+00 1.94497E+00 1.42398E+00 1.07850E+00 0.00000E+00 3.45582E+01
7.43917E-02 1.15114E+00 1.49583E+00 2.01283E+00 2.01285E+00 2.01308E+00 2.01565E+00 1.49583E+00 1.15114E+00 7.43917E-02 3.71057E+01
4.95663E-01 1.56416E+00 1.90506E+00 2.41638E+00 2.41640E+00 2.41668E+00 2.41938E+00 1.90506E+00 1.56416E+00 4.95663E-01 5.01862E+01
1.01530E+00 2.07557E+00 2.41275E+00 2.91847E+00 2.91849E+00 2.91882E+00 2.92164E+00 2.41275E+00 2.07557E+00 1.01530E+00 6.61402E+01
1.63792E+00 2.68999E+00 3.02348E+00 3.52366E+00 3.52369E+00 3.52407E+00 3.52703E+00 3.02348E+00 2.68999E+00 1.63792E+00 8.53964E+01
2.37624E+00 3.42012E+00 3.74996E+00 4.24468E+00 4.24471E+00 4.24514E+00 4.24825E+00 3.74996E+00 3.42012E+00 2.37624E+00 1.08316E+02
3.24634E+00 4.28205E+00 4.60829E+00 5.09759E+00 5.09762E+00 5.09811E+00 5.10137E+00 4.60829E+00 4.28205E+00 3.24634E+00 1.35324E+02
4.26285E+00 5.29038E+00 5.61305E+00 6.09699E+00 6.09703E+00 6.09759E+00 6.10100E+00 5.61305E+00 5.29038E+00 4.26285E+00 1.66765E+02
5.43991E+00 6.45927E+00 6.77841E+00 7.25704E+00 7.25708E+00 7.25771E+00 7.26128E+00 6.77841E+00 6.45927E+00 5.43991E+00 2.02941E+02
6.79359E+00 7.80478E+00 8.12041E+00 8.59379E+00 8.59384E+00 8.59454E+00 8.59827E+00 8.12041E+00 7.80478E+00 6.79359E+00 2.44176E+02
8.34047E+00 9.34348E+00 9.65565E+00 1.01238E+01 1.01239E+01 1.01247E+01 1.01286E+01 9.65565E+00 9.34348E+00 8.34047E+00 2.90775E+02
1.00975E+01 1.10923E+01 1.14011E+01 1.18641E+01 1.18641E+01 1.18650E+01 1.18691E+01 1.14011E+01 1.10923E+01 1.00975E+01 3.43015E+02
1.20819E+01 1.30685E+01 1.33739E+01 1.38318E+01 1.38318E+01 1.38328E+01 1.38370E+01 1.33739E+01 1.30685E+01 1.20819E+01 4.01145E+02
1.43108E+01 1.52893E+01 1.55912E+01 1.60441E+01 1.60441E+01 1.60452E+01 1.60496E+01 1.55912E+01 1.52893E+01 1.43108E+01 4.65377E+02
1.68014E+01 1.77717E+01 1.80703E+01 1.85181E+01 1.85182E+01 1.85194E+01 1.85240E+01 1.80703E+01 1.77717E+01 1.68014E+01 5.35886E+02
1.95706E+01 2.05326E+01 2.08279E+01 2.12708E+01 2.12709E+01 2.12722E+01 2.12770E+01 2.08279E+01 2.05326E+01 1.95706E+01 6.12803E+02
2.26346E+01 2.35884E+01 2.38805E+01 2.43184E+01 2.43185E+01 2.43199E+01 2.43249E+01 2.38805E+01 2.35884E+01 2.26346E+01 6.96215E+02
2.60151E+01 2.69606E+01 2.72494E+01 2.76824E+01 2.76825E+01 2.76841E+01 2.76893E+01 2.72494E+01 2.69606E+01 2.60151E+01 7.86278E+02
2.97239E+01 3.06612E+01 3.09467E+01 3.13749E+01 3.13750E+01 3.13767E+01 3.13821E+01 3.09467E+01 3.06612E+01 2.97239E+01 8.82912E+02
0.00000E+00 0.00000E+00 3.60437E-01 9.01092E-01 9.01092E-01 9.01144E-01 9.03131E-01 3.60437E-01 0.00000E+00 0.00000E+00 2.60036E-02
0.00000E+00 4.29229E-02 3.99128E-01 9.33432E-01 9.33435E-01 9.33512E-01 9.35618E-01 3.99128E-01 4.29229E-02 0.00000E+00 1.47879E+00
0.00000E+00 1.18376E-01 4.70531E-01 9.98756E-01 9.98762E-01 9.98867E-01 1.00109E+00 4.70531E-01 1.18376E-01 0.00000E+00 3.80882E+00
0.00000E+00 2.28653E-01 5.76897E-01 1.09925E+00 1.09926E+00 1.09940E+00 1.10174E+00 5.76897E-01 2.28653E-01 0.00000E+00 7.22237E+00
0.00000E+00 3.78588E-01 7.23043E-01 1.23971E+00 1.23972E+00 1.23989E+00 1.24236E+00 7.23043E-01 3.78588E-01 0.00000E+00 1.19202E+01
0.00000E+00 5.75739E-01 9.16514E-01 1.42765E+00 1.42767E+00 1.42788E+00 1.43047E+00 9.16514E-01 5.75739E-01 0.00000E+00 1.81888E+01
0.00000E+00 8.25738E-01 1.16293E+00 1.66868E+00 1.66870E+00 1.66895E+00 1.67167E+00 1.16293E+00 8.25738E-01 0.00000E+00 2.62421E+01
0.00000E+00 1.05598E+00 1.39044E+00 1.89212E+00 1.89214E+00 1.89242E+00 1.89524E+00 1.39044E+00 1.05598E+00 0.00000E+00 3.37223E+01
7.19562E-02 1.12618E+00 1.45987E+00 1.96037E+00 1.96039E+00 1.96068E+00 1.96353E+00 1.45987E+00 1.12618E+00 7.19562E-02 3.61756E+01
4.78739E-01 1.52465E+00 1.85466E+00 2.34964E+00 2.34966E+00 2.35000E+00 2.35300E+00 1.85466E+00 1.52465E+00 4.78739E-01 4.87473E+01
9.78846E-01 2.01649E+00 2.34287E+00 2.83239E+00 2.83242E+00 2.83282E+00 2.83596E+00 2.34287E+00 2.01649E+00 9.78846E-01 6.40248E+01
1.57623E+00 2.60562E+00 2.92841E+00 3.41255E+00 3.41258E+00 3.41304E+00 3.41633E+00 2.92841E+00 2.60562E+00 1.57623E+00 8.24031E+01
2.28260E+00 3.30376E+00 3.62301E+00 4.10182E+00 4.10186E+00 4.10238E+00 4.10583E+00 3.62301E+00 3.30376E+00 2.28260E+00 1.04210E+02
3.11283E+00 4.12576E+00 4.44150E+00 4.91504E+00 4.91508E+00 4.91568E+00 4.91929E+00 4.44150E+00 4.12576E+00 3.11283E+00 1.29832E+02
4.08029E+00 5.08500E+00 5.39727E+00 5.86560E+00 5.86564E+00 5.86632E+00 5.87009E+00 5.39727E+00 5.08500E+00 4.08029E+00 1.59579E+02
5.19792E+00 6.19441E+00 6.50324E+00 6.96641E+00 6.96646E+00 6.96721E+00 6.97116E+00 6.50324E+00 6.19441E+00 5.19792E+00 1.93717E+02
6.48036E+00 7.46862E+00 7.77406E+00 8.23212E+00 8.23217E+00 8.23301E+00 8.23714E+00 7.77406E+00 7.46862E+00 6.48036E+00 2.32533E+02
7.94269E+00 8.92273E+00 9.22479E+00 9.67780E+00 9.67785E+00 9.67879E+00 9.68310E+00 9.22479E+00 8.92273E+00 7.94269E+00 2.76296E+02
9.60027E+00 1.05721E+01 1.08708E+01 1.13188E+01 1.13189E+01 1.13199E+01 1.13244E+01 1.08708E+01 1.05721E+01 9.60027E+00 3.25248E+02
1.14686E+01 1.24322E+01 1.27276E+01 1.31706E+01 1.31707E+01 1.31718E+01 1.31765E+01 1.27276E+01 1.24322E+01 1.14686E+01 3.79600E+02
1.35632E+01 1.45185E+01 1.48107E+01 1.52488E+01 1.52489E+01 1.52501E+01 1.52550E+01 1.48107E+01 1.45185E+01 1.35632E+01 4.39533E+02
1.58994E+01 1.68465E+01 1.71354E+01 1.75686E+01 1.75687E+01 1.75700E+01 1.75751E+01 1.71354E+01 1.68465E+01 1.58994E+01 5.05188E+02
1.84921E+01 1.94310E+01 1.97166E+01 2.01450E+01 2.01451E+01 2.01466E+01 2.01520E+01 1.97166E+01 1.94310E+01 1.84921E+01 5.76669E+02
2.13559E+01 2.22865E+01 2.25690E+01 2.29926E+01 2.29927E+01 2.29943E+01 2.29999E+01 2.25690E+01 2.22865E+01 2.13559E+01 6.54037E+02
2.45099E+01 2.54322E+01 2.57116E+01 2.61304E+01 2.61305E+01 2.61323E+01 2.61381E+01 2.57116E+01 2.54322E+01 2.45099E+01 7.37414E+02
2.79644E+01 2.88784E+01 2.91547E+01 2.95688E+01 2.95689E+01 2.95709E+01 2.95769E+01 2.91547E+01 2.88784E+01 2.79644E+01 8.26707E+02
0.00000E+00 0.00000E+00 3.46784E-01 8.66960E-01 8.66960E-01 8.67028E-01 8.69272E-01 3.46784E-01 0.00000E+00 0.00000E+00 3.00438E-02
0.00000E+00 4.37879E-02 3.86473E-01 9.00496E-01 9.00499E-01 9.00598E-01 9.02975E-01 3.86473E-01 4.37879E-02 0.00000E+00 1.49377E+00
0.00000E+00 1.19189E-01 4.57951E-01 9.66085E-01 9.66091E-01 9.66225E-01 9.68735E-01 4.57951E-01 1.19189E-01 0.00000E+00 3.80824E+00
0.00000E+00 2.28040E-01 5.63014E-01 1.06546E+00 1.06547E+00 1.06564E+00 1.06829E+00 5.63014E-01 2.28040E-01 0.00000E+00 7.16482E+00
0.00000E+00 3.74763E-01 7.06067E-01 1.20300E+00 1.20302E+00 1.20323E+00 1.20601E+00 7.06067E-01 3.74763E-01 0.00000E+00 1.17471E+01
0.00000E+00 5.66338E-01 8.94079E-01 1.38567E+00 1.38568E+00 1.38594E+00 1.38886E+00 8.94079E-01 5.66338E-01 0.00000E+00 1.78181E+01
0.00000E+00 8.07878E-01 1.13215E+00 1.61852E+00 1.61854E+00 1.61885E+00 1.62191E+00 1.13215E+00 8.07878E-01 0.00000E+00 2.55704E+01
0.00000E+00 1.02944E+00 1.35108E+00 1.83350E+00 1.83352E+00 1.83387E+00 1.83704E+00 1.35108E+00 1.02944E+00 0.00000E+00 3.27399E+01
6.91028E-02 1.09678E+00 1.41766E+00 1.89895E+00 1.89897E+00 1.89933E+00 1.90253E+00 1.41766E+00 1.09678E+00 6.91028E-02 3.50829E+01
4.58927E-01 1.47824E+00 1.79556E+00 2.27149E+00 2.27152E+00 2.27194E+00 2.27530E+00 1.79556E+00 1.47824E+00 4.58927E-01 4.70601E+01
9.36219E-01 1.94720E+00 2.26101E+00 2.73167E+00 2.73170E+00 2.73219E+00 2.73571E+00 2.26101E+00 1.94720E+00 9.36219E-01 6.15483E+01
1.50416E+00 2.50683E+00 2.81717E+00 3.28262E+00 3.28265E+00 3.28321E+00 3.28690E+00 2.81717E+00 2.50683E+00 1.50416E+00 7.89040E+01
2.17333E+00 3.16770E+00 3.47461E+00 3.93491E+00 3.93495E+00 3.93559E+00 3.93945E+00 3.47461E+00 3.16770E+00 2.17333E+00 9.94177E+01
2.95715E+00 3.94324E+00 4.24675E+00 4.70196E+00 4.70200E+00 4.70272E+00 4.70676E+00 4.24675E+00 3.94324E+00 2.95715E+00 1.23430E+02
3.86763E+00 4.84544E+00 5.14560E+00 5.59577E+00 5.59581E+00 5.59663E+00 5.60085E+00 5.14560E+00 4.84544E+00 3.86763E+00 1.51211E+02
4.91627E+00 5.88580E+00 6.18264E+00 6.62782E+00 6.62787E+00 6.62878E+00 6.63319E+00 6.18264E+00 5.88580E+00 4.91627E+00 1.82987E+02
6.11611E+00 7.07736E+00 7.37092E+00 7.81116E+00 7.81121E+00 7.81222E+00 7.81683E+00 7.37092E+00 7.07736E+00 6.11611E+00 2.19004E+02
7.48050E+00 8.43347E+00 8.72377E+00 9.15912E+00 9.15918E+00 9.16031E+00 9.16512E+00 8.72377E+00 8.43347E+00 7.48050E+00 2.59488E+02
9.02298E+00 9.96768E+00 1.02548E+01 1.06853E+01 1.06853E+01 1.06866E+01 1.06916E+01 1.02548E+01 9.96768E+00 9.02298E+00 3.04640E+02
1.07571E+01 1.16936E+01 1.19774E+01 1.24032E+01 1.24032E+01 1.24046E+01 1.24098E+01 1.19774E+01 1.16936E+01 1.07571E+01 3.54633E+02
1.26965E+01 1.36246E+01 1.39053E+01 1.43263E+01 1.43264E+01 1.43279E+01 1.43333E+01 1.39053E+01 1.36246E+01 1.26965E+01 4.09608E+02
1.48543E+01 1.57742E+01 1.60517E+01 1.64680E+01 1.64681E+01 1.64697E+01 1.64754E+01 1.60517E+01 1.57742E+01 1.48543E+01 4.69671E+02
1.72435E+01 1.81551E+01 1.84296E+01 1.88412E+01 1.88413E+01 1.88430E+01 1.88490E+01 1.84296E+01 1.81551E+01 1.72435E+01 5.34894E+02
1.98765E+01 2.07797E+01 2.10511E+01 2.14581E+01 2.14582E+01 2.14602E+01 2.14663E+01 2.10511E+01 2.07797E+01 1.98765E+01 6.05309E+02
2.27696E+01 2.36645E+01 2.39329E+01 2.43353E+01 2.43354E+01 2.43375E+01 2.43439E+01 2.39329E+01 2.36645E+01 2.27696E+01 6.80999E+02
2.59314E+01 2.68180E+01 2.70833E+01 2.74812E+01 2.74813E+01 2.74836E+01 2.74903E+01 2.70833E+01 2.68180E+01 2.59314E+01 7.61860E+02
0.00000E+00 0.00000E+00 3.31378E-01 8.28444E-01 8.28444E-01 8.28532E-01 8.31085E-01 3.31378E-01 0.00000E+00 0.00000E+00 3.49614E-02
0.00000E+00 4.47830E-02 3.72212E-01 8.63349E-01 8.63353E-01 8.63480E-01 8.66182E-01 3.72212E-01 4.47830E-02 0.00000E+00 1.51162E+00
0.00000E+00 1.20106E-01 4.43756E-01 9.29220E-01 9.29227E-01 9.29397E-01 9.32248E-01 4.43756E-01 1.20106E-01 0.00000E+00 3.80794E+00
0.00000E+00 2.27289E-01 5.47292E-01 1.02728E+00 1.02729E+00 1.02751E+00 1.03051E+00 5.47292E-01 2.27289E-01 0.00000E+00 7.09852E+00
0.00000E+00 3.70299E-01 6.86768E-01 1.16145E+00 1.16146E+00 1.16173E+00 1.16488E+00 6.86768E-01 3.70299E-01 0.00000E+00 1.15477E+01
0.00000E+00 5.55469E-01 8.68507E-01 1.33804E+00 1.33805E+00 1.33838E+00 1.34169E+00 8.68507E-01 5.55469E-01 0.00000E+00 1.73924E+01
0.00000E+00 7.87336E-01 1.09703E+00 1.56154E+00 1.56157E+00 1.56195E+00 1.56542E+00 1.09703E+00 7.87336E-01 0.00000E+00 2.48012E+01
0.00000E+00 9.99010E-01 1.30617E+00 1.76688E+00 1.76690E+00 1.76734E+00 1.77092E+00 1.30617E+00 9.99010E-01 0.00000E+00 3.16173E+01
6.58574E-02 1.06309E+00 1.36952E+00 1.82914E+00 1.82916E+00 1.82961E+00 1.83323E+00 1.36952E+00 1.06309E+00 6.58574E-02 3.38352E+01
4.36421E-01 1.42521E+00 1.72822E+00 2.18269E+00 2.18272E+00 2.18324E+00 2.18704E+00 1.72822E+00 1.42521E+00 4.36421E-01 4.51383E+01
8.87861E-01 1.86825E+00 2.16789E+00 2.61728E+00 2.61731E+00 2.61791E+00 2.62189E+00 2.16789E+00 1.86825E+00 8.87861E-01 5.87342E+01
1.42252E+00 2.39453E+00 2.69083E+00 3.13521E+00 3.13524E+00 3.13593E+00 3.14010E+00 2.69083E+00 2.39453E+00 1.42252E+00 7.49367E+01
2.04972E+00 3.01336E+00 3.30636E+00 3.74579E+00 3.74583E+00 3.74661E+00 3.75097E+00 3.30636E+00 3.01336E+00 2.04972E+00 9.39946E+01
2.78130E+00 3.73659E+00 4.02633E+00 4.46086E+00 4.46091E+00 4.46179E+00 4.46635E+00 4.02633E+00 3.73659E+00 2.78130E+00 1.16200E+02
3.62774E+00 4.57468E+00 4.86120E+00 5.29089E+00 5.29094E+00 5.29193E+00 5.29669E+00 4.86120E+00 4.57468E+00 3.62774E+00 1.41776E+02
4.59897E+00 5.53757E+00 5.82090E+00 6.24580E+00 6.24586E+00 6.24696E+00 6.25193E+00 5.82090E+00 5.53757E+00 4.59897E+00 1.70908E+02
5.70627E+00 6.63653E+00 6.91670E+00 7.33686E+00 7.33692E+00 7.33815E+00 7.34333E+00 6.91670E+00 6.63653E+00 5.70627E+00 2.03798E+02
6.96108E+00 7.88300E+00 8.16005E+00 8.57551E+00 8.57558E+00 8.57694E+00 8.58234E+00 8.16005E+00 7.88300E+00 6.96108E+00 2.40624E+02
8.37496E+00 9.28854E+00 9.56250E+00 9.97331E+00 9.97339E+00 9.97488E+00 9.98052E+00 9.56250E+00 9.28854E+00 8.37496E+00 2.81543E+02
9.95939E+00 1.08646E+01 1.11355E+01 1.15417E+01 1.15418E+01 1.15435E+01 1.15493E+01 1.11355E+01 1.08646E+01 9.95939E+00 3.26684E+02
1.17257E+01 1.26226E+01 1.28905E+01 1.32922E+01 1.32922E+01 1.32940E+01 1.33002E+01 1.28905E+01 1.26226E+01 1.17257E+01 3.76149E+02
1.36850E+01 1.45736E+01 1.48385E+01 1.52356E+01 1.52357E+01 1.52377E+01 1.52440E+01 1.48385E+01 1.45736E+01 1.36850E+01 4.30005E+02
1.58479E+01 1.67281E+01 1.69900E+01 1.73827E+01 1.73828E+01 1.73849E+01 1.73916E+01 1.69900E+01 1.67281E+01 1.58479E+01 4.88291E+02
1.82244E+01 1.90963E+01 1.93552E+01 1.97435E+01 1.97436E+01 1.97459E+01 1.97528E+01 1.93552E+01 1.90963E+01 1.82244E+01 5.51006E+02
2.08280E+01 2.16916E+01 2.19476E+01 2.23315E+01 2.23316E+01 2.23341E+01 2.23413E+01 2.19476E+01 2.16916E+01 2.08280E+01 6.18195E+02
2.36652E+01 2.45205E+01 2.47736E+01 2.51531E+01 2.51533E+01 2.51560E+01 2.51634E+01 2.47736E+01 2.45205E+01 2.36652E+01 6.89737E+02
0.00000E+00 0.00000E+00 3.14752E-01 7.86881E-01 7.86881E-01 7.86994E-01 7.89914E-01 3.14752E-01 0.00000E+00 0.00000E+00 4.08680E-02
0.00000E+00 4.58855E-02 3.56853E-01 8.23297E-01 8.23301E-01 8.23463E-01 8.26550E-01 3.56853E-01 4.58855E-02 0.00000E+00 1.53242E+00
0.00000E+00 1.21087E-01 4.28433E-01 8.89439E-01 8.89446E-01 8.89663E-01 8.92917E-01 4.28433E-01 1.21087E-01 0.00000E+00 3.80809E+00
0.00000E+00 2.26375E-01 5.30227E-01 9.85983E-01 9.85995E-01 9.86270E-01 9.89693E-01 5.30227E-01 2.26375E-01 0.00000E+00 7.02458E+00
0.00000E+00 3.65231E-01 6.65697E-01 1.11637E+00 1.11639E+00 1.11672E+00 1.12032E+00 6.65697E-01 3.65231E-01 0.00000E+00 1.13257E+01
0.00000E+00 5.43303E-01 8.40485E-01 1.28622E+00 1.28624E+00 1.28665E+00 1.29042E+00 8.40485E-01 5.43303E-01 0.00000E+00 1.69207E+01
0.00000E+00 7.64522E-01 1.05851E+00 1.49944E+00 1.49946E+00 1.49994E+00 1.50389E+00 1.05851E+00 7.64522E-01 0.00000E+00 2.39527E+01
2.22045E-16 9.65356E-01 1.25691E+00 1.69421E+00 1.69423E+00 1.69477E+00 1.69885E+00 1.25691E+00 9.65356E-01 2.22045E-16 3.03827E+01
6.23132E-02 1.02587E+00 1.31673E+00 1.75298E+00 1.75301E+00 1.75357E+00 1.75769E+00 1.31673E+00 1.02587E+00 6.23132E-02 3.24644E+01
4.11887E-01 1.36692E+00 1.65451E+00 2.08583E+00 2.08586E+00 2.08651E+00 2.09083E+00 1.65451E+00 1.36692E+00 4.11887E-01 4.30352E+01
8.35267E-01 1.78182E+00 2.06617E+00 2.49264E+00 2.49268E+00 2.49342E+00 2.49794E+00 2.06617E+00 1.78182E+00 8.35267E-01 5.56656E+01
1.33392E+00 2.27201E+00 2.55318E+00 2.97486E+00 2.97490E+00 2.97575E+00 2.98047E+00 2.55318E+00 2.27201E+00 1.33392E+00 7.06250E+01
1.91586E+00 2.84551E+00 3.12352E+00 3.54047E+00 3.54051E+00 3.54147E+00 3.54641E+00 3.12352E+00 2.84551E+00 1.91586E+00 8.81188E+01
2.59128E+00 3.51250E+00 3.78740E+00 4.19966E+00 4.19971E+00 4.20079E+00 4.20595E+00 3.78740E+00 3.51250E+00 2.59128E+00 1.08388E+02
3.36905E+00 4.28184E+00 4.55367E+00 4.96131E+00 4.96136E+00 4.96257E+00 4.96795E+00 4.55367E+00 4.28184E+00 3.36905E+00 1.31609E+02
4.25749E+00 5.16187E+00 5.43065E+00 5.83372E+00 5.83378E+00 5.83512E+00 5.84074E+00 5.43065E+00 5.16187E+00 4.25749E+00 1.57926E+02
5.26603E+00 6.16200E+00 6.42778E+00 6.82632E+00 6.82638E+00 6.82787E+00 6.83373E+00 6.42778E+00 6.16200E+00 5.26603E+00 1.87491E+02
6.40417E+00 7.29174E+00 7.55453E+00 7.94859E+00 7.94867E+00 7.95031E+00 7.95641E+00 7.55453E+00 7.29174E+00 6.40417E+00 2.20439E+02
7.68139E+00 8.56057E+00 8.82041E+00 9.21004E+00 9.21012E+00 9.21192E+00 9.21828E+00 8.82041E+00 8.56057E+00 7.68139E+00 2.56879E+02
9.10705E+00 9.97782E+00 1.02348E+01 1.06200E+01 1.06201E+01 1.06221E+01 1.06287E+01 1.02348E+01 9.97782E+00 9.10705E+00 2.96899E+02
1.06902E+01 1.15526E+01 1.18067E+01 1.21876E+01 1.21877E+01 1.21898E+01 1.21967E+01 1.18067E+01 1.15526E+01 1.06902E+01 3.40558E+02
1.24398E+01 1.32938E+01 1.35449E+01 1.39215E+01 1.39216E+01 1.39240E+01 1.39312E+01 1.35449E+01 1.32938E+01 1.24398E+01 3.87887E+02
1.43639E+01 1.52095E+01 1.54579E+01 1.58302E+01 1.58303E+01 1.58329E+01 1.58403E+01 1.54579E+01 1.52095E+01 1.43639E+01 4.38890E+02
1.64703E+01 1.73076E+01 1.75531E+01 1.79213E+01 1.79214E+01 1.79242E+01 1.79319E+01 1.75531E+01 1.73076E+01 1.64703E+01 4.93537E+02
1.87697E+01 1.95985E+01 1.98413E+01 2.02053E+01 2.02054E+01 2.02084E+01 2.02165E+01 1.98413E+01 1.95985E+01 1.87697E+01 5.51834E+02
2.12662E+01 2.20867E+01 2.23268E+01 2.26866E+01 2.26867E+01 2.26900E+01 2.26983E+01 2.23268E+01 2.20867E+01 2.12662E+01 6.13649E+02
0.00000E+00 0.00000E+00 2.97910E-01 7.44776E-01 7.44776E-01 7.44922E-01 7.48266E-01 2.97910E-01 0.00000E+00 0.00000E+00 4.78547E-02
0.00000E+00 4.70433E-02 3.41337E-01 7.82770E-01 7.82774E-01 7.82983E-01 7.86514E-01 3.41337E-01 4.70433E-02 0.00000E+00 1.55585E+00
0.00000E+00 1.22057E-01 4.12892E-01 8.49130E-01 8.49138E-01 8.49414E-01 8.53133E-01 4.12892E-01 1.22057E-01 0.00000E+00 3.80874E+00
0.00000E+00 2.25262E-01 5.12762E-01 9.43987E-01 9.44000E-01 9.44348E-01 9.48256E-01 5.12762E-01 2.25262E-01 0.00000E+00 6.94541E+00
0.00000E+00 3.59666E-01 6.43936E-01 1.07031E+00 1.07033E+00 1.07075E+00 1.07485E+00 6.43936E-01 3.59666E-01 0.00000E+00 1.10893E+01
0.00000E+00 5.30241E-01 8.11377E-01 1.23304E+00 1.23306E+00 1.23357E+00 1.23787E+00 8.11377E-01 5.30241E-01 0.00000E+00 1.64221E+01
0.00000E+00 7.40332E-01 1.01842E+00 1.43550E+00 1.43553E+00 1.43613E+00 1.44062E+00 1.01842E+00 7.40332E-01 0.00000E+00 2.30626E+01
0.00000E+00 9.29913E-01 1.20569E+00 1.61930E+00 1.61933E+00 1.62000E+00 1.62464E+00 1.20569E+00 9.29913E-01 0.00000E+00 2.90939E+01
5.86551E-02 9.86748E-01 1.26186E+00 1.67448E+00 1.67451E+00 1.67520E+00 1.67989E+00 1.26186E+00 9.86748E-01 5.86551E-02 3.10357E+01
3.86637E-01 1.30611E+00 1.57810E+00 1.98602E+00 1.98606E+00 1.98686E+00 1.99177E+00 1.57810E+00 1.30611E+00 3.86637E-01 4.08569E+01
7.81327E-01 1.69223E+00 1.96114E+00 2.36444E+00 2.36448E+00 2.36540E+00 2.37053E+00 1.96114E+00 1.69223E+00 7.81327E-01 5.25057E+01
1.24338E+00 2.14573E+00 2.41161E+00 2.81035E+00 2.81039E+00 2.81143E+00 2.81680E+00 2.41161E+00 2.14573E+00 1.24338E+00 6.62083E+01
1.77954E+00 2.67336E+00 2.93624E+00 3.33047E+00 3.33053E+00 3.33170E+00 3.33730E+00 2.93624E+00 2.67336E+00 1.77954E+00 8.21293E+01
2.39842E+00 3.28373E+00 3.54365E+00 3.93343E+00 3.93349E+00 3.93480E+00 3.94065E+00 3.54365E+00 3.28373E+00 2.39842E+00 1.00461E+02
3.10737E+00 3.98418E+00 4.24117E+00 4.62656E+00 4.62662E+00 4.62809E+00 4.63419E+00 4.24117E+00 3.98418E+00 3.10737E+00 1.21338E+02
3.91317E+00 4.78150E+00 5.03560E+00 5.41664E+00 5.41671E+00 5.41833E+00 5.42470E+00 5.03560E+00 4.78150E+00 3.91317E+00 1.44862E+02
4.82352E+00 5.68337E+00 5.93461E+00 6.31134E+00 6.31142E+00 6.31322E+00 6.31985E+00 5.93461E+00 5.68337E+00 4.82352E+00 1.71145E+02
5.84606E+00 6.69744E+00 6.94586E+00 7.31834E+00 7.31842E+00 7.32040E+00 7.32731E+00 6.94586E+00 6.69744E+00 5.84606E+00 2.00276E+02
6.98835E+00 7.83128E+00 8.07690E+00 8.44517E+00 8.44527E+00 8.44744E+00 8.45462E+00 8.07690E+00 7.83128E+00 6.98835E+00 2.32327E+02
8.25773E+00 9.09222E+00 9.33507E+00 9.69918E+00 9.69928E+00 9.70166E+00 9.70914E+00 9.33507E+00 9.09222E+00 8.25773E+00 2.67344E+02
9.66126E+00 1.04873E+01 1.07274E+01 1.10874E+01 1.10875E+01 1.10901E+01 1.10979E+01 1.07274E+01 1.04873E+01 9.66126E+00 3.05351E+02
1.12056E+01 1.20232E+01 1.22606E+01 1.26165E+01 1.26167E+01 1.26195E+01 1.26276E+01 1.22606E+01 1.20232E+01 1.12056E+01 3.46347E+02
1.28969E+01 1.37061E+01 1.39408E+01 1.42927E+01 1.42928E+01 1.42959E+01 1.43043E+01 1.39408E+01 1.37061E+01 1.28969E+01 3.90306E+02
1.47407E+01 1.55415E+01 1.57736E+01 1.61215E+01 1.61216E+01 1.61249E+01 1.61337E+01 1.57736E+01 1.55415E+01 1.47407E+01 4.37174E+02
1.67449E+01 1.75373E+01 1.77668E+01 1.81107E+01 1.81108E+01 1.81144E+01 1.81235E+01 1.77668E+01 1.75373E+01 1.67449E+01 4.86924E+02
1.89120E+01 1.96961E+01 1.99229E+01 2.02629E+01 2.02631E+01 2.02669E+01 2.02763E+01 1.99229E+01 1.96961E+01 1.89120E+01 5.39415E+02
0.00000E+00 0.00000E+00 2.82281E-01 7.05702E-01 7.05702E-01 7.05891E-01 7.09715E-01 2.82281E-01 0.00000E+00 0.00000E+00 5.59898E-02
0.00000E+00 4.81677E-02 3.26994E-01 7.45225E-01 7.45230E-01 7.45496E-01 7.49531E-01 3.26994E-01 4.81677E-02 0.00000E+00 1.58107E+00
0.00000E+00 1.22888E-01 3.98414E-01 8.11685E-01 8.11695E-01 8.12044E-01 8.16289E-01 3.98414E-01 1.22888E-01 0.00000E+00 3.80952E+00
0.00000E+00 2.23890E-01 4.96233E-01 9.04722E-01 9.04736E-01 9.05174E-01 9.09632E-01 4.96233E-01 2.23890E-01 0.00000E+00 6.86424E+00
0.00000E+00 3.53767E-01 6.23031E-01 1.02689E+00 1.02691E+00 1.02744E+00 1.03212E+00 6.23031E-01 3.53767E-01 0.00000E+00 1.08506E+01
0.00000E+00 5.16894E-01 7.83173E-01 1.18255E+00 1.18257E+00 1.18321E+00 1.18809E+00 7.83173E-01 5.16894E-01 0.00000E+00 1.59256E+01
0.00000E+00 7.16117E-01 9.79492E-01 1.37450E+00 1.37453E+00 1.37527E+00 1.38038E+00 9.79492E-01 7.16117E-01 0.00000E+00 2.21872E+01
0.00000E+00 8.94829E-01 1.15600E+00 1.54771E+00 1.54774E+00 1.54857E+00 1.55385E+00 1.15600E+00 8.94829E-01 0.00000E+00 2.78369E+01
5.51544E-02 9.48142E-01 1.20869E+00 1.59944E+00 1.59948E+00 1.60033E+00 1.60566E+00 1.20869E+00 9.48142E-01 5.51544E-02 2.96458E+01
3.62590E-01 1.24686E+00 1.50443E+00 1.89072E+00 1.89076E+00 1.89174E+00 1.89732E+00 1.50443E+00 1.24686E+00 3.62590E-01 3.87599E+01
7.30261E-01 1.60585E+00 1.86050E+00 2.24239E+00 2.24244E+00 2.24356E+00 2.24939E+00 1.86050E+00 1.60585E+00 7.30261E-01 4.94927E+01
1.15817E+00 2.02512E+00 2.27689E+00 2.65444E+00 2.65449E+00 2.65577E+00 2.66185E+00 2.27689E+00 2.02512E+00 1.15817E+00 6.20345E+01
1.65200E+00 2.51034E+00 2.75926E+00 3.13253E+00 3.13259E+00 3.13402E+00 3.14037E+00 2.75926E+00 2.51034E+00 1.65200E+00 7.65161E+01
2.21903E+00 3.06878E+00 3.31489E+00 3.68393E+00 3.68400E+00 3.68560E+00 3.69222E+00 3.31489E+00 3.06878E+00 2.21903E+00 9.30902E+01
2.86535E+00 3.70653E+00 3.94986E+00 4.31473E+00 4.31480E+00 4.31658E+00 4.32348E+00 3.94986E+00 3.70653E+00 2.86535E+00 1.11857E+02
3.59648E+00 4.42912E+00 4.66971E+00 5.03045E+00 5.03053E+00 5.03250E+00 5.03969E+00 4.66971E+00 4.42912E+00 3.59648E+00 1.32889E+02
4.41870E+00 5.24281E+00 5.48068E+00 5.83734E+00 5.83743E+00 5.83960E+00 5.84709E+00 5.48068E+00 5.24281E+00 4.41870E+00 1.56261E+02
5.33817E+00 6.15376E+00 6.38896E+00 6.74159E+00 6.74168E+00 6.74407E+00 6.75186E+00 6.38896E+00 6.15376E+00 5.33817E+00 1.82034E+02
6.36089E+00 7.16800E+00 7.40054E+00 7.74918E+00 7.74928E+00 7.75189E+00 7.76000E+00 7.40054E+00 7.16800E+00 6.36089E+00 2.10246E+02
7.49262E+00 8.29125E+00 8.52117E+00 8.86586E+00 8.86598E+00 8.86882E+00 8.87725E+00 8.52117E+00 8.29125E+00 7.49262E+00 2.40917E+02
8.73878E+00 9.52896E+00 9.75628E+00 1.00971E+01 1.00972E+01 1.01003E+01 1.01091E+01 9.75628E+00 9.52896E+00 8.73878E+00 2.74046E+02
1.01044E+01 1.08861E+01 1.11109E+01 1.14478E+01 1.14479E+01 1.14513E+01 1.14604E+01 1.11109E+01 1.08861E+01 1.01044E+01 3.09609E+02
1.15940E+01 1.23673E+01 1.25895E+01 1.29226E+01 1.29228E+01 1.29264E+01 1.29359E+01 1.25895E+01 1.23673E+01 1.15940E+01 3.47561E+02
1.32115E+01 1.39764E+01 1.41961E+01 1.45255E+01 1.45256E+01 1.45296E+01 1.45394E+01 1.41961E+01 1.39764E+01 1.32115E+01 3.87834E+02
1.49627E+01 1.57193E+01 1.59365E+01 1.62621E+01 1.62622E+01 1.62665E+01 1.62767E+01 1.59365E+01 1.57193E+01 1.49627E+01 4.30380E+02
1.68489E+01 1.75971E+01 1.78119E+01 1.81338E+01 1.81339E+01 1.81385E+01 1.81490E+01 1.78119E+01 1.75971E+01 1.68489E+01 4.75059E+02
0.00000E+00 0.00000E+00 2.66771E-01 6.66927E-01 6.66927E-01 6.67171E-01 6.71548E-01 2.66771E-01 0.00000E+00 0.00000E+00 6.55646E-02
0.00000E+00 4.92251E-02 3.12719E-01 7.07950E-01 7.07955E-01 7.08295E-01 7.12908E-01 3.12719E-01 4.92251E-02 0.00000E+00 1.60666E+00
0.00000E+00 1.23478E-01 3.83842E-01 7.74368E-01 7.74378E-01 7.74821E-01 7.79670E-01 3.83842E-01 1.23478E-01 0.00000E+00 3.80642E+00
0.00000E+00 2.22023E-01 4.79371E-01 8.65363E-01 8.65379E-01 8.65930E-01 8.71017E-01 4.79371E-01 2.22023E-01 0.00000E+00 6.77261E+00
0.00000E+00 3.47076E-01 6.01508E-01 9.83113E-01 9.83135E-01 9.83802E-01 9.89128E-01 6.01508E-01 3.47076E-01 0.00000E+00 1.05935E+01
0.00000E+00 5.02450E-01 7.54055E-01 1.13141E+00 1.13144E+00 1.13223E+00 1.13780E+00 7.54055E-01 5.02450E-01 0.00000E+00 1.54028E+01
0.00000E+00 6.90531E-01 9.39388E-01 1.31261E+00 1.31264E+00 1.31356E+00 1.31938E+00 9.39388E-01 6.90531E-01 0.00000E+00 2.12792E+01
0.00000E+00 8.58207E-01 1.10498E+00 1.47507E+00 1.47511E+00 1.47614E+00 1.48214E+00 1.10498E+00 8.58207E-01 0.00000E+00 2.65442E+01
5.16211E-02 9.07967E-01 1.15415E+00 1.52334E+00 1.52338E+00 1.52444E+00 1.53050E+00 1.15415E+00 9.07967E-01 5.16211E-02 2.82201E+01
3.38414E-01 1.18595E+00 1.42932E+00 1.79429E+00 1.79434E+00 1.79555E+00 1.80188E+00 1.42932E+00 1.18595E+00 3.38414E-01 3.66297E+01
6.79165E-01 1.51795E+00 1.75855E+00 2.11936E+00 2.11942E+00 2.12080E+00 2.12741E+00 1.75855E+00 1.51795E+00 6.79165E-01 4.64573E+01
1.07331E+00 1.90338E+00 2.14126E+00 2.49797E+00 2.49803E+00 2.49959E+00 2.50649E+00 2.14126E+00 1.90338E+00 1.07331E+00 5.78605E+01
1.52556E+00 2.34695E+00 2.58214E+00 2.93480E+00 2.93487E+00 2.93662E+00 2.94381E+00 2.58214E+00 2.34695E+00 1.52556E+00 7.09395E+01
2.04195E+00 2.85470E+00 3.08724E+00 3.43591E+00 3.43598E+00 3.43793E+00 3.44543E+00 3.08724E+00 2.85470E+00 2.04195E+00 8.58113E+01
2.62743E+00 3.43157E+00 3.66148E+00 4.00621E+00 4.00629E+00 4.00845E+00 4.01626E+00 3.66148E+00 3.43157E+00 2.62743E+00 1.02546E+02
3.28640E+00 4.08197E+00 4.30929E+00 4.65012E+00 4.65021E+00 4.65259E+00 4.66072E+00 4.30929E+00 4.08197E+00 3.28640E+00 1.21189E+02
4.02385E+00 4.81086E+00 5.03563E+00 5.37260E+00 5.37270E+00 5.37532E+00 5.38378E+00 5.03563E+00 4.81086E+00 4.02385E+00 1.41787E+02
4.84461E+00 5.62309E+00 5.84532E+00 6.17849E+00 6.17860E+00 6.18147E+00 6.19026E+00 5.84532E+00 5.62309E+00 4.84461E+00 1.64371E+02
5.75329E+00 6.52327E+00 6.74301E+00 7.07241E+00 7.07253E+00 7.07566E+00 7.08480E+00 6.74301E+00 6.52327E+00 5.75329E+00 1.88955E+02
6.75425E+00 7.51575E+00 7.73302E+00 8.05870E+00 8.05882E+00 8.06224E+00 8.07174E+00 7.73302E+00 7.51575E+00 6.75425E+00 2.15536E+02
7.85148E+00 8.60454E+00 8.81935E+00 9.14135E+00 9.14149E+00 9.14520E+00 9.15506E+00 8.81935E+00 8.60454E+00 7.85148E+00 2.44092E+02
9.04856E+00 9.79320E+00 1.00056E+01 1.03240E+01 1.03241E+01 1.03281E+01 1.03384E+01 1.00056E+01 9.79320E+00 9.04856E+00 2.74581E+02
1.03486E+01 1.10849E+01 1.12949E+01 1.16096E+01 1.16098E+01 1.16141E+01 1.16248E+01 1.12949E+01 1.10849E+01 1.03486E+01 3.06946E+02
1.17543E+01 1.24821E+01 1.26898E+01 1.30010E+01 1.30011E+01 1.30058E+01 1.30168E+01 1.26898E+01 1.24821E+01 1.17543E+01 3.41107E+02
1.32694E+01 1.39889E+01 1.41942E+01 1.45019E+01 1.45021E+01 1.45071E+01 1.45186E+01 1.41942E+01 1.39889E+01 1.32694E+01 3.77001E+02
1.48942E+01 1.56055E+01 1.58085E+01 1.61127E+01 1.61129E+01 1.61183E+01 1.61301E+01 1.58085E+01 1.56055E+01 1.48942E+01 4.14493E+02
0.00000E+00 0.00000E+00 2.52460E-01 6.31149E-01 6.31149E-01 6.31465E-01 6.36466E-01 2.52460E-01 0.00000E+00 0.00000E+00 7.66854E-02
0.00000E+00 5.00669E-02 2.99437E-01 6.73480E-01 6.73486E-01 6.73920E-01 6.79184E-01 2.99437E-01 5.00669E-02 0.00000E+00 1.63001E+00
0.00000E+00 1.23592E-01 3.70012E-01 7.39618E-01 7.39629E-01 7.40189E-01 7.45717E-01 3.70012E-01 1.23592E-01 0.00000E+00 3.79602E+00
0.00000E+00 2.19457E-01 4.63035E-01 8.28365E-01 8.28383E-01 8.29075E-01 8.34868E-01 4.63035E-01 2.19457E-01 0.00000E+00 6.66961E+00
0.00000E+00 3.39572E-01 5.80401E-01 9.41596E-01 9.41620E-01 9.42452E-01 9.48512E-01 5.80401E-01 3.39572E-01 0.00000E+00 1.03246E+01
0.00000E+00 4.87274E-01 7.25440E-01 1.08263E+00 1.08266E+00 1.08364E+00 1.08997E+00 7.25440E-01 4.87274E-01 0.00000E+00 1.48749E+01
0.00000E+00 6.64579E-01 9.00156E-01 1.25345E+00 1.25349E+00 1.25462E+00 1.26123E+00 9.00156E-01 6.64579E-01 0.00000E+00 2.03832E+01
0.00000E+00 8.21733E-01 1.05535E+00 1.40569E+00 1.40573E+00 1.40700E+00 1.41381E+00 1.05535E+00 8.21733E-01 0.00000E+00 2.52858E+01
4.82814E-02 8.68142E-01 1.10120E+00 1.45069E+00 1.45074E+00 1.45204E+00 1.45892E+00 1.10120E+00 8.68142E-01 4.82814E-02 2.68377E+01
3.15699E-01 1.12670E+00 1.35711E+00 1.70262E+00 1.70268E+00 1.70416E+00 1.71135E+00 1.35711E+00 1.12670E+00 3.15699E-01 3.45947E+01
6.31503E-01 1.43371E+00 1.66152E+00 2.00311E+00 2.00317E+00 2.00486E+00 2.01235E+00 1.66152E+00 1.43371E+00 6.31503E-01 4.35947E+01
9.94711E-01 1.78818E+00 2.01342E+00 2.35115E+00 2.35122E+00 2.35312E+00 2.36093E+00 2.01342E+00 1.78818E+00 9.94711E-01 5.39682E+01
1.40923E+00 2.19400E+00 2.41671E+00 2.75063E+00 2.75070E+00 2.75282E+00 2.76096E+00 2.41671E+00 2.19400E+00 1.40923E+00 6.57917E+01
1.88011E+00 2.65624E+00 2.87644E+00 3.20660E+00 3.20668E+00 3.20904E+00 3.21751E+00 2.87644E+00 2.65624E+00 1.88011E+00 7.91542E+01
2.41138E+00 3.17889E+00 3.39663E+00 3.72307E+00 3.72316E+00 3.72577E+00 3.73459E+00 3.39663E+00 3.17889E+00 2.41138E+00 9.41029E+01
3.00655E+00 3.76549E+00 3.98079E+00 4.30356E+00 4.30366E+00 4.30653E+00 4.31570E+00 3.98079E+00 3.76549E+00 3.00655E+00 1.10663E+02
3.66958E+00 4.41999E+00 4.63288E+00 4.95202E+00 4.95213E+00 4.95528E+00 4.96482E+00 4.63288E+00 4.41999E+00 3.66958E+00 1.28859E+02
4.40427E+00 5.14619E+00 5.35669E+00 5.67224E+00 5.67237E+00 5.67581E+00 5.68571E+00 5.35669E+00 5.14619E+00 4.40427E+00 1.48705E+02
5.21418E+00 5.94764E+00 6.15579E+00 6.46779E+00 6.46792E+00 6.47168E+00 6.48196E+00 6.15579E+00 5.94764E+00 5.21418E+00 1.70195E+02
6.10257E+00 6.82760E+00 7.03343E+00 7.34192E+00 7.34207E+00 7.34614E+00 7.35682E+00 7.03343E+00 6.82760E+00 6.10257E+00 1.93311E+02
7.07237E+00 7.78902E+00 7.99254E+00 8.29756E+00 8.29772E+00 8.30214E+00 8.31322E+00 7.99254E+00 7.78902E+00 7.07237E+00 2.18016E+02
8.12611E+00 8.83441E+00 9.03565E+00 9.33724E+00 9.33741E+00 9.34219E+00 9.35368E+00 9.03565E+00 8.83441E+00 8.12611E+00 2.44262E+02
9.26588E+00 9.96587E+00 1.01649E+01 1.04631E+01 1.04632E+01 1.04684E+01 1.04803E+01 1.01649E+01 9.96587E+00 9.26588E+00 2.71980E+02
1.04933E+01 1.11850E+01 1.13817E+01 1.16766E+01 1.16768E+01 1.16823E+01 1.16947E+01 1.13817E+01 1.11850E+01 1.04933E+01 3.01091E+02
1.18109E+01 1.24944E+01 1.26889E+01 1.29805E+01 1.29807E+01 1.29866E+01 1.29994E+01 1.26889E+01 1.24944E+01 1.18109E+01 3.31521E+02
1.32184E+01 1.38937E+01 1.40860E+01 1.43743E+01 1.43745E+01 1.43809E+01 1.43941E+01 1.40860E+01 1.38937E+01 1.32184E+01 3.63145E+02
0.00000E+00 0.00000E+00 2.40226E-01 6.00566E-01 6.00566E-01 6.00973E-01 6.06670E-01 2.40226E-01 0.00000E+00 0.00000E+00 8.95043E-02
0.00000E+00 5.05213E-02 2.87842E-01 6.43808E-01 6.43815E-01 6.44368E-01 6.50357E-01 2.87842E-01 5.05213E-02 0.00000E+00 1.64778E+00
0.00000E+00 1.22961E-01 3.57505E-01 7.09295E-01 7.09309E-01 7.10015E-01 7.16297E-01 3.57505E-01 1.22961E-01 0.00000E+00 3.77367E+00
0.00000E+00 2.15937E-01 4.47808E-01 7.95572E-01 7.95593E-01 7.96460E-01 8.03036E-01 4.47808E-01 2.15937E-01 0.00000E+00 6.55252E+00
0.00000E+00 3.31152E-01 5.60436E-01 9.04307E-01 9.04334E-01 9.05371E-01 9.12244E-01 5.60436E-01 3.31152E-01 0.00000E+00 1.00475E+01
0.00000E+00 4.71594E-01 6.98371E-01 1.03847E+00 1.03850E+00 1.03972E+00 1.04689E+00 6.98371E-01 4.71594E-01 0.00000E+00 1.43578E+01
0.00000E+00 6.39027E-01 8.63366E-01 1.19979E+00 1.19984E+00 1.20124E+00 1.20871E+00 8.63366E-01 6.39027E-01 0.00000E+00 1.95350E+01
0.00000E+00 7.86735E-01 1.00923E+00 1.34287E+00 1.34292E+00 1.34448E+00 1.35219E+00 1.00923E+00 7.86735E-01 0.00000E+00 2.41179E+01
4.53193E-02 8.30182E-01 1.05215E+00 1.38500E+00 1.38505E+00 1.38664E+00 1.39442E+00 1.05215E+00 8.30182E-01 4.53193E-02 2.55619E+01
2.95725E-01 1.07174E+00 1.29121E+00 1.62030E+00 1.62036E+00 1.62218E+00 1.63030E+00 1.29121E+00 1.07174E+00 2.95725E-01 3.27581E+01
5.90031E-01 1.35727E+00 1.57429E+00 1.89969E+00 1.89976E+00 1.90181E+00 1.91027E+00 1.57429E+00 1.35727E+00 5.90031E-01 4.10602E+01
9.27024E-01 1.68555E+00 1.90015E+00 2.22191E+00 2.22199E+00 2.22429E+00 2.23310E+00 1.90015E+00 1.68555E+00 9.27024E-01 5.05803E+01
1.31006E+00 2.05993E+00 2.27214E+00 2.59030E+00 2.59039E+00 2.59296E+00 2.60213E+00 2.27214E+00 2.05993E+00 1.31006E+00 6.13796E+01
1.74349E+00 2.48478E+00 2.69463E+00 3.00923E+00 3.00933E+00 3.01218E+00 3.02172E+00 2.69463E+00 2.48478E+00 1.74349E+00 7.35292E+01
2.23074E+00 2.96348E+00 3.17100E+00 3.48209E+00 3.48220E+00 3.48535E+00 3.49526E+00 3.17100E+00 2.96348E+00 2.23074E+00 8.70629E+01
2.77473E+00 3.49897E+00 3.70419E+00 4.01182E+00 4.01194E+00 4.01539E+00 4.02569E+00 3.70419E+00 3.49897E+00 2.77473E+00 1.01994E+02
3.37876E+00 4.09456E+00 4.29750E+00 4.60170E+00 4.60183E+00 4.60561E+00 4.61631E+00 4.29750E+00 4.09456E+00 3.37876E+00 1.18338E+02
4.04597E+00 4.75336E+00 4.95406E+00 5.25486E+00 5.25501E+00 5.25913E+00 5.27024E+00 4.95406E+00 4.75336E+00 4.04597E+00 1.36096E+02
4.77925E+00 5.47830E+00 5.67677E+00 5.97422E+00 5.97438E+00 5.97885E+00 5.99038E+00 5.67677E+00 5.47830E+00 4.77925E+00 1.55256E+02
5.58124E+00 6.27198E+00 6.46824E+00 6.76238E+00 6.76255E+00 6.76740E+00 6.77935E+00 6.46824E+00 6.27198E+00 5.58124E+00 1.75793E+02
6.45422E+00 7.13670E+00 7.33079E+00 7.62164E+00 7.62182E+00 7.62707E+00 7.63946E+00 7.33079E+00 7.13670E+00 6.45422E+00 1.97667E+02
7.40014E+00 8.07440E+00 8.26633E+00 8.55394E+00 8.55413E+00 8.55980E+00 8.57264E+00 8.26633E+00 8.07440E+00 7.40014E+00 2.20827E+02
8.42052E+00 9.08662E+00 9.27642E+00 9.56081E+00 9.56102E+00 9.56712E+00 9.58042E+00 9.27642E+00 9.08662E+00 8.42052E+00 2.45207E+02
9.51645E+00 1.01744E+01 1.03621E+01 1.06433E+01 1.06436E+01 1.06501E+01 1.06639E+01 1.03621E+01 1.01744E+01 9.51645E+00 2.70729E+02
1.06899E+01 1.13398E+01 1.15254E+01 1.18035E+01 1.18037E+01 1.18108E+01 1.18250E+01 1.15254E+01 1.13398E+01 1.06899E+01 2.97322E+02
1.19402E+01 1.25821E+01 1.27656E+01 1.30406E+01 1.30408E+01 1.30484E+01 1.30631E+01 1.27656E+01 1.25821E+01 1.19402E+01 3.24872E+02
0.00000E+00 0.00000E+00 2.27427E-01 5.68567E-01 5.68567E-01 5.69094E-01 5.75590E-01 2.27427E-01 0.00000E+00 0.00000E+00 1.04609E-01
0.00000E+00 5.05666E-02 2.75258E-01 6.12280E-01 6.12288E-01 6.12992E-01 6.19815E-01 2.75258E-01 5.05666E-02 0.00000E+00 1.65782E+00
0.00000E+00 1.21480E-01 3.43558E-01 6.76645E-01 6.76661E-01 6.77551E-01 6.84700E-01 3.43558E-01 1.21480E-01 0.00000E+00 3.73287E+00
0.00000E+00 2.11123E-01 4.30683E-01 7.59976E-01 7.60000E-01 7.61085E-01 7.68561E-01 4.30683E-01 2.11123E-01 0.00000E+00 6.40539E+00
0.00000E+00 3.20978E-01 5.38102E-01 8.63725E-01 8.63758E-01 8.65047E-01 8.72852E-01 5.38102E-01 3.20978E-01 0.00000E+00 9.72772E+00
0.00000E+00 4.53668E-01 6.68430E-01 9.90496E-01 9.90537E-01 9.92040E-01 1.00018E+00 6.68430E-01 4.53668E-01 0.00000E+00 1.37838E+01
0.00000E+00 6.10679E-01 8.23144E-01 1.14175E+00 1.14180E+00 1.14353E+00 1.15200E+00 8.23144E-01 6.10679E-01 0.00000E+00 1.86136E+01
0.00000E+00 7.48465E-01 9.59190E-01 1.27517E+00 1.27523E+00 1.27713E+00 1.28587E+00 9.59190E-01 7.48465E-01 0.00000E+00 2.28624E+01
4.22067E-02 7.88809E-01 9.99036E-01 1.31427E+00 1.31432E+00 1.31629E+00 1.32510E+00 9.99036E-01 7.88809E-01 4.22067E-02 2.41940E+01
2.74754E-01 1.01256E+00 1.22044E+00 1.53212E+00 1.53220E+00 1.53442E+00 1.54360E+00 1.22044E+00 1.01256E+00 2.74754E-01 3.08059E+01
5.46517E-01 1.27562E+00 1.48118E+00 1.78938E+00 1.78946E+00 1.79197E+00 1.80153E+00 1.48118E+00 1.27562E+00 5.46517E-01 3.83812E+01
8.56008E-01 1.57648E+00 1.77976E+00 2.08452E+00 2.08461E+00 2.08741E+00 2.09736E+00 1.77976E+00 1.57648E+00 8.56008E-01 4.70119E+01
1.20597E+00 1.91787E+00 2.11890E+00 2.42026E+00 2.42037E+00 2.42348E+00 2.43382E+00 2.11890E+00 1.91787E+00 1.20597E+00 5.67421E+01
1.59999E+00 2.30340E+00 2.50220E+00 2.80021E+00 2.80032E+00 2.80376E+00 2.81451E+00 2.50220E+00 2.30340E+00 1.59999E+00 6.76229E+01
2.04077E+00 2.73575E+00 2.93235E+00 3.22705E+00 3.22718E+00 3.23096E+00 3.24212E+00 2.93235E+00 2.73575E+00 2.04077E+00 7.96727E+01
2.53059E+00 3.21720E+00 3.41163E+00 3.70304E+00 3.70319E+00 3.70733E+00 3.71892E+00 3.41163E+00 3.21720E+00 2.53059E+00 9.28918E+01
3.07200E+00 3.75029E+00 3.94257E+00 4.23075E+00 4.23090E+00 4.23543E+00 4.24745E+00 3.94257E+00 3.75029E+00 3.07200E+00 1.07281E+02
3.66735E+00 4.33738E+00 4.52754E+00 4.81251E+00 4.81268E+00 4.81761E+00 4.83008E+00 4.52754E+00 4.33738E+00 3.66735E+00 1.22830E+02
4.31879E+00 4.98062E+00 5.16868E+00 5.45048E+00 5.45066E+00 5.45600E+00 5.46893E+00 5.16868E+00 4.98062E+00 4.31879E+00 1.39517E+02
5.02817E+00 5.68185E+00 5.86782E+00 6.14649E+00 6.14668E+00 6.15246E+00 6.16586E+00 5.86782E+00 5.68185E+00 5.02817E+00 1.57306E+02
5.79703E+00 6.44262E+00 6.62653E+00 6.90209E+00 6.90231E+00 6.90855E+00 6.92243E+00 6.62653E+00 6.44262E+00 5.79703E+00 1.76154E+02
6.62658E+00 7.26413E+00 7.44602E+00 7.71850E+00 7.71873E+00 7.72545E+00 7.73982E+00 7.44602E+00 7.26413E+00 6.62658E+00 1.96003E+02
7.51768E+00 8.14725E+00 8.32711E+00 8.59656E+00 8.59680E+00 8.60402E+00 8.61890E+00 8.32711E+00 8.14725E+00 7.51768E+00 2.16788E+02
8.47074E+00 9.09238E+00 9.27025E+00 9.53669E+00 9.53695E+00 9.54469E+00 9.56008E+00 9.27025E+00 9.09238E+00 8.47074E+00 2.38431E+02
9.48692E+00 1.01007E+01 1.02766E+01 1.05400E+01 1.05403E+01 1.05486E+01 1.05645E+01 1.02766E+01 1.01007E+01 9.48692E+00 2.60861E+02
1.05651E+01 1.11710E+01 1.13450E+01 1.16055E+01 1.16058E+01 1.16146E+01 1.16311E+01 1.13450E+01 1.11710E+01 1.05651E+01 2.83972E+02
0.00000E+00 0.00000E+00 2.15786E-01 5.39466E-01 5.39466E-01 5.40145E-01 5.47539E-01 2.15786E-01 0.00000E+00 0.00000E+00 1.22117E-01
0.00000E+00 5.01053E-02 2.63307E-01 5.83092E-01 5.83101E-01 5.83996E-01 5.91753E-01 2.63307E-01 5.01053E-02 0.00000E+00 1.65926E+00
0.00000E+00 1.19061E-01 3.29793E-01 6.45855E-01 6.45874E-01 6.46994E-01 6.55112E-01 3.29793E-01 1.19061E-01 0.00000E+00 3.67481E+00
0.00000E+00 2.05098E-01 4.13449E-01 7.25920E-01 7.25949E-01 7.27304E-01 7.35785E-01 4.13449E-01 2.05098E-01 0.00000E+00 6.23639E+00
0.00000E+00 3.09524E-01 5.15571E-01 8.24568E-01 8.24607E-01 8.26207E-01 8.35052E-01 5.15571E-01 3.09524E-01 0.00000E+00 9.38755E+00
0.00000E+00 4.34655E-01 6.38467E-01 9.44096E-01 9.44145E-01 9.46001E-01 9.55214E-01 6.38467E-01 4.34655E-01 0.00000E+00 1.31995E+01
0.00000E+00 5.81751E-01 7.83390E-01 1.08574E+00 1.08580E+00 1.08792E+00 1.09751E+00 7.83390E-01 5.81751E-01 0.00000E+00 1.77031E+01
0.00000E+00 7.10234E-01 9.10225E-01 1.21009E+00 1.21016E+00 1.21250E+00 1.22237E+00 9.10225E-01 7.10234E-01 0.00000E+00 2.16423E+01
3.93026E-02 7.47703E-01 9.47221E-01 1.24637E+00 1.24644E+00 1.24885E+00 1.25880E+00 9.47221E-01 7.47703E-01 3.93026E-02 2.28709E+01
2.55299E-01 9.55039E-01 1.15233E+00 1.44813E+00 1.44821E+00 1.45093E+00 1.46129E+00 1.15233E+00 9.55039E-01 2.55299E-01 2.89507E+01
5.06420E-01 1.19760E+00 1.39270E+00 1.68519E+00 1.68529E+00 1.68834E+00 1.69912E+00 1.39270E+00 1.19760E+00 5.06420E-01 3.58720E+01
7.90985E-01 1.47369E+00 1.66663E+00 1.95586E+00 1.95597E+00 1.95936E+00 1.97057E+00 1.66663E+00 1.47369E+00 7.90985E-01 4.37104E+01
1.11123E+00 1.78554E+00 1.97635E+00 2.26236E+00 2.26248E+00 2.26624E+00 2.27788E+00 1.97635E+00 1.78554E+00 1.11123E+00 5.24967E+01
1.47011E+00 2.13611E+00 2.32480E+00 2.60763E+00 2.60777E+00 2.61191E+00 2.62400E+00 2.32480E+00 2.13611E+00 1.47011E+00 6.22667E+01
1.86977E+00 2.52752E+00 2.71413E+00 2.99381E+00 2.99396E+00 2.99851E+00 3.01106E+00 2.71413E+00 2.52752E+00 1.86977E+00 7.30270E+01
2.31194E+00 2.96151E+00 3.14606E+00 3.42264E+00 3.42280E+00 3.42777E+00 3.44078E+00 3.14606E+00 2.96151E+00 2.31194E+00 8.47690E+01
2.79858E+00 3.44003E+00 3.62255E+00 3.89605E+00 3.89623E+00 3.90164E+00 3.91513E+00 3.62255E+00 3.44003E+00 2.79858E+00 9.74838E+01
3.33144E+00 3.96484E+00 4.14535E+00 4.41580E+00 4.41600E+00 4.42188E+00 4.43586E+00 4.14535E+00 3.96484E+00 3.33144E+00 1.11153E+02
3.91206E+00 4.53748E+00 4.71599E+00 4.98344E+00 4.98365E+00 4.99001E+00 5.00449E+00 4.71599E+00 4.53748E+00 3.91206E+00 1.25747E+02
4.54171E+00 5.15920E+00 5.33574E+00 5.60021E+00 5.60044E+00 5.60732E+00 5.62230E+00 5.33574E+00 5.15920E+00 4.54171E+00 1.41227E+02
5.22137E+00 5.83100E+00 6.00559E+00 6.26712E+00 6.26737E+00 6.27477E+00 6.29028E+00 6.00559E+00 5.83100E+00 5.22137E+00 1.57546E+02
5.95172E+00 6.55355E+00 6.72621E+00 6.98482E+00 6.98508E+00 6.99304E+00 7.00908E+00 6.72621E+00 6.55355E+00 5.95172E+00 1.74645E+02
6.73309E+00 7.32718E+00 7.49793E+00 7.75365E+00 7.75394E+00 7.76247E+00 7.77906E+00 7.49793E+00 7.32718E+00 6.73309E+00 1.92462E+02
7.56547E+00 8.15188E+00 8.32074E+00 8.57360E+00 8.57391E+00 8.58304E+00 8.60018E+00 8.32074E+00 8.15188E+00 7.56547E+00 2.10921E+02
8.44938E+00 9.02817E+00 9.19515E+00 9.44519E+00 9.44551E+00 9.45527E+00 9.47299E+00 9.19515E+00 9.02817E+00 8.44938E+00 2.29954E+02
9.38348E+00 9.95471E+00 1.01198E+01 1.03671E+01 1.03674E+01 1.03778E+01 1.03961E+01 1.01198E+01 9.95471E+00 9.38348E+00 2.49465E+02
0.00000E+00 0.00000E+00 2.04562E-01 5.11405E-01 5.11405E-01 5.12281E-01 5.20688E-01 2.04562E-01 0.00000E+00 0.00000E+00 1.42521E-01
0.00000E+00 4.92132E-02 2.51326E-01 5.54475E-01 5.54486E-01 5.55623E-01 5.64433E-01 2.51326E-01 4.92132E-02 0.00000E+00 1.65382E+00
0.00000E+00 1.15856E-01 3.15629E-01 6.15245E-01 6.15268E-01 6.16677E-01 6.25888E-01 3.15629E-01 1.15856E-01 0.00000E+00 3.60230E+00
0.00000E+00 1.98044E-01 3.95560E-01 6.91770E-01 6.91805E-01 6.93497E-01 7.03110E-01 3.95560E-01 1.98044E-01 0.00000E+00 6.04797E+00
0.00000E+00 2.96920E-01 4.92252E-01 7.85166E-01 7.85213E-01 7.87198E-01 7.97214E-01 4.92252E-01 2.96920E-01 0.00000E+00 9.02623E+00
0.00000E+00 4.14509E-01 6.07723E-01 8.97440E-01 8.97500E-01 8.99790E-01 9.10212E-01 6.07723E-01 4.14509E-01 0.00000E+00 1.25965E+01
0.00000E+00 5.51857E-01 7.43011E-01 1.02962E+00 1.02969E+00 1.03230E+00 1.04313E+00 7.43011E-01 5.51857E-01 0.00000E+00 1.67812E+01
0.00000E+00 6.71269E-01 8.60861E-01 1.14511E+00 1.14519E+00 1.14805E+00 1.15920E+00 8.60861E-01 6.71269E-01 0.00000E+00 2.04200E+01
3.64691E-02 7.05951E-01 8.95095E-01 1.17867E+00 1.17875E+00 1.18169E+00 1.19293E+00 8.95095E-01 7.05951E-01 3.64691E-02 2.15492E+01
2.36379E-01 8.97426E-01 1.08446E+00 1.36485E+00 1.36495E+00 1.36826E+00 1.37995E+00 1.08446E+00 8.97426E-01 2.36379E-01 2.71174E+01
4.67580E-01 1.12030E+00 1.30526E+00 1.58251E+00 1.58262E+00 1.58632E+00 1.59847E+00 1.30526E+00 1.12030E+00 4.67580E-01 3.34135E+01
7.28231E-01 1.37272E+00 1.55563E+00 1.82978E+00 1.82991E+00 1.83402E+00 1.84664E+00 1.55563E+00 1.37272E+00 7.28231E-01 4.04984E+01
1.02011E+00 1.65645E+00 1.83733E+00 2.10843E+00 2.10858E+00 2.11312E+00 2.12621E+00 1.83733E+00 1.65645E+00 1.02011E+00 4.83912E+01
1.34559E+00 1.97386E+00 2.15275E+00 2.42083E+00 2.42099E+00 2.42598E+00 2.43956E+00 2.15275E+00 1.97386E+00 1.34559E+00 5.71140E+01
1.70632E+00 2.32660E+00 2.50352E+00 2.76861E+00 2.76879E+00 2.77425E+00 2.78833E+00 2.50352E+00 2.32660E+00 1.70632E+00 6.66637E+01
2.10355E+00 2.71592E+00 2.89088E+00 3.15303E+00 3.15322E+00 3.15917E+00 3.17376E+00 2.89088E+00 2.71592E+00 2.10355E+00 7.70242E+01
2.53871E+00 3.14323E+00 3.31626E+00 3.57549E+00 3.57570E+00 3.58217E+00 3.59728E+00 3.31626E+00 3.14323E+00 2.53871E+00 8.81787E+01
3.01303E+00 3.60977E+00 3.78090E+00 4.03725E+00 4.03747E+00 4.04448E+00 4.06012E+00 3.78090E+00 3.60977E+00 3.01303E+00 1.00102E+02
3.52753E+00 4.11657E+00 4.28580E+00 4.53930E+00 4.53955E+00 4.54712E+00 4.56330E+00 4.28580E+00 4.11657E+00 3.52753E+00 1.12761E+02
4.08298E+00 4.66438E+00 4.83174E+00 5.08242E+00 5.08268E+00 5.09084E+00 5.10758E+00 4.83174E+00 4.66438E+00 4.08298E+00 1.26114E+02
4.67990E+00 5.25371E+00 5.41923E+00 5.66711E+00 5.66739E+00 5.67616E+00 5.69347E+00 5.41923E+00 5.25371E+00 4.67990E+00 1.40112E+02
5.31849E+00 5.88479E+00 6.04848E+00 6.29360E+00 6.29390E+00 6.30331E+00 6.32119E+00 6.04848E+00 5.88479E+00 5.31849E+00 1.54697E+02
5.99870E+00 6.55755E+00 6.71943E+00 6.96181E+00 6.96214E+00 6.97221E+00 6.99068E+00 6.71943E+00 6.55755E+00 5.99870E+00 1.69809E+02
6.72015E+00 7.27161E+00 7.43170E+00 7.67137E+00 7.67172E+00 7.68247E+00 7.70155E+00 7.43170E+00 7.27161E+00 6.72015E+00 1.85379E+02
7.48286E+00 8.02699E+00 8.18531E+00 8.42230E+00 8.42267E+00 8.43414E+00 8.45384E+00 8.18531E+00 8.02699E+00 7.48286E+00 2.01339E+02
8.28534E+00 8.82221E+00 8.97877E+00 9.21311E+00 9.21350E+00 9.22572E+00 9.24604E+00 8.97877E+00 8.82221E+00 8.28534E+00 2.17607E+02
0.00000E+00 0.00000E+00 1.93857E-01 4.84643E-01 4.84643E-01 4.85772E-01 4.95320E-01 1.93857E-01 0.00000E+00 0.00000E+00 1.66258E-01
0.00000E+00 4.78955E-02 2.39430E-01 5.26707E-01 5.26721E-01 5.28166E-01 5.38160E-01 2.39430E-01 4.78955E-02 0.00000E+00 1.64206E+00
0.00000E+00 1.11926E-01 3.01241E-01 5.85164E-01 5.85192E-01 5.86964E-01 5.97402E-01 3.01241E-01 1.11926E-01 0.00000E+00 3.51741E+00
0.00000E+00 1.90123E-01 3.77298E-01 6.57988E-01 6.58030E-01 6.60140E-01 6.71021E-01 3.77298E-01 1.90123E-01 0.00000E+00 5.84491E+00
0.00000E+00 2.83467E-01 4.68571E-01 7.46130E-01 7.46187E-01 7.48648E-01 7.59974E-01 4.68571E-01 2.83467E-01 0.00000E+00 8.65245E+00
0.00000E+00 3.93705E-01 5.76802E-01 8.51327E-01 8.51398E-01 8.54223E-01 8.65995E-01 5.76802E-01 3.93705E-01 0.00000E+00 1.19886E+01
0.00000E+00 5.21682E-01 7.02825E-01 9.74398E-01 9.74484E-01 9.77686E-01 9.89908E-01 7.02825E-01 5.21682E-01 0.00000E+00 1.58682E+01
0.00000E+00 6.32443E-01 8.12106E-01 1.08144E+00 1.08154E+00 1.08504E+00 1.09761E+00 8.12106E-01 6.32443E-01 0.00000E+00 1.92218E+01
3.37616E-02 6.64482E-01 8.43721E-01 1.11241E+00 1.11252E+00 1.11611E+00 1.12878E+00 8.43721E-01 6.64482E-01 3.37616E-02 2.02572E+01
2.18358E-01 8.40956E-01 1.01820E+00 1.28387E+00 1.28398E+00 1.28802E+00 1.30118E+00 1.01820E+00 8.40956E-01 2.18358E-01 2.53441E+01
4.30725E-01 1.04531E+00 1.22058E+00 1.48328E+00 1.48341E+00 1.48790E+00 1.50157E+00 1.22058E+00 1.04531E+00 4.30725E-01 3.10557E+01
6.68899E-01 1.27556E+00 1.44889E+00 1.70865E+00 1.70880E+00 1.71377E+00 1.72795E+00 1.44889E+00 1.27556E+00 6.68899E-01 3.74401E+01
9.34247E-01 1.53308E+00 1.70449E+00 1.96135E+00 1.96152E+00 1.96699E+00 1.98169E+00 1.70449E+00 1.53308E+00 9.34247E-01 4.45061E+01
1.22865E+00 1.81973E+00 1.98925E+00 2.24324E+00 2.24343E+00 2.24943E+00 2.26466E+00 1.98925E+00 1.81973E+00 1.22865E+00 5.22648E+01
1.55329E+00 2.13670E+00 2.30435E+00 2.55552E+00 2.55572E+00 2.56227E+00 2.57805E+00 2.30435E+00 2.13670E+00 1.55329E+00 6.07052E+01
1.90904E+00 2.48486E+00 2.65066E+00 2.89903E+00 2.89925E+00 2.90638E+00 2.92271E+00 2.65066E+00 2.48486E+00 1.90904E+00 6.98056E+01
2.29688E+00 2.86517E+00 3.02914E+00 3.27475E+00 3.27499E+00 3.28272E+00 3.29961E+00 3.02914E+00 2.86517E+00 2.29688E+00 7.95436E+01
2.71761E+00 3.27844E+00 3.44060E+00 3.68348E+00 3.68374E+00 3.69209E+00 3.70957E+00 3.44060E+00 3.27844E+00 2.71761E+00 8.98899E+01
3.17181E+00 3.72526E+00 3.88564E+00 4.12580E+00 4.12609E+00 4.13509E+00 4.15315E+00 3.88564E+00 3.72526E+00 3.17181E+00 1.00808E+02
3.65987E+00 4.20599E+00 4.36460E+00 4.60209E+00 4.60240E+00 4.61207E+00 4.63074E+00 4.36460E+00 4.20599E+00 3.65987E+00 1.12256E+02
4.18190E+00 4.72077E+00 4.87763E+00 5.11247E+00 5.11280E+00 5.12318E+00 5.14246E+00 4.87763E+00 4.72077E+00 4.18190E+00 1.24184E+02
4.73780E+00 5.26947E+00 5.42459E+00 5.65682E+00 5.65717E+00 5.66828E+00 5.68819E+00 5.42459E+00 5.26947E+00 4.73780E+00 1.36539E+02
5.32718E+00 5.85172E+00 6.00514E+00 6.23477E+00 6.23514E+00 6.24701E+00 6.26756E+00 6.00514E+00 5.85172E+00 5.32718E+00 1.49262E+02
5.94942E+00 6.46689E+00 6.61860E+00 6.84567E+00 6.84607E+00 6.85873E+00 6.87993E+00 6.61860E+00 6.46689E+00 5.94942E+00 1.62291E+02
6.60415E+00 7.11462E+00 7.26465E+00 7.48918E+00 7.48960E+00 7.50308E+00 7.52495E+00 7.26465E+00 7.11462E+00 6.60415E+00 1.75564E+02
7.28984E+00 7.79336E+00 7.94173E+00 8.16375E+00 8.16420E+00 8.17852E+00 8.20107E+00 7.94173E+00 7.79336E+00 7.28984E+00 1.89008E+02
0.00000E+00 0.00000E+00 1.83776E-01 4.59441E-01 4.59441E-01 4.60895E-01 4.71720E-01 1.83776E-01 0.00000E+00 0.00000E+00 1.93781E-01
0.00000E+00 4.63140E-02 2.27889E-01 5.00224E-01 5.00241E-01 5.02075E-01 5.13392E-01 2.27889E-01 4.63140E-02 0.00000E+00 1.62839E+00
0.00000E+00 1.07608E-01 2.87080E-01 5.56231E-01 5.56265E-01 5.58491E-01 5.70297E-01 2.87080E-01 1.07608E-01 0.00000E+00 3.42871E+00
0.00000E+00 1.81849E-01 3.59292E-01 6.25374E-01 6.25425E-01 6.28056E-01 6.40349E-01 3.59292E-01 1.81849E-01 0.00000E+00 5.64020E+00
0.00000E+00 2.69851E-01 4.45332E-01 7.08443E-01 7.08510E-01 7.11559E-01 7.24341E-01 4.45332E-01 2.69851E-01 0.00000E+00 8.28380E+00
0.00000E+00 3.73106E-01 5.46684E-01 8.06914E-01 8.06999E-01 8.10480E-01 8.23751E-01 5.46684E-01 3.73106E-01 0.00000E+00 1.13983E+01
0.00000E+00 4.92268E-01 6.63994E-01 9.21423E-01 9.21524E-01 9.25452E-01 9.39215E-01 6.63994E-01 4.92268E-01 0.00000E+00 1.49917E+01
0.00000E+00 5.94937E-01 7.65260E-01 1.02057E+00 1.02068E+00 1.02496E+00 1.03911E+00 7.65260E-01 5.94937E-01 0.00000E+00 1.80796E+01
3.12258E-02 6.24518E-01 7.94439E-01 1.04914E+00 1.04925E+00 1.05364E+00 1.06790E+00 7.94439E-01 6.24518E-01 3.12258E-02 1.90279E+01
2.01527E-01 7.87060E-01 9.55086E-01 1.20692E+00 1.20705E+00 1.21196E+00 1.22675E+00 9.55086E-01 7.87060E-01 2.01527E-01 2.36700E+01
3.96421E-01 9.74300E-01 1.14046E+00 1.38947E+00 1.38962E+00 1.39507E+00 1.41041E+00 1.14046E+00 9.74300E-01 3.96421E-01 2.88450E+01
6.13857E-01 1.18417E+00 1.34849E+00 1.59471E+00 1.59489E+00 1.60090E+00 1.61680E+00 1.34849E+00 1.18417E+00 6.13857E-01 3.45898E+01
8.54858E-01 1.41769E+00 1.58020E+00 1.82367E+00 1.82386E+00 1.83046E+00 1.84693E+00 1.58020E+00 1.41769E+00 8.54858E-01 4.09057E+01
1.12087E+00 1.67630E+00 1.83701E+00 2.07777E+00 2.07798E+00 2.08519E+00 2.10224E+00 1.83701E+00 1.67630E+00 1.12087E+00 4.77947E+01
1.41272E+00 1.96083E+00 2.11977E+00 2.35784E+00 2.35808E+00 2.36593E+00 2.38357E+00 2.11977E+00 1.96083E+00 1.41272E+00 5.52404E+01
1.73096E+00 2.27181E+00 2.42900E+00 2.66442E+00 2.66468E+00 2.67320E+00 2.69144E+00 2.42900E+00 2.27181E+00 1.73096E+00 6.32174E+01
2.07620E+00 2.60987E+00 2.76533E+00 2.99813E+00 2.99840E+00 3.00762E+00 3.02647E+00 2.76533E+00 2.60987E+00 2.07620E+00 7.17000E+01
2.44889E+00 2.97545E+00 3.12920E+00 3.35941E+00 3.35971E+00 3.36964E+00 3.38912E+00 3.12920E+00 2.97545E+00 2.44889E+00 8.06564E+01
2.84932E+00 3.36882E+00 3.52088E+00 3.74852E+00 3.74884E+00 3.75953E+00 3.77964E+00 3.52088E+00 3.36882E+00 2.84932E+00 9.00497E+01
3.27753E+00 3.79004E+00 3.94042E+00 4.16553E+00 4.16588E+00 4.17735E+00 4.19811E+00 3.94042E+00 3.79004E+00 3.27753E+00 9.98377E+01
3.73338E+00 4.23897E+00 4.38769E+00 4.61029E+00 4.61066E+00 4.62294E+00 4.64436E+00 4.38769E+00 4.23897E+00 3.73338E+00 1.09974E+02
4.21651E+00 4.71523E+00 4.86232E+00 5.08244E+00 5.08283E+00 5.09595E+00 5.11805E+00 4.86232E+00 4.71523E+00 4.21651E+00 1.20408E+02
4.72635E+00 5.21826E+00 5.36372E+00 5.58139E+00 5.58181E+00 5.59579E+00 5.61858E+00 5.36372E+00 5.21826E+00 4.72635E+00 1.31087E+02
5.26208E+00 5.74724E+00 5.89110E+00 6.10633E+00 6.10678E+00 6.12166E+00 6.14515E+00 5.89110E+00 5.74724E+00 5.26208E+00 1.41955E+02
5.82311E+00 6.30158E+00 6.44385E+00 6.65668E+00 6.65716E+00 6.67297E+00 6.69718E+00 6.44385E+00 6.30158E+00 5.82311E+00 1.52954E+02
6.40789E+00 6.87973E+00 7.02043E+00 7.23089E+00 7.23139E+00 7.24816E+00 7.27310E+00 7.02043E+00 6.87973E+00 6.40789E+00 1.64023E+02
0.00000E+00 0.00000E+00 1.74182E-01 4.35456E-01 4.35456E-01 4.37327E-01 4.49578E-01 1.74182E-01 0.00000E+00 0.00000E+00 2.25711E-01
0.00000E+00 4.46744E-02 2.16763E-01 4.74864E-01 4.74884E-01 4.77213E-01 4.90006E-01 2.16763E-01 4.46744E-02 0.00000E+00 1.61818E+00
0.00000E+00 1.03260E-01 2.73349E-01 5.28419E-01 5.28458E-01 5.31256E-01 5.44586E-01 2.73349E-01 1.03260E-01 0.00000E+00 3.34458E+00
0.00000E+00 1.73659E-01 3.41820E-01 5.93968E-01 5.94027E-01 5.97308E-01 6.11173E-01 3.41820E-01 1.73659E-01 0.00000E+00 5.44336E+00
0.00000E+00 2.56524E-01 4.22821E-01 6.72143E-01 6.72221E-01 6.75999E-01 6.90398E-01 4.22821E-01 2.56524E-01 0.00000E+00 7.92893E+00
0.00000E+00 3.53103E-01 5.17593E-01 7.64176E-01 7.64273E-01 7.68563E-01 7.83497E-01 5.17593E-01 3.53103E-01 0.00000E+00 1.08310E+01
0.00000E+00 4.63875E-01 6.26607E-01 8.70527E-01 8.70643E-01 8.75462E-01 8.90933E-01 6.26607E-01 4.63875E-01 0.00000E+00 1.41518E+01
0.00000E+00 5.58868E-01 7.20269E-01 9.62170E-01 9.62301E-01 9.67540E-01 9.83428E-01 7.20269E-01 5.58868E-01 0.00000E+00 1.69874E+01
2.88245E-02 5.86123E-01 7.47142E-01 9.88465E-01 9.88600E-01 9.93964E-01 1.00997E+00 7.47142E-01 5.86123E-01 2.88245E-02 1.78534E+01
1.85615E-01 7.35508E-01 8.94730E-01 1.13333E+00 1.13348E+00 1.13946E+00 1.15605E+00 8.94730E-01 7.35508E-01 1.85615E-01 2.20760E+01
3.64060E-01 9.06648E-01 1.06410E+00 1.30002E+00 1.30020E+00 1.30680E+00 1.32399E+00 1.06410E+00 9.06648E-01 3.64060E-01 2.67476E+01
5.62051E-01 1.09742E+00 1.25313E+00 1.48640E+00 1.48660E+00 1.49387E+00 1.51166E+00 1.25313E+00 1.09742E+00 5.62051E-01 3.18958E+01
7.80313E-01 1.30854E+00 1.46253E+00 1.69320E+00 1.69342E+00 1.70137E+00 1.71978E+00 1.46253E+00 1.30854E+00 7.80313E-01 3.75156E+01
1.01992E+00 1.54109E+00 1.69338E+00 1.92147E+00 1.92171E+00 1.93038E+00 1.94942E+00 1.69338E+00 1.54109E+00 1.01992E+00 4.36021E+01
1.28142E+00 1.79560E+00 1.94621E+00 2.17176E+00 2.17202E+00 2.18143E+00 2.20110E+00 1.94621E+00 1.79560E+00 1.28142E+00 5.01351E+01
1.56506E+00 2.07232E+00 2.22127E+00 2.44431E+00 2.44460E+00 2.45478E+00 2.47510E+00 2.22127E+00 2.07232E+00 1.56506E+00 5.70870E+01
1.87119E+00 2.37160E+00 2.51891E+00 2.73947E+00 2.73978E+00 2.75076E+00 2.77175E+00 2.51891E+00 2.37160E+00 1.87119E+00 6.44301E+01
2.19999E+00 2.69360E+00 2.83929E+00 3.05739E+00 3.05773E+00 3.06954E+00 3.09121E+00 2.83929E+00 2.69360E+00 2.19999E+00 7.21322E+01
2.55145E+00 3.03833E+00 3.18243E+00 3.39810E+00 3.39846E+00 3.41114E+00 3.43349E+00 3.18243E+00 3.03833E+00 2.55145E+00 8.01567E+01
2.92542E+00 3.40563E+00 3.54814E+00 3.76141E+00 3.76180E+00 3.77537E+00 3.79842E+00 3.54814E+00 3.40563E+00 2.92542E+00 8.84633E+01
3.32153E+00 3.79513E+00 3.93608E+00 4.14698E+00 4.14739E+00 4.16189E+00 4.18565E+00 3.93608E+00 3.79513E+00 3.32153E+00 9.70087E+01
3.73926E+00 4.20630E+00 4.34570E+00 4.55425E+00 4.55469E+00 4.57015E+00 4.59464E+00 4.34570E+00 4.20630E+00 3.73926E+00 1.05747E+02
4.17788E+00 4.63842E+00 4.77629E+00 4.98252E+00 4.98299E+00 4.99944E+00 5.02467E+00 4.77629E+00 4.63842E+00 4.17788E+00 1.14630E+02
4.63649E+00 5.09060E+00 5.22695E+00 5.43088E+00 5.43138E+00 5.44885E+00 5.47483E+00 5.22695E+00 5.09060E+00 4.63649E+00 1.23609E+02
5.11434E+00 5.56205E+00 5.69691E+00 5.89857E+00 5.89910E+00 5.91763E+00 5.94438E+00 5.69691E+00 5.56205E+00 5.11434E+00 1.32633E+02
5.60992E+00 6.05130E+00 6.18468E+00 6.38409E+00 6.38465E+00 6.40427E+00 6.43180E+00 6.18468E+00 6.05130E+00 5.60992E+00 1.41650E+02
0.00000E+00 0.00000E+00 1.64947E-01 4.12367E-01 4.12367E-01 4.14773E-01 4.28619E-01 1.64947E-01 0.00000E+00 0.00000E+00 2.62785E-01
0.00000E+00 4.30834E-02 2.06041E-01 4.50442E-01 4.50464E-01 4.53418E-01 4.67858E-01 2.06041E-01 4.30834E-02 0.00000E+00 1.61451E+00
0.00000E+00 9.90502E-02 2.60109E-01 5.01626E-01 5.01671E-01 5.05185E-01 5.20213E-01 2.60109E-01 9.90502E-02 0.00000E+00 3.26912E+00
0.00000E+00 1.65741E-01 3.24971E-01 5.63710E-01 5.63777E-01 5.67867E-01 5.83478E-01 3.24971E-01 1.65741E-01 0.00000E+00 5.25844E+00
0.00000E+00 2.43658E-01 4.01119E-01 6.37173E-01 6.37261E-01 6.41941E-01 6.58135E-01 4.01119E-01 2.43658E-01 0.00000E+00 7.59089E+00
0.00000E+00 3.33819E-01 4.89567E-01 7.23021E-01 7.23130E-01 7.28417E-01 7.45193E-01 4.89567E-01 3.33819E-01 0.00000E+00 1.02880E+01
0.00000E+00 4.36550E-01 5.90634E-01 8.21560E-01 8.21690E-01 8.27600E-01 8.44960E-01 5.90634E-01 4.36550E-01 0.00000E+00 1.33469E+01
1.11022E-16 5.24206E-01 6.77029E-01 9.06042E-01 9.06187E-01 9.12591E-01 9.30404E-01 6.77029E-01 5.24206E-01 1.11022E-16 1.59411E+01
2.65350E-02 5.49242E-01 7.01704E-01 9.30169E-01 9.30319E-01 9.36870E-01 9.54815E-01 7.01704E-01 5.49242E-01 2.65350E-02 1.67287E+01
1.70468E-01 6.86107E-01 8.36867E-01 1.06275E+00 1.06292E+00 1.07019E+00 1.08877E+00 8.36867E-01 6.86107E-01 1.70468E-01 2.05525E+01
3.33320E-01 8.41987E-01 9.91074E-01 1.21442E+00 1.21461E+00 1.22262E+00 1.24184E+00 9.91074E-01 8.41987E-01 3.33320E-01 2.47483E+01
5.12957E-01 1.01473E+00 1.16217E+00 1.38301E+00 1.38323E+00 1.39201E+00 1.41188E+00 1.16217E+00 1.01473E+00 5.12957E-01 2.93359E+01
7.09853E-01 1.20482E+00 1.35063E+00 1.56900E+00 1.56924E+00 1.57882E+00 1.59936E+00 1.35063E+00 1.20482E+00 7.09853E-01 3.43055E+01
9.24768E-01 1.41299E+00 1.55720E+00 1.77314E+00 1.77340E+00 1.78381E+00 1.80502E+00 1.55720E+00 1.41299E+00 9.24768E-01 3.96471E+01
1.15799E+00 1.63954E+00 1.78216E+00 1.99570E+00 1.99599E+00 2.00725E+00 2.02916E+00 1.78216E+00 1.63954E+00 1.15799E+00 4.53377E+01
1.40957E+00 1.88452E+00 2.02558E+00 2.23674E+00 2.23706E+00 2.24921E+00 2.27182E+00 2.02558E+00 1.88452E+00 1.40957E+00 5.13491E+01
1.67962E+00 2.14802E+00 2.28754E+00 2.49635E+00 2.49669E+00 2.50977E+00 2.53309E+00 2.28754E+00 2.14802E+00 1.67962E+00 5.76530E+01
1.96809E+00 2.43001E+00 2.56799E+00 2.77449E+00 2.77486E+00 2.78890E+00 2.81294E+00 2.56799E+00 2.43001E+00 1.96809E+00 6.42174E+01
2.27479E+00 2.73028E+00 2.86676E+00 3.07096E+00 3.07136E+00 3.08639E+00 3.11117E+00 2.86676E+00 2.73028E+00 2.27479E+00 7.10075E+01
2.59937E+00 3.04850E+00 3.18349E+00 3.38543E+00 3.38586E+00 3.40191E+00 3.42744E+00 3.18349E+00 3.04850E+00 2.59937E+00 7.79856E+01
2.94135E+00 3.38417E+00 3.51768E+00 3.71738E+00 3.71784E+00 3.73495E+00 3.76125E+00 3.51768E+00 3.38417E+00 2.94135E+00 8.51123E+01
3.30007E+00 3.73663E+00 3.86868E+00 4.06617E+00 4.06666E+00 4.08486E+00 4.11194E+00 3.86868E+00 3.73663E+00 3.30007E+00 9.23464E+01
3.67473E+00 4.10509E+00 4.23570E+00 4.43099E+00 4.43152E+00 4.45085E+00 4.47872E+00 4.23570E+00 4.10509E+00 3.67473E+00 9.96457E+01
4.06438E+00 4.48859E+00 4.61778E+00 4.81090E+00 4.81146E+00 4.83195E+00 4.86063E+00 4.61778E+00 4.48859E+00 4.06438E+00 1.06968E+02
4.46817E+00 4.88628E+00 5.01405E+00 5.20503E+00 5.20563E+00 5.22731E+00 5.25681E+00 5.01405E+00 4.88628E+00 4.46817E+00 1.14269E+02
4.88467E+00 5.29675E+00 5.42312E+00 5.61198E+00 5.61261E+00 5.63553E+00 5.66587E+00 5.42312E+00 5.29675E+00 4.88467E+00 1.21506E+02
0.00000E+00 0.00000E+00 1.56030E-01 3.90075E-01 3.90075E-01 3.93164E-01 4.08782E-01 1.56030E-01 0.00000E+00 0.00000E+00 3.05684E-01
0.00000E+00 4.16304E-02 1.95788E-01 4.26985E-01 4.27009E-01 4.30754E-01 4.47019E-01 1.95788E-01 4.16304E-02 0.00000E+00 1.61990E+00
0.00000E+00 9.51222E-02 2.47493E-01 4.75971E-01 4.76020E-01 4.80433E-01 4.97336E-01 2.47493E-01 9.51222E-02 0.00000E+00 3.20570E+00
0.00000E+00 1.58265E-01 3.08915E-01 5.34776E-01 5.34848E-01 5.39944E-01 5.57481E-01 3.08915E-01 1.58265E-01 0.00000E+00 5.08911E+00
0.00000E+00 2.31430E-01 3.80418E-01 6.03749E-01 6.03844E-01 6.09639E-01 6.27806E-01 3.80418E-01 2.31430E-01 0.00000E+00 7.27345E+00
0.00000E+00 3.15437E-01 4.62815E-01 6.83698E-01 6.83816E-01 6.90326E-01 7.09124E-01 4.62815E-01 3.15437E-01 0.00000E+00 9.77312E+00
0.00000E+00 4.10483E-01 5.56297E-01 7.74801E-01 7.74942E-01 7.82185E-01 8.01614E-01 5.56297E-01 4.10483E-01 0.00000E+00 1.25812E+01
1.11022E-16 4.91150E-01 6.35779E-01 8.52482E-01 8.52640E-01 8.60463E-01 8.80381E-01 6.35779E-01 4.91150E-01 1.11022E-16 1.49455E+01
2.43591E-02 5.14080E-01 6.58370E-01 8.74557E-01 8.74721E-01 8.82716E-01 9.02777E-01 6.58370E-01 5.14080E-01 2.43591E-02 1.56586E+01
1.56103E-01 6.39085E-01 7.81777E-01 9.95536E-01 9.95725E-01 1.00455E+00 1.02530E+00 7.81777E-01 6.39085E-01 1.56103E-01 1.91057E+01
3.04250E-01 7.80584E-01 9.21705E-01 1.13308E+00 1.13329E+00 1.14298E+00 1.16442E+00 9.21705E-01 7.80584E-01 3.04250E-01 2.28551E+01
4.66672E-01 9.36436E-01 1.07601E+00 1.28503E+00 1.28527E+00 1.29585E+00 1.31799E+00 1.07601E+00 9.36436E-01 4.66672E-01 2.69206E+01
6.43635E-01 1.10690E+00 1.24495E+00 1.45164E+00 1.45191E+00 1.46343E+00 1.48628E+00 1.24495E+00 1.10690E+00 6.43635E-01 3.12889E+01
8.35639E-01 1.29248E+00 1.42902E+00 1.63343E+00 1.63372E+00 1.64619E+00 1.66978E+00 1.42902E+00 1.29248E+00 8.35639E-01 3.59461E+01
1.04277E+00 1.49325E+00 1.62831E+00 1.83045E+00 1.83078E+00 1.84424E+00 1.86856E+00 1.62831E+00 1.49325E+00 1.04277E+00 4.08682E+01
1.26493E+00 1.70911E+00 1.84270E+00 2.04261E+00 2.04296E+00 2.05746E+00 2.08253E+00 1.84270E+00 1.70911E+00 1.26493E+00 4.60271E+01
1.50203E+00 1.93997E+00 2.07211E+00 2.26982E+00 2.27020E+00 2.28576E+00 2.31159E+00 2.07211E+00 1.93997E+00 1.50203E+00 5.13950E+01
1.75387E+00 2.18563E+00 2.31633E+00 2.51186E+00 2.51228E+00 2.52893E+00 2.55554E+00 2.31633E+00 2.18563E+00 1.75387E+00 5.69412E+01
2.02013E+00 2.44576E+00 2.57504E+00 2.76842E+00 2.76887E+00 2.78665E+00 2.81406E+00 2.57504E+00 2.44576E+00 2.02013E+00 6.26332E+01
2.30033E+00 2.71989E+00 2.84777E+00 3.03902E+00 3.03950E+00 3.05845E+00 3.08666E+00 2.84777E+00 2.71989E+00 2.30033E+00 6.84368E+01
2.59389E+00 3.00743E+00 3.13393E+00 3.32307E+00 3.32358E+00 3.34374E+00 3.37277E+00 3.13393E+00 3.00743E+00 2.59389E+00 7.43166E+01
2.90010E+00 3.30767E+00 3.43280E+00 3.61986E+00 3.62041E+00 3.64181E+00 3.67167E+00 3.43280E+00 3.30767E+00 2.90010E+00 8.02366E+01
3.21812E+00 3.61978E+00 3.74355E+00 3.92855E+00 3.92914E+00 3.95181E+00 3.98252E+00 3.74355E+00 3.61978E+00 3.21812E+00 8.61605E+01
3.54701E+00 3.94280E+00 4.06524E+00 4.24820E+00 4.24883E+00 4.27281E+00 4.30438E+00 4.06524E+00 3.94280E+00 3.54701E+00 9.20523E+01
3.88588E+00 4.27585E+00 4.39696E+00 4.57790E+00 4.57857E+00 4.60390E+00 4.63635E+00 4.39696E+00 4.27585E+00 3.88588E+00 9.78748E+01
4.23341E+00 4.61763E+00 4.73742E+00 4.91637E+00 4.91708E+00 4.94379E+00 4.97714E+00 4.73742E+00 4.61763E+00 4.23341E+00 1.03593E+02
0.00000E+00 0.00000E+00 1.48450E-01 3.71126E-01 3.71126E-01 3.75089E-01 3.92609E-01 1.48450E-01 0.00000E+00 0.00000E+00 3.54351E-01
0.00000E+00 4.04505E-02 1.87146E-01 4.07147E-01 4.07172E-01 4.11915E-01 4.30132E-01 1.87146E-01 4.04505E-02 0.00000E+00 1.63769E+00
0.00000E+00 9.18554E-02 2.36876E-01 4.54324E-01 4.54375E-01 4.59910E-01 4.78812E-01 2.36876E-01 9.18554E-02 0.00000E+00 3.16417E+00
0.00000E+00 1.51976E-01 2.95384E-01 5.10375E-01 5.10450E-01 5.16791E-01 5.36374E-01 2.95384E-01 1.51976E-01 0.00000E+00 4.95574E+00
0.00000E+00 2.21095E-01 3.62945E-01 5.75561E-01 5.75661E-01 5.82824E-01 6.03084E-01 3.62945E-01 2.21095E-01 0.00000E+00 7.01235E+00
0.00000E+00 2.99892E-01 4.40233E-01 6.50550E-01 6.50674E-01 6.58677E-01 6.79612E-01 4.40233E-01 2.99892E-01 0.00000E+00 9.34354E+00
0.00000E+00 3.88483E-01 5.27358E-01 7.35441E-01 7.35590E-01 7.44451E-01 7.66060E-01 5.27358E-01 3.88483E-01 0.00000E+00 1.19403E+01
0.00000E+00 4.63322E-01 6.01086E-01 8.07478E-01 8.07647E-01 8.17183E-01 8.39315E-01 6.01086E-01 4.63322E-01 0.00000E+00 1.41130E+01
2.25541E-02 4.84508E-01 6.21954E-01 8.27861E-01 8.28036E-01 8.37774E-01 8.60058E-01 6.21954E-01 4.84508E-01 2.25541E-02 1.47647E+01
1.44238E-01 5.99739E-01 7.35688E-01 9.39313E-01 9.39516E-01 9.50222E-01 9.73237E-01 7.35688E-01 5.99739E-01 1.44238E-01 1.79030E+01
2.80376E-01 7.29511E-01 8.63987E-01 1.06537E+00 1.06560E+00 1.07731E+00 1.10106E+00 8.63987E-01 7.29511E-01 2.80376E-01 2.12920E+01
4.28893E-01 8.71735E-01 1.00476E+00 1.20393E+00 1.20419E+00 1.21693E+00 1.24144E+00 1.00476E+00 8.71735E-01 4.28893E-01 2.49420E+01
5.89934E-01 1.02655E+00 1.15815E+00 1.35513E+00 1.35542E+00 1.36923E+00 1.39450E+00 1.15815E+00 1.02655E+00 5.89934E-01 2.88390E+01
7.63848E-01 1.19431E+00 1.32449E+00 1.51932E+00 1.51965E+00 1.53456E+00 1.56060E+00 1.32449E+00 1.19431E+00 7.63848E-01 3.29679E+01
9.50621E-01 1.37499E+00 1.50377E+00 1.69648E+00 1.69684E+00 1.71289E+00 1.73972E+00 1.50377E+00 1.37499E+00 9.50621E-01 3.73055E+01
1.15007E+00 1.56841E+00 1.69581E+00 1.88642E+00 1.88681E+00 1.90404E+00 1.93166E+00 1.69581E+00 1.56841E+00 1.15007E+00 4.18258E+01
1.36205E+00 1.77440E+00 1.90044E+00 2.08898E+00 2.08940E+00 2.10784E+00 2.13628E+00 1.90044E+00 1.77440E+00 1.36205E+00 4.65027E+01
1.58628E+00 1.99271E+00 2.11740E+00 2.30388E+00 2.30434E+00 2.32404E+00 2.35330E+00 2.11740E+00 1.99271E+00 1.58628E+00 5.13086E+01
1.82239E+00 2.22295E+00 2.34631E+00 2.53076E+00 2.53126E+00 2.55224E+00 2.58235E+00 2.34631E+00 2.22295E+00 1.82239E+00 5.62143E+01
2.06991E+00 2.46464E+00 2.58669E+00 2.76913E+00 2.76967E+00 2.79197E+00 2.82293E+00 2.58669E+00 2.46464E+00 2.06991E+00 6.11894E+01
2.32824E+00 2.71721E+00 2.83795E+00 3.01840E+00 3.01898E+00 3.04265E+00 3.07448E+00 2.83795E+00 2.71721E+00 2.32824E+00 6.62033E+01
2.59670E+00 2.97994E+00 3.09939E+00 3.27788E+00 3.27851E+00 3.30356E+00 3.33628E+00 3.09939E+00 2.97994E+00 2.59670E+00 7.12249E+01
2.87450E+00 3.25207E+00 3.37024E+00 3.54679E+00 3.54745E+00 3.57395E+00 3.60757E+00 3.37024E+00 3.25207E+00 2.87450E+00 7.62233E+01
3.16076E+00 3.53271E+00 3.64962E+00 3.82424E+00 3.82495E+00 3.85291E+00 3.88745E+00 3.64962E+00 3.53271E+00 3.16076E+00 8.11684E+01
3.45466E+00 3.82103E+00 3.93669E+00 4.10940E+00 4.11016E+00 4.13963E+00 4.17510E+00 3.93669E+00 3.82103E+00 3.45466E+00 8.60288E+01
3.75504E+00 4.11588E+00 4.23030E+00 4.40112E+00 4.40193E+00 4.43294E+00 4.46936E+00 4.23030E+00 4.11588E+00 3.75504E+00 9.07764E+01
0.00000E+00 0.00000E+00 1.40840E-01 3.52101E-01 3.52101E-01 3.57176E-01 3.76806E-01 1.40840E-01 0.00000E+00 0.00000E+00 4.10732E-01
0.00000E+00 3.91701E-02 1.78368E-01 3.87119E-01 3.87147E-01 3.93147E-01 4.13524E-01 1.78368E-01 3.91701E-02 0.00000E+00 1.65981E+00
0.00000E+00 8.83409E-02 2.25971E-01 4.32327E-01 4.32382E-01 4.39318E-01 4.60430E-01 2.25971E-01 8.83409E-02 0.00000E+00 3.12213E+00
0.00000E+00 1.45267E-01 2.81388E-01 4.85438E-01 4.85520E-01 4.93405E-01 5.15245E-01 2.81388E-01 1.45267E-01 0.00000E+00 4.81621E+00
0.00000E+00 2.10159E-01 3.44821E-01 5.46642E-01 5.46752E-01 5.55601E-01 5.78164E-01 3.44821E-01 2.10159E-01 0.00000E+00 6.73911E+00
0.00000E+00 2.83561E-01 4.16810E-01 6.16473E-01 6.16611E-01 6.26442E-01 6.49726E-01 4.16810E-01 2.83561E-01 0.00000E+00 8.89601E+00
0.00000E+00 3.65519E-01 4.97394E-01 6.94960E-01 6.95126E-01 7.05959E-01 7.29963E-01 4.97394E-01 3.65519E-01 0.00000E+00 1.12762E+01
1.11022E-16 4.34397E-01 5.65232E-01 7.61210E-01 7.61398E-01 7.73018E-01 7.97580E-01 5.65232E-01 4.34397E-01 1.11022E-16 1.32537E+01
2.07171E-02 4.53806E-01 5.84343E-01 7.79865E-01 7.80060E-01 7.91914E-01 8.16639E-01 5.84343E-01 4.53806E-01 2.07171E-02 1.38431E+01
1.32183E-01 5.59099E-01 6.88232E-01 8.81612E-01 8.81839E-01 8.94817E-01 9.20320E-01 6.88232E-01 5.59099E-01 1.32183E-01 1.66692E+01
2.56165E-01 6.76992E-01 8.04745E-01 9.96015E-01 9.96275E-01 1.01041E+00 1.03670E+00 8.04745E-01 6.76992E-01 2.56165E-01 1.96958E+01
3.90647E-01 8.05457E-01 9.31847E-01 1.12104E+00 1.12133E+00 1.13666E+00 1.16376E+00 9.31847E-01 8.05457E-01 3.90647E-01 2.29300E+01
5.35657E-01 9.44516E-01 1.06956E+00 1.25670E+00 1.25703E+00 1.27359E+00 1.30150E+00 1.06956E+00 9.44516E-01 5.35657E-01 2.63567E+01
6.91391E-01 1.09436E+00 1.21808E+00 1.40320E+00 1.40356E+00 1.42139E+00 1.45012E+00 1.21808E+00 1.09436E+00 6.91391E-01 2.99600E+01
8.57733E-01 1.25488E+00 1.37729E+00 1.56040E+00 1.56080E+00 1.57994E+00 1.60951E+00 1.37729E+00 1.25488E+00 8.57733E-01 3.37176E+01
1.03443E+00 1.42580E+00 1.54692E+00 1.72805E+00 1.72850E+00 1.74897E+00 1.77939E+00 1.54692E+00 1.42580E+00 1.03443E+00 3.76053E+01
1.22124E+00 1.60689E+00 1.72673E+00 1.90591E+00 1.90639E+00 1.92825E+00 1.95954E+00 1.72673E+00 1.60689E+00 1.22124E+00 4.15991E+01
1.41784E+00 1.79782E+00 1.91639E+00 2.09364E+00 2.09417E+00 2.11745E+00 2.14961E+00 1.91639E+00 1.79782E+00 1.41784E+00 4.56737E+01
1.62380E+00 1.99817E+00 2.11549E+00 2.29082E+00 2.29139E+00 2.31613E+00 2.34919E+00 2.11549E+00 1.99817E+00 1.62380E+00 4.98032E+01
1.83862E+00 2.20742E+00 2.32350E+00 2.49694E+00 2.49755E+00 2.52379E+00 2.55776E+00 2.32350E+00 2.20742E+00 1.83862E+00 5.39612E+01
2.06170E+00 2.42499E+00 2.53983E+00 2.71140E+00 2.71206E+00 2.73983E+00 2.77473E+00 2.53983E+00 2.42499E+00 2.06170E+00 5.81212E+01
2.29237E+00 2.65019E+00 2.76382E+00 2.93353E+00 2.93424E+00 2.96358E+00 2.99943E+00 2.76382E+00 2.65019E+00 2.29237E+00 6.22568E+01
2.52989E+00 2.88229E+00 2.99472E+00 3.16259E+00 3.16335E+00 3.19430E+00 3.23110E+00 2.99472E+00 2.88229E+00 2.52989E+00 6.63425E+01
2.77345E+00 3.12046E+00 3.23170E+00 3.39775E+00 3.39856E+00 3.43116E+00 3.46894E+00 3.23170E+00 3.12046E+00 2.77345E+00 7.03535E+01
3.02224E+00 3.36392E+00 3.47398E+00 3.63822E+00 3.63909E+00 3.67337E+00 3.71215E+00 3.47398E+00 3.36392E+00 3.02224E+00 7.42638E+01
3.27527E+00 3.61166E+00 3.72055E+00 3.88300E+00 3.88393E+00 3.91992E+00 3.95971E+00 3.72055E+00 3.61166E+00 3.27527E+00 7.80516E+01
0.00000E+00 0.00000E+00 1.33765E-01 3.34412E-01 3.34412E-01 3.40926E-01 3.62863E-01 1.33765E-01 0.00000E+00 0.00000E+00 4.76003E-01
0.00000E+00 3.78173E-02 1.70041E-01 3.68328E-01 3.68359E-01 3.75967E-01 3.98699E-01 1.70041E-01 3.78173E-02 0.00000E+00 1.68787E+00
0.00000E+00 8.47191E-02 2.15473E-01 4.11506E-01 4.11568E-01 4.20277E-01 4.43791E-01 2.15473E-01 8.47191E-02 0.00000E+00 3.08414E+00
0.00000E+00 1.38483E-01 2.67819E-01 4.61682E-01 4.61775E-01 4.71600E-01 4.95888E-01 2.67819E-01 1.38483E-01 0.00000E+00 4.68083E+00
0.00000E+00 1.99263E-01 3.27230E-01 5.18994E-01 5.19119E-01 5.30073E-01 5.55131E-01 3.27230E-01 1.99263E-01 0.00000E+00 6.47308E+00
0.00000E+00 2.67497E-01 3.94136E-01 5.83867E-01 5.84025E-01 5.96126E-01 6.21950E-01 3.94136E-01 2.67497E-01 0.00000E+00 8.46275E+00
0.00000E+00 3.43172E-01 4.68520E-01 6.56275E-01 6.56466E-01 6.69734E-01 6.96324E-01 4.68520E-01 3.43172E-01 0.00000E+00 1.06382E+01
5.55112E-17 4.06449E-01 5.30819E-01 7.17077E-01 7.17294E-01 7.31477E-01 7.58660E-01 5.30819E-01 4.06449E-01 5.55112E-17 1.24331E+01
1.90004E-02 4.24198E-01 5.48287E-01 7.34117E-01 7.34341E-01 7.48795E-01 7.76151E-01 5.48287E-01 4.24198E-01 1.90004E-02 1.29647E+01
1.20951E-01 5.20243E-01 6.43013E-01 8.26821E-01 8.27083E-01 8.42839E-01 8.71024E-01 6.43013E-01 5.20243E-01 1.20951E-01 1.55027E+01
2.33695E-01 6.27164E-01 7.48634E-01 9.30452E-01 9.30753E-01 9.47847E-01 9.76871E-01 7.48634E-01 6.27164E-01 2.33695E-01 1.81982E+01
3.55288E-01 7.43001E-01 8.63190E-01 1.04305E+00 1.04339E+00 1.06186E+00 1.09173E+00 8.63190E-01 7.43001E-01 3.55288E-01 2.10561E+01
4.85664E-01 8.67686E-01 9.86608E-01 1.16453E+00 1.16491E+00 1.18479E+00 1.21553E+00 9.86608E-01 8.67686E-01 4.85664E-01 2.40609E+01
6.24893E-01 1.00128E+00 1.11896E+00 1.29496E+00 1.29539E+00 1.31672E+00 1.34834E+00 1.11896E+00 1.00128E+00 6.24893E-01 2.71966E+01
7.72784E-01 1.14360E+00 1.26004E+00 1.43415E+00 1.43462E+00 1.45745E+00 1.48996E+00 1.26004E+00 1.14360E+00 7.72784E-01 3.04421E+01
9.29029E-01 1.29433E+00 1.40955E+00 1.58179E+00 1.58230E+00 1.60666E+00 1.64008E+00 1.40955E+00 1.29433E+00 9.29029E-01 3.37751E+01
1.09333E+00 1.45316E+00 1.56717E+00 1.73757E+00 1.73813E+00 1.76406E+00 1.79840E+00 1.56717E+00 1.45316E+00 1.09333E+00 3.71738E+01
1.26532E+00 1.61973E+00 1.73254E+00 1.90111E+00 1.90172E+00 1.92926E+00 1.96454E+00 1.73254E+00 1.61973E+00 1.26532E+00 4.06156E+01
1.44454E+00 1.79358E+00 1.90521E+00 2.07196E+00 2.07263E+00 2.10181E+00 2.13805E+00 1.90521E+00 1.79358E+00 1.44454E+00 4.40779E+01
1.63048E+00 1.97420E+00 2.08466E+00 2.24962E+00 2.25033E+00 2.28121E+00 2.31841E+00 2.08466E+00 1.97420E+00 1.63048E+00 4.75377E+01
1.82256E+00 2.16100E+00 2.27030E+00 2.43348E+00 2.43425E+00 2.46685E+00 2.50504E+00 2.27030E+00 2.16100E+00 1.82256E+00 5.09724E+01
2.02012E+00 2.35334E+00 2.46149E+00 2.62290E+00 2.62373E+00 2.65809E+00 2.69729E+00 2.46149E+00 2.35334E+00 2.02012E+00 5.43602E+01
2.22248E+00 2.55051E+00 2.65752E+00 2.81719E+00 2.81807E+00 2.85423E+00 2.89446E+00 2.65752E+00 2.55051E+00 2.22248E+00 5.76798E+01
2.42889E+00 2.75178E+00 2.85766E+00 3.01559E+00 3.01654E+00 3.05453E+00 3.09580E+00 2.85766E+00 2.75178E+00 2.42889E+00 6.09113E+01
2.63860E+00 2.95639E+00 3.06114E+00 3.21736E+00 3.21837E+00 3.25823E+00 3.30056E+00 3.06114E+00 2.95639E+00 2.63860E+00 6.40336E+01
2.85073E+00 3.16346E+00 3.26711E+00 3.42162E+00 3.42269E+00 3.46446E+00 3.50786E+00 3.26711E+00 3.16346E+00 2.85073E+00 6.70299E+01
0.00000E+00 0.00000E+00 1.27044E-01 3.17610E-01 3.17610E-01 3.25922E-01 3.50317E-01 1.27044E-01 0.00000E+00 0.00000E+00 5.49507E-01
0.00000E+00 3.62706E-02 1.61866E-01 3.50205E-01 3.50241E-01 3.59837E-01 3.85074E-01 1.61866E-01 3.62706E-02 0.00000E+00 1.71810E+00
0.00000E+00 8.08075E-02 2.05019E-01 3.91231E-01 3.91304E-01 4.02191E-01 4.28255E-01 2.05019E-01 8.08075E-02 0.00000E+00 3.04520E+00
0.00000E+00 1.31421E-01 2.54299E-01 4.38462E-01 4.38572E-01 4.50761E-01 4.77645E-01 2.54299E-01 1.31421E-01 0.00000E+00 4.54445E+00
0.00000E+00 1.88207E-01 3.09795E-01 4.91978E-01 4.92125E-01 5.05629E-01 5.33329E-01 3.09795E-01 1.88207E-01 0.00000E+00 6.20927E+00
0.00000E+00 2.51494E-01 3.71833E-01 5.52096E-01 5.52281E-01 5.67118E-01 5.95631E-01 3.71833E-01 2.51494E-01 0.00000E+00 8.03859E+00
0.00000E+00 3.21215E-01 4.40338E-01 6.18735E-01 6.18958E-01 6.35147E-01 6.64473E-01 4.40338E-01 3.21215E-01 0.00000E+00 1.00200E+01
0.00000E+00 3.79213E-01 4.97416E-01 6.74398E-01 6.74651E-01 6.91899E-01 7.21854E-01 4.97416E-01 3.79213E-01 0.00000E+00 1.16430E+01
1.73816E-02 3.95404E-01 5.13342E-01 6.89919E-01 6.90182E-01 7.07741E-01 7.37881E-01 5.13342E-01 3.95404E-01 1.73816E-02 1.21205E+01
1.10382E-01 4.82786E-01 5.99481E-01 7.74147E-01 7.74453E-01 7.93513E-01 8.24533E-01 5.99481E-01 4.82786E-01 1.10382E-01 1.43897E+01
2.12605E-01 5.79466E-01 6.94936E-01 8.67722E-01 8.68073E-01 8.88670E-01 9.20582E-01 6.94936E-01 5.79466E-01 2.12605E-01 1.67783E+01
3.22177E-01 6.83561E-01 7.97822E-01 9.68752E-01 9.69149E-01 9.91323E-01 1.02414E+00 7.97822E-01 6.83561E-01 3.22177E-01 1.92891E+01
4.38951E-01 7.94917E-01 9.07985E-01 1.07708E+00 1.07753E+00 1.10132E+00 1.13505E+00 9.07985E-01 7.94917E-01 4.38951E-01 2.19067E+01
5.62892E-01 9.13497E-01 1.02539E+00 1.19267E+00 1.19317E+00 1.21861E+00 1.25328E+00 1.02539E+00 9.13497E-01 5.62892E-01 2.46150E+01
6.93745E-01 1.03904E+00 1.14977E+00 1.31526E+00 1.31581E+00 1.34295E+00 1.37857E+00 1.14977E+00 1.03904E+00 6.93745E-01 2.73944E+01
8.31164E-01 1.17120E+00 1.28077E+00 1.44450E+00 1.44510E+00 1.47397E+00 1.51056E+00 1.28077E+00 1.17120E+00 8.31164E-01 3.02249E+01
9.74807E-01 1.30964E+00 1.41807E+00 1.58004E+00 1.58069E+00 1.61134E+00 1.64891E+00 1.41807E+00 1.30964E+00 9.74807E-01 3.30867E+01
1.12427E+00 1.45394E+00 1.56124E+00 1.72147E+00 1.72218E+00 1.75465E+00 1.79322E+00 1.56124E+00 1.45394E+00 1.12427E+00 3.59601E+01
1.27910E+00 1.60365E+00 1.70983E+00 1.86835E+00 1.86912E+00 1.90343E+00 1.94302E+00 1.70983E+00 1.60365E+00 1.27910E+00 3.88254E+01
1.43878E+00 1.75826E+00 1.86333E+00 2.02014E+00 2.02097E+00 2.05717E+00 2.09780E+00 1.86333E+00 1.75826E+00 1.43878E+00 4.16631E+01
1.60275E+00 1.91719E+00 2.02117E+00 2.17629E+00 2.17718E+00 2.21531E+00 2.25700E+00 2.02117E+00 1.91719E+00 1.60275E+00 4.44545E+01
1.77040E+00 2.07985E+00 2.18273E+00 2.33618E+00 2.33714E+00 2.37723E+00 2.41999E+00 2.18273E+00 2.07985E+00 1.77040E+00 4.71818E+01
1.94109E+00 2.24559E+00 2.34739E+00 2.49918E+00 2.50020E+00 2.54229E+00 2.58614E+00 2.34739E+00 2.24559E+00 1.94109E+00 4.98278E+01
2.11414E+00 2.41373E+00 2.51446E+00 2.66460E+00 2.66569E+00 2.70981E+00 2.75477E+00 2.51446E+00 2.41373E+00 2.11414E+00 5.23770E+01
2.28888E+00 2.58359E+00 2.68326E+00 2.83176E+00 2.83293E+00 2.87910E+00 2.92520E+00 2.68326E+00 2.58359E+00 2.28888E+00 5.48128E+01
2.46453E+00 2.75441E+00 2.85302E+00 2.99990E+00 3.00114E+00 3.04941E+00 3.09666E+00 2.85302E+00 2.75441E+00 2.46453E+00 5.71228E+01
0.00000E+00 0.00000E+00 1.20698E-01 3.01746E-01 3.01746E-01 3.12328E-01 3.39345E-01 1.20698E-01 0.00000E+00 0.00000E+00 6.32935E-01
0.00000E+00 3.47002E-02 1.54035E-01 3.32978E-01 3.33021E-01 3.45107E-01 3.73012E-01 1.54035E-01 3.47002E-02 0.00000E+00 1.75631E+00
0.00000E+00 7.69236E-02 1.94955E-01 3.71889E-01 3.71975E-01 3.85567E-01 4.14347E-01 1.94955E-01 7.69236E-02 0.00000E+00 3.01442E+00
0.00000E+00 1.24510E-01 2.41286E-01 4.16284E-01 4.16413E-01 4.31521E-01 4.61168E-01 2.41286E-01 1.24510E-01 0.00000E+00 4.41858E+00
0.00000E+00 1.77493E-01 2.93055E-01 4.66180E-01 4.66352E-01 4.82989E-01 5.13499E-01 2.93055E-01 1.77493E-01 0.00000E+00 5.96068E+00
0.00000E+00 2.36100E-01 3.50485E-01 5.21796E-01 5.22012E-01 5.40192E-01 5.71564E-01 3.50485E-01 2.36100E-01 0.00000E+00 7.63707E+00
0.00000E+00 3.00211E-01 4.13451E-01 5.82997E-01 5.83258E-01 6.02999E-01 6.35233E-01 4.13451E-01 3.00211E-01 0.00000E+00 9.43479E+00
0.00000E+00 3.53251E-01 4.65623E-01 6.33832E-01 6.34128E-01 6.55089E-01 6.87991E-01 4.65623E-01 3.53251E-01 0.00000E+00 1.08961E+01
1.58622E-02 3.67982E-01 4.80106E-01 6.47931E-01 6.48238E-01 6.69558E-01 7.02656E-01 4.80106E-01 3.67982E-01 1.58622E-02 1.13230E+01
1.00479E-01 4.47264E-01 5.58215E-01 7.24234E-01 7.24591E-01 7.47633E-01 7.81666E-01 5.58215E-01 4.47264E-01 1.00479E-01 1.33412E+01
1.92888E-01 5.34407E-01 6.44203E-01 8.08443E-01 8.08851E-01 8.33653E-01 8.68635E-01 6.44203E-01 5.34407E-01 1.92888E-01 1.54450E+01
2.91299E-01 6.27609E-01 7.36266E-01 8.98748E-01 8.99210E-01 9.25811E-01 9.61756E-01 7.36266E-01 6.27609E-01 2.91299E-01 1.76358E+01
3.95502E-01 7.26658E-01 8.34188E-01 9.94935E-01 9.95452E-01 1.02389E+00 1.06082E+00 8.34188E-01 7.26658E-01 3.95502E-01 1.98987E+01
5.05380E-01 8.31433E-01 9.37850E-01 1.09688E+00 1.09746E+00 1.12777E+00 1.16569E+00 9.37850E-01 8.31433E-01 5.05380E-01 2.22182E+01
6.20639E-01 9.41635E-01 1.04695E+00 1.20429E+00 1.20492E+00 1.23715E+00 1.27609E+00 1.04695E+00 9.41635E-01 6.20639E-01 2.45765E+01
7.40910E-01 1.05689E+00 1.16112E+00 1.31678E+00 1.31747E+00 1.35166E+00 1.39163E+00 1.16112E+00 1.05689E+00 7.40910E-01 2.69559E+01
8.65831E-01 1.17685E+00 1.28000E+00 1.43399E+00 1.43475E+00 1.47093E+00 1.51195E+00 1.28000E+00 1.17685E+00 8.65831E-01 2.93390E+01
9.94994E-01 1.30108E+00 1.40316E+00 1.55551E+00 1.55633E+00 1.59454E+00 1.63663E+00 1.40316E+00 1.30108E+00 9.94994E-01 3.17091E+01
1.12795E+00 1.42915E+00 1.53017E+00 1.68088E+00 1.68177E+00 1.72205E+00 1.76523E+00 1.53017E+00 1.42915E+00 1.12795E+00 3.40494E+01
1.26420E+00 1.56055E+00 1.66052E+00 1.80961E+00 1.81057E+00 1.85295E+00 1.89724E+00 1.66052E+00 1.56055E+00 1.26420E+00 3.63440E+01
1.40321E+00 1.69476E+00 1.79369E+00 1.94117E+00 1.94220E+00 1.98672E+00 2.03213E+00 1.79369E+00 1.69476E+00 1.40321E+00 3.85778E+01
1.54445E+00 1.83122E+00 1.92912E+00 2.07500E+00 2.07611E+00 2.12280E+00 2.16936E+00 1.92912E+00 1.83122E+00 1.54445E+00 4.07366E+01
1.68731E+00 1.96935E+00 2.06622E+00 2.21053E+00 2.21171E+00 2.26060E+00 2.30833E+00 2.06622E+00 1.96935E+00 1.68731E+00 4.28074E+01
1.83122E+00 2.10855E+00 2.20441E+00 2.34715E+00 2.34841E+00 2.39952E+00 2.44844E+00 2.20441E+00 2.10855E+00 1.83122E+00 4.47783E+01
1.97555E+00 2.24822E+00 2.34307E+00 2.48424E+00 2.48559E+00 2.53896E+00 2.58908E+00 2.34307E+00 2.24822E+00 1.97555E+00 4.66366E+01
2.11967E+00 2.38772E+00 2.48156E+00 2.62118E+00 2.62261E+00 2.67827E+00 2.72962E+00 2.48156E+00 2.38772E+00 2.11967E+00 4.83742E+01
0.00000E+00 0.00000E+00 1.14695E-01 2.86738E-01 2.86738E-01 3.00174E-01 3.29962E-01 1.14695E-01 0.00000E+00 0.00000E+00 7.27160E-01
0.00000E+00 3.32011E-02 1.46615E-01 3.16673E-01 3.16723E-01 3.31915E-01 3.62640E-01 1.46615E-01 3.32011E-02 0.00000E+00 1.80539E+00
0.00000E+00 7.32314E-02 1.85422E-01 3.53584E-01 3.53683E-01 3.70629E-01 4.02277E-01 1.85422E-01 7.32314E-02 0.00000E+00 2.99602E+00
0.00000E+00 1.17957E-01 2.28967E-01 3.95302E-01 3.95451E-01 4.14156E-01 4.46721E-01 2.28967E-01 1.17957E-01 0.00000E+00 4.30828E+00
0.00000E+00 1.67353E-01 2.77222E-01 4.41789E-01 4.41988E-01 4.62461E-01 4.95939E-01 2.77222E-01 1.67353E-01 0.00000E+00 5.73288E+00
0.00000E+00 2.21556E-01 3.30318E-01 4.93171E-01 4.93421E-01 5.15674E-01 5.50066E-01 3.30318E-01 2.21556E-01 0.00000E+00 7.26407E+00
0.00000E+00 2.80403E-01 3.88086E-01 5.49273E-01 5.49574E-01 5.73622E-01 6.08929E-01 3.88086E-01 2.80403E-01 0.00000E+00 8.88881E+00
1.11022E-16 3.28801E-01 4.35668E-01 5.95590E-01 5.95932E-01 6.21378E-01 6.57396E-01 4.35668E-01 3.28801E-01 1.11022E-16 1.01987E+01
1.44459E-02 3.42170E-01 4.48802E-01 6.08362E-01 6.08716E-01 6.34573E-01 6.70798E-01 4.48802E-01 3.42170E-01 1.44459E-02 1.05783E+01
9.12627E-02 4.13900E-01 5.19429E-01 6.77280E-01 6.77692E-01 7.05516E-01 7.42736E-01 5.19429E-01 4.13900E-01 9.12627E-02 1.23636E+01
1.74575E-01 4.92189E-01 5.96629E-01 7.52796E-01 7.53267E-01 7.83094E-01 8.21324E-01 5.96629E-01 4.92189E-01 1.74575E-01 1.42051E+01
2.62683E-01 5.75323E-01 6.78688E-01 8.33192E-01 8.33725E-01 8.65593E-01 9.04850E-01 6.78688E-01 5.75323E-01 2.62683E-01 1.61035E+01
3.55334E-01 6.63048E-01 7.65351E-01 9.18210E-01 9.18808E-01 9.52754E-01 9.93056E-01 7.65351E-01 6.63048E-01 3.55334E-01 1.80448E+01
4.52352E-01 7.55185E-01 8.56437E-01 1.00767E+00 1.00833E+00 1.04440E+00 1.08576E+00 8.56437E-01 7.55185E-01 4.52352E-01 2.00144E+01
5.53418E-01 8.51412E-01 9.51624E-01 1.10125E+00 1.10198E+00 1.14020E+00 1.18264E+00 9.51624E-01 8.51412E-01 5.53418E-01 2.19967E+01
6.58161E-01 9.51357E-01 1.05054E+00 1.19857E+00 1.19937E+00 1.23978E+00 1.28333E+00 1.05054E+00 9.51357E-01 6.58161E-01 2.39763E+01
7.66216E-01 1.05465E+00 1.15281E+00 1.29926E+00 1.30014E+00 1.34277E+00 1.38744E+00 1.15281E+00 1.05465E+00 7.66216E-01 2.59386E+01
8.77182E-01 1.16089E+00 1.25804E+00 1.40293E+00 1.40387E+00 1.44876E+00 1.49458E+00 1.25804E+00 1.16089E+00 8.77182E-01 2.78694E+01
9.90627E-01 1.26965E+00 1.36580E+00 1.50913E+00 1.51015E+00 1.55733E+00 1.60432E+00 1.36580E+00 1.26965E+00 9.90627E-01 2.97552E+01
1.10609E+00 1.38046E+00 1.47562E+00 1.61740E+00 1.61851E+00 1.66801E+00 1.71618E+00 1.47562E+00 1.38046E+00 1.10609E+00 3.15832E+01
1.22310E+00 1.49285E+00 1.58702E+00 1.72727E+00 1.72846E+00 1.78031E+00 1.82969E+00 1.58702E+00 1.49285E+00 1.22310E+00 3.33415E+01
1.34114E+00 1.60632E+00 1.69950E+00 1.83823E+00 1.83951E+00 1.89374E+00 1.94434E+00 1.69950E+00 1.60632E+00 1.34114E+00 3.50195E+01
1.45973E+00 1.72035E+00 1.81256E+00 1.94978E+00 1.95114E+00 2.00777E+00 2.05963E+00 1.81256E+00 1.72035E+00 1.45973E+00 3.66074E+01
1.57832E+00 1.83443E+00 1.92567E+00 2.06139E+00 2.06284E+00 2.12191E+00 2.17503E+00 1.92567E+00 1.83443E+00 1.57832E+00 3.80969E+01
1.69641E+00 1.94804E+00 2.03832E+00 2.17253E+00 2.17408E+00 2.23559E+00 2.29001E+00 2.03832E+00 1.94804E+00 1.69641E+00 3.94787E+01
1.81345E+00 2.06063E+00 2.14995E+00 2.28269E+00 2.28433E+00 2.34831E+00 2.40404E+00 2.14995E+00 2.06063E+00 1.81345E+00 4.07478E+01
0.00000E+00 0.00000E+00 1.09150E-01 2.72875E-01 2.72876E-01 2.89882E-01 3.22546E-01 1.09150E-01 0.00000E+00 0.00000E+00 8.32517E-01
0.00000E+00 3.18380E-02 1.39783E-01 3.01632E-01 3.01689E-01 3.20738E-01 3.54389E-01 1.39783E-01 3.18380E-02 0.00000E+00 1.86703E+00
0.00000E+00 6.98472E-02 1.76640E-01 3.36696E-01 3.36809E-01 3.57891E-01 3.92517E-01 1.76640E-01 6.98472E-02 0.00000E+00 2.99269E+00
0.00000E+00 1.11919E-01 2.17601E-01 3.75928E-01 3.76099E-01 3.99211E-01 4.34808E-01 2.17601E-01 1.11919E-01 0.00000E+00 4.21717E+00
0.00000E+00 1.57983E-01 2.62589E-01 4.19243E-01 4.19472E-01 4.44618E-01 4.81184E-01 2.62589E-01 1.57983E-01 0.00000E+00 5.53046E+00
0.00000E+00 2.08098E-01 3.11660E-01 4.66692E-01 4.66980E-01 4.94167E-01 5.31703E-01 3.11660E-01 2.08098E-01 0.00000E+00 6.92536E+00
0.00000E+00 2.62071E-01 3.64618E-01 5.18070E-01 5.18417E-01 5.47655E-01 5.86164E-01 3.64618E-01 2.62071E-01 0.00000E+00 8.38921E+00
0.00000E+00 3.06186E-01 4.07962E-01 5.60216E-01 5.60610E-01 5.91442E-01 6.30707E-01 4.07962E-01 3.06186E-01 0.00000E+00 9.55926E+00
1.31502E-02 3.18300E-01 4.19854E-01 5.71765E-01 5.72173E-01 6.03471E-01 6.42959E-01 4.19854E-01 3.18300E-01 1.31502E-02 9.89560E+00
8.28442E-02 3.83100E-01 4.83612E-01 6.33903E-01 6.34378E-01 6.67907E-01 7.08456E-01 4.83612E-01 3.83100E-01 8.28442E-02 1.14680E+01
1.57887E-01 4.53305E-01 5.52790E-01 7.01482E-01 7.02026E-01 7.37820E-01 7.79447E-01 5.52790E-01 4.53305E-01 1.57887E-01 1.30723E+01
2.36675E-01 5.27303E-01 6.25771E-01 7.72884E-01 7.73500E-01 8.11592E-01 8.54317E-01 6.25771E-01 5.27303E-01 2.36675E-01 1.47087E+01
3.18932E-01 6.04813E-01 7.02277E-01 8.47827E-01 8.48517E-01 8.88942E-01 9.32784E-01 7.02277E-01 6.04813E-01 3.18932E-01 1.63646E+01
4.04446E-01 6.85621E-01 7.82091E-01 9.26094E-01 9.26861E-01 9.69653E-01 1.01463E+00 7.82091E-01 6.85621E-01 4.04446E-01 1.80268E+01
4.92895E-01 7.69403E-01 8.64888E-01 1.00736E+00 1.00820E+00 1.05340E+00 1.09954E+00 8.64888E-01 7.69403E-01 4.92895E-01 1.96818E+01
5.83919E-01 8.55797E-01 9.50306E-01 1.09126E+00 1.09219E+00 1.13981E+00 1.18713E+00 9.50306E-01 8.55797E-01 5.83919E-01 2.13170E+01
6.77165E-01 9.44449E-01 1.03799E+00 1.17744E+00 1.17845E+00 1.22853E+00 1.27706E+00 1.03799E+00 9.44449E-01 6.77165E-01 2.29201E+01
7.72255E-01 1.03498E+00 1.12756E+00 1.26551E+00 1.26661E+00 1.31918E+00 1.36894E+00 1.12756E+00 1.03498E+00 7.72255E-01 2.44796E+01
8.68792E-01 1.12699E+00 1.21862E+00 1.35508E+00 1.35627E+00 1.41136E+00 1.46237E+00 1.21862E+00 1.12699E+00 8.68792E-01 2.59849E+01
9.66360E-01 1.22007E+00 1.31075E+00 1.44574E+00 1.44702E+00 1.50465E+00 1.55693E+00 1.31075E+00 1.22007E+00 9.66360E-01 2.74261E+01
1.06453E+00 1.31379E+00 1.40352E+00 1.53705E+00 1.53842E+00 1.59861E+00 1.65219E+00 1.40352E+00 1.31379E+00 1.06453E+00 2.87943E+01
1.16288E+00 1.40771E+00 1.49651E+00 1.62857E+00 1.63005E+00 1.69282E+00 1.74771E+00 1.49651E+00 1.40771E+00 1.16288E+00 3.00816E+01
1.26096E+00 1.50139E+00 1.58927E+00 1.71988E+00 1.72146E+00 1.78683E+00 1.84306E+00 1.58927E+00 1.50139E+00 1.26096E+00 3.12815E+01
1.35834E+00 1.59442E+00 1.68137E+00 1.81053E+00 1.81222E+00 1.88021E+00 1.93780E+00 1.68137E+00 1.59442E+00 1.35834E+00 3.23881E+01
1.45456E+00 1.68632E+00 1.77235E+00 1.90008E+00 1.90187E+00 1.97249E+00 2.03146E+00 1.77235E+00 1.68632E+00 1.45456E+00 3.33951E+01
1.54921E+00 1.77668E+00 1.86179E+00 1.98809E+00 1.98999E+00 2.06325E+00 2.12363E+00 1.86179E+00 1.77668E+00 1.54921E+00 3.43002E+01
0.00000E+00 0.00000E+00 1.03953E-01 2.59881E-01 2.59882E-01 2.81338E-01 3.16964E-01 1.03953E-01 0.00000E+00 0.00000E+00 9.49869E-01
0.00000E+00 3.06043E-02 1.33419E-01 2.87566E-01 2.87632E-01 3.11452E-01 3.48123E-01 1.33419E-01 3.06043E-02 0.00000E+00 1.94161E+00
0.00000E+00 6.67156E-02 1.68442E-01 3.20887E-01 3.21018E-01 3.47178E-01 3.84886E-01 1.68442E-01 6.67156E-02 0.00000E+00 3.00322E+00
0.00000E+00 1.06259E-01 2.06935E-01 3.57740E-01 3.57937E-01 3.86427E-01 4.25167E-01 2.06935E-01 1.06259E-01 0.00000E+00 4.14145E+00
0.00000E+00 1.49130E-01 2.48791E-01 3.98006E-01 3.98271E-01 4.29087E-01 4.68859E-01 2.48791E-01 1.49130E-01 0.00000E+00 5.34614E+00
0.00000E+00 1.95331E-01 2.94006E-01 4.41680E-01 4.42013E-01 4.75153E-01 5.15961E-01 2.94006E-01 1.95331E-01 0.00000E+00 6.60924E+00
0.00000E+00 2.44654E-01 3.42368E-01 4.88541E-01 4.88944E-01 5.24411E-01 5.66258E-01 3.42368E-01 2.44654E-01 0.00000E+00 7.91895E+00
5.55112E-17 2.84695E-01 3.81681E-01 5.26716E-01 5.27173E-01 5.64442E-01 6.07099E-01 3.81681E-01 2.84695E-01 5.55112E-17 8.95605E+00
1.19321E-02 2.95619E-01 3.92396E-01 5.37104E-01 5.37577E-01 5.75373E-01 6.18268E-01 3.92396E-01 2.95619E-01 1.19321E-02 9.25145E+00
7.49430E-02 3.53871E-01 4.49662E-01 5.92829E-01 5.93381E-01 6.33689E-01 6.77720E-01 4.49662E-01 3.53871E-01 7.49430E-02 1.06237E+01
1.42261E-01 4.16486E-01 5.11305E-01 6.52950E-01 6.53583E-01 6.96430E-01 7.41618E-01 5.11305E-01 4.16486E-01 1.42261E-01 1.20069E+01
2.12388E-01 4.81957E-01 5.75814E-01 7.15955E-01 7.16671E-01 7.62086E-01 8.08453E-01 5.75814E-01 4.81957E-01 2.12388E-01 1.34016E+01
2.85041E-01 5.49997E-01 6.42902E-01 7.81554E-01 7.82357E-01 8.30368E-01 8.77936E-01 6.42902E-01 5.49997E-01 2.85041E-01 1.47966E+01
3.59988E-01 6.20373E-01 7.12335E-01 8.49511E-01 8.50403E-01 9.01039E-01 9.49831E-01 7.12335E-01 6.20373E-01 3.59988E-01 1.61806E+01
4.36915E-01 6.92768E-01 7.83795E-01 9.19508E-01 9.20493E-01 9.73779E-01 1.02382E+00 7.83795E-01 6.92768E-01 4.36915E-01 1.75422E+01
5.15489E-01 7.66848E-01 8.56947E-01 9.91208E-01 9.92288E-01 1.04825E+00 1.09956E+00 8.56947E-01 7.66848E-01 5.15489E-01 1.88711E+01
5.95377E-01 8.42278E-01 9.31457E-01 1.06428E+00 1.06545E+00 1.12411E+00 1.17672E+00 9.31457E-01 8.42278E-01 5.95377E-01 2.01578E+01
6.76235E-01 9.18714E-01 1.00698E+00 1.13836E+00 1.13964E+00 1.20102E+00 1.25495E+00 1.00698E+00 9.18714E-01 6.76235E-01 2.13931E+01
7.57706E-01 9.95798E-01 1.08315E+00 1.21311E+00 1.21450E+00 1.27861E+00 1.33389E+00 1.08315E+00 9.95798E-01 7.57706E-01 2.25692E+01
8.39424E-01 1.07316E+00 1.15962E+00 1.28816E+00 1.28965E+00 1.35652E+00 1.41316E+00 1.15962E+00 1.07316E+00 8.39424E-01 2.36786E+01
9.21021E-01 1.15044E+00 1.23600E+00 1.36313E+00 1.36473E+00 1.43436E+00 1.49240E+00 1.23600E+00 1.15044E+00 9.21021E-01 2.47152E+01
1.00213E+00 1.22727E+00 1.31193E+00 1.43766E+00 1.43937E+00 1.51178E+00 1.57123E+00 1.31193E+00 1.22727E+00 1.00213E+00 2.56736E+01
1.08238E+00 1.30328E+00 1.38704E+00 1.51137E+00 1.51321E+00 1.58840E+00 1.64929E+00 1.38704E+00 1.30328E+00 1.08238E+00 2.65496E+01
1.16143E+00 1.37811E+00 1.46099E+00 1.58392E+00 1.58588E+00 1.66386E+00 1.72621E+00 1.46099E+00 1.37811E+00 1.16143E+00 2.73399E+01
1.23889E+00 1.45139E+00 1.53338E+00 1.65493E+00 1.65700E+00 1.73777E+00 1.80161E+00 1.53338E+00 1.45139E+00 1.23889E+00 2.80405E+01
1.31443E+00 1.52279E+00 1.60390E+00 1.72406E+00 1.72626E+00 1.80982E+00 1.87516E+00 1.60390E+00 1.52279E+00 1.31443E+00 2.86509E+01
0.00000E+00 0.00000E+00 9.88379E-02 2.47095E-01 2.47095E-01 2.74049E-01 3.12755E-01 9.88379E-02 0.00000E+00 0.00000E+00 1.08053E+00
0.00000E+00 2.93198E-02 1.27094E-01 2.73674E-01 2.73751E-01 3.03420E-01 3.43239E-01 1.27094E-01 2.93198E-02 0.00000E+00 2.02546E+00
0.00000E+00 6.34722E-02 1.60228E-01 3.05206E-01 3.05360E-01 3.37706E-01 3.78629E-01 1.60228E-01 6.34722E-02 0.00000E+00 3.01911E+00
0.00000E+00 1.00429E-01 1.96203E-01 3.39634E-01 3.39866E-01 3.74866E-01 4.16894E-01 1.96203E-01 1.00429E-01 0.00000E+00 4.06773E+00
0.00000E+00 1.40067E-01 2.34889E-01 3.76822E-01 3.77132E-01 4.14772E-01 4.57906E-01 2.34889E-01 1.40067E-01 0.00000E+00 5.16143E+00
0.00000E+00 1.82337E-01 2.76235E-01 4.16713E-01 4.17104E-01 4.57370E-01 5.01616E-01 2.76235E-01 1.82337E-01 0.00000E+00 6.29174E+00
0.00000E+00 2.27026E-01 3.20023E-01 4.59083E-01 4.59556E-01 5.02441E-01 5.47806E-01 3.20023E-01 2.27026E-01 0.00000E+00 7.44801E+00
1.11022E-16 2.63033E-01 3.55347E-01 4.93331E-01 4.93868E-01 5.38776E-01 5.85012E-01 3.55347E-01 2.63033E-01 1.11022E-16 8.35395E+00
1.07284E-02 2.72786E-01 3.64903E-01 5.02577E-01 5.03134E-01 5.48631E-01 5.95123E-01 3.64903E-01 2.72786E-01 1.07284E-02 8.60924E+00
6.71588E-02 3.24610E-01 4.15800E-01 5.52015E-01 5.52663E-01 6.00966E-01 6.48683E-01 4.15800E-01 3.24610E-01 6.71588E-02 9.78629E+00
1.26925E-01 3.79824E-01 4.70098E-01 6.04871E-01 6.05615E-01 6.56742E-01 7.05707E-01 4.70098E-01 3.79824E-01 1.26925E-01 1.09562E+01
1.88644E-01 4.37037E-01 5.26405E-01 6.59750E-01 6.60592E-01 7.14565E-01 7.64802E-01 5.26405E-01 4.37037E-01 1.88644E-01 1.21196E+01
2.52035E-01 4.95965E-01 5.84435E-01 7.16364E-01 7.17308E-01 7.74146E-01 8.25681E-01 5.84435E-01 4.95965E-01 2.52035E-01 1.32673E+01
3.16858E-01 5.56367E-01 6.43945E-01 7.74469E-01 7.75518E-01 8.35240E-01 8.88099E-01 6.43945E-01 5.56367E-01 3.16858E-01 1.43895E+01
3.82817E-01 6.17944E-01 7.04638E-01 8.33767E-01 8.34923E-01 8.97547E-01 9.51756E-01 7.04638E-01 6.17944E-01 3.82817E-01 1.54772E+01
4.49609E-01 6.80392E-01 7.66207E-01 8.93949E-01 8.95217E-01 9.60757E-01 1.01634E+00 7.66207E-01 6.80392E-01 4.49609E-01 1.65226E+01
5.16934E-01 7.43410E-01 8.28350E-01 9.54713E-01 9.56095E-01 1.02456E+00 1.08155E+00 8.28350E-01 7.43410E-01 5.16934E-01 1.75184E+01
5.84484E-01 8.06688E-01 8.90759E-01 1.01575E+00 1.01725E+00 1.08866E+00 1.14707E+00 8.90759E-01 8.06688E-01 5.84484E-01 1.84582E+01
6.51948E-01 8.69917E-01 9.53122E-01 1.07674E+00 1.07837E+00 1.15272E+00 1.21259E+00 9.53122E-01 8.69917E-01 6.51948E-01 1.93361E+01
7.19014E-01 9.32784E-01 1.01513E+00 1.13738E+00 1.13913E+00 1.21644E+00 1.27779E+00 1.01513E+00 9.32784E-01 7.19014E-01 2.01474E+01
7.85375E-01 9.94980E-01 1.07646E+00 1.19736E+00 1.19924E+00 1.27950E+00 1.34235E+00 1.07646E+00 9.94980E-01 7.85375E-01 2.08883E+01
8.50728E-01 1.05620E+00 1.13683E+00 1.25637E+00 1.25838E+00 1.34159E+00 1.40597E+00 1.13683E+00 1.05620E+00 8.50728E-01 2.15557E+01
9.14780E-01 1.11616E+00 1.19593E+00 1.31412E+00 1.31626E+00 1.40242E+00 1.46836E+00 1.19593E+00 1.11616E+00 9.14780E-01 2.21474E+01
9.77250E-01 1.17458E+00 1.25349E+00 1.37033E+00 1.37261E+00 1.46171E+00 1.52922E+00 1.25349E+00 1.17458E+00 9.77250E-01 2.26623E+01
1.03783E+00 1.23114E+00 1.30920E+00 1.42469E+00 1.42711E+00 1.51914E+00 1.58824E+00 1.30920E+00 1.23114E+00 1.03783E+00 2.30983E+01
1.09629E+00 1.28562E+00 1.36283E+00 1.47697E+00 1.47953E+00 1.57447E+00 1.64519E+00 1.36283E+00 1.28562E+00 1.09629E+00 2.34567E+01
0.00000E+00 0.00000E+00 9.44381E-02 2.36095E-01 2.36096E-01 2.69782E-01 3.11455E-01 9.44381E-02 0.00000E+00 0.00000E+00 1.22028E+00
0.00000E+00 2.81145E-02 1.21562E-01 2.61645E-01 2.61736E-01 2.98507E-01 3.41370E-01 1.21562E-01 2.81145E-02 0.00000E+00 2.11727E+00
0.00000E+00 6.04428E-02 1.52941E-01 2.91517E-01 2.91699E-01 3.31496E-01 3.75545E-01 1.52941E-01 6.04428E-02 0.00000E+00 3.04423E+00
0.00000E+00 9.50201E-02 1.86601E-01 3.23720E-01 3.23995E-01 3.66779E-01 4.12016E-01 1.86601E-01 9.50201E-02 0.00000E+00 4.00772E+00
0.00000E+00 1.31720E-01 2.22411E-01 3.58117E-01 3.58486E-01 4.04227E-01 4.50655E-01 2.22411E-01 1.31720E-01 0.00000E+00 4.99873E+00
0.00000E+00 1.70469E-01 2.60295E-01 3.94626E-01 3.95091E-01 4.43762E-01 4.91390E-01 2.60295E-01 1.70469E-01 0.00000E+00 6.00919E+00
0.00000E+00 2.11065E-01 3.00045E-01 4.33036E-01 4.33597E-01 4.85178E-01 5.34016E-01 3.00045E-01 2.11065E-01 0.00000E+00 7.03000E+00
1.11022E-16 2.43548E-01 3.31886E-01 4.63856E-01 4.64493E-01 5.18315E-01 5.68095E-01 3.31886E-01 2.43548E-01 1.11022E-16 7.82206E+00
9.68424E-03 2.52286E-01 3.40439E-01 4.72116E-01 4.72776E-01 5.27248E-01 5.77306E-01 3.40439E-01 2.52286E-01 9.68424E-03 8.04301E+00
6.04421E-02 2.98580E-01 3.85860E-01 5.16151E-01 5.16920E-01 5.74482E-01 6.25867E-01 3.85860E-01 2.98580E-01 6.04421E-02 9.05456E+00
1.13783E-01 3.47512E-01 4.33928E-01 5.62846E-01 5.63728E-01 6.24388E-01 6.77126E-01 4.33928E-01 3.47512E-01 1.13783E-01 1.00471E+01
1.68445E-01 3.97810E-01 4.83369E-01 6.10926E-01 6.11923E-01 6.75690E-01 7.29809E-01 4.83369E-01 3.97810E-01 1.68445E-01 1.10220E+01
2.24165E-01 4.49210E-01 5.33917E-01 6.60120E-01 6.61237E-01 7.28120E-01 7.83648E-01 5.33917E-01 4.49210E-01 2.24165E-01 1.19718E+01
2.80715E-01 5.01481E-01 5.85341E-01 7.10199E-01 7.11438E-01 7.81444E-01 8.38410E-01 5.85341E-01 5.01481E-01 2.80715E-01 1.28885E+01
3.37831E-01 5.54359E-01 6.37377E-01 7.60896E-01 7.62261E-01 8.35394E-01 8.93826E-01 6.37377E-01 5.54359E-01 3.37831E-01 1.37654E+01
3.95252E-01 6.07579E-01 6.89759E-01 8.11943E-01 8.13438E-01 8.89700E-01 9.49626E-01 6.89759E-01 6.07579E-01 3.95252E-01 1.45966E+01
4.52714E-01 6.60880E-01 7.42223E-01 8.63076E-01 8.64705E-01 9.44096E-01 1.00554E+00 7.42223E-01 6.60880E-01 4.52714E-01 1.53770E+01
5.09958E-01 7.13998E-01 7.94507E-01 9.14033E-01 9.15798E-01 9.98316E-01 1.06131E+00 7.94507E-01 7.13998E-01 5.09958E-01 1.61019E+01
5.66722E-01 7.66672E-01 8.46349E-01 9.64550E-01 9.66455E-01 1.05209E+00 1.11667E+00 8.46349E-01 7.66672E-01 5.66722E-01 1.67677E+01
6.22748E-01 8.18646E-01 8.97492E-01 1.01437E+00 1.01642E+00 1.10517E+00 1.17134E+00 8.97492E-01 8.18646E-01 6.22748E-01 1.73712E+01
6.77786E-01 8.69669E-01 9.47684E-01 1.06324E+00 1.06543E+00 1.15728E+00 1.22508E+00 9.47684E-01 8.69669E-01 6.77786E-01 1.79104E+01
7.31595E-01 9.19499E-01 9.96684E-01 1.11091E+00 1.11326E+00 1.20819E+00 1.27765E+00 9.96684E-01 9.19499E-01 7.31595E-01 1.83838E+01
7.83944E-01 9.67907E-01 1.04426E+00 1.15717E+00 1.15967E+00 1.25766E+00 1.32879E+00 1.04426E+00 9.67907E-01 7.83944E-01 1.87907E+01
8.34618E-01 1.01468E+00 1.09020E+00 1.20178E+00 1.20444E+00 1.30546E+00 1.37829E+00 1.09020E+00 1.01468E+00 8.34618E-01 1.91311E+01
8.83377E-01 1.05957E+00 1.13426E+00 1.24451E+00 1.24733E+00 1.35137E+00 1.42592E+00 1.13426E+00 1.05957E+00 8.83377E-01 1.94044E+01
9.30052E-01 1.10242E+00 1.17628E+00 1.28520E+00 1.28818E+00 1.39519E+00 1.47148E+00 1.17628E+00 1.10242E+00 9.30052E-01 1.96126E+01
0.00000E+00 0.00000E+00 9.06072E-02 2.26517E-01 2.26519E-01 2.68367E-01 3.12897E-01 9.06072E-02 0.00000E+00 0.00000E+00 1.36857E+00
0.00000E+00 2.69121E-02 1.16596E-01 2.51023E-01 2.51134E-01 2.96443E-01 3.42262E-01 1.16596E-01 2.69121E-02 0.00000E+00 2.21440E+00
0.00000E+00 5.74706E-02 1.46268E-01 2.79273E-01 2.79492E-01 3.28179E-01 3.75285E-01 1.46268E-01 5.74706E-02 0.00000E+00 3.07395E+00
0.00000E+00 8.97868E-02 1.77725E-01 3.09352E-01 3.09682E-01 3.61689E-01 4.10087E-01 1.77725E-01 8.97868E-02 0.00000E+00 3.95450E+00
0.00000E+00 1.23743E-01 2.10846E-01 3.41134E-01 3.41576E-01 3.96855E-01 4.46551E-01 2.10846E-01 1.23743E-01 0.00000E+00 4.84837E+00
0.00000E+00 1.59257E-01 2.45545E-01 3.74527E-01 3.75082E-01 4.33589E-01 4.84594E-01 2.45545E-01 1.59257E-01 0.00000E+00 5.74831E+00
0.00000E+00 1.96146E-01 2.81637E-01 4.09341E-01 4.10011E-01 4.71709E-01 5.24035E-01 2.81637E-01 1.96146E-01 0.00000E+00 6.64702E+00
0.00000E+00 2.25472E-01 3.10355E-01 4.37085E-01 4.37846E-01 5.01991E-01 5.55348E-01 3.10355E-01 2.25472E-01 0.00000E+00 7.33813E+00
8.75634E-03 2.33310E-01 3.18018E-01 4.44468E-01 4.45256E-01 5.10109E-01 5.63769E-01 3.18018E-01 2.33310E-01 8.75634E-03 7.52907E+00
5.45038E-02 2.74728E-01 3.58608E-01 4.83729E-01 4.84647E-01 5.52858E-01 6.07970E-01 3.58608E-01 2.74728E-01 5.45038E-02 8.39739E+00
1.02242E-01 3.18191E-01 4.01249E-01 5.25052E-01 5.26102E-01 5.97664E-01 6.54257E-01 4.01249E-01 3.18191E-01 1.02242E-01 9.23945E+00
1.50828E-01 3.62547E-01 4.44787E-01 5.67279E-01 5.68465E-01 6.43373E-01 7.01477E-01 4.44787E-01 3.62547E-01 1.50828E-01 1.00575E+01
2.00025E-01 4.07559E-01 4.88985E-01 6.10170E-01 6.11497E-01 6.89743E-01 7.49389E-01 4.88985E-01 4.07559E-01 2.00025E-01 1.08459E+01
2.49632E-01 4.53023E-01 5.33636E-01 6.53519E-01 6.54989E-01 7.36565E-01 7.97784E-01 5.33636E-01 4.53023E-01 2.49632E-01 1.15984E+01
2.99423E-01 4.98712E-01 5.78515E-01 6.97096E-01 6.98714E-01 7.83610E-01 8.46432E-01 5.78515E-01 4.98712E-01 2.99423E-01 1.23099E+01
3.49178E-01 5.44404E-01 6.23397E-01 7.40679E-01 7.42448E-01 8.30649E-01 8.95105E-01 6.23397E-01 5.44404E-01 3.49178E-01 1.29767E+01
3.98678E-01 5.89881E-01 6.68065E-01 7.84047E-01 7.85971E-01 8.77462E-01 9.43580E-01 6.68065E-01 5.89881E-01 3.98678E-01 1.35950E+01
4.47709E-01 6.34927E-01 7.12301E-01 8.26983E-01 8.29066E-01 9.23826E-01 9.91635E-01 7.12301E-01 6.34927E-01 4.47709E-01 1.41618E+01
4.96060E-01 6.79329E-01 7.55894E-01 8.69273E-01 8.71519E-01 9.69525E-01 1.03905E+00 7.55894E-01 6.79329E-01 4.96060E-01 1.46750E+01
5.43522E-01 7.22883E-01 7.98636E-01 9.10712E-01 9.13123E-01 1.01435E+00 1.08562E+00 7.98636E-01 7.22883E-01 5.43522E-01 1.51327E+01
5.89900E-01 7.65390E-01 8.40330E-01 9.51099E-01 9.53679E-01 1.05809E+00 1.13113E+00 8.40330E-01 7.65390E-01 5.89900E-01 1.55341E+01
6.35005E-01 8.06662E-01 8.80788E-01 9.90247E-01 9.92998E-01 1.10057E+00 1.17540E+00 8.80788E-01 8.06662E-01 6.35005E-01 1.58788E+01
6.78661E-01 8.46524E-01 9.19833E-01 1.02798E+00 1.03090E+00 1.14160E+00 1.21824E+00 9.19833E-01 8.46524E-01 6.78661E-01 1.61668E+01
7.20704E-01 8.84813E-01 9.57303E-01 1.06413E+00 1.06723E+00 1.18100E+00 1.25948E+00 9.57303E-01 8.84813E-01 7.20704E-01 1.63990E+01
7.60951E-01 9.21346E-01 9.93014E-01 1.09852E+00 1.10180E+00 1.21860E+00 1.29893E+00 9.93014E-01 9.21346E-01 7.60951E-01 1.65755E+01
7.99283E-01 9.56004E-01 1.02685E+00 1.13103E+00 1.13449E+00 1.25427E+00 1.33646E+00 1.02685E+00 9.56004E-01 7.99283E-01 1.66986E+01
0.00000E+00 0.00000E+00 8.68979E-02 2.17242E-01 2.17248E-01 2.68883E-01 3.16265E-01 8.68979E-02 0.00000E+00 0.00000E+00 1.52558E+00
0.00000E+00 2.55711E-02 1.11602E-01 2.40538E-01 2.40674E-01 2.96144E-01 3.44951E-01 1.11602E-01 2.55711E-02 0.00000E+00 2.31356E+00
0.00000E+00 5.42399E-02 1.39435E-01 2.67015E-01 2.67282E-01 3.26478E-01 3.76709E-01 1.39435E-01 5.42399E-02 0.00000E+00 3.10061E+00
0.00000E+00 8.42011E-02 1.68584E-01 2.94848E-01 2.95247E-01 3.58088E-01 4.09749E-01 1.68584E-01 8.42011E-02 0.00000E+00 3.89458E+00
0.00000E+00 1.15345E-01 1.98936E-01 3.23916E-01 3.24448E-01 3.90865E-01 4.43966E-01 1.98936E-01 1.15345E-01 0.00000E+00 4.68903E+00
0.00000E+00 1.47576E-01 2.30393E-01 3.54116E-01 3.54784E-01 4.24712E-01 4.79266E-01 2.30393E-01 1.47576E-01 0.00000E+00 5.47756E+00
0.00000E+00 1.80732E-01 2.62788E-01 3.85278E-01 3.86084E-01 4.59468E-01 5.15487E-01 2.62788E-01 1.80732E-01 0.00000E+00 6.25447E+00
5.55112E-17 2.06893E-01 2.88367E-01 4.09916E-01 4.10830E-01 4.86854E-01 5.44018E-01 2.88367E-01 2.06893E-01 5.55112E-17 6.84554E+00
7.82981E-03 2.13832E-01 2.95139E-01 4.16416E-01 4.17361E-01 4.94147E-01 5.51647E-01 2.95139E-01 2.13832E-01 7.82981E-03 7.00689E+00
4.85817E-02 2.50384E-01 3.30896E-01 4.50884E-01 4.51983E-01 5.32371E-01 5.91482E-01 3.30896E-01 2.50384E-01 4.85817E-02 7.73433E+00
9.07496E-02 2.88407E-01 3.68128E-01 4.86832E-01 4.88088E-01 5.72053E-01 6.32806E-01 3.68128E-01 2.88407E-01 9.07496E-02 8.42912E+00
1.33305E-01 3.26865E-01 4.05795E-01 5.23217E-01 5.24635E-01 6.12154E-01 6.74582E-01 4.05795E-01 3.26865E-01 1.33305E-01 9.09420E+00
1.76038E-01 3.65545E-01 4.43685E-01 5.59828E-01 5.61410E-01 6.52459E-01 7.16595E-01 4.43685E-01 3.65545E-01 1.76038E-01 9.72535E+00
2.18767E-01 4.04264E-01 4.81614E-01 5.96476E-01 5.98227E-01 6.92779E-01 7.58655E-01 4.81614E-01 4.04264E-01 2.18767E-01 1.03180E+01
2.61298E-01 4.42828E-01 5.19387E-01 6.32966E-01 6.34891E-01 7.32917E-01 8.00564E-01 5.19387E-01 4.42828E-01 2.61298E-01 1.08687E+01
3.03450E-01 4.81053E-01 5.56821E-01 6.69115E-01 6.71216E-01 7.72683E-01 8.42133E-01 5.56821E-01 4.81053E-01 3.03450E-01 1.13751E+01
3.45042E-01 5.18759E-01 5.93733E-01 7.04738E-01 7.07020E-01 8.11893E-01 8.83174E-01 5.93733E-01 5.18759E-01 3.45042E-01 1.18350E+01
3.85898E-01 5.55770E-01 6.29947E-01 7.39660E-01 7.42126E-01 8.50366E-01 9.23506E-01 6.29947E-01 5.55770E-01 3.85898E-01 1.22468E+01
4.25850E-01 5.91916E-01 6.65294E-01 7.73710E-01 7.76362E-01 8.87928E-01 9.62953E-01 6.65294E-01 5.91916E-01 4.25850E-01 1.26095E+01
4.64735E-01 6.27036E-01 6.99611E-01 8.06725E-01 8.09568E-01 9.24413E-01 1.00135E+00 6.99611E-01 6.27036E-01 4.64735E-01 1.29226E+01
5.02402E-01 6.60978E-01 7.32747E-01 8.38552E-01 8.41588E-01 9.59664E-01 1.03853E+00 7.32747E-01 6.60978E-01 5.02402E-01 1.31862E+01
5.38709E-01 6.93601E-01 7.64560E-01 8.69051E-01 8.72283E-01 9.93534E-01 1.07435E+00 7.64560E-01 6.93601E-01 5.38709E-01 1.34007E+01
5.73528E-01 7.24777E-01 7.94921E-01 8.98092E-01 9.01522E-01 1.02589E+00 1.10868E+00 7.94921E-01 7.24777E-01 5.73528E-01 1.35671E+01
6.06740E-01 7.54388E-01 8.23714E-01 9.25558E-01 9.29187E-01 1.05662E+00 1.14139E+00 8.23714E-01 7.54388E-01 6.06740E-01 1.36868E+01
6.38210E-01 7.82301E-01 8.50803E-01 9.51313E-01 9.55145E-01 1.08556E+00 1.17233E+00 8.50803E-01 7.82301E-01 6.38210E-01 1.37607E+01
6.67865E-01 8.08441E-01 8.76116E-01 9.75286E-01 9.79320E-01 1.11266E+00 1.20144E+00 8.76116E-01 8.08441E-01 6.67865E-01 1.37913E+01
0.00000E+00 0.00000E+00 8.35938E-02 2.08978E-01 2.08991E-01 2.72195E-01 3.22356E-01 8.35938E-02 0.00000E+00 0.00000E+00 1.68610E+00
0.00000E+00 2.41912E-02 1.06960E-01 2.30988E-01 2.31159E-01 2.98551E-01 3.50316E-01 1.06960E-01 2.41912E-02 0.00000E+00 2.41234E+00
0.00000E+00 5.09717E-02 1.32943E-01 2.55660E-01 2.55989E-01 3.27428E-01 3.80797E-01 1.32943E-01 5.09717E-02 0.00000E+00 3.12530E+00
0.00000E+00 7.86289E-02 1.59823E-01 2.81262E-01 2.81750E-01 3.57130E-01 4.12111E-01 1.59823E-01 7.86289E-02 0.00000E+00 3.83355E+00
0.00000E+00 1.07065E-01 1.87497E-01 3.07685E-01 3.08334E-01 3.87561E-01 4.44165E-01 1.87497E-01 1.07065E-01 0.00000E+00 4.53198E+00
0.00000E+00 1.36182E-01 2.15866E-01 3.34827E-01 3.35639E-01 4.18625E-01 4.76864E-01 2.15866E-01 1.36182E-01 0.00000E+00 5.21516E+00
0.00000E+00 1.65839E-01 2.44787E-01 3.62538E-01 3.63515E-01 4.50183E-01 5.10072E-01 2.44787E-01 1.65839E-01 0.00000E+00 5.87898E+00
0.00000E+00 1.89059E-01 2.67442E-01 3.84267E-01 3.85374E-01 4.74844E-01 5.36020E-01 2.67442E-01 1.89059E-01 0.00000E+00 6.37841E+00
6.97589E-03 1.95170E-01 2.73390E-01 3.89946E-01 3.91091E-01 4.81367E-01 5.42921E-01 2.73390E-01 1.95170E-01 6.97589E-03 6.51295E+00
4.31443E-02 2.27259E-01 3.04703E-01 4.19987E-01 4.21314E-01 5.15390E-01 5.78753E-01 3.04703E-01 2.27259E-01 4.31443E-02 7.11368E+00
8.02494E-02 2.60341E-01 3.37010E-01 4.51023E-01 4.52537E-01 5.50365E-01 6.15569E-01 3.37010E-01 2.60341E-01 8.02494E-02 7.67801E+00
1.17375E-01 2.93492E-01 3.69385E-01 4.82125E-01 4.83829E-01 5.85367E-01 6.52446E-01 3.69385E-01 2.93492E-01 1.17375E-01 8.20952E+00
1.54340E-01 3.26530E-01 4.01645E-01 5.13108E-01 5.15007E-01 6.20209E-01 6.89196E-01 4.01645E-01 3.26530E-01 1.54340E-01 8.70534E+00
1.90984E-01 3.59292E-01 4.33627E-01 5.43809E-01 5.45907E-01 6.54726E-01 7.25653E-01 4.33627E-01 3.59292E-01 1.90984E-01 9.16227E+00
2.27150E-01 3.91621E-01 4.65172E-01 5.74068E-01 5.76369E-01 6.88753E-01 7.61652E-01 4.65172E-01 3.91621E-01 2.27150E-01 9.57830E+00
2.62692E-01 4.23370E-01 4.96133E-01 6.03737E-01 6.06245E-01 7.22140E-01 7.97039E-01 4.96133E-01 4.23370E-01 2.62692E-01 9.95231E+00
2.97464E-01 4.54393E-01 5.26363E-01 6.32670E-01 6.35387E-01 7.54738E-01 8.31664E-01 5.26363E-01 4.54393E-01 2.97464E-01 1.02833E+01
3.31330E-01 4.84551E-01 5.55726E-01 6.60727E-01 6.63657E-01 7.86402E-01 8.65381E-01 5.55726E-01 4.84551E-01 3.31330E-01 1.05706E+01
3.64158E-01 5.13716E-01 5.84089E-01 6.87777E-01 6.90922E-01 8.17000E-01 8.98053E-01 5.84089E-01 5.13716E-01 3.64158E-01 1.08144E+01
3.95827E-01 5.41764E-01 6.11331E-01 7.13698E-01 7.17061E-01 8.46403E-01 9.29551E-01 6.11331E-01 5.41764E-01 3.95827E-01 1.10149E+01
4.26224E-01 5.68585E-01 6.37339E-01 7.38378E-01 7.41961E-01 8.74496E-01 9.59756E-01 6.37339E-01 5.68585E-01 4.26224E-01 1.11728E+01
4.55248E-01 5.94077E-01 6.62014E-01 7.61715E-01 7.65520E-01 9.01173E-01 9.88560E-01 6.62014E-01 5.94077E-01 4.55248E-01 1.12895E+01
4.82810E-01 6.18151E-01 6.85264E-01 7.83619E-01 7.87648E-01 9.26341E-01 1.01587E+00 6.85264E-01 6.18151E-01 4.82810E-01 1.13662E+01
5.08830E-01 6.40728E-01 7.07013E-01 8.04014E-01 8.08268E-01 9.49917E-01 1.04159E+00 7.07013E-01 6.40728E-01 5.08830E-01 1.14047E+01
5.33214E-01 6.61716E-01 7.27166E-01 8.22804E-01 8.27283E-01 9.71801E-01 1.06562E+00 7.27166E-01 6.61716E-01 5.33214E-01 1.14063E+01
5.55922E-01 6.81075E-01 7.45684E-01 8.39951E-01 8.44655E-01 9.91952E-01 1.08793E+00 7.45684E-01 6.81075E-01 5.55922E-01 1.13737E+01
0.00000E+00 0.00000E+00 8.05903E-02 2.01461E-01 2.01491E-01 2.78150E-01 3.31118E-01 8.05903E-02 0.00000E+00 0.00000E+00 1.84603E+00
0.00000E+00 2.27589E-02 1.02552E-01 2.22093E-01 2.22315E-01 3.03472E-01 3.58283E-01 1.02552E-01 2.27589E-02 0.00000E+00 2.50677E+00
0.00000E+00 4.76285E-02 1.26648E-01 2.44897E-01 2.45312E-01 3.30792E-01 3.87444E-01 1.26648E-01 4.76285E-02 0.00000E+00 3.14392E+00
0.00000E+00 7.29975E-02 1.51259E-01 2.68245E-01 2.68854E-01 3.58522E-01 4.17021E-01 1.51259E-01 7.29975E-02 0.00000E+00 3.76672E+00
0.00000E+00 9.87842E-02 1.76301E-01 2.92046E-01 2.92850E-01 3.86586E-01 4.46941E-01 1.76301E-01 9.87842E-02 0.00000E+00 4.37140E+00
0.00000E+00 1.24893E-01 2.01676E-01 3.16199E-01 3.17199E-01 4.14889E-01 4.77112E-01 2.01676E-01 1.24893E-01 0.00000E+00 4.95360E+00
0.00000E+00 1.51209E-01 2.27265E-01 3.40580E-01 3.41780E-01 4.43321E-01 5.07424E-01 2.27265E-01 1.51209E-01 0.00000E+00 5.51068E+00
0.00000E+00 1.71644E-01 2.47143E-01 3.59530E-01 3.60884E-01 4.65346E-01 5.30913E-01 2.47143E-01 1.71644E-01 0.00000E+00 5.92460E+00
6.17212E-03 1.76975E-01 2.52312E-01 3.64430E-01 3.65830E-01 4.71127E-01 5.37123E-01 2.52312E-01 1.76975E-01 6.17212E-03 6.03436E+00
3.80432E-02 2.04884E-01 2.79451E-01 3.90289E-01 3.91908E-01 5.01137E-01 5.69184E-01 2.79451E-01 2.04884E-01 3.80432E-02 6.51869E+00
7.04415E-02 2.33378E-01 3.07175E-01 4.16730E-01 4.18571E-01 5.31661E-01 6.01792E-01 3.07175E-01 2.33378E-01 7.04415E-02 6.96475E+00
1.02560E-01 2.61646E-01 3.34667E-01 4.42935E-01 4.45002E-01 5.61886E-01 6.34132E-01 3.34667E-01 2.61646E-01 1.02560E-01 7.37663E+00
1.34248E-01 2.89533E-01 3.61775E-01 4.68748E-01 4.71046E-01 5.91656E-01 6.66048E-01 3.61775E-01 2.89533E-01 1.34248E-01 7.75267E+00
1.65370E-01 3.16904E-01 3.88361E-01 4.94032E-01 4.96564E-01 6.20828E-01 6.97396E-01 3.88361E-01 3.16904E-01 1.65370E-01 8.09090E+00
1.95801E-01 3.43632E-01 4.14300E-01 5.18661E-01 5.21430E-01 6.49273E-01 7.28044E-01 4.14300E-01 3.43632E-01 1.95801E-01 8.39049E+00
2.25431E-01 3.69607E-01 4.39479E-01 5.42521E-01 5.45530E-01 6.76876E-01 7.57875E-01 4.39479E-01 3.69607E-01 2.25431E-01 8.65133E+00
2.54149E-01 3.94717E-01 4.63787E-01 5.65501E-01 5.68753E-01 7.03521E-01 7.86769E-01 4.63787E-01 3.94717E-01 2.54149E-01 8.87333E+00
2.81850E-01 4.18858E-01 4.87120E-01 5.87496E-01 5.90993E-01 7.29101E-01 8.14617E-01 4.87120E-01 4.18858E-01 2.81850E-01 9.05684E+00
3.08441E-01 4.41936E-01 5.09383E-01 6.08411E-01 6.12156E-01 7.53517E-01 8.41317E-01 5.09383E-01 4.41936E-01 3.08441E-01 9.20252E+00
3.33835E-01 4.63864E-01 5.30490E-01 6.28160E-01 6.32153E-01 7.76677E-01 8.66773E-01 5.30490E-01 4.63864E-01 3.33835E-01 9.31138E+00
3.57955E-01 4.84565E-01 5.50363E-01 6.46666E-01 6.50909E-01 7.98501E-01 8.90903E-01 5.50363E-01 4.84565E-01 3.57955E-01 9.38472E+00
3.80735E-01 5.03975E-01 5.68937E-01 6.63863E-01 6.68356E-01 8.18920E-01 9.13633E-01 5.68937E-01 5.03975E-01 3.80735E-01 9.42408E+00
4.02118E-01 5.22037E-01 5.86157E-01 6.79695E-01 6.84438E-01 8.37873E-01 9.34898E-01 5.86157E-01 5.22037E-01 4.02118E-01 9.43122E+00
4.22059E-01 5.38705E-01 6.01976E-01 6.94118E-01 6.99111E-01 8.55312E-01 9.54647E-01 6.01976E-01 5.38705E-01 4.22059E-01 9.40805E+00
4.40495E-01 5.53920E-01 6.16335E-01 7.07071E-01 7.12313E-01 8.71171E-01 9.72809E-01 6.16335E-01 5.53920E-01 4.40495E-01 9.35616E+00
4.57418E-01 5.67672E-01 6.29224E-01 7.18546E-01 7.24035E-01 8.85438E-01 9.89368E-01 6.29224E-01 5.67672E-01 4.57418E-01 9.27807E+00
0.00000E+00 0.00000E+00 7.78845E-02 1.94678E-01 1.94744E-01 2.86766E-01 3.42722E-01 7.78845E-02 0.00000E+00 0.00000E+00 1.99951E+00
0.00000E+00 2.12658E-02 9.83660E-02 2.13829E-01 2.14132E-01 3.10893E-01 3.69000E-01 9.83660E-02 2.12658E-02 0.00000E+00 2.59136E+00
0.00000E+00 4.41983E-02 1.20534E-01 2.34699E-01 2.35239E-01 3.36529E-01 3.96776E-01 1.20534E-01 4.41983E-02 0.00000E+00 3.15147E+00
0.00000E+00 6.72969E-02 1.42880E-01 2.55771E-01 2.56548E-01 3.62202E-01 4.24592E-01 1.42880E-01 6.72969E-02 0.00000E+00 3.68973E+00
0.00000E+00 9.04996E-02 1.65340E-01 2.76976E-01 2.77991E-01 3.87859E-01 4.52395E-01 1.65340E-01 9.04996E-02 0.00000E+00 4.20371E+00
0.00000E+00 1.13719E-01 1.87826E-01 2.98219E-01 2.99473E-01 4.13414E-01 4.80104E-01 1.87826E-01 1.13719E-01 0.00000E+00 4.69012E+00
0.00000E+00 1.36867E-01 2.10245E-01 3.19407E-01 3.20902E-01 4.38788E-01 5.07638E-01 2.10245E-01 1.36867E-01 0.00000E+00 5.14771E+00
8.32667E-17 1.54688E-01 2.27505E-01 3.35719E-01 3.37401E-01 4.58263E-01 5.28791E-01 2.27505E-01 1.54688E-01 8.32667E-17 5.48294E+00
5.42076E-03 1.59294E-01 2.31947E-01 3.39886E-01 3.41623E-01 4.63333E-01 5.34352E-01 2.31947E-01 1.59294E-01 5.42076E-03 5.57014E+00
3.32942E-02 1.83329E-01 2.55205E-01 3.61833E-01 3.63832E-01 4.89520E-01 5.62878E-01 2.55205E-01 1.83329E-01 3.32942E-02 5.94938E+00
6.13590E-02 2.07619E-01 2.78714E-01 3.84024E-01 3.86288E-01 5.15858E-01 5.91583E-01 2.78714E-01 2.07619E-01 6.13590E-02 6.29026E+00
8.89141E-02 2.31457E-01 3.01764E-01 4.05748E-01 4.08280E-01 5.41640E-01 6.19759E-01 3.01764E-01 2.31457E-01 8.89141E-02 6.59730E+00
1.15838E-01 2.54717E-01 3.24230E-01 4.26879E-01 4.29683E-01 5.66739E-01 6.47276E-01 3.24230E-01 2.54717E-01 1.15838E-01 6.86990E+00
1.42021E-01 2.77292E-01 3.46004E-01 4.47307E-01 4.50386E-01 5.91040E-01 6.74019E-01 3.46004E-01 2.77292E-01 1.42021E-01 7.10709E+00
1.67372E-01 2.99088E-01 3.66991E-01 4.66938E-01 4.70293E-01 6.14446E-01 6.99886E-01 3.66991E-01 2.99088E-01 1.67372E-01 7.30901E+00
1.91811E-01 3.20023E-01 3.87111E-01 4.85690E-01 4.89324E-01 6.36874E-01 7.24792E-01 3.87111E-01 3.20023E-01 1.91811E-01 7.47632E+00
2.15259E-01 3.40020E-01 4.06283E-01 5.03483E-01 5.07398E-01 6.58242E-01 7.48649E-01 4.06283E-01 3.40020E-01 2.15259E-01 7.60966E+00
2.37643E-01 3.59004E-01 4.24436E-01 5.20246E-01 5.24441E-01 6.78472E-01 7.71378E-01 4.24436E-01 3.59004E-01 2.37643E-01 7.70999E+00
2.58900E-01 3.76913E-01 4.41506E-01 5.35914E-01 5.40391E-01 6.97497E-01 7.92907E-01 4.41506E-01 3.76913E-01 2.58900E-01 7.77848E+00
2.78974E-01 3.93691E-01 4.57436E-01 5.50432E-01 5.55190E-01 7.15259E-01 8.13173E-01 4.57436E-01 3.93691E-01 2.78974E-01 7.81658E+00
2.97819E-01 4.09292E-01 4.72181E-01 5.63754E-01 5.68792E-01 7.31707E-01 8.32122E-01 4.72181E-01 4.09292E-01 2.97819E-01 7.82589E+00
3.15397E-01 4.23678E-01 4.85704E-01 5.75844E-01 5.81161E-01 7.46802E-01 8.49709E-01 4.85704E-01 4.23678E-01 3.15397E-01 7.80816E+00
3.31679E-01 4.36822E-01 4.97976E-01 5.86673E-01 5.92267E-01 7.60511E-01 8.65899E-01 4.97976E-01 4.36822E-01 3.31679E-01 7.76528E+00
3.46647E-01 4.48704E-01 5.08980E-01 5.96224E-01 6.02091E-01 7.72814E-01 8.80664E-01 5.08980E-01 4.48704E-01 3.46647E-01 7.69921E+00
3.60265E-01 4.59291E-01 5.18681E-01 6.04463E-01 6.10602E-01 7.83672E-01 8.93962E-01 5.18681E-01 4.59291E-01 3.60265E-01 7.61163E+00
3.72545E-01 4.68595E-01 5.27091E-01 6.11404E-01 6.17810E-01 7.93095E-01 9.05798E-01 5.27091E-01 4.68595E-01 3.72545E-01 7.50485E+00
0.00000E+00 0.00000E+00 7.54844E-02 1.88640E-01 1.88782E-01 2.97962E-01 3.57297E-01 7.54844E-02 0.00000E+00 0.00000E+00 2.13853E+00
0.00000E+00 1.97154E-02 9.44113E-02 2.06204E-01 2.06640E-01 3.20702E-01 3.82572E-01 9.44113E-02 1.97154E-02 0.00000E+00 2.65907E+00
0.00000E+00 4.06982E-02 1.14622E-01 2.25080E-01 2.25809E-01 3.44507E-01 4.08887E-01 1.14622E-01 4.06982E-02 0.00000E+00 3.14218E+00
0.00000E+00 6.15658E-02 1.34727E-01 2.43870E-01 2.44891E-01 3.68029E-01 4.34910E-01 1.34727E-01 6.15658E-02 0.00000E+00 3.59828E+00
0.00000E+00 8.22786E-02 1.54684E-01 2.62528E-01 2.63841E-01 3.91240E-01 4.60617E-01 1.54684E-01 8.22786E-02 0.00000E+00 4.02615E+00
0.00000E+00 1.02762E-01 1.74418E-01 2.80973E-01 2.82577E-01 4.14069E-01 4.85937E-01 1.74418E-01 1.02762E-01 0.00000E+00 4.42358E+00
0.00000E+00 1.22955E-01 1.93865E-01 2.99138E-01 3.01034E-01 4.36464E-01 5.10821E-01 1.93865E-01 1.22955E-01 0.00000E+00 4.79050E+00
0.00000E+00 1.38364E-01 2.08697E-01 3.12983E-01 3.15105E-01 4.53490E-01 5.29772E-01 2.08697E-01 1.38364E-01 0.00000E+00 5.05504E+00
4.72875E-03 1.42307E-01 2.12473E-01 3.16470E-01 3.18658E-01 4.57882E-01 5.34724E-01 2.12473E-01 1.42307E-01 4.72875E-03 5.12225E+00
2.89410E-02 1.62824E-01 2.32188E-01 3.34816E-01 3.37317E-01 4.80459E-01 5.59970E-01 2.32188E-01 1.62824E-01 2.89410E-02 5.40911E+00
5.30846E-02 1.83339E-01 2.51897E-01 3.53146E-01 3.55963E-01 5.02898E-01 5.85096E-01 2.51897E-01 1.83339E-01 5.30846E-02 5.65917E+00
7.65582E-02 2.03246E-01 2.70989E-01 3.70849E-01 3.73983E-01 5.24594E-01 6.09495E-01 2.70989E-01 2.03246E-01 7.65582E-02 5.87722E+00
9.92693E-02 2.22451E-01 2.89371E-01 3.87829E-01 3.91283E-01 5.45449E-01 6.33067E-01 2.89371E-01 2.22451E-01 9.92693E-02 6.06348E+00
1.21135E-01 2.40868E-01 3.06956E-01 4.04001E-01 4.07775E-01 5.65374E-01 6.55721E-01 3.06956E-01 2.40868E-01 1.21135E-01 6.21783E+00
1.42090E-01 2.58434E-01 3.23682E-01 4.19300E-01 4.23396E-01 5.84302E-01 6.77384E-01 3.23682E-01 2.58434E-01 1.42090E-01 6.34106E+00
1.62086E-01 2.75097E-01 3.39495E-01 4.33676E-01 4.38092E-01 6.02180E-01 6.98000E-01 3.39495E-01 2.75097E-01 1.62086E-01 6.43440E+00
1.81069E-01 2.90804E-01 3.54343E-01 4.47074E-01 4.51810E-01 6.18952E-01 7.17509E-01 3.54343E-01 2.90804E-01 1.81069E-01 6.49898E+00
1.98995E-01 3.05509E-01 3.68182E-01 4.59451E-01 4.64506E-01 6.34571E-01 7.35857E-01 3.68182E-01 3.05509E-01 1.98995E-01 6.53613E+00
2.15826E-01 3.19177E-01 3.80972E-01 4.70769E-01 4.76140E-01 6.48994E-01 7.53000E-01 3.80972E-01 3.19177E-01 2.15826E-01 6.54735E+00
2.31532E-01 3.31775E-01 3.92686E-01 4.80999E-01 4.86683E-01 6.62191E-01 7.68899E-01 3.92686E-01 3.31775E-01 2.31532E-01 6.53427E+00
2.46090E-01 3.43282E-01 4.03299E-01 4.90118E-01 4.96113E-01 6.74135E-01 7.83525E-01 4.03299E-01 3.43282E-01 2.46090E-01 6.49862E+00
2.59486E-01 3.53683E-01 4.12799E-01 4.98115E-01 5.04415E-01 6.84811E-01 7.96856E-01 4.12799E-01 3.53683E-01 2.59486E-01 6.44222E+00
2.71713E-01 3.62972E-01 4.21179E-01 5.04982E-01 5.11583E-01 6.94210E-01 8.08879E-01 4.21179E-01 3.62972E-01 2.71713E-01 6.36691E+00
2.82771E-01 3.71149E-01 4.28438E-01 5.10721E-01 5.17617E-01 7.02329E-01 8.19585E-01 4.28438E-01 3.71149E-01 2.82771E-01 6.27457E+00
2.92645E-01 3.78200E-01 4.34565E-01 5.15321E-01 5.22506E-01 7.09153E-01 8.28953E-01 4.34565E-01 3.78200E-01 2.92645E-01 6.16681E+00
3.01363E-01 3.84153E-01 4.39588E-01 5.18810E-01 5.26277E-01 7.14709E-01 8.37005E-01 4.39588E-01 3.84153E-01 3.01363E-01 6.04568E+00
0.00000E+00 0.00000E+00 7.33336E-02 1.83186E-01 1.83482E-01 3.11381E-01 3.74837E-01 7.33336E-02 0.00000E+00 0.00000E+00 2.25599E+00
0.00000E+00 1.81093E-02 9.06289E-02 1.99046E-01 1.99710E-01 3.32516E-01 3.98963E-01 9.06289E-02 1.81093E-02 0.00000E+00 2.70404E+00
0.00000E+00 3.71313E-02 1.08851E-01 2.15860E-01 2.16888E-01 3.54320E-01 4.23712E-01 1.08851E-01 3.71313E-02 0.00000E+00 3.11118E+00
0.00000E+00 5.58081E-02 1.26735E-01 2.32354E-01 2.33742E-01 3.75576E-01 4.47886E-01 1.26735E-01 5.58081E-02 0.00000E+00 3.48821E+00
0.00000E+00 7.41230E-02 1.44264E-01 2.48505E-01 2.50250E-01 3.96280E-01 4.71486E-01 1.44264E-01 7.41230E-02 0.00000E+00 3.83501E+00
0.00000E+00 9.20166E-02 1.61374E-01 2.64248E-01 2.66348E-01 4.16377E-01 4.94457E-01 1.61374E-01 9.20166E-02 0.00000E+00 4.15032E+00
0.00000E+00 1.09455E-01 1.78031E-01 2.79543E-01 2.81996E-01 4.35846E-01 5.16781E-01 1.78031E-01 1.09455E-01 0.00000E+00 4.43507E+00
0.00000E+00 1.22639E-01 1.90612E-01 2.91073E-01 2.93798E-01 4.50497E-01 5.33630E-01 1.90612E-01 1.22639E-01 0.00000E+00 4.63644E+00
4.09127E-03 1.25978E-01 1.93775E-01 2.93930E-01 2.96733E-01 4.54235E-01 5.38006E-01 1.93775E-01 1.25978E-01 4.09127E-03 4.68602E+00
2.49492E-02 1.43298E-01 2.10255E-01 3.08952E-01 3.12130E-01 4.73371E-01 5.60169E-01 2.10255E-01 1.43298E-01 2.49492E-02 4.89213E+00
4.55422E-02 1.60427E-01 2.26536E-01 3.23765E-01 3.27316E-01 4.92148E-01 5.81972E-01 2.26536E-01 1.60427E-01 4.55422E-02 5.06421E+00
6.53623E-02 1.76849E-01 2.42101E-01 3.37851E-01 3.41775E-01 5.10051E-01 6.02905E-01 2.42101E-01 1.76849E-01 6.53623E-02 5.20718E+00
8.43435E-02 1.92498E-01 2.56883E-01 3.51142E-01 3.55438E-01 5.27014E-01 6.22894E-01 2.56883E-01 1.92498E-01 8.43435E-02 5.32187E+00
1.02427E-01 2.07313E-01 2.70822E-01 3.63577E-01 3.68243E-01 5.42970E-01 6.41870E-01 2.70822E-01 2.07313E-01 1.02427E-01 5.40879E+00
1.19574E-01 2.21255E-01 2.83878E-01 3.75117E-01 3.80150E-01 5.57880E-01 6.59788E-01 2.83878E-01 2.21255E-01 1.19574E-01 5.46921E+00
1.35759E-01 2.34297E-01 2.96024E-01 3.85735E-01 3.91133E-01 5.71716E-01 6.76615E-01 2.96024E-01 2.34297E-01 1.35759E-01 5.50469E+00
1.50953E-01 2.46409E-01 3.07231E-01 3.95404E-01 4.01161E-01 5.84446E-01 6.92315E-01 3.07231E-01 2.46409E-01 1.50953E-01 5.51665E+00
1.65133E-01 2.57568E-01 3.17476E-01 4.04099E-01 4.10212E-01 5.96045E-01 7.06857E-01 3.17476E-01 2.57568E-01 1.65133E-01 5.50663E+00
1.78284E-01 2.67758E-01 3.26743E-01 4.11807E-01 4.18269E-01 6.06496E-01 7.20219E-01 3.26743E-01 2.67758E-01 1.78284E-01 5.47626E+00
1.90396E-01 2.76969E-01 3.35022E-01 4.18519E-01 4.25324E-01 6.15787E-01 7.32382E-01 3.35022E-01 2.76969E-01 1.90396E-01 5.42722E+00
2.01464E-01 2.85197E-01 3.42310E-01 4.24231E-01 4.31372E-01 6.23914E-01 7.43337E-01 3.42310E-01 2.85197E-01 2.01464E-01 5.36124E+00
2.11492E-01 2.92446E-01 3.48611E-01 4.28949E-01 4.36417E-01 6.30877E-01 7.53080E-01 3.48611E-01 2.92446E-01 2.11492E-01 5.28005E+00
2.20489E-01 2.98723E-01 3.53933E-01 4.32683E-01 4.40469E-01 6.36686E-01 7.61614E-01 3.53933E-01 2.98723E-01 2.20489E-01 5.18535E+00
2.28468E-01 3.04043E-01 3.58292E-01 4.35448E-01 4.43542E-01 6.41355E-01 7.68945E-01 3.58292E-01 3.04043E-01 2.28468E-01 5.07884E+00
2.35432E-01 3.08408E-01 3.61690E-01 4.37248E-01 4.45641E-01 6.44882E-01 7.75068E-01 3.61690E-01 3.08408E-01 2.35432E-01 4.96200E+00
2.41416E-01 3.11855E-01 3.64163E-01 4.38122E-01 4.46801E-01 6.47306E-01 7.80015E-01 3.64163E-01 3.11855E-01 2.41416E-01 4.83654E+00
0.00000E+00 0.00000E+00 7.13921E-02 1.78183E-01 1.78777E-01 3.26555E-01 3.95252E-01 7.13921E-02 0.00000E+00 0.00000E+00 2.34349E+00
0.00000E+00 1.64631E-02 8.69927E-02 1.92233E-01 1.93288E-01 3.45856E-01 4.18064E-01 8.69927E-02 1.64631E-02 0.00000E+00 2.71953E+00
0.00000E+00 3.35351E-02 1.03215E-01 2.06934E-01 2.08438E-01 3.65490E-01 4.41129E-01 1.03215E-01 3.35351E-02 0.00000E+00 3.05338E+00
0.00000E+00 5.00864E-02 1.18925E-01 2.21139E-01 2.23087E-01 3.84368E-01 4.63386E-01 1.18925E-01 5.00864E-02 0.00000E+00 3.35598E+00
0.00000E+00 6.61222E-02 1.34123E-01 2.34848E-01 2.37231E-01 4.02513E-01 4.84862E-01 1.34123E-01 6.61222E-02 0.00000E+00 3.62812E+00
0.00000E+00 8.15998E-02 1.48767E-01 2.48012E-01 2.50825E-01 4.19887E-01 5.05520E-01 1.48767E-01 8.15998E-02 0.00000E+00 3.86941E+00
0.00000E+00 9.65089E-02 1.62843E-01 2.60617E-01 2.63853E-01 4.36493E-01 5.25369E-01 1.62843E-01 9.65089E-02 0.00000E+00 4.08149E+00
0.00000E+00 1.07677E-01 1.73367E-01 2.70005E-01 2.73565E-01 4.48854E-01 5.40213E-01 1.73367E-01 1.07677E-01 0.00000E+00 4.22784E+00
3.51205E-03 1.10474E-01 1.75976E-01 2.72284E-01 2.75936E-01 4.51967E-01 5.44043E-01 1.75976E-01 1.10474E-01 3.51205E-03 4.26229E+00
2.13401E-02 1.24943E-01 1.89550E-01 2.84285E-01 2.88377E-01 4.67842E-01 5.63310E-01 1.89550E-01 1.24943E-01 2.13401E-02 4.39980E+00
3.87669E-02 1.39091E-01 2.02793E-01 2.95946E-01 3.00475E-01 4.83199E-01 5.82037E-01 2.02793E-01 1.39091E-01 3.87669E-02 4.50694E+00
5.53692E-02 1.52486E-01 2.15275E-01 3.06835E-01 3.11795E-01 4.97609E-01 5.99797E-01 2.15275E-01 1.52486E-01 5.53692E-02 4.58862E+00
7.11051E-02 1.65085E-01 2.26950E-01 3.16908E-01 3.22294E-01 5.11030E-01 6.16541E-01 2.26950E-01 1.65085E-01 7.11051E-02 4.64607E+00
8.59367E-02 1.76850E-01 2.37781E-01 3.26125E-01 3.31931E-01 5.23418E-01 6.32220E-01 2.37781E-01 1.76850E-01 8.59367E-02 4.68023E+00
9.98469E-02 1.87761E-01 2.47749E-01 3.34470E-01 3.40689E-01 5.34754E-01 6.46812E-01 2.47749E-01 1.87761E-01 9.98469E-02 4.69263E+00
1.12830E-01 1.97811E-01 2.56847E-01 3.41936E-01 3.48559E-01 5.45033E-01 6.60304E-01 2.56847E-01 1.97811E-01 1.12830E-01 4.68498E+00
1.24875E-01 2.06990E-01 2.65064E-01 3.48513E-01 3.55532E-01 5.54242E-01 6.72680E-01 2.65064E-01 2.06990E-01 1.24875E-01 4.65882E+00
1.35979E-01 2.15291E-01 2.72396E-01 3.54197E-01 3.61601E-01 5.62376E-01 6.83927E-01 2.72396E-01 2.15291E-01 1.35979E-01 4.61574E+00
1.46141E-01 2.22715E-01 2.78841E-01 3.58989E-01 3.66769E-01 5.69434E-01 6.94038E-01 2.78841E-01 2.22715E-01 1.46141E-01 4.55736E+00
1.55366E-01 2.29266E-01 2.84407E-01 3.62896E-01 3.71039E-01 5.75421E-01 7.03014E-01 2.84407E-01 2.29266E-01 1.55366E-01 4.48528E+00
1.63665E-01 2.34955E-01 2.89103E-01 3.65930E-01 3.74424E-01 5.80347E-01 7.10857E-01 2.89103E-01 2.34955E-01 1.63665E-01 4.40111E+00
1.71053E-01 2.39796E-01 2.92945E-01 3.68107E-01 3.76939E-01 5.84228E-01 7.17578E-01 2.92945E-01 2.39796E-01 1.71053E-01 4.30640E+00
1.77550E-01 2.43808E-01 2.95953E-01 3.69448E-01 3.78605E-01 5.87084E-01 7.23191E-01 2.95953E-01 2.43808E-01 1.77550E-01 4.20267E+00
1.83179E-01 2.47015E-01 2.98150E-01 3.69978E-01 3.79445E-01 5.88939E-01 7.27714E-01 2.98150E-01 2.47015E-01 1.83179E-01 4.09136E+00
1.87952E-01 2.49428E-01 2.99550E-01 3.69714E-01 3.79475E-01 5.89804E-01 7.31151E-01 2.99550E-01 2.49428E-01 1.87952E-01 3.97375E+00
1.91909E-01 2.51089E-01 3.00193E-01 3.68695E-01 3.78735E-01 5.89723E-01 7.33542E-01 3.00193E-01 2.51089E-01 1.91909E-01 3.85124E+00
0.00000E+00 0.00000E+00 6.94254E-02 1.72985E-01 1.74142E-01 3.42610E-01 4.18218E-01 6.94254E-02 0.00000E+00 0.00000E+00 2.40210E+00
0.00000E+00 1.47535E-02 8.32530E-02 1.85116E-01 1.86842E-01 3.59859E-01 4.39520E-01 8.32530E-02 1.47535E-02 0.00000E+00 2.70596E+00
0.00000E+00 2.98440E-02 9.74312E-02 1.97631E-01 1.99907E-01 3.77140E-01 4.60736E-01 9.74312E-02 2.98440E-02 0.00000E+00 2.96784E+00
0.00000E+00 4.42744E-02 1.10957E-01 2.09514E-01 2.12327E-01 3.93501E-01 4.80945E-01 1.10957E-01 4.42744E-02 0.00000E+00 3.19858E+00
0.00000E+00 5.80700E-02 1.23852E-01 2.20784E-01 2.24121E-01 4.08985E-01 5.00197E-01 1.23852E-01 5.80700E-02 0.00000E+00 3.39971E+00
0.00000E+00 7.12047E-02 1.36091E-01 2.31411E-01 2.35258E-01 4.23571E-01 5.18473E-01 1.36091E-01 7.12047E-02 0.00000E+00 3.57161E+00
0.00000E+00 8.36901E-02 1.47681E-01 2.41401E-01 2.45746E-01 4.37287E-01 5.35808E-01 1.47681E-01 8.36901E-02 0.00000E+00 3.71647E+00
0.00000E+00 9.29419E-02 1.56241E-01 2.48729E-01 2.53451E-01 4.47358E-01 5.48636E-01 1.56241E-01 9.29419E-02 0.00000E+00 3.81243E+00
2.95605E-03 9.52283E-02 1.58326E-01 2.50455E-01 2.55285E-01 4.49848E-01 5.51918E-01 1.58326E-01 9.52283E-02 2.95605E-03 3.83318E+00
1.78886E-02 1.07021E-01 1.69157E-01 2.59584E-01 2.64921E-01 4.62502E-01 5.68306E-01 1.69157E-01 1.07021E-01 1.78886E-02 3.90905E+00
3.23185E-02 1.18395E-01 1.79561E-01 2.68279E-01 2.74113E-01 4.74515E-01 5.84002E-01 1.79561E-01 1.18395E-01 3.23185E-02 3.95865E+00
4.59032E-02 1.29000E-01 1.89187E-01 2.76188E-01 2.82508E-01 4.85542E-01 5.98661E-01 1.89187E-01 1.29000E-01 4.59032E-02 3.98674E+00
5.86220E-02 1.38813E-01 1.98011E-01 2.83289E-01 2.90084E-01 4.95559E-01 6.12256E-01 1.98011E-01 1.38813E-01 5.86220E-02 3.99483E+00
7.04562E-02 1.47814E-01 2.06015E-01 2.89564E-01 2.96821E-01 5.04544E-01 6.24758E-01 2.06015E-01 1.47814E-01 7.04562E-02 3.98416E+00
8.14073E-02 1.56004E-01 2.13198E-01 2.95012E-01 3.02718E-01 5.12499E-01 6.36163E-01 2.13198E-01 1.56004E-01 8.14073E-02 3.95641E+00
9.14861E-02 1.63390E-01 2.19570E-01 2.99645E-01 3.07785E-01 5.19436E-01 6.46477E-01 2.19570E-01 1.63390E-01 9.14861E-02 3.91334E+00
1.00698E-01 1.69978E-01 2.25137E-01 3.03468E-01 3.12027E-01 5.25358E-01 6.55700E-01 2.25137E-01 1.69978E-01 1.00698E-01 3.85652E+00
1.09054E-01 1.75777E-01 2.29906E-01 3.06493E-01 3.15456E-01 5.30278E-01 6.63835E-01 2.29906E-01 1.75777E-01 1.09054E-01 3.78750E+00
1.16567E-01 1.80800E-01 2.33894E-01 3.08735E-01 3.18084E-01 5.34208E-01 6.70890E-01 2.33894E-01 1.80800E-01 1.16567E-01 3.70781E+00
1.23255E-01 1.85064E-01 2.37116E-01 3.10212E-01 3.19930E-01 5.37167E-01 6.76879E-01 2.37116E-01 1.85064E-01 1.23255E-01 3.61894E+00
1.29139E-01 1.88588E-01 2.39594E-01 3.10948E-01 3.21016E-01 5.39178E-01 6.81816E-01 2.39594E-01 1.88588E-01 1.29139E-01 3.52232E+00
1.34243E-01 1.91398E-01 2.41353E-01 3.10967E-01 3.21367E-01 5.40267E-01 6.85724E-01 2.41353E-01 1.91398E-01 1.34243E-01 3.41931E+00
1.38596E-01 1.93519E-01 2.42420E-01 3.10300E-01 3.21012E-01 5.40462E-01 6.88625E-01 2.42420E-01 1.93519E-01 1.38596E-01 3.31118E+00
1.42226E-01 1.94982E-01 2.42826E-01 3.08978E-01 3.19982E-01 5.39798E-01 6.90546E-01 2.42826E-01 1.94982E-01 1.42226E-01 3.19914E+00
1.45155E-01 1.95806E-01 2.42592E-01 3.07024E-01 3.18300E-01 5.38294E-01 6.91500E-01 2.42592E-01 1.95806E-01 1.45155E-01 3.08426E+00
1.47425E-01 1.96033E-01 2.41760E-01 3.04482E-01 3.16008E-01 5.35997E-01 6.91532E-01 2.41760E-01 1.96033E-01 1.47425E-01 2.96760E+00
0.00000E+00 0.00000E+00 6.76087E-02 1.67977E-01 1.70067E-01 3.59050E-01 4.43448E-01 6.76087E-02 0.00000E+00 0.00000E+00 2.41377E+00
0.00000E+00 1.30805E-02 7.96803E-02 1.78170E-01 1.80950E-01 3.74068E-01 4.63065E-01 7.96803E-02 1.30805E-02 0.00000E+00 2.65066E+00
0.00000E+00 2.62968E-02 9.19031E-02 1.88556E-01 1.91997E-01 3.88901E-01 4.82329E-01 9.19031E-02 2.62968E-02 0.00000E+00 2.84804E+00
0.00000E+00 3.87804E-02 1.03402E-01 1.98245E-01 2.02323E-01 4.02725E-01 5.00452E-01 1.03402E-01 3.87804E-02 0.00000E+00 3.01639E+00
0.00000E+00 5.05733E-02 1.14217E-01 2.07275E-01 2.11967E-01 4.15600E-01 5.17507E-01 1.14217E-01 5.05733E-02 0.00000E+00 3.15770E+00
0.00000E+00 6.16649E-02 1.24336E-01 2.15629E-01 2.20912E-01 4.27521E-01 5.33492E-01 1.24336E-01 6.16649E-02 0.00000E+00 3.27287E+00
0.00000E+00 7.20841E-02 1.33785E-01 2.23330E-01 2.29184E-01 4.38535E-01 5.48461E-01 1.33785E-01 7.20841E-02 0.00000E+00 3.36435E+00
0.00000E+00 7.97305E-02 1.40682E-01 2.28885E-01 2.35167E-01 4.46499E-01 5.59421E-01 1.40682E-01 7.97305E-02 0.00000E+00 3.42124E+00
2.48322E-03 8.15972E-02 1.42331E-01 2.30145E-01 2.36548E-01 4.48422E-01 5.62199E-01 1.42331E-01 8.15972E-02 2.48322E-03 3.43164E+00
1.49748E-02 9.12027E-02 1.50898E-01 2.36864E-01 2.43835E-01 4.58177E-01 5.75973E-01 1.50898E-01 9.12027E-02 1.49748E-02 3.46184E+00
2.69273E-02 1.00354E-01 1.59004E-01 2.43123E-01 2.50643E-01 4.67238E-01 5.88966E-01 1.59004E-01 1.00354E-01 2.69273E-02 3.47034E+00
3.80654E-02 1.08769E-01 1.66365E-01 2.48637E-01 2.56686E-01 4.75327E-01 6.00901E-01 1.66365E-01 1.08769E-01 3.80654E-02 3.46157E+00
4.83848E-02 1.16441E-01 1.72976E-01 2.53399E-01 2.61958E-01 4.82439E-01 6.11769E-01 1.72976E-01 1.16441E-01 4.83848E-02 3.43710E+00
5.78813E-02 1.23365E-01 1.78832E-01 2.57407E-01 2.66454E-01 4.88568E-01 6.21557E-01 1.78832E-01 1.23365E-01 5.78813E-02 3.39827E+00
6.65692E-02 1.29552E-01 1.83944E-01 2.60673E-01 2.70188E-01 4.93728E-01 6.30273E-01 1.83944E-01 1.29552E-01 6.65692E-02 3.34669E+00
7.44699E-02 1.35022E-01 1.88334E-01 2.63218E-01 2.73179E-01 4.97944E-01 6.37937E-01 1.88334E-01 1.35022E-01 7.44699E-02 3.28399E+00
8.15996E-02 1.39791E-01 1.92016E-01 2.65060E-01 2.75444E-01 5.01232E-01 6.44560E-01 1.92016E-01 1.39791E-01 8.15996E-02 3.21160E+00
8.79769E-02 1.43874E-01 1.95009E-01 2.66218E-01 2.77001E-01 5.03612E-01 6.50156E-01 1.95009E-01 1.43874E-01 8.79769E-02 3.13092E+00
9.36236E-02 1.47294E-01 1.97334E-01 2.66716E-01 2.77874E-01 5.05109E-01 6.54743E-01 1.97334E-01 1.47294E-01 9.36236E-02 3.04329E+00
9.85637E-02 1.50072E-01 1.99015E-01 2.66577E-01 2.78086E-01 5.05748E-01 6.58341E-01 1.99015E-01 1.50072E-01 9.85637E-02 2.94997E+00
1.02824E-01 1.52235E-01 2.00078E-01 2.65831E-01 2.77666E-01 5.05558E-01 6.60974E-01 2.00078E-01 1.52235E-01 1.02824E-01 2.85214E+00
1.06432E-01 1.53809E-01 2.00553E-01 2.64507E-01 2.76642E-01 5.04572E-01 6.62669E-01 2.00553E-01 1.53809E-01 1.06432E-01 2.75092E+00
1.09418E-01 1.54824E-01 2.00468E-01 2.62637E-01 2.75047E-01 5.02822E-01 6.63453E-01 2.00468E-01 1.54824E-01 1.09418E-01 2.64732E+00
1.11814E-01 1.55311E-01 1.99855E-01 2.60254E-01 2.72913E-01 5.00344E-01 6.63358E-01 1.99855E-01 1.55311E-01 1.11814E-01 2.54228E+00
1.13644E-01 1.55293E-01 1.98740E-01 2.57383E-01 2.70266E-01 4.97164E-01 6.62402E-01 1.98740E-01 1.55293E-01 1.13644E-01 2.43662E+00
1.14947E-01 1.54808E-01 1.97161E-01 2.54068E-01 2.67147E-01 4.93328E-01 6.60629E-01 1.97161E-01 1.54808E-01 1.14947E-01 2.33113E+00
0.00000E+00 0.00000E+00 6.59388E-02 1.63074E-01 1.66620E-01 3.75215E-01 4.70585E-01 6.59388E-02 0.00000E+00 0.00000E+00 2.37000E+00
0.00000E+00 1.14987E-02 7.63252E-02 1.71368E-01 1.75728E-01 3.87864E-01 4.88345E-01 7.63252E-02 1.14987E-02 0.00000E+00 2.54818E+00
0.00000E+00 2.30147E-02 8.67483E-02 1.79753E-01 1.84883E-01 4.00207E-01 5.05570E-01 8.67483E-02 2.30147E-02 0.00000E+00 2.69164E+00
0.00000E+00 3.37992E-02 9.64522E-02 1.87459E-01 1.93321E-01 4.11537E-01 5.21601E-01 9.64522E-02 3.37992E-02 0.00000E+00 2.81018E+00
0.00000E+00 4.39063E-02 1.05488E-01 1.94531E-01 2.01090E-01 4.21926E-01 5.36524E-01 1.05488E-01 4.39063E-02 0.00000E+00 2.90591E+00
0.00000E+00 5.33388E-02 1.13858E-01 2.00967E-01 2.08189E-01 4.31382E-01 5.50351E-01 1.13858E-01 5.33388E-02 0.00000E+00 2.97997E+00
0.00000E+00 6.21366E-02 1.21599E-01 2.06802E-01 2.14654E-01 4.39964E-01 5.63152E-01 1.21599E-01 6.21366E-02 0.00000E+00 3.03475E+00
0.00000E+00 6.85573E-02 1.27206E-01 2.10950E-01 2.19270E-01 4.46074E-01 5.72435E-01 1.27206E-01 6.85573E-02 0.00000E+00 3.06600E+00
2.11303E-03 7.01134E-02 1.28525E-01 2.11847E-01 2.20299E-01 4.47501E-01 5.74763E-01 1.28525E-01 7.01134E-02 2.11303E-03 3.06997E+00
1.27196E-02 7.81160E-02 1.35403E-01 2.16728E-01 2.25789E-01 4.54775E-01 5.86250E-01 1.35403E-01 7.81160E-02 1.27196E-02 3.07302E+00
2.28183E-02 8.56949E-02 1.41853E-01 2.21191E-01 2.30831E-01 4.61376E-01 5.96934E-01 1.41853E-01 8.56949E-02 2.28183E-02 3.05918E+00
3.21850E-02 9.26192E-02 1.47643E-01 2.25002E-01 2.35193E-01 4.67077E-01 6.06592E-01 1.47643E-01 9.26192E-02 3.21850E-02 3.03239E+00
4.08255E-02 9.88921E-02 1.52777E-01 2.28167E-01 2.38877E-01 4.71885E-01 6.15224E-01 1.52777E-01 9.88921E-02 4.08255E-02 2.99404E+00
4.87447E-02 1.04517E-01 1.57259E-01 2.30689E-01 2.41890E-01 4.75803E-01 6.22828E-01 1.57259E-01 1.04517E-01 4.87447E-02 2.94532E+00
5.59630E-02 1.09512E-01 1.61108E-01 2.32589E-01 2.44249E-01 4.78855E-01 6.29422E-01 1.61108E-01 1.09512E-01 5.59630E-02 2.88759E+00
6.25058E-02 1.13901E-01 1.64348E-01 2.33893E-01 2.45980E-01 4.81069E-01 6.35031E-01 1.64348E-01 1.13901E-01 6.25058E-02 2.82217E+00
6.83928E-02 1.17700E-01 1.66998E-01 2.34619E-01 2.47103E-01 4.82469E-01 6.39671E-01 1.66998E-01 1.17700E-01 6.83928E-02 2.75022E+00
7.36454E-02 1.20931E-01 1.69077E-01 2.34792E-01 2.47640E-01 4.83077E-01 6.43362E-01 1.69077E-01 1.20931E-01 7.36454E-02 2.67285E+00
7.82867E-02 1.23614E-01 1.70610E-01 2.34434E-01 2.47615E-01 4.82921E-01 6.46126E-01 1.70610E-01 1.23614E-01 7.82867E-02 2.59109E+00
8.23409E-02 1.25774E-01 1.71620E-01 2.33571E-01 2.47053E-01 4.82029E-01 6.47985E-01 1.71620E-01 1.25774E-01 8.23409E-02 2.50590E+00
8.58337E-02 1.27433E-01 1.72133E-01 2.32231E-01 2.45982E-01 4.80430E-01 6.48966E-01 1.72133E-01 1.27433E-01 8.58337E-02 2.41817E+00
8.87917E-02 1.28618E-01 1.72174E-01 2.30440E-01 2.44428E-01 4.78157E-01 6.49094E-01 1.72174E-01 1.28618E-01 8.87917E-02 2.32873E+00
9.12425E-02 1.29355E-01 1.71772E-01 2.28228E-01 2.42422E-01 4.75241E-01 6.48400E-01 1.71772E-01 1.29355E-01 9.12425E-02 2.23831E+00
9.32141E-02 1.29671E-01 1.70954E-01 2.25624E-01 2.39993E-01 4.71716E-01 6.46913E-01 1.70954E-01 1.29671E-01 9.32141E-02 2.14757E+00
9.47275E-02 1.29587E-01 1.69742E-01 2.22652E-01 2.37165E-01 4.67608E-01 6.44653E-01 1.69742E-01 1.29587E-01 9.47275E-02 2.05713E+00
9.58173E-02 1.29134E-01 1.68170E-01 2.19346E-01 2.33973E-01 4.62958E-01 6.41660E-01 1.68170E-01 1.29134E-01 9.58173E-02 1.96751E+00
0.00000E+00 0.00000E+00 6.40074E-02 1.57122E-01 1.62915E-01 3.90218E-01 4.98839E-01 6.40074E-02 0.00000E+00 0.00000E+00 2.29331E+00
0.00000E+00 9.96109E-03 7.27419E-02 1.63547E-01 1.70252E-01 4.00429E-01 5.14577E-01 7.27419E-02 9.96109E-03 0.00000E+00 2.41828E+00
0.00000E+00 1.98420E-02 8.14219E-02 1.69990E-01 1.77544E-01 4.10243E-01 5.29629E-01 8.14219E-02 1.98420E-02 0.00000E+00 2.51344E+00
0.00000E+00 2.90071E-02 8.94030E-02 1.75789E-01 1.84137E-01 4.19063E-01 5.43451E-01 8.94030E-02 2.90071E-02 0.00000E+00 2.58773E+00
0.00000E+00 3.75177E-02 9.67442E-02 1.80995E-01 1.90089E-01 4.26967E-01 5.56140E-01 9.67442E-02 3.75177E-02 0.00000E+00 2.64324E+00
0.00000E+00 4.53866E-02 1.03456E-01 1.85618E-01 1.95409E-01 4.33974E-01 5.67721E-01 1.03456E-01 4.53866E-02 0.00000E+00 2.68124E+00
0.00000E+00 5.26609E-02 1.09585E-01 1.89696E-01 2.00139E-01 4.40150E-01 5.78272E-01 1.09585E-01 5.26609E-02 0.00000E+00 2.70395E+00
0.00000E+00 5.79317E-02 1.13975E-01 1.92523E-01 2.03443E-01 4.44427E-01 5.85818E-01 1.13975E-01 5.79317E-02 0.00000E+00 2.71281E+00
1.76219E-03 5.91968E-02 1.14984E-01 1.93083E-01 2.04135E-01 4.45365E-01 5.87677E-01 1.14984E-01 5.91968E-02 1.76219E-03 2.71122E+00
1.05823E-02 6.56961E-02 1.20272E-01 1.96245E-01 2.07905E-01 4.50193E-01 5.96795E-01 1.20272E-01 6.56961E-02 1.05823E-02 2.69088E+00
1.89236E-02 7.17981E-02 1.25162E-01 1.99032E-01 2.11258E-01 4.54371E-01 6.05088E-01 1.25162E-01 7.17981E-02 1.89236E-02 2.65783E+00
2.66080E-02 7.73185E-02 1.29469E-01 2.01255E-01 2.14007E-01 4.57719E-01 6.12380E-01 1.29469E-01 7.73185E-02 2.66080E-02 2.61549E+00
3.36490E-02 8.22678E-02 1.33205E-01 2.02928E-01 2.16165E-01 4.60254E-01 6.18684E-01 1.33205E-01 8.22678E-02 3.36490E-02 2.56508E+00
4.00582E-02 8.66562E-02 1.36381E-01 2.04061E-01 2.17744E-01 4.61985E-01 6.24003E-01 1.36381E-01 8.66562E-02 4.00582E-02 2.50763E+00
4.58602E-02 9.05058E-02 1.39019E-01 2.04679E-01 2.18767E-01 4.62943E-01 6.28363E-01 1.39019E-01 9.05058E-02 4.58602E-02 2.44427E+00
5.10831E-02 9.38419E-02 1.41145E-01 2.04809E-01 2.19262E-01 4.63161E-01 6.31795E-01 1.41145E-01 9.38419E-02 5.10831E-02 2.37606E+00
5.57493E-02 9.66854E-02 1.42782E-01 2.04474E-01 2.19253E-01 4.62664E-01 6.34320E-01 1.42782E-01 9.66854E-02 5.57493E-02 2.30393E+00
5.98819E-02 9.90576E-02 1.43952E-01 2.03698E-01 2.18764E-01 4.61481E-01 6.35963E-01 1.43952E-01 9.90576E-02 5.98819E-02 2.22873E+00
6.35050E-02 1.00981E-01 1.44678E-01 2.02505E-01 2.17819E-01 4.59641E-01 6.36748E-01 1.44678E-01 1.00981E-01 6.35050E-02 2.15126E+00
6.66429E-02 1.02478E-01 1.44984E-01 2.00920E-01 2.16445E-01 4.57173E-01 6.36701E-01 1.44984E-01 1.02478E-01 6.66429E-02 2.07224E+00
6.93205E-02 1.03573E-01 1.44895E-01 1.98970E-01 2.14668E-01 4.54108E-01 6.35852E-01 1.44895E-01 1.03573E-01 6.93205E-02 1.99233E+00
7.15631E-02 1.04290E-01 1.44436E-01 1.96679E-01 2.12515E-01 4.50479E-01 6.34227E-01 1.44436E-01 1.04290E-01 7.15631E-02 1.91211E+00
7.33962E-02 1.04652E-01 1.43631E-01 1.94076E-01 2.10013E-01 4.46316E-01 6.31859E-01 1.43631E-01 1.04652E-01 7.33962E-02 1.83211E+00
7.48453E-02 1.04684E-01 1.42507E-01 1.91185E-01 2.07190E-01 4.41653E-01 6.28777E-01 1.42507E-01 1.04684E-01 7.48453E-02 1.75279E+00
7.59299E-02 1.04404E-01 1.41083E-01 1.88030E-01 2.04068E-01 4.36515E-01 6.25001E-01 1.41083E-01 1.04404E-01 7.59299E-02 1.67456E+00
7.66796E-02 1.03842E-01 1.39388E-01 1.84638E-01 2.00678E-01 4.30940E-01 6.20573E-01 1.39388E-01 1.03842E-01 7.66796E-02 1.59779E+00
0.00000E+00 0.00000E+00 6.18427E-02 1.50149E-01 1.59064E-01 4.03373E-01 5.27541E-01 6.18427E-02 0.00000E+00 0.00000E+00 2.17821E+00
0.00000E+00 8.53649E-03 6.90305E-02 1.54822E-01 1.64699E-01 4.11137E-01 5.41120E-01 6.90305E-02 8.53649E-03 0.00000E+00 2.25876E+00
0.00000E+00 1.69304E-02 7.61095E-02 1.59481E-01 1.70235E-01 4.18463E-01 5.53907E-01 7.61095E-02 1.69304E-02 0.00000E+00 2.31457E+00
0.00000E+00 2.46467E-02 8.25347E-02 1.63559E-01 1.75120E-01 4.24845E-01 5.65460E-01 8.25347E-02 2.46467E-02 0.00000E+00 2.35356E+00
0.00000E+00 3.17490E-02 8.83667E-02 1.67109E-01 1.79412E-01 4.30366E-01 5.75882E-01 8.83667E-02 3.17490E-02 0.00000E+00 2.37762E+00
0.00000E+00 3.82560E-02 9.36225E-02 1.70143E-01 1.83125E-01 4.35047E-01 5.85202E-01 9.36225E-02 3.82560E-02 0.00000E+00 2.38800E+00
0.00000E+00 4.42173E-02 9.83489E-02 1.72703E-01 1.86306E-01 4.38956E-01 5.93507E-01 9.83489E-02 4.42173E-02 0.00000E+00 2.38664E+00
0.00000E+00 4.85046E-02 1.01690E-01 1.74401E-01 1.88449E-01 4.41519E-01 5.99325E-01 1.01690E-01 4.85046E-02 0.00000E+00 2.37898E+00
1.45676E-03 4.95231E-02 1.02435E-01 1.74674E-01 1.88844E-01 4.41999E-01 6.00717E-01 1.02435E-01 4.95231E-02 1.45676E-03 2.37341E+00
8.72632E-03 5.47489E-02 1.06366E-01 1.76385E-01 1.91104E-01 4.44554E-01 6.07489E-01 1.06366E-01 5.47489E-02 8.72632E-03 2.33674E+00
1.55519E-02 5.96080E-02 1.09936E-01 1.77770E-01 1.92986E-01 4.46494E-01 6.13425E-01 1.09936E-01 5.96080E-02 1.55519E-02 2.29078E+00
2.17929E-02 6.39537E-02 1.12996E-01 1.78679E-01 1.94341E-01 4.47678E-01 6.18390E-01 1.12996E-01 6.39537E-02 2.17929E-02 2.23842E+00
2.74672E-02 6.78008E-02 1.15563E-01 1.79127E-01 1.95186E-01 4.48127E-01 6.22402E-01 1.15563E-01 6.78008E-02 2.74672E-02 2.18070E+00
3.25900E-02 7.11632E-02 1.17652E-01 1.79131E-01 1.95536E-01 4.47858E-01 6.25471E-01 1.17652E-01 7.11632E-02 3.25900E-02 2.11846E+00
3.71874E-02 7.40643E-02 1.19285E-01 1.78715E-01 1.95418E-01 4.46902E-01 6.27627E-01 1.19285E-01 7.40643E-02 3.71874E-02 2.05261E+00
4.12881E-02 7.65300E-02 1.20491E-01 1.77906E-01 1.94860E-01 4.45295E-01 6.28904E-01 1.20491E-01 7.65300E-02 4.12881E-02 1.98397E+00
4.49152E-02 7.85816E-02 1.21292E-01 1.76728E-01 1.93888E-01 4.43065E-01 6.29329E-01 1.21292E-01 7.85816E-02 4.49152E-02 1.91328E+00
4.80919E-02 8.02407E-02 1.21710E-01 1.75203E-01 1.92525E-01 4.40243E-01 6.28929E-01 1.21710E-01 8.02407E-02 4.80919E-02 1.84119E+00
5.08419E-02 8.15292E-02 1.21767E-01 1.73357E-01 1.90797E-01 4.36857E-01 6.27730E-01 1.21767E-01 8.15292E-02 5.08419E-02 1.76829E+00
5.31888E-02 8.24692E-02 1.21488E-01 1.71211E-01 1.88729E-01 4.32939E-01 6.25764E-01 1.21488E-01 8.24692E-02 5.31888E-02 1.69514E+00
5.51561E-02 8.30827E-02 1.20895E-01 1.68791E-01 1.86346E-01 4.28520E-01 6.23058E-01 1.20895E-01 8.30827E-02 5.51561E-02 1.62220E+00
5.67674E-02 8.33919E-02 1.20011E-01 1.66120E-01 1.83674E-01 4.23631E-01 6.19645E-01 1.20011E-01 8.33919E-02 5.67674E-02 1.54991E+00
5.80462E-02 8.34187E-02 1.18860E-01 1.63222E-01 1.80738E-01 4.18303E-01 6.15555E-01 1.18860E-01 8.34187E-02 5.80462E-02 1.47862E+00
5.90155E-02 8.31850E-02 1.17463E-01 1.60119E-01 1.77563E-01 4.12568E-01 6.10822E-01 1.17463E-01 8.31850E-02 5.90155E-02 1.40866E+00
5.96933E-02 8.27080E-02 1.15841E-01 1.56833E-01 1.74170E-01 4.06452E-01 6.05466E-01 1.15841E-01 8.27080E-02 5.96933E-02 1.34032E+00
6.01055E-02 8.20118E-02 1.14016E-01 1.53387E-01 1.70587E-01 3.99990E-01 5.99528E-01 1.14016E-01 8.20118E-02 6.01055E-02 1.27382E+00
0.00000E+00 0.00000E+00 5.94487E-02 1.42162E-01 1.55082E-01 4.14368E-01 5.56070E-01 5.94487E-02 0.00000E+00 0.00000E+00 2.02828E+00
0.00000E+00 7.26310E-03 6.52402E-02 1.45272E-01 1.59122E-01 4.19733E-01 5.67385E-01 6.52402E-02 7.26310E-03 0.00000E+00 2.07440E+00
0.00000E+00 1.43590E-02 7.09081E-02 1.48376E-01 1.63056E-01 4.24667E-01 5.77851E-01 7.09081E-02 1.43590E-02 0.00000E+00 2.10093E+00
0.00000E+00 2.08391E-02 7.59926E-02 1.50990E-01 1.66412E-01 4.28743E-01 5.87113E-01 7.59926E-02 2.08391E-02 0.00000E+00 2.11463E+00
0.00000E+00 2.67655E-02 8.05520E-02 1.53163E-01 1.69248E-01 4.32038E-01 5.95274E-01 8.05520E-02 2.67655E-02 0.00000E+00 2.11709E+00
0.00000E+00 3.21591E-02 8.46052E-02 1.54908E-01 1.71581E-01 4.34578E-01 6.02368E-01 8.46052E-02 3.21591E-02 0.00000E+00 2.10939E+00
0.00000E+00 3.70682E-02 8.81975E-02 1.56262E-01 1.73455E-01 4.36427E-01 6.08481E-01 8.81975E-02 3.70682E-02 0.00000E+00 2.09309E+00
0.00000E+00 4.05797E-02 9.07039E-02 1.57078E-01 1.74633E-01 4.37445E-01 6.12626E-01 9.07039E-02 4.05797E-02 0.00000E+00 2.07570E+00
1.20949E-03 4.14075E-02 9.12421E-02 1.57134E-01 1.74784E-01 4.37514E-01 6.13561E-01 9.12421E-02 4.14075E-02 1.20949E-03 2.06800E+00
7.23233E-03 4.56521E-02 9.41181E-02 1.57744E-01 1.75816E-01 4.38046E-01 6.18078E-01 9.41181E-02 4.56521E-02 7.23233E-03 2.02333E+00
1.28586E-02 4.95714E-02 9.66810E-02 1.58091E-01 1.76523E-01 4.38018E-01 6.21769E-01 9.66810E-02 4.95714E-02 1.28586E-02 1.97213E+00
1.79759E-02 5.30475E-02 9.88115E-02 1.58052E-01 1.76785E-01 4.37317E-01 6.24527E-01 9.88115E-02 5.30475E-02 1.79759E-02 1.91679E+00
2.26032E-02 5.60962E-02 1.00526E-01 1.57644E-01 1.76621E-01 4.35967E-01 6.26376E-01 1.00526E-01 5.60962E-02 2.26032E-02 1.85809E+00
2.67566E-02 5.87322E-02 1.01841E-01 1.56881E-01 1.76047E-01 4.33987E-01 6.27328E-01 1.01841E-01 5.87322E-02 2.67566E-02 1.79671E+00
3.04615E-02 6.09782E-02 1.02778E-01 1.55789E-01 1.75090E-01 4.31409E-01 6.27418E-01 1.02778E-01 6.09782E-02 3.04615E-02 1.73331E+00
3.37444E-02 6.28583E-02 1.03364E-01 1.54391E-01 1.73777E-01 4.28269E-01 6.26680E-01 1.03364E-01 6.28583E-02 3.37444E-02 1.66851E+00
3.66274E-02 6.43925E-02 1.03618E-01 1.52708E-01 1.72131E-01 4.24594E-01 6.25144E-01 1.03618E-01 6.43925E-02 3.66274E-02 1.60285E+00
3.91321E-02 6.56008E-02 1.03563E-01 1.50762E-01 1.70176E-01 4.20416E-01 6.22839E-01 1.03563E-01 6.56008E-02 3.91321E-02 1.53681E+00
4.12802E-02 6.65031E-02 1.03218E-01 1.48573E-01 1.67934E-01 4.15762E-01 6.19794E-01 1.03218E-01 6.65031E-02 4.12802E-02 1.47082E+00
4.30931E-02 6.71193E-02 1.02604E-01 1.46163E-01 1.65430E-01 4.10664E-01 6.16040E-01 1.02604E-01 6.71193E-02 4.30931E-02 1.40527E+00
4.45919E-02 6.74691E-02 1.01743E-01 1.43552E-01 1.62686E-01 4.05151E-01 6.11608E-01 1.01743E-01 6.74691E-02 4.45919E-02 1.34050E+00
4.57976E-02 6.75720E-02 1.00653E-01 1.40761E-01 1.59724E-01 3.99253E-01 6.06531E-01 1.00653E-01 6.75720E-02 4.57976E-02 1.27682E+00
4.67308E-02 6.74471E-02 9.93567E-02 1.37810E-01 1.56569E-01 3.92999E-01 6.00840E-01 9.93567E-02 6.74471E-02 4.67308E-02 1.21447E+00
4.74117E-02 6.71132E-02 9.78718E-02 1.34719E-01 1.53241E-01 3.86421E-01 5.94569E-01 9.78718E-02 6.71132E-02 4.74117E-02 1.15367E+00
4.78560E-02 6.65856E-02 9.62153E-02 1.31503E-01 1.49759E-01 3.79543E-01 5.87741E-01 9.62153E-02 6.65856E-02 4.78560E-02 1.09464E+00
4.80860E-02 6.58846E-02 9.44080E-02 1.28184E-01 1.46147E-01 3.72397E-01 5.80398E-01 9.44080E-02 6.58846E-02 4.80860E-02 1.03749E+00
0.00000E+00 0.00000E+00 5.66963E-02 1.32876E-01 1.50605E-01 4.23147E-01 5.83832E-01 5.66963E-02 0.00000E+00 0.00000E+00 1.86218E+00
0.00000E+00 6.11926E-03 6.12316E-02 1.34638E-01 1.53148E-01 4.26203E-01 5.92803E-01 6.12316E-02 6.11926E-03 0.00000E+00 1.88159E+00
0.00000E+00 1.20575E-02 6.56408E-02 1.36414E-01 1.55593E-01 4.28853E-01 6.00891E-01 6.56408E-02 1.20575E-02 0.00000E+00 1.88577E+00
0.00000E+00 1.74420E-02 6.95381E-02 1.37790E-01 1.57541E-01 4.30739E-01 6.07817E-01 6.95381E-02 1.74420E-02 0.00000E+00 1.88039E+00
0.00000E+00 2.23308E-02 7.29771E-02 1.38807E-01 1.59045E-01 4.31930E-01 6.13681E-01 7.29771E-02 2.23308E-02 0.00000E+00 1.86675E+00
0.00000E+00 2.67457E-02 7.59773E-02 1.39480E-01 1.60123E-01 4.32451E-01 6.18517E-01 7.59773E-02 2.67457E-02 0.00000E+00 1.84574E+00
0.00000E+00 3.07324E-02 7.85807E-02 1.39841E-01 1.60814E-01 4.32363E-01 6.22412E-01 7.85807E-02 3.07324E-02 0.00000E+00 1.81859E+00
0.00000E+00 3.35649E-02 8.03612E-02 1.39936E-01 1.61122E-01 4.31933E-01 6.24866E-01 8.03612E-02 3.35649E-02 0.00000E+00 1.79423E+00
9.90954E-04 3.42261E-02 8.07204E-02 1.39816E-01 1.61053E-01 4.31615E-01 6.25337E-01 8.07204E-02 3.42261E-02 9.90954E-04 1.78507E+00
5.91243E-03 3.76131E-02 8.26830E-02 1.39535E-01 1.60985E-01 4.30253E-01 6.27574E-01 8.26830E-02 3.76131E-02 5.91243E-03 1.73526E+00
1.04800E-02 4.07111E-02 8.43761E-02 1.39046E-01 1.60643E-01 4.28387E-01 6.28999E-01 8.43761E-02 4.07111E-02 1.04800E-02 1.68106E+00
1.46058E-02 4.34269E-02 8.57049E-02 1.38251E-01 1.59934E-01 4.25928E-01 6.29530E-01 8.57049E-02 4.34269E-02 1.46058E-02 1.62441E+00
1.83089E-02 4.57770E-02 8.66865E-02 1.37166E-01 1.58877E-01 4.22903E-01 6.29195E-01 8.66865E-02 4.57770E-02 1.83089E-02 1.56592E+00
2.16060E-02 4.77766E-02 8.73368E-02 1.35806E-01 1.57489E-01 4.19331E-01 6.28012E-01 8.73368E-02 4.77766E-02 2.16060E-02 1.50612E+00
2.45214E-02 4.94473E-02 8.76780E-02 1.34193E-01 1.55796E-01 4.15246E-01 6.26015E-01 8.76780E-02 4.94473E-02 2.45214E-02 1.44552E+00
2.70801E-02 5.08118E-02 8.77332E-02 1.32349E-01 1.53824E-01 4.10683E-01 6.23244E-01 8.77332E-02 5.08118E-02 2.70801E-02 1.38457E+00
2.93029E-02 5.18889E-02 8.75222E-02 1.30294E-01 1.51594E-01 4.05670E-01 6.19729E-01 8.75222E-02 5.18889E-02 2.93029E-02 1.32368E+00
3.12101E-02 5.26974E-02 8.70643E-02 1.28045E-01 1.49129E-01 4.00237E-01 6.15503E-01 8.70643E-02 5.26974E-02 3.12101E-02 1.26319E+00
3.28218E-02 5.32556E-02 8.63787E-02 1.25623E-01 1.46450E-01 3.94413E-01 6.10597E-01 8.63787E-02 5.32556E-02 3.28218E-02 1.20343E+00
3.41575E-02 5.35817E-02 8.54842E-02 1.23044E-01 1.43580E-01 3.88228E-01 6.05045E-01 8.54842E-02 5.35817E-02 3.41575E-02 1.14468E+00
3.52367E-02 5.36935E-02 8.43993E-02 1.20328E-01 1.40538E-01 3.81712E-01 5.98879E-01 8.43993E-02 5.36935E-02 3.52367E-02 1.08717E+00
3.60780E-02 5.36084E-02 8.31421E-02 1.17491E-01 1.37346E-01 3.74892E-01 5.92133E-01 8.31421E-02 5.36084E-02 3.60780E-02 1.03111E+00
3.66999E-02 5.33434E-02 8.17302E-02 1.14552E-01 1.34023E-01 3.67798E-01 5.84842E-01 8.17302E-02 5.33434E-02 3.66999E-02 9.76677E-01
3.71202E-02 5.29150E-02 8.01806E-02 1.11525E-01 1.30589E-01 3.60459E-01 5.77039E-01 8.01806E-02 5.29150E-02 3.71202E-02 9.23996E-01
3.73530E-02 5.23368E-02 7.85080E-02 1.08427E-01 1.27061E-01 3.52898E-01 5.68752E-01 7.85080E-02 5.23368E-02 3.73530E-02 8.73216E-01
3.74174E-02 5.16260E-02 7.67297E-02 1.05272E-01 1.23458E-01 3.45147E-01 5.60020E-01 7.67297E-02 5.16260E-02 3.74174E-02 8.24396E-01
0.00000E+00 0.00000E+00 5.36378E-02 1.22618E-01 1.45571E-01 4.29437E-01 6.10282E-01 5.36378E-02 0.00000E+00 0.00000E+00 1.68301E+00
0.00000E+00 5.13563E-03 5.70936E-02 1.23294E-01 1.46757E-01 4.30303E-01 6.16849E-01 5.70936E-02 5.13563E-03 0.00000E+00 1.68410E+00
0.00000E+00 1.00928E-02 6.04377E-02 1.24015E-01 1.47876E-01 4.30816E-01 6.22532E-01 6.04377E-02 1.00928E-02 0.00000E+00 1.67365E+00
0.00000E+00 1.45616E-02 6.33456E-02 1.24427E-01 1.48590E-01 4.30668E-01 6.27109E-01 6.33456E-02 1.45616E-02 0.00000E+00 1.65632E+00
0.00000E+00 1.85949E-02 6.58644E-02 1.24563E-01 1.48943E-01 4.29921E-01 6.30675E-01 6.58644E-02 1.85949E-02 0.00000E+00 1.63309E+00
0.00000E+00 2.22133E-02 6.80124E-02 1.24436E-01 1.48952E-01 4.28599E-01 6.33265E-01 6.80124E-02 2.22133E-02 0.00000E+00 1.60467E+00
0.00000E+00 2.54584E-02 6.98268E-02 1.24069E-01 1.48651E-01 4.26753E-01 6.34962E-01 6.98268E-02 2.54584E-02 0.00000E+00 1.57198E+00
0.00000E+00 2.77503E-02 7.10348E-02 1.23646E-01 1.48237E-01 4.25017E-01 6.35746E-01 7.10348E-02 2.77503E-02 0.00000E+00 1.54439E+00
8.13218E-04 2.82806E-02 7.12550E-02 1.23404E-01 1.47988E-01 4.24350E-01 6.35757E-01 7.12550E-02 2.82806E-02 8.13218E-04 1.53474E+00
4.84258E-03 3.09946E-02 7.25098E-02 1.22501E-01 1.47022E-01 4.21292E-01 6.35752E-01 7.25098E-02 3.09946E-02 4.84258E-03 1.48399E+00
8.56082E-03 3.34556E-02 7.35386E-02 1.21443E-01 1.45839E-01 4.17792E-01 6.34958E-01 7.35386E-02 3.34556E-02 8.56082E-03 1.43037E+00
1.18985E-02 3.55895E-02 7.42654E-02 1.20150E-01 1.44364E-01 4.13780E-01 6.33315E-01 7.42654E-02 3.55895E-02 1.18985E-02 1.37547E+00
1.48742E-02 3.74122E-02 7.47066E-02 1.18636E-01 1.42616E-01 4.09284E-01 6.30854E-01 7.47066E-02 3.74122E-02 1.48742E-02 1.31975E+00
1.75040E-02 3.89384E-02 7.48772E-02 1.16915E-01 1.40611E-01 4.04324E-01 6.27595E-01 7.48772E-02 3.89384E-02 1.75040E-02 1.26360E+00
1.98102E-02 4.01880E-02 7.47977E-02 1.15007E-01 1.38374E-01 3.98932E-01 6.23577E-01 7.47977E-02 4.01880E-02 1.98102E-02 1.20743E+00
2.18158E-02 4.11818E-02 7.44890E-02 1.12930E-01 1.35927E-01 3.93143E-01 6.18840E-01 7.44890E-02 4.11818E-02 2.18158E-02 1.15156E+00
2.35399E-02 4.19371E-02 7.39688E-02 1.10701E-01 1.33290E-01 3.86986E-01 6.13417E-01 7.39688E-02 4.19371E-02 2.35399E-02 1.09629E+00
2.50010E-02 4.24709E-02 7.32547E-02 1.08336E-01 1.30485E-01 3.80488E-01 6.07342E-01 7.32547E-02 4.24709E-02 2.50010E-02 1.04189E+00
2.62173E-02 4.27997E-02 7.23637E-02 1.05851E-01 1.27529E-01 3.73678E-01 6.00651E-01 7.23637E-02 4.27997E-02 2.62173E-02 9.88589E-01
2.72065E-02 4.29400E-02 7.13126E-02 1.03262E-01 1.24444E-01 3.66586E-01 5.93378E-01 7.13126E-02 4.29400E-02 2.72065E-02 9.36592E-01
2.79859E-02 4.29075E-02 7.01177E-02 1.00584E-01 1.21246E-01 3.59239E-01 5.85558E-01 7.01177E-02 4.29075E-02 2.79859E-02 8.86067E-01
2.85720E-02 4.27176E-02 6.87946E-02 9.78315E-02 1.17954E-01 3.51666E-01 5.77226E-01 6.87946E-02 4.27176E-02 2.85720E-02 8.37152E-01
2.89811E-02 4.23852E-02 6.73587E-02 9.50191E-02 1.14586E-01 3.43893E-01 5.68419E-01 6.73587E-02 4.23852E-02 2.89811E-02 7.89959E-01
2.92287E-02 4.19247E-02 6.58245E-02 9.21602E-02 1.11157E-01 3.35948E-01 5.59172E-01 6.58245E-02 4.19247E-02 2.92287E-02 7.44573E-01
2.93274E-02 4.13480E-02 6.42048E-02 8.92671E-02 1.07683E-01 3.27855E-01 5.49514E-01 6.42048E-02 4.13480E-02 2.93274E-02 7.01089E-01
2.92935E-02 4.06697E-02 6.25140E-02 8.63528E-02 1.04180E-01 3.19640E-01 5.39486E-01 6.25140E-02 4.06697E-02 2.92935E-02 6.59526E-01
0.00000E+00 0.00000E+00 5.02786E-02 1.11647E-01 1.39746E-01 4.33334E-01 6.35048E-01 5.02786E-02 0.00000E+00 0.00000E+00 1.50294E+00
0.00000E+00 4.29716E-03 5.28243E-02 1.11501E-01 1.39721E-01 4.32143E-01 6.39162E-01 5.28243E-02 4.29716E-03 0.00000E+00 1.49221E+00
0.00000E+00 8.42459E-03 5.52788E-02 1.11431E-01 1.39675E-01 4.30663E-01 6.42412E-01 5.52788E-02 8.42459E-03 0.00000E+00 1.47277E+00
0.00000E+00 1.21252E-02 5.73685E-02 1.11132E-01 1.39315E-01 4.28628E-01 6.44619E-01 5.73685E-02 1.21252E-02 0.00000E+00 1.44845E+00
0.00000E+00 1.54456E-02 5.91337E-02 1.10629E-01 1.38679E-01 4.26093E-01 6.45875E-01 5.91337E-02 1.54456E-02 0.00000E+00 1.41996E+00
0.00000E+00 1.84051E-02 6.05908E-02 1.09931E-01 1.37781E-01 4.23078E-01 6.46213E-01 6.05908E-02 1.84051E-02 0.00000E+00 1.38784E+00
0.00000E+00 2.10409E-02 6.17717E-02 1.09058E-01 1.36649E-01 4.19627E-01 6.45713E-01 6.17717E-02 2.10409E-02 0.00000E+00 1.35278E+00
2.77556E-17 2.28910E-02 6.25239E-02 1.08279E-01 1.35637E-01 4.16700E-01 6.44831E-01 6.25239E-02 2.28910E-02 2.77556E-17 1.32411E+00
6.65784E-04 2.33152E-02 6.26350E-02 1.07959E-01 1.35241E-01 4.15715E-01 6.44380E-01 6.26350E-02 2.33152E-02 6.65784E-04 1.31450E+00
3.95681E-03 2.54837E-02 6.33338E-02 1.06644E-01 1.33543E-01 4.11120E-01 6.42143E-01 6.33338E-02 2.54837E-02 3.95681E-03 1.26499E+00
6.97592E-03 2.74317E-02 6.38465E-02 1.05220E-01 1.31685E-01 4.06149E-01 6.39149E-01 6.38465E-02 2.74317E-02 6.97592E-03 1.21367E+00
9.66854E-03 2.91005E-02 6.41120E-02 1.03619E-01 1.29607E-01 4.00747E-01 6.35357E-01 6.41120E-02 2.91005E-02 9.66854E-03 1.16185E+00
1.20522E-02 3.05053E-02 6.41455E-02 1.01854E-01 1.27324E-01 3.94939E-01 6.30798E-01 6.41455E-02 3.05053E-02 1.20522E-02 1.10987E+00
1.41421E-02 3.16599E-02 6.39612E-02 9.99391E-02 1.24855E-01 3.88748E-01 6.25498E-01 6.39612E-02 3.16599E-02 1.41421E-02 1.05807E+00
1.59586E-02 3.25827E-02 6.35776E-02 9.78889E-02 1.22219E-01 3.82206E-01 6.19496E-01 6.35776E-02 3.25827E-02 1.59586E-02 1.00673E+00
1.75227E-02 3.32922E-02 6.30130E-02 9.57199E-02 1.19437E-01 3.75345E-01 6.12836E-01 6.30130E-02 3.32922E-02 1.75227E-02 9.56105E-01
1.88516E-02 3.38044E-02 6.22834E-02 9.34462E-02 1.16528E-01 3.68192E-01 6.05554E-01 6.22834E-02 3.38044E-02 1.88516E-02 9.06432E-01
1.99621E-02 3.41345E-02 6.14045E-02 9.10818E-02 1.13508E-01 3.60777E-01 5.97686E-01 6.14045E-02 3.41345E-02 1.99621E-02 8.57908E-01
2.08707E-02 3.42975E-02 6.03912E-02 8.86402E-02 1.10395E-01 3.53126E-01 5.89269E-01 6.03912E-02 3.42975E-02 2.08707E-02 8.10704E-01
2.15930E-02 3.43080E-02 5.92583E-02 8.61346E-02 1.07206E-01 3.45268E-01 5.80340E-01 5.92583E-02 3.43080E-02 2.15930E-02 7.64966E-01
2.21445E-02 3.41800E-02 5.80199E-02 8.35777E-02 1.03956E-01 3.37228E-01 5.70936E-01 5.80199E-02 3.41800E-02 2.21445E-02 7.20810E-01
2.25398E-02 3.39269E-02 5.66896E-02 8.09815E-02 1.00661E-01 3.29035E-01 5.61095E-01 5.66896E-02 3.39269E-02 2.25398E-02 6.78332E-01
2.27931E-02 3.35618E-02 5.52803E-02 7.83576E-02 9.73348E-02 3.20712E-01 5.50852E-01 5.52803E-02 3.35618E-02 2.27931E-02 6.37597E-01
2.29180E-02 3.30972E-02 5.38045E-02 7.57171E-02 9.39915E-02 3.12287E-01 5.40247E-01 5.38045E-02 3.30972E-02 2.29180E-02 5.98654E-01
2.29253E-02 3.25433E-02 5.22730E-02 7.30703E-02 9.06438E-02 3.03782E-01 5.29309E-01 5.22730E-02 3.25433E-02 2.29253E-02 5.61561E-01
2.28290E-02 3.19127E-02 5.06979E-02 7.04270E-02 8.73042E-02 2.95221E-01 5.18079E-01 5.06979E-02 3.19127E-02 2.28290E-02 5.26305E-01
0.00000E+00 0.00000E+00 4.66920E-02 1.00481E-01 1.32979E-01 4.34841E-01 6.57740E-01 4.66920E-02 0.00000E+00 0.00000E+00 1.33018E+00
0.00000E+00 3.59750E-03 4.84950E-02 9.97598E-02 1.31917E-01 4.31737E-01 6.59360E-01 4.84950E-02 3.59750E-03 0.00000E+00 1.31280E+00
0.00000E+00 7.03717E-03 5.02296E-02 9.91391E-02 1.30887E-01 4.28420E-01 6.60153E-01 5.02296E-02 7.03717E-03 0.00000E+00 1.28875E+00
0.00000E+00 1.01051E-02 5.16637E-02 9.83545E-02 1.29634E-01 4.24657E-01 6.59977E-01 5.16637E-02 1.01051E-02 0.00000E+00 1.26119E+00
0.00000E+00 1.28424E-02 5.28312E-02 9.74250E-02 1.28186E-01 4.20490E-01 6.58916E-01 5.28312E-02 1.28424E-02 0.00000E+00 1.23063E+00
0.00000E+00 1.52664E-02 5.37463E-02 9.63567E-02 1.26556E-01 4.15937E-01 6.57002E-01 5.37463E-02 1.52664E-02 0.00000E+00 1.19749E+00
0.00000E+00 1.74102E-02 5.44357E-02 9.51634E-02 1.24763E-01 4.11036E-01 6.54314E-01 5.44357E-02 1.74102E-02 0.00000E+00 1.16232E+00
0.00000E+00 1.89055E-02 5.48376E-02 9.41669E-02 1.23282E-01 4.07040E-01 6.51775E-01 5.48376E-02 1.89055E-02 0.00000E+00 1.13405E+00
5.45698E-04 1.92451E-02 5.48665E-02 9.38026E-02 1.22772E-01 4.05768E-01 6.50864E-01 5.48665E-02 1.92451E-02 5.45698E-04 1.12482E+00
3.23674E-03 2.09791E-02 5.51452E-02 9.22508E-02 1.20515E-01 3.99801E-01 6.46417E-01 5.51452E-02 2.09791E-02 3.23674E-03 1.07792E+00
5.69082E-03 2.25214E-02 5.52730E-02 9.06247E-02 1.18152E-01 3.93524E-01 6.41254E-01 5.52730E-02 2.25214E-02 5.69082E-03 1.02992E+00
7.86516E-03 2.38256E-02 5.52008E-02 8.88694E-02 1.15634E-01 3.86894E-01 6.35350E-01 5.52008E-02 2.38256E-02 7.86516E-03 9.81899E-01
9.77603E-03 2.49058E-02 5.49425E-02 8.69955E-02 1.12976E-01 3.79937E-01 6.28738E-01 5.49425E-02 2.49058E-02 9.77603E-03 9.34141E-01
1.14376E-02 2.57749E-02 5.45111E-02 8.50145E-02 1.10193E-01 3.72675E-01 6.21447E-01 5.45111E-02 2.57749E-02 1.14376E-02 8.86910E-01
1.28685E-02 2.64496E-02 5.39229E-02 8.29399E-02 1.07303E-01 3.65140E-01 6.13521E-01 5.39229E-02 2.64496E-02 1.28685E-02 8.40445E-01
1.40874E-02 2.69468E-02 5.31941E-02 8.07851E-02 1.04323E-01 3.57362E-01 6.05003E-01 5.31941E-02 2.69468E-02 1.40874E-02 7.94944E-01
1.51100E-02 2.72807E-02 5.23389E-02 7.85621E-02 1.01269E-01 3.49367E-01 5.95933E-01 5.23389E-02 2.72807E-02 1.51100E-02 7.50589E-01
1.59515E-02 2.74652E-02 5.13710E-02 7.62828E-02 9.81556E-02 3.41183E-01 5.86350E-01 5.13710E-02 2.74652E-02 1.59515E-02 7.07534E-01
1.66265E-02 2.75136E-02 5.03034E-02 7.39584E-02 9.49979E-02 3.32836E-01 5.76291E-01 5.03034E-02 2.75136E-02 1.66265E-02 6.65910E-01
1.71490E-02 2.74388E-02 4.91490E-02 7.15999E-02 9.18096E-02 3.24354E-01 5.65797E-01 4.91490E-02 2.74388E-02 1.71490E-02 6.25820E-01
1.75327E-02 2.72532E-02 4.79199E-02 6.92178E-02 8.86036E-02 3.15760E-01 5.54906E-01 4.79199E-02 2.72532E-02 1.75327E-02 5.87346E-01
1.77903E-02 2.69687E-02 4.66277E-02 6.68220E-02 8.53926E-02 3.07080E-01 5.43656E-01 4.66277E-02 2.69687E-02 1.77903E-02 5.50548E-01
1.79343E-02 2.65965E-02 4.52832E-02 6.44219E-02 8.21880E-02 2.98339E-01 5.32087E-01 4.52832E-02 2.65965E-02 1.79343E-02 5.15462E-01
1.79763E-02 2.61474E-02 4.38970E-02 6.20263E-02 7.90006E-02 2.89559E-01 5.20235E-01 4.38970E-02 2.61474E-02 1.79763E-02 4.82107E-01
1.79259E-02 2.56303E-02 4.24781E-02 5.96437E-02 7.58412E-02 2.80763E-01 5.08135E-01 4.24781E-02 2.56303E-02 1.79259E-02 4.50515E-01
1.77949E-02 2.50559E-02 4.10364E-02 5.72817E-02 7.27189E-02 2.71972E-01 4.95826E-01 4.10364E-02 2.50559E-02 1.77949E-02 4.20651E-01
0.00000E+00 0.00000E+00 4.28938E-02 8.93595E-02 1.25110E-01 4.33977E-01 6.78298E-01 4.28938E-02 0.00000E+00 0.00000E+00 1.16829E+00
0.00000E+00 3.01812E-03 4.41051E-02 8.82759E-02 1.23191E-01 4.29092E-01 6.77350E-01 4.41051E-02 3.01812E-03 0.00000E+00 1.14814E+00
0.00000E+00 5.89107E-03 4.52701E-02 8.73083E-02 1.21361E-01 4.24078E-01 6.75634E-01 4.52701E-02 5.89107E-03 0.00000E+00 1.12271E+00
0.00000E+00 8.44039E-03 4.61909E-02 8.62277E-02 1.19395E-01 4.18724E-01 6.73030E-01 4.61909E-02 8.44039E-03 0.00000E+00 1.09458E+00
0.00000E+00 1.07021E-02 4.68954E-02 8.50474E-02 1.17310E-01 4.13064E-01 6.69617E-01 4.68954E-02 1.07021E-02 0.00000E+00 1.06416E+00
0.00000E+00 1.26917E-02 4.73955E-02 8.37712E-02 1.15117E-01 4.07113E-01 6.65427E-01 4.73955E-02 1.26917E-02 0.00000E+00 1.03180E+00
0.00000E+00 1.44387E-02 4.77136E-02 8.24085E-02 1.12828E-01 4.00900E-01 6.60533E-01 4.77136E-02 1.44387E-02 0.00000E+00 9.97951E-01
5.55112E-17 1.56492E-02 4.78540E-02 8.13037E-02 1.11003E-01 3.95940E-01 6.56332E-01 4.78540E-02 1.56492E-02 5.55112E-17 9.71010E-01
4.48074E-04 1.59213E-02 4.78231E-02 8.09234E-02 1.10412E-01 3.94411E-01 6.54958E-01 4.78231E-02 1.59213E-02 4.48074E-04 9.62356E-01
2.65238E-03 1.73092E-02 4.77946E-02 7.92709E-02 1.07757E-01 3.87215E-01 6.48300E-01 4.77946E-02 1.73092E-02 2.65238E-03 9.18817E-01
4.65048E-03 1.85306E-02 4.76459E-02 7.75709E-02 1.05050E-01 3.79779E-01 6.40982E-01 4.76459E-02 1.85306E-02 4.65048E-03 8.74621E-01
6.40888E-03 1.95488E-02 4.73373E-02 7.57778E-02 1.02245E-01 3.72069E-01 6.32987E-01 4.73373E-02 1.95488E-02 6.40888E-03 8.30673E-01
7.94262E-03 2.03768E-02 4.68813E-02 7.39010E-02 9.93578E-02 3.64107E-01 6.24353E-01 4.68813E-02 2.03768E-02 7.94262E-03 7.87227E-01
9.26486E-03 2.10267E-02 4.62896E-02 7.19503E-02 9.64003E-02 3.55920E-01 6.15112E-01 4.62896E-02 2.10267E-02 9.26486E-03 7.44512E-01
1.03924E-02 2.15138E-02 4.55765E-02 6.99372E-02 9.33877E-02 3.47534E-01 6.05310E-01 4.55765E-02 2.15138E-02 1.03924E-02 7.02731E-01
1.13421E-02 2.18530E-02 4.47564E-02 6.78729E-02 9.03339E-02 3.38979E-01 5.94993E-01 4.47564E-02 2.18530E-02 1.13421E-02 6.62047E-01
1.21281E-02 2.20573E-02 4.38414E-02 6.57677E-02 8.72520E-02 3.30281E-01 5.84203E-01 4.38414E-02 2.20573E-02 1.21281E-02 6.22611E-01
1.27639E-02 2.21391E-02 4.28436E-02 6.36314E-02 8.41543E-02 3.21465E-01 5.72979E-01 4.28436E-02 2.21391E-02 1.27639E-02 5.84545E-01
1.32627E-02 2.21103E-02 4.17742E-02 6.14735E-02 8.10524E-02 3.12557E-01 5.61363E-01 4.17742E-02 2.21103E-02 1.32627E-02 5.47949E-01
1.36368E-02 2.19823E-02 4.06442E-02 5.93031E-02 7.79574E-02 3.03581E-01 5.49395E-01 4.06442E-02 2.19823E-02 1.36368E-02 5.12899E-01
1.38982E-02 2.17661E-02 3.94640E-02 5.71288E-02 7.48798E-02 2.94562E-01 5.37116E-01 3.94640E-02 2.17661E-02 1.38982E-02 4.79451E-01
1.40582E-02 2.14719E-02 3.82432E-02 5.49588E-02 7.18291E-02 2.85522E-01 5.24565E-01 3.82432E-02 2.14719E-02 1.40582E-02 4.47636E-01
1.41274E-02 2.11096E-02 3.69910E-02 5.28005E-02 6.88142E-02 2.76483E-01 5.11781E-01 3.69910E-02 2.11096E-02 1.41274E-02 4.17469E-01
1.41160E-02 2.06882E-02 3.57159E-02 5.06609E-02 6.58432E-02 2.67466E-01 4.98802E-01 3.57159E-02 2.06882E-02 1.41160E-02 3.88947E-01
1.40323E-02 2.02157E-02 3.44258E-02 4.85470E-02 6.29245E-02 2.58493E-01 4.85664E-01 3.44258E-02 2.02157E-02 1.40323E-02 3.62080E-01
1.38862E-02 1.97007E-02 3.31281E-02 4.64645E-02 6.00643E-02 2.49583E-01 4.72405E-01 3.31281E-02 1.97007E-02 1.38862E-02 3.36820E-01
0.00000E+00 0.00000E+00 3.89999E-02 7.88504E-02 1.16149E-01 4.30894E-01 6.96364E-01 3.89999E-02 0.00000E+00 0.00000E+00 1.02368E+00
0.00000E+00 2.53930E-03 3.97516E-02 7.75608E-02 1.13576E-01 4.24368E-01 6.92781E-01 3.97516E-02 2.53930E-03 0.00000E+00 1.00291E+00
0.00000E+00 4.94441E-03 4.04752E-02 7.63928E-02 1.11144E-01 4.17801E-01 6.88508E-01 4.04752E-02 4.94441E-03 0.00000E+00 9.77691E-01
0.00000E+00 7.06627E-03 4.10015E-02 7.51480E-02 1.08653E-01 4.10998E-01 6.83440E-01 4.10015E-02 7.06627E-03 0.00000E+00 9.50226E-01
0.00000E+00 8.93671E-03 4.13534E-02 7.38358E-02 1.06111E-01 4.03985E-01 6.77650E-01 4.13534E-02 8.93671E-03 0.00000E+00 9.20872E-01
0.00000E+00 1.05700E-02 4.15410E-02 7.24587E-02 1.03526E-01 3.96772E-01 6.71171E-01 4.15410E-02 1.05700E-02 0.00000E+00 8.89952E-01
0.00000E+00 1.19923E-02 4.15829E-02 7.10232E-02 1.00903E-01 3.89383E-01 6.64070E-01 4.15829E-02 1.19923E-02 0.00000E+00 8.57866E-01
8.32667E-17 1.29705E-02 4.15312E-02 6.98787E-02 9.88540E-02 3.83564E-01 6.58211E-01 4.15312E-02 1.29705E-02 8.32667E-17 8.32484E-01
3.67955E-04 1.31879E-02 4.14579E-02 6.94992E-02 9.82147E-02 3.81806E-01 6.56376E-01 4.14579E-02 1.31879E-02 3.67955E-04 8.24434E-01
2.17337E-03 1.42950E-02 4.12091E-02 6.78284E-02 9.53196E-02 3.73525E-01 6.47528E-01 4.12091E-02 1.42950E-02 2.17337E-03 7.84233E-01
3.79908E-03 1.52573E-02 4.08659E-02 6.61296E-02 9.24158E-02 3.65073E-01 6.38088E-01 4.08659E-02 1.52573E-02 3.79908E-03 7.43676E-01
5.21918E-03 1.60459E-02 4.03965E-02 6.43653E-02 8.94668E-02 3.56424E-01 6.28047E-01 4.03965E-02 1.60459E-02 5.21918E-03 7.03547E-01
6.44762E-03 1.66733E-02 3.98117E-02 6.25435E-02 8.64830E-02 3.47599E-01 6.17447E-01 3.98117E-02 1.66733E-02 6.44762E-03 6.64077E-01
7.49661E-03 1.71505E-02 3.91224E-02 6.06731E-02 8.34755E-02 3.38624E-01 6.06323E-01 3.91224E-02 1.71505E-02 7.49661E-03 6.25478E-01
8.38143E-03 1.74914E-02 3.83412E-02 5.87639E-02 8.04561E-02 3.29526E-01 5.94723E-01 3.83412E-02 1.74914E-02 8.38143E-03 5.87927E-01
9.11719E-03 1.77096E-02 3.74803E-02 5.68254E-02 7.74357E-02 3.20330E-01 5.82695E-01 3.74803E-02 1.77096E-02 9.11719E-03 5.51563E-01
9.71664E-03 1.78167E-02 3.65504E-02 5.48663E-02 7.44246E-02 3.11062E-01 5.70281E-01 3.65504E-02 1.78167E-02 9.71664E-03 5.16510E-01
1.01920E-02 1.78239E-02 3.55619E-02 5.28949E-02 7.14322E-02 3.01745E-01 5.57523E-01 3.55619E-02 1.78239E-02 1.01920E-02 4.82868E-01
1.05548E-02 1.77417E-02 3.45244E-02 5.09193E-02 6.84676E-02 2.92404E-01 5.44464E-01 3.45244E-02 1.77417E-02 1.05548E-02 4.50710E-01
1.08161E-02 1.75803E-02 3.34474E-02 4.89470E-02 6.55393E-02 2.83060E-01 5.31146E-01 3.34474E-02 1.75803E-02 1.08161E-02 4.20089E-01
1.09864E-02 1.73492E-02 3.23393E-02 4.69851E-02 6.26549E-02 2.73737E-01 5.17608E-01 3.23393E-02 1.73492E-02 1.09864E-02 3.91035E-01
1.10755E-02 1.70574E-02 3.12084E-02 4.50401E-02 5.98214E-02 2.64454E-01 5.03892E-01 3.12084E-02 1.70574E-02 1.10755E-02 3.63560E-01
1.10927E-02 1.67132E-02 3.00622E-02 4.31180E-02 5.70453E-02 2.55232E-01 4.90035E-01 3.00622E-02 1.67132E-02 1.10927E-02 3.37658E-01
1.10465E-02 1.63245E-02 2.89075E-02 4.12243E-02 5.43320E-02 2.46090E-01 4.76075E-01 2.89075E-02 1.63245E-02 1.10465E-02 3.13308E-01
1.09442E-02 1.58980E-02 2.77507E-02 3.93647E-02 5.16879E-02 2.37046E-01 4.62049E-01 2.77507E-02 1.58980E-02 1.09442E-02 2.90502E-01
1.07940E-02 1.54410E-02 2.65979E-02 3.75434E-02 4.91165E-02 2.28118E-01 4.47994E-01 2.65979E-02 1.54410E-02 1.07940E-02 2.69180E-01
0.00000E+00 0.00000E+00 3.50726E-02 6.91257E-02 1.06237E-01 4.25641E-01 7.11623E-01 3.50726E-02 0.00000E+00 0.00000E+00 8.97213E-01
0.00000E+00 2.14824E-03 3.54822E-02 6.77497E-02 1.03214E-01 4.17612E-01 7.05337E-01 3.54822E-02 2.14824E-03 0.00000E+00 8.77183E-01
0.00000E+00 4.17159E-03 3.58783E-02 6.64931E-02 1.00379E-01 4.09633E-01 6.98461E-01 3.58783E-02 4.17159E-03 0.00000E+00 8.53146E-01
0.00000E+00 5.94520E-03 3.61149E-02 6.51842E-02 9.75488E-02 4.01521E-01 6.90900E-01 3.61149E-02 5.94520E-03 0.00000E+00 8.27043E-01
0.00000E+00 7.49761E-03 3.62113E-02 6.38300E-02 9.47267E-02 3.93292E-01 6.82718E-01 3.62113E-02 7.49761E-03 0.00000E+00 7.99238E-01
0.00000E+00 8.84208E-03 3.61762E-02 6.24324E-02 9.19147E-02 3.84955E-01 6.73948E-01 3.61762E-02 8.84208E-03 0.00000E+00 7.70063E-01
0.00000E+00 1.00024E-02 3.60251E-02 6.09960E-02 8.91143E-02 3.76526E-01 6.64651E-01 3.60251E-02 1.00024E-02 0.00000E+00 7.39915E-01
0.00000E+00 1.07938E-02 3.58417E-02 5.98626E-02 8.69560E-02 3.69952E-01 6.57153E-01 3.58417E-02 1.07938E-02 0.00000E+00 7.16153E-01
3.03081E-04 1.09674E-02 3.57410E-02 5.94960E-02 8.62985E-02 3.67993E-01 6.54861E-01 3.57410E-02 1.09674E-02 3.03081E-04 7.08690E-01
1.78608E-03 1.18502E-02 3.53472E-02 5.78674E-02 8.33094E-02 3.58768E-01 6.43863E-01 3.53472E-02 1.18502E-02 1.78608E-03 6.71650E-01
3.11212E-03 1.26069E-02 3.48806E-02 5.62246E-02 8.03490E-02 3.49443E-01 6.32354E-01 3.48806E-02 1.26069E-02 3.11212E-03 6.34467E-01
4.26140E-03 1.32150E-02 3.43152E-02 5.45367E-02 7.73853E-02 3.39996E-01 6.20334E-01 3.43152E-02 1.32150E-02 4.26140E-03 5.97833E-01
5.24688E-03 1.36861E-02 3.36609E-02 5.28111E-02 7.44262E-02 3.30449E-01 6.07846E-01 3.36609E-02 1.36861E-02 5.24688E-03 5.61970E-01
6.07994E-03 1.40307E-02 3.29274E-02 5.10556E-02 7.14806E-02 3.20826E-01 5.94930E-01 3.29274E-02 1.40307E-02 6.07994E-03 5.27075E-01
6.77446E-03 1.42613E-02 3.21257E-02 4.92789E-02 6.85574E-02 3.11151E-01 5.81632E-01 3.21257E-02 1.42613E-02 6.77446E-03 4.93310E-01
7.34406E-03 1.43903E-02 3.12664E-02 4.74889E-02 6.56645E-02 3.01449E-01 5.68003E-01 3.12664E-02 1.43903E-02 7.34406E-03 4.60793E-01
7.80022E-03 1.44280E-02 3.03589E-02 4.56932E-02 6.28093E-02 2.91744E-01 5.54086E-01 3.03589E-02 1.44280E-02 7.80022E-03 4.29626E-01
8.15385E-03 1.43845E-02 2.94118E-02 4.38990E-02 5.99991E-02 2.82056E-01 5.39924E-01 2.94118E-02 1.43845E-02 8.15385E-03 3.99886E-01
8.41527E-03 1.42692E-02 2.84335E-02 4.21129E-02 5.72402E-02 2.72408E-01 5.25559E-01 2.84335E-02 1.42692E-02 8.41527E-03 3.71627E-01
8.59421E-03 1.40909E-02 2.74318E-02 4.03411E-02 5.45385E-02 2.62821E-01 5.11034E-01 2.74318E-02 1.40909E-02 8.59421E-03 3.44878E-01
8.69980E-03 1.38579E-02 2.64138E-02 3.85895E-02 5.18994E-02 2.53313E-01 4.96389E-01 2.64138E-02 1.38579E-02 8.69980E-03 3.19649E-01
8.74058E-03 1.35781E-02 2.53862E-02 3.68633E-02 4.93276E-02 2.43904E-01 4.81662E-01 2.53862E-02 1.35781E-02 8.74058E-03 2.95932E-01
8.72450E-03 1.32586E-02 2.43551E-02 3.51672E-02 4.68270E-02 2.34611E-01 4.66892E-01 2.43551E-02 1.32586E-02 8.72450E-03 2.73705E-01
8.65893E-03 1.29060E-02 2.33260E-02 3.35057E-02 4.44011E-02 2.25450E-01 4.52115E-01 2.33260E-02 1.29060E-02 8.65893E-03 2.52932E-01
8.55001E-03 1.25261E-02 2.23041E-02 3.18830E-02 4.20542E-02 2.16439E-01 4.37367E-01 2.23041E-02 1.25261E-02 8.55001E-03 2.33590E-01
8.40463E-03 1.21249E-02 2.12938E-02 3.03021E-02 3.97876E-02 2.07590E-01 4.22683E-01 2.12938E-02 1.21249E-02 8.40463E-03 2.15607E-01
0.00000E+00 0.00000E+00 3.11950E-02 6.03875E-02 9.55877E-02 4.18396E-01 7.23808E-01 3.11950E-02 0.00000E+00 0.00000E+00 7.89416E-01
0.00000E+00 1.82260E-03 3.13547E-02 5.89892E-02 9.23148E-02 4.08992E-01 7.14753E-01 3.13547E-02 1.82260E-03 0.00000E+00 7.70311E-01
0.00000E+00 3.52777E-03 3.15109E-02 5.77035E-02 8.92646E-02 3.99732E-01 7.05235E-01 3.15109E-02 3.52777E-03 0.00000E+00 7.47448E-01
0.00000E+00 5.01117E-03 3.15379E-02 5.63822E-02 8.62697E-02 3.90440E-01 6.95158E-01 3.15379E-02 5.01117E-03 0.00000E+00 7.22595E-01
0.00000E+00 6.29889E-03 3.14522E-02 5.50311E-02 8.33283E-02 3.81123E-01 6.84579E-01 3.14522E-02 6.29889E-03 0.00000E+00 6.96155E-01
0.00000E+00 7.40354E-03 3.12615E-02 5.36519E-02 8.04396E-02 3.71788E-01 6.73529E-01 3.12615E-02 7.40354E-03 0.00000E+00 6.68494E-01
0.00000E+00 8.34700E-03 3.09791E-02 5.22485E-02 7.76002E-02 3.62443E-01 6.62065E-01 3.09791E-02 8.34700E-03 0.00000E+00 6.40024E-01
0.00000E+00 8.98429E-03 3.07084E-02 5.11494E-02 7.54336E-02 3.55211E-01 6.52957E-01 3.07084E-02 8.98429E-03 0.00000E+00 6.17668E-01
2.49370E-04 9.12192E-03 3.05914E-02 5.08004E-02 7.47845E-02 3.53079E-01 6.50220E-01 3.05914E-02 9.12192E-03 2.49370E-04 6.10714E-01
1.46584E-03 9.82090E-03 3.01074E-02 4.92400E-02 7.18281E-02 3.43041E-01 6.37130E-01 3.01074E-02 9.82090E-03 1.46584E-03 5.76412E-01
2.54516E-03 1.04101E-02 2.95682E-02 4.76758E-02 6.89288E-02 3.32976E-01 6.23628E-01 2.95682E-02 1.04101E-02 2.54516E-03 5.42166E-01
3.47254E-03 1.08724E-02 2.89529E-02 4.60827E-02 6.60585E-02 3.22864E-01 6.09717E-01 2.89529E-02 1.08724E-02 3.47254E-03 5.08594E-01
4.26008E-03 1.12188E-02 2.82705E-02 4.44674E-02 6.32227E-02 3.12726E-01 5.95444E-01 2.82705E-02 1.12188E-02 4.26008E-03 4.75905E-01
4.91838E-03 1.14590E-02 2.75297E-02 4.28371E-02 6.04283E-02 3.02584E-01 5.80848E-01 2.75297E-02 1.14590E-02 4.91838E-03 4.44285E-01
5.46009E-03 1.16044E-02 2.67399E-02 4.11993E-02 5.76815E-02 2.92461E-01 5.65978E-01 2.67399E-02 1.16044E-02 5.46009E-03 4.13874E-01
5.89745E-03 1.16660E-02 2.59104E-02 3.95609E-02 5.49874E-02 2.82380E-01 5.50884E-01 2.59104E-02 1.16660E-02 5.89745E-03 3.84769E-01
6.24079E-03 1.16534E-02 2.50490E-02 3.79284E-02 5.23513E-02 2.72360E-01 5.35607E-01 2.50490E-02 1.16534E-02 6.24079E-03 3.57049E-01
6.49984E-03 1.15753E-02 2.41633E-02 3.63077E-02 4.97779E-02 2.62423E-01 5.20193E-01 2.41633E-02 1.15753E-02 6.49984E-03 3.30768E-01
6.68375E-03 1.14400E-02 2.32601E-02 3.47044E-02 4.72714E-02 2.52586E-01 5.04681E-01 2.32601E-02 1.14400E-02 6.68375E-03 3.05955E-01
6.80104E-03 1.12554E-02 2.23460E-02 3.31237E-02 4.48357E-02 2.42869E-01 4.89113E-01 2.23460E-02 1.12554E-02 6.80104E-03 2.82621E-01
6.85965E-03 1.10286E-02 2.14269E-02 3.15702E-02 4.24739E-02 2.33289E-01 4.73529E-01 2.14269E-02 1.10286E-02 6.85965E-03 2.60753E-01
6.86696E-03 1.07663E-02 2.05079E-02 3.00481E-02 4.01887E-02 2.23860E-01 4.57965E-01 2.05079E-02 1.07663E-02 6.86696E-03 2.40328E-01
6.82976E-03 1.04745E-02 1.95941E-02 2.85609E-02 3.79821E-02 2.14598E-01 4.42457E-01 1.95941E-02 1.04745E-02 6.82976E-03 2.21305E-01
6.75427E-03 1.01589E-02 1.86896E-02 2.71120E-02 3.58559E-02 2.05516E-01 4.27040E-01 1.86896E-02 1.01589E-02 6.75427E-03 2.03636E-01
6.64572E-03 9.82414E-03 1.77986E-02 2.57048E-02 3.38125E-02 1.96630E-01 4.11749E-01 1.77986E-02 9.82414E-03 6.64572E-03 1.87285E-01
6.50978E-03 9.47520E-03 1.69243E-02 2.43411E-02 3.18517E-02 1.87949E-01 3.96612E-01 1.69243E-02 9.47520E-03 6.50978E-03 1.72172E-01
0.00000E+00 0.00000E+00 2.74346E-02 5.26233E-02 8.45500E-02 4.09272E-01 7.32512E-01 2.74346E-02 0.00000E+00 0.00000E+00 6.98918E-01
0.00000E+00 1.55110E-03 2.74210E-02 5.12417E-02 8.12088E-02 3.98619E-01 7.20652E-01 2.74210E-02 1.55110E-03 0.00000E+00 6.80504E-01
0.00000E+00 2.99109E-03 2.74103E-02 4.99643E-02 7.81118E-02 3.88206E-01 7.08483E-01 2.74103E-02 2.99109E-03 0.00000E+00 6.58510E-01
0.00000E+00 4.23299E-03 2.72943E-02 4.86631E-02 7.51065E-02 3.77860E-01 6.95901E-01 2.72943E-02 4.23299E-03 0.00000E+00 6.34591E-01
0.00000E+00 5.30105E-03 2.70875E-02 4.73435E-02 7.21872E-02 3.67581E-01 6.82954E-01 2.70875E-02 5.30105E-03 0.00000E+00 6.09203E-01
0.00000E+00 6.20749E-03 2.67969E-02 4.60075E-02 6.93508E-02 3.57374E-01 6.69673E-01 2.67969E-02 6.20749E-03 0.00000E+00 5.82753E-01
0.00000E+00 6.97259E-03 2.64342E-02 4.46586E-02 6.65905E-02 3.47240E-01 6.56104E-01 2.64342E-02 6.97259E-03 0.00000E+00 5.55670E-01
0.00000E+00 7.48381E-03 2.61129E-02 4.36085E-02 6.45004E-02 3.39446E-01 6.45444E-01 2.61129E-02 7.48381E-03 0.00000E+00 5.34502E-01
2.05137E-04 7.59221E-03 2.59886E-02 4.32801E-02 6.38819E-02 3.37167E-01 6.42278E-01 2.59886E-02 7.59221E-03 2.05137E-04 5.27984E-01
1.20258E-03 8.14210E-03 2.54594E-02 4.18040E-02 6.10625E-02 3.26450E-01 6.27193E-01 2.54594E-02 8.14210E-03 1.20258E-03 4.96034E-01
2.08024E-03 8.59671E-03 2.48894E-02 4.03325E-02 5.83200E-02 3.15777E-01 6.11810E-01 2.48894E-02 8.59671E-03 2.08024E-03 4.64345E-01
2.82741E-03 8.94335E-03 2.42618E-02 3.88452E-02 5.56293E-02 3.05132E-01 5.96133E-01 2.42618E-02 8.94335E-03 2.82741E-03 4.33467E-01
3.45535E-03 9.19214E-03 2.35846E-02 3.73484E-02 5.29939E-02 2.94532E-01 5.80210E-01 2.35846E-02 9.19214E-03 3.45535E-03 4.03592E-01
3.97396E-03 9.35218E-03 2.28656E-02 3.58484E-02 5.04189E-02 2.84001E-01 5.64082E-01 2.28656E-02 9.35218E-03 3.97396E-03 3.74888E-01
4.39470E-03 9.43386E-03 2.21131E-02 3.43518E-02 4.79080E-02 2.73557E-01 5.47797E-01 2.21131E-02 9.43386E-03 4.39470E-03 3.47470E-01
4.72857E-03 9.44706E-03 2.13348E-02 3.28646E-02 4.54642E-02 2.63221E-01 5.31401E-01 2.13348E-02 9.44706E-03 4.72857E-03 3.21411E-01
4.98484E-03 9.40020E-03 2.05374E-02 3.13920E-02 4.30908E-02 2.53009E-01 5.14937E-01 2.05374E-02 9.40020E-03 4.98484E-03 2.96766E-01
5.17213E-03 9.30113E-03 1.97273E-02 2.99393E-02 4.07904E-02 2.42940E-01 4.98447E-01 1.97273E-02 9.30113E-03 5.17213E-03 2.73562E-01
5.29849E-03 9.15711E-03 1.89102E-02 2.85108E-02 3.85656E-02 2.33030E-01 4.81970E-01 1.89102E-02 9.15711E-03 5.29849E-03 2.51807E-01
5.37135E-03 8.97487E-03 1.80913E-02 2.71108E-02 3.64182E-02 2.23295E-01 4.65545E-01 1.80913E-02 8.97487E-03 5.37135E-03 2.31489E-01
5.39758E-03 8.76058E-03 1.72754E-02 2.57428E-02 3.43498E-02 2.13747E-01 4.49209E-01 1.72754E-02 8.76058E-03 5.39758E-03 2.12577E-01
5.38348E-03 8.51987E-03 1.64667E-02 2.44099E-02 3.23612E-02 2.04401E-01 4.32997E-01 1.64667E-02 8.51987E-03 5.38348E-03 1.95030E-01
5.33481E-03 8.25784E-03 1.56689E-02 2.31150E-02 3.04532E-02 1.95268E-01 4.16941E-01 1.56689E-02 8.25784E-03 5.33481E-03 1.78794E-01
5.25680E-03 7.97912E-03 1.48852E-02 2.18601E-02 2.86260E-02 1.86358E-01 4.01072E-01 1.48852E-02 7.97912E-03 5.25680E-03 1.63809E-01
5.15383E-03 7.68768E-03 1.41188E-02 2.06480E-02 2.68807E-02 1.77684E-01 3.85423E-01 1.41188E-02 7.68768E-03 5.15383E-03 1.50029E-01
5.03054E-03 7.38744E-03 1.33719E-02 1.94795E-02 2.52158E-02 1.69252E-01 3.70019E-01 1.33719E-02 7.38744E-03 5.03054E-03 1.37368E-01
0.00000E+00 0.00000E+00 2.38525E-02 4.57789E-02 7.34836E-02 3.98402E-01 7.37386E-01 2.38525E-02 0.00000E+00 0.00000E+00 6.23790E-01
0.00000E+00 1.32168E-03 2.37252E-02 4.44323E-02 7.02280E-02 3.86621E-01 7.22726E-01 2.37252E-02 1.32168E-03 0.00000E+00 6.05486E-01
0.00000E+00 2.53798E-03 2.36044E-02 4.31815E-02 6.72248E-02 3.75178E-01 7.07935E-01 2.36044E-02 2.53798E-03 0.00000E+00 5.83818E-01
0.00000E+00 3.57680E-03 2.33970E-02 4.19167E-02 6.43361E-02 3.63902E-01 6.92897E-01 2.33970E-02 3.57680E-03 0.00000E+00 5.60358E-01
0.00000E+00 4.46091E-03 2.31162E-02 4.06427E-02 6.15532E-02 3.52785E-01 6.77651E-01 2.31162E-02 4.46091E-03 0.00000E+00 5.35609E-01
0.00000E+00 5.20231E-03 2.27688E-02 3.93623E-02 5.88719E-02 3.41830E-01 6.62222E-01 2.27688E-02 5.20231E-03 0.00000E+00 5.10012E-01
0.00000E+00 5.81991E-03 2.23647E-02 3.80783E-02 5.62828E-02 3.31029E-01 6.46648E-01 2.23647E-02 5.81991E-03 0.00000E+00 4.84003E-01
0.00000E+00 6.22751E-03 2.20209E-02 3.70843E-02 5.43345E-02 3.22768E-01 6.34521E-01 2.20209E-02 6.22751E-03 0.00000E+00 4.63806E-01
1.68458E-04 6.31212E-03 2.18960E-02 3.67775E-02 5.37633E-02 3.20369E-01 6.30954E-01 2.18960E-02 6.31212E-03 1.68458E-04 4.57654E-01
9.84744E-04 6.74086E-03 2.13556E-02 3.53930E-02 5.11594E-02 3.09103E-01 6.14007E-01 2.13556E-02 6.74086E-03 9.84744E-04 4.27713E-01
1.69667E-03 7.08735E-03 2.07858E-02 3.40203E-02 4.86437E-02 2.97953E-01 5.96888E-01 2.07858E-02 7.08735E-03 1.69667E-03 3.98255E-01
2.29680E-03 7.34234E-03 2.01734E-02 3.26430E-02 4.61940E-02 2.86903E-01 5.79604E-01 2.01734E-02 7.34234E-03 2.29680E-03 3.69764E-01
2.79563E-03 7.51527E-03 1.95255E-02 3.12666E-02 4.38121E-02 2.75971E-01 5.62199E-01 1.95255E-02 7.51527E-03 2.79563E-03 3.42407E-01
3.20232E-03 7.61456E-03 1.88490E-02 2.98969E-02 4.15014E-02 2.65176E-01 5.44715E-01 1.88490E-02 7.61456E-03 3.20232E-03 3.16327E-01
3.52724E-03 7.64958E-03 1.81510E-02 2.85395E-02 3.92639E-02 2.54536E-01 5.27198E-01 1.81510E-02 7.64958E-03 3.52724E-03 2.91610E-01
3.78020E-03 7.62910E-03 1.74380E-02 2.71993E-02 3.71007E-02 2.44064E-01 5.09691E-01 1.74380E-02 7.62910E-03 3.78020E-03 2.68298E-01
3.96945E-03 7.56059E-03 1.67157E-02 2.58807E-02 3.50135E-02 2.33778E-01 4.92233E-01 1.67157E-02 7.56059E-03 3.96945E-03 2.46418E-01
4.10259E-03 7.45091E-03 1.59893E-02 2.45879E-02 3.30034E-02 2.23691E-01 4.74865E-01 1.59893E-02 7.45091E-03 4.10259E-03 2.25974E-01
4.18666E-03 7.30637E-03 1.52634E-02 2.33243E-02 3.10715E-02 2.13816E-01 4.57622E-01 1.52634E-02 7.30637E-03 4.18666E-03 2.06950E-01
4.22808E-03 7.13273E-03 1.45423E-02 2.20932E-02 2.92182E-02 2.04167E-01 4.40541E-01 1.45423E-02 7.13273E-03 4.22808E-03 1.89310E-01
4.23272E-03 6.93521E-03 1.38297E-02 2.08973E-02 2.74436E-02 1.94753E-01 4.23653E-01 1.38297E-02 6.93521E-03 4.23272E-03 1.73009E-01
4.20594E-03 6.71852E-03 1.31287E-02 1.97386E-02 2.57476E-02 1.85585E-01 4.06990E-01 1.31287E-02 6.71852E-03 4.20594E-03 1.57989E-01
4.15256E-03 6.48691E-03 1.24423E-02 1.86192E-02 2.41296E-02 1.76670E-01 3.90582E-01 1.24423E-02 6.48691E-03 4.15256E-03 1.44185E-01
4.07694E-03 6.24413E-03 1.17726E-02 1.75404E-02 2.25889E-02 1.68015E-01 3.74453E-01 1.17726E-02 6.24413E-03 4.07694E-03 1.31527E-01
3.98270E-03 5.99345E-03 1.11223E-02 1.65040E-02 2.11255E-02 1.59632E-01 3.58635E-01 1.11223E-02 5.99345E-03 3.98270E-03 1.19961E-01
3.87362E-03 5.73796E-03 1.04925E-02 1.55102E-02 1.97372E-02 1.51522E-01 3.43147E-01 1.04925E-02 5.73796E-03 3.87362E-03 1.09399E-01
0.00000E+00 0.00000E+00 2.05319E-02 3.97800E-02 6.28796E-02 3.86042E-01 7.38118E-01 2.05319E-02 0.00000E+00 0.00000E+00 5.61858E-01
0.00000E+00 1.12601E-03 2.03356E-02 3.84750E-02 5.98244E-02 3.73259E-01 7.20737E-01 2.03356E-02 1.12601E-03 0.00000E+00 5.42965E-01
0.00000E+00 2.15237E-03 2.01470E-02 3.72595E-02 5.70174E-02 3.60915E-01 7.03427E-01 2.01470E-02 2.15237E-03 0.00000E+00 5.21041E-01
0.00000E+00 3.01971E-03 1.98870E-02 3.60390E-02 5.43354E-02 3.48838E-01 6.86054E-01 1.98870E-02 3.01971E-03 0.00000E+00 4.97571E-01
0.00000E+00 3.74951E-03 1.95673E-02 3.48181E-02 5.17683E-02 3.37012E-01 6.68642E-01 1.95673E-02 3.74951E-03 0.00000E+00 4.73084E-01
0.00000E+00 4.35356E-03 1.91946E-02 3.35996E-02 4.93110E-02 3.25436E-01 6.51213E-01 1.91946E-02 4.35356E-03 0.00000E+00 4.48039E-01
0.00000E+00 4.84950E-03 1.87780E-02 3.23863E-02 4.69531E-02 3.14096E-01 6.33792E-01 1.87780E-02 4.84950E-03 0.00000E+00 4.22859E-01
2.77556E-17 5.17233E-03 1.84318E-02 3.14522E-02 4.51876E-02 3.05466E-01 6.20328E-01 1.84318E-02 5.17233E-03 2.77556E-17 4.03468E-01
1.38038E-04 5.23771E-03 1.83112E-02 3.11673E-02 4.46737E-02 3.02975E-01 6.16397E-01 1.83112E-02 5.23771E-03 1.38038E-04 3.97633E-01
8.04529E-04 5.56873E-03 1.77836E-02 2.98778E-02 4.23319E-02 2.91291E-01 5.97777E-01 1.77836E-02 5.56873E-03 8.04529E-04 3.69441E-01
1.38044E-03 5.82917E-03 1.72357E-02 2.86065E-02 4.00823E-02 2.79796E-01 5.79121E-01 1.72357E-02 5.82917E-03 1.38044E-03 3.41972E-01
1.86092E-03 6.01256E-03 1.66571E-02 2.73402E-02 3.79055E-02 2.68472E-01 5.60434E-01 1.66571E-02 6.01256E-03 1.86092E-03 3.15637E-01
2.25567E-03 6.12756E-03 1.60540E-02 2.60835E-02 3.58020E-02 2.57334E-01 5.41757E-01 1.60540E-02 6.12756E-03 2.25567E-03 2.90569E-01
2.57311E-03 6.18191E-03 1.54327E-02 2.48418E-02 3.37739E-02 2.46399E-01 5.23132E-01 1.54327E-02 6.18191E-03 2.57311E-03 2.66879E-01
2.82255E-03 6.18398E-03 1.47990E-02 2.36194E-02 3.18218E-02 2.35681E-01 5.04602E-01 1.47990E-02 6.18398E-03 2.82255E-03 2.44619E-01
3.01270E-03 6.14151E-03 1.41585E-02 2.24204E-02 2.99456E-02 2.25190E-01 4.86202E-01 1.41585E-02 6.14151E-03 3.01270E-03 2.23799E-01
3.15083E-03 6.06102E-03 1.35157E-02 2.12482E-02 2.81457E-02 2.14941E-01 4.67971E-01 1.35157E-02 6.06102E-03 3.15083E-03 2.04418E-01
3.24360E-03 5.94849E-03 1.28750E-02 2.01059E-02 2.64222E-02 2.04942E-01 4.49943E-01 1.28750E-02 5.94849E-03 3.24360E-03 1.86453E-01
3.29710E-03 5.80931E-03 1.22401E-02 1.89963E-02 2.47749E-02 1.95205E-01 4.32151E-01 1.22401E-02 5.80931E-03 3.29710E-03 1.69865E-01
3.31682E-03 5.64835E-03 1.16143E-02 1.79217E-02 2.32032E-02 1.85737E-01 4.14626E-01 1.16143E-02 5.64835E-03 3.31682E-03 1.54601E-01
3.30777E-03 5.47000E-03 1.10003E-02 1.68837E-02 2.17065E-02 1.76547E-01 3.97396E-01 1.10003E-02 5.47000E-03 3.30777E-03 1.40599E-01
3.27442E-03 5.27815E-03 1.04007E-02 1.58839E-02 2.02837E-02 1.67640E-01 3.80488E-01 1.04007E-02 5.27815E-03 3.27442E-03 1.27788E-01
3.22080E-03 5.07626E-03 9.81736E-03 1.49234E-02 1.89335E-02 1.59022E-01 3.63925E-01 9.81736E-03 5.07626E-03 3.22080E-03 1.16094E-01
3.15050E-03 4.86738E-03 9.25206E-03 1.40028E-02 1.76544E-02 1.50695E-01 3.47730E-01 9.25206E-03 4.86738E-03 3.15050E-03 1.05442E-01
3.06650E-03 4.65411E-03 8.70645E-03 1.31232E-02 1.64458E-02 1.42668E-01 3.31927E-01 8.70645E-03 4.65411E-03 3.06650E-03 9.57709E-02
2.97182E-03 4.43888E-03 8.18137E-03 1.22843E-02 1.53050E-02 1.34939E-01 3.16531E-01 8.18137E-03 4.43888E-03 2.97182E-03 8.69919E-02
0.00000E+00 0.00000E+00 1.74426E-02 3.43819E-02 5.28312E-02 3.72021E-01 7.34496E-01 1.74426E-02 0.00000E+00 0.00000E+00 5.09344E-01
0.00000E+00 9.54679E-04 1.72099E-02 3.31270E-02 5.00581E-02 3.58348E-01 7.14481E-01 1.72099E-02 9.54679E-04 0.00000E+00 4.89271E-01
0.00000E+00 1.81592E-03 1.69850E-02 3.19570E-02 4.75193E-02 3.45220E-01 6.94760E-01 1.69850E-02 1.81592E-03 0.00000E+00 4.66637E-01
0.00000E+00 2.53542E-03 1.67009E-02 3.07907E-02 4.51063E-02 3.32460E-01 6.75175E-01 1.67009E-02 2.53542E-03 0.00000E+00 4.42827E-01
0.00000E+00 3.13340E-03 1.63685E-02 2.96322E-02 4.28086E-02 3.20045E-01 6.55736E-01 1.63685E-02 3.13340E-03 0.00000E+00 4.18367E-01
0.00000E+00 3.62132E-03 1.59942E-02 2.84846E-02 4.06210E-02 3.07969E-01 6.36460E-01 1.59942E-02 3.62132E-03 0.00000E+00 3.93712E-01
0.00000E+00 4.01556E-03 1.55862E-02 2.73499E-02 3.85329E-02 2.96211E-01 6.17353E-01 1.55862E-02 4.01556E-03 0.00000E+00 3.69246E-01
5.55112E-17 4.26826E-03 1.52527E-02 2.64813E-02 3.69759E-02 2.87305E-01 6.02683E-01 1.52527E-02 4.26826E-03 5.55112E-17 3.50592E-01
1.12370E-04 4.31795E-03 1.51400E-02 2.62192E-02 3.65253E-02 2.84747E-01 5.98427E-01 1.51400E-02 4.31795E-03 1.12370E-04 3.45051E-01
6.52918E-04 4.56954E-03 1.46428E-02 2.50309E-02 3.44733E-02 2.72774E-01 5.78324E-01 1.46428E-02 4.56954E-03 6.52918E-04 3.18491E-01
1.11548E-03 4.76122E-03 1.41327E-02 2.38664E-02 3.25120E-02 2.61060E-01 5.58330E-01 1.41327E-02 4.76122E-03 1.11548E-03 2.92897E-01
1.49723E-03 4.88866E-03 1.36014E-02 2.27149E-02 3.06245E-02 2.49587E-01 5.38446E-01 1.36014E-02 4.88866E-03 1.49723E-03 2.68604E-01
1.80703E-03 4.95978E-03 1.30543E-02 2.15804E-02 2.88104E-02 2.38365E-01 5.18709E-01 1.30543E-02 4.95978E-03 1.80703E-03 2.45704E-01
2.05254E-03 4.98154E-03 1.24968E-02 2.04672E-02 2.70709E-02 2.27411E-01 4.99157E-01 1.24968E-02 4.98154E-03 2.05254E-03 2.24272E-01
2.24202E-03 4.96135E-03 1.19339E-02 1.93788E-02 2.54056E-02 2.16732E-01 4.79828E-01 1.19339E-02 4.96135E-03 2.24202E-03 2.04320E-01
2.38312E-03 4.90592E-03 1.13701E-02 1.83182E-02 2.38135E-02 2.06336E-01 4.60753E-01 1.13701E-02 4.90592E-03 2.38312E-03 1.85826E-01
2.48217E-03 4.82091E-03 1.08092E-02 1.72880E-02 2.22942E-02 1.96231E-01 4.41964E-01 1.08092E-02 4.82091E-03 2.48217E-03 1.68759E-01
2.54493E-03 4.71140E-03 1.02545E-02 1.62905E-02 2.08468E-02 1.86425E-01 4.23491E-01 1.02545E-02 4.71140E-03 2.54493E-03 1.53072E-01
2.57660E-03 4.58195E-03 9.70895E-03 1.53274E-02 1.94705E-02 1.76923E-01 4.05361E-01 9.70895E-03 4.58195E-03 2.57660E-03 1.38705E-01
2.58184E-03 4.43663E-03 9.17504E-03 1.44003E-02 1.81641E-02 1.67731E-01 3.87600E-01 9.17504E-03 4.43663E-03 2.58184E-03 1.25588E-01
2.56483E-03 4.27904E-03 8.65487E-03 1.35101E-02 1.69263E-02 1.58852E-01 3.70231E-01 8.65487E-03 4.27904E-03 2.56483E-03 1.13646E-01
2.52929E-03 4.11236E-03 8.15018E-03 1.26576E-02 1.57554E-02 1.50290E-01 3.53274E-01 8.15018E-03 4.11236E-03 2.52929E-03 1.02800E-01
2.47852E-03 3.93935E-03 7.66236E-03 1.18432E-02 1.46498E-02 1.42044E-01 3.36748E-01 7.66236E-03 3.93935E-03 2.47852E-03 9.29682E-02
2.41544E-03 3.76243E-03 7.19249E-03 1.10670E-02 1.36074E-02 1.34115E-01 3.20669E-01 7.19249E-03 3.76243E-03 2.41544E-03 8.40712E-02
2.34247E-03 3.58367E-03 6.74172E-03 1.03296E-02 1.26274E-02 1.26509E-01 3.05058E-01 6.74172E-03 3.58367E-03 2.34247E-03 7.60448E-02
2.26198E-03 3.40489E-03 6.31042E-03 9.63008E-03 1.17068E-02 1.19220E-01 2.89923E-01 6.31042E-03 3.40489E-03 2.26198E-03 6.88026E-02
0.00000E+00 0.00000E+00 1.46543E-02 2.95559E-02 4.37153E-02 3.56588E-01 7.26429E-01 1.46543E-02 0.00000E+00 0.00000E+00 4.64569E-01
0.00000E+00 8.05509E-04 1.44090E-02 2.83603E-02 4.12677E-02 3.42161E-01 7.03961E-01 1.44090E-02 8.05509E-04 0.00000E+00 4.42905E-01
0.00000E+00 1.52442E-03 1.41708E-02 2.72464E-02 3.90338E-02 3.28386E-01 6.82022E-01 1.41708E-02 1.52442E-03 0.00000E+00 4.19287E-01
0.00000E+00 2.11784E-03 1.38836E-02 2.61443E-02 3.69192E-02 3.15081E-01 6.60429E-01 1.38836E-02 2.11784E-03 0.00000E+00 3.94970E-01
0.00000E+00 2.60470E-03 1.35574E-02 2.50578E-02 3.49142E-02 3.02212E-01 6.39174E-01 1.35574E-02 2.60470E-03 0.00000E+00 3.70443E-01
0.00000E+00 2.99598E-03 1.31983E-02 2.39894E-02 3.30135E-02 2.89771E-01 6.18267E-01 1.31983E-02 2.99598E-03 0.00000E+00 3.46133E-01
0.00000E+00 3.30673E-03 1.28138E-02 2.29407E-02 3.12071E-02 2.77726E-01 5.97698E-01 1.28138E-02 3.30673E-03 0.00000E+00 3.22363E-01
0.00000E+00 3.50258E-03 1.25033E-02 2.21425E-02 2.98650E-02 2.68645E-01 5.81995E-01 1.25033E-02 3.50258E-03 0.00000E+00 3.04440E-01
9.10086E-05 3.53980E-03 1.24006E-02 2.19042E-02 2.94784E-02 2.66050E-01 5.77465E-01 1.24006E-02 3.53980E-03 9.10086E-05 2.99187E-01
5.27155E-04 3.72835E-03 1.19454E-02 2.08220E-02 2.77191E-02 2.53922E-01 5.56122E-01 1.19454E-02 3.72835E-03 5.27155E-04 2.74204E-01
8.96690E-04 3.86656E-03 1.14827E-02 1.97680E-02 2.60450E-02 2.42122E-01 5.35034E-01 1.14827E-02 3.86656E-03 8.96690E-04 2.50419E-01
1.19831E-03 3.95175E-03 1.10062E-02 1.87334E-02 2.44415E-02 2.30628E-01 5.14198E-01 1.10062E-02 3.95175E-03 1.19831E-03 2.28087E-01
1.43999E-03 3.99100E-03 1.05206E-02 1.77213E-02 2.29077E-02 2.19448E-01 4.93645E-01 1.05206E-02 3.99100E-03 1.43999E-03 2.07255E-01
1.62862E-03 3.99055E-03 1.00303E-02 1.67350E-02 2.14441E-02 2.08593E-01 4.73410E-01 1.00303E-02 3.99055E-03 1.62862E-03 1.87955E-01
1.77145E-03 3.95682E-03 9.53968E-03 1.57774E-02 2.00497E-02 1.98068E-01 4.53523E-01 9.53968E-03 3.95682E-03 1.77145E-03 1.70163E-01
1.87511E-03 3.89557E-03 9.05214E-03 1.48503E-02 1.87229E-02 1.87874E-01 4.34008E-01 9.05214E-03 3.89557E-03 1.87511E-03 1.53824E-01
1.94507E-03 3.81164E-03 8.57077E-03 1.39555E-02 1.74627E-02 1.78017E-01 4.14891E-01 8.57077E-03 3.81164E-03 1.94507E-03 1.38880E-01
1.98623E-03 3.70929E-03 8.09819E-03 1.30944E-02 1.62679E-02 1.68499E-01 3.96197E-01 8.09819E-03 3.70929E-03 1.98623E-03 1.25263E-01
2.00300E-03 3.59232E-03 7.63660E-03 1.22682E-02 1.51371E-02 1.59323E-01 3.77946E-01 7.63660E-03 3.59232E-03 2.00300E-03 1.12894E-01
1.99926E-03 3.46408E-03 7.18785E-03 1.14776E-02 1.40688E-02 1.50489E-01 3.60157E-01 7.18785E-03 3.46408E-03 1.99926E-03 1.01691E-01
1.97849E-03 3.32748E-03 6.75343E-03 1.07229E-02 1.30612E-02 1.41998E-01 3.42849E-01 6.75343E-03 3.32748E-03 1.97849E-03 9.15685E-02
1.94373E-03 3.18508E-03 6.33453E-03 1.00044E-02 1.21125E-02 1.33848E-01 3.26036E-01 6.33453E-03 3.18508E-03 1.94373E-03 8.24406E-02
1.89767E-03 3.03905E-03 5.93204E-03 9.32181E-03 1.12208E-02 1.26038E-01 3.09728E-01 5.93204E-03 3.03905E-03 1.89767E-03 7.42234E-02
1.84263E-03 2.89126E-03 5.54660E-03 8.67487E-03 1.03839E-02 1.18564E-01 2.93938E-01 5.54660E-03 2.89126E-03 1.84263E-03 6.68357E-02
1.78055E-03 2.74334E-03 5.17893E-03 8.06360E-03 9.60063E-03 1.11427E-01 2.78680E-01 5.17893E-03 2.74334E-03 1.78055E-03 6.02123E-02
1.71331E-03 2.59664E-03 4.82906E-03 7.48688E-03 8.86814E-03 1.04619E-01 2.63956E-01 4.82906E-03 2.59664E-03 1.71331E-03 5.42707E-02
0.00000E+00 0.00000E+00 1.21668E-02 2.51931E-02 3.56409E-02 3.39755E-01 7.13930E-01 1.21668E-02 0.00000E+00 0.00000E+00 4.25045E-01
0.00000E+00 6.74422E-04 1.19249E-02 2.40688E-02 3.35322E-02 3.24720E-01 6.89232E-01 1.19249E-02 6.74422E-04 0.00000E+00 4.01615E-01
0.00000E+00 1.26977E-03 1.16892E-02 2.30236E-02 3.16128E-02 3.10444E-01 6.65307E-01 1.16892E-02 1.26977E-03 0.00000E+00 3.76946E-01
0.00000E+00 1.75519E-03 1.14131E-02 2.19975E-02 2.98018E-02 2.96738E-01 6.41944E-01 1.14131E-02 1.75519E-03 0.00000E+00 3.52132E-01
0.00000E+00 2.14811E-03 1.11057E-02 2.09934E-02 2.80904E-02 2.83558E-01 6.19114E-01 1.11057E-02 2.14811E-03 0.00000E+00 3.27596E-01
0.00000E+00 2.45892E-03 1.07730E-02 2.00136E-02 2.64741E-02 2.70891E-01 5.96819E-01 1.07730E-02 2.45892E-03 0.00000E+00 3.03712E-01
0.00000E+00 2.70125E-03 1.04214E-02 1.90588E-02 2.49436E-02 2.58696E-01 5.75030E-01 1.04214E-02 2.70125E-03 0.00000E+00 2.80722E-01
0.00000E+00 2.85117E-03 1.01401E-02 1.83363E-02 2.38100E-02 2.49542E-01 5.58482E-01 1.01401E-02 2.85117E-03 0.00000E+00 2.63591E-01
7.31704E-05 2.87855E-03 1.00487E-02 1.81225E-02 2.34847E-02 2.46939E-01 5.53733E-01 1.00487E-02 2.87855E-03 7.31704E-05 2.58635E-01
4.22511E-04 3.01742E-03 9.64198E-03 1.71513E-02 2.20056E-02 2.34793E-01 5.31407E-01 9.64198E-03 3.01742E-03 4.22511E-04 2.35256E-01
7.15535E-04 3.11454E-03 9.23192E-03 1.62116E-02 2.06038E-02 2.23039E-01 5.09483E-01 9.23192E-03 3.11454E-03 7.15535E-04 2.13279E-01
9.52020E-04 3.16840E-03 8.81361E-03 1.52956E-02 1.92666E-02 2.11652E-01 4.87950E-01 8.81361E-03 3.16840E-03 9.52020E-04 1.92878E-01
1.13907E-03 3.18526E-03 8.39105E-03 1.44057E-02 1.79931E-02 2.00636E-01 4.66832E-01 8.39105E-03 3.18526E-03 1.13907E-03 1.74052E-01
1.28275E-03 3.17058E-03 7.96804E-03 1.35446E-02 1.67832E-02 1.89997E-01 4.46159E-01 7.96804E-03 3.17058E-03 1.28275E-03 1.56795E-01
1.38936E-03 3.12987E-03 7.54795E-03 1.27140E-02 1.56356E-02 1.79735E-01 4.25953E-01 7.54795E-03 3.12987E-03 1.38936E-03 1.41045E-01
1.46457E-03 3.06800E-03 7.13359E-03 1.19151E-02 1.45483E-02 1.69847E-01 4.06231E-01 7.13359E-03 3.06800E-03 1.46457E-03 1.26717E-01
1.51304E-03 2.98902E-03 6.72732E-03 1.11489E-02 1.35202E-02 1.60333E-01 3.87012E-01 6.72732E-03 2.98902E-03 1.51304E-03 1.13732E-01
1.53889E-03 2.89647E-03 6.33113E-03 1.04161E-02 1.25496E-02 1.51193E-01 3.68313E-01 6.33113E-03 2.89647E-03 1.53889E-03 1.02001E-01
1.54579E-03 2.79346E-03 5.94663E-03 9.71723E-03 1.16351E-02 1.42424E-01 3.50149E-01 5.94663E-03 2.79346E-03 1.54579E-03 9.14346E-02
1.53696E-03 2.68270E-03 5.57515E-03 9.05236E-03 1.07749E-02 1.34024E-01 3.32532E-01 5.57515E-03 2.68270E-03 1.53696E-03 8.19393E-02
1.51524E-03 2.56652E-03 5.21769E-03 8.42141E-03 9.96710E-03 1.25989E-01 3.15473E-01 5.21769E-03 2.56652E-03 1.51524E-03 7.34240E-02
1.48308E-03 2.44691E-03 4.87499E-03 7.82406E-03 9.20984E-03 1.18313E-01 2.98980E-01 4.87499E-03 2.44691E-03 1.48308E-03 6.58001E-02
1.44264E-03 2.32557E-03 4.54758E-03 7.25976E-03 8.50109E-03 1.10992E-01 2.83058E-01 4.54758E-03 2.32557E-03 1.44264E-03 5.89829E-02
1.39576E-03 2.20394E-03 4.23575E-03 6.72784E-03 7.83881E-03 1.04018E-01 2.67712E-01 4.23575E-03 2.20394E-03 1.39576E-03 5.28927E-02
1.34397E-03 2.08323E-03 3.93992E-03 6.22800E-03 7.22164E-03 9.73912E-02 2.52952E-01 3.93992E-03 2.08323E-03 1.34397E-03 4.74656E-02
1.28872E-03 1.96445E-03 3.65988E-03 5.75890E-03 6.64693E-03 9.10991E-02 2.38773E-01 3.65988E-03 1.96445E-03 1.28872E-03 4.26242E-02
0.00000E+00 0.00000E+00 9.98249E-03 2.12452E-02 2.86672E-02 3.21600E-01 6.97158E-01 9.98249E-03 0.00000E+00 0.00000E+00 3.88955E-01
0.00000E+00 5.59305E-04 9.75418E-03 2.02057E-02 2.68872E-02 3.06122E-01 6.70501E-01 9.75418E-03 5.59305E-04 0.00000E+00 3.63839E-01
0.00000E+00 1.04765E-03 9.53119E-03 1.92422E-02 2.52706E-02 2.91505E-01 6.44863E-01 9.53119E-03 1.04765E-03 0.00000E+00 3.38261E-01
0.00000E+00 1.44088E-03 9.27521E-03 1.83037E-02 2.37493E-02 2.77555E-01 6.20002E-01 9.27521E-03 1.44088E-03 0.00000E+00 3.13130E-01
0.00000E+00 1.75484E-03 8.99459E-03 1.73921E-02 2.23159E-02 2.64217E-01 5.95868E-01 8.99459E-03 1.75484E-03 0.00000E+00 2.88775E-01
0.00000E+00 1.99912E-03 8.69469E-03 1.65092E-02 2.09665E-02 2.51471E-01 5.72452E-01 8.69469E-03 1.99912E-03 0.00000E+00 2.65495E-01
0.00000E+00 2.18589E-03 8.38116E-03 1.56549E-02 1.96928E-02 2.39267E-01 5.49707E-01 8.38116E-03 2.18589E-03 0.00000E+00 2.43443E-01
0.00000E+00 2.29910E-03 8.13235E-03 1.50120E-02 1.87520E-02 2.30147E-01 5.32515E-01 8.13235E-03 2.29910E-03 0.00000E+00 2.27205E-01
5.83355E-05 2.31883E-03 8.05264E-03 1.48234E-02 1.84829E-02 2.27565E-01 5.27604E-01 8.05264E-03 2.31883E-03 5.83355E-05 2.22569E-01
3.35809E-04 2.41916E-03 7.69700E-03 1.39665E-02 1.72606E-02 2.15540E-01 5.04567E-01 7.69700E-03 2.41916E-03 3.35809E-04 2.00862E-01
5.66211E-04 2.48531E-03 7.34101E-03 1.31426E-02 1.61061E-02 2.03965E-01 4.82073E-01 7.34101E-03 2.48531E-03 5.66211E-04 1.80719E-01
7.50049E-04 2.51660E-03 6.98090E-03 1.23450E-02 1.50093E-02 1.92811E-01 4.60103E-01 6.98090E-03 2.51660E-03 7.50049E-04 1.62237E-01
8.93538E-04 2.51849E-03 6.62000E-03 1.15754E-02 1.39687E-02 1.82077E-01 4.38673E-01 6.62000E-03 2.51849E-03 8.93538E-04 1.45369E-01
1.00196E-03 2.49566E-03 6.26144E-03 1.08357E-02 1.29841E-02 1.71765E-01 4.17807E-01 6.26144E-03 2.49566E-03 1.00196E-03 1.30071E-01
1.08069E-03 2.45277E-03 5.90790E-03 1.01268E-02 1.20540E-02 1.61870E-01 3.97519E-01 5.90790E-03 2.45277E-03 1.08069E-03 1.16248E-01
1.13451E-03 2.39387E-03 5.56152E-03 9.44914E-03 1.11765E-02 1.52384E-01 3.77816E-01 5.56152E-03 2.39387E-03 1.13451E-03 1.03793E-01
1.16733E-03 2.32229E-03 5.22411E-03 8.80323E-03 1.03501E-02 1.43302E-01 3.58711E-01 5.22411E-03 2.32229E-03 1.16733E-03 9.26076E-02
1.18258E-03 2.24094E-03 4.89712E-03 8.18921E-03 9.57323E-03 1.34620E-01 3.40213E-01 4.89712E-03 2.24094E-03 1.18258E-03 8.25899E-02
1.18328E-03 2.15232E-03 4.58170E-03 7.60701E-03 8.84423E-03 1.26330E-01 3.22330E-01 4.58170E-03 2.15232E-03 1.18328E-03 7.36398E-02
1.17204E-03 2.05857E-03 4.27874E-03 7.05635E-03 8.16136E-03 1.18428E-01 3.05068E-01 4.27874E-03 2.05857E-03 1.17204E-03 6.56596E-02
1.15115E-03 1.96153E-03 3.98887E-03 6.53672E-03 7.52278E-03 1.10905E-01 2.88430E-01 3.98887E-03 1.96153E-03 1.15115E-03 5.85556E-02
1.12258E-03 1.86274E-03 3.71251E-03 6.04748E-03 6.92663E-03 1.03753E-01 2.72417E-01 3.71251E-03 1.86274E-03 1.12258E-03 5.22393E-02
1.08803E-03 1.76349E-03 3.44990E-03 5.58784E-03 6.37097E-03 9.69629E-02 2.57029E-01 3.44990E-03 1.76349E-03 1.08803E-03 4.66282E-02
1.04893E-03 1.66485E-03 3.20110E-03 5.15688E-03 5.85388E-03 9.05258E-02 2.42263E-01 3.20110E-03 1.66485E-03 1.04893E-03 4.16462E-02
1.00649E-03 1.56774E-03 2.96629E-03 4.75407E-03 5.37402E-03 8.44373E-02 2.28126E-01 2.96629E-03 1.56774E-03 1.00649E-03 3.72323E-02
9.61811E-04 1.47286E-03 2.74514E-03 4.37799E-03 4.92900E-03 7.86831E-02 2.14604E-01 2.74514E-03 1.47286E-03 9.61811E-04 3.33157E-02
0.00000E+00 0.00000E+00 8.08732E-03 1.76850E-02 2.27516E-02 3.02177E-01 6.76320E-01 8.08732E-03 0.00000E+00 0.00000E+00 3.54972E-01
0.00000E+00 4.58511E-04 7.87886E-03 1.67423E-02 2.12764E-02 2.86435E-01 6.48007E-01 7.87886E-03 4.58511E-04 0.00000E+00 3.28458E-01
0.00000E+00 8.54539E-04 7.67501E-03 1.58720E-02 1.99393E-02 2.71653E-01 6.20953E-01 7.67501E-03 8.54539E-04 0.00000E+00 3.02275E-01
0.00000E+00 1.16950E-03 7.44467E-03 1.50305E-02 1.86841E-02 2.57625E-01 5.94885E-01 7.44467E-03 1.16950E-03 0.00000E+00 2.77124E-01
0.00000E+00 1.41750E-03 7.19523E-03 1.42191E-02 1.75043E-02 2.44290E-01 5.69733E-01 7.19523E-03 1.41750E-03 0.00000E+00 2.53224E-01
0.00000E+00 1.60720E-03 6.93152E-03 1.34389E-02 1.63968E-02 2.31618E-01 5.45477E-01 6.93152E-03 1.60720E-03 0.00000E+00 2.30787E-01
0.00000E+00 1.74928E-03 6.65837E-03 1.26891E-02 1.53546E-02 2.19551E-01 5.22048E-01 6.65837E-03 1.74928E-03 0.00000E+00 2.09865E-01
0.00000E+00 1.83351E-03 6.44309E-03 1.21280E-02 1.45867E-02 2.10572E-01 5.04418E-01 6.44309E-03 1.83351E-03 0.00000E+00 1.94641E-01
4.60577E-05 1.84740E-03 6.37495E-03 1.19646E-02 1.43677E-02 2.08040E-01 4.99402E-01 6.37495E-03 1.84740E-03 4.60577E-05 1.90349E-01
2.64328E-04 1.91832E-03 6.07035E-03 1.12227E-02 1.33738E-02 1.96274E-01 4.75928E-01 6.07035E-03 1.91832E-03 2.64328E-04 1.70399E-01
4.43762E-04 1.96166E-03 5.76744E-03 1.05137E-02 1.24383E-02 1.85008E-01 4.53130E-01 5.76744E-03 1.96166E-03 4.43762E-04 1.52125E-01
5.85311E-04 1.97733E-03 5.46336E-03 9.83189E-03 1.15526E-02 1.74210E-01 4.30980E-01 5.46336E-03 1.97733E-03 5.85311E-04 1.35551E-01
6.94322E-04 1.96995E-03 5.16080E-03 9.17831E-03 1.07156E-02 1.63872E-01 4.09485E-01 5.16080E-03 1.96995E-03 6.94322E-04 1.20592E-01
7.75310E-04 1.94349E-03 4.86229E-03 8.55412E-03 9.92661E-03 1.53991E-01 3.88663E-01 4.86229E-03 1.94349E-03 7.75310E-04 1.07168E-01
8.32797E-04 1.90181E-03 4.56991E-03 7.95968E-03 9.18419E-03 1.44559E-01 3.68518E-01 4.56991E-03 1.90181E-03 8.32797E-04 9.51607E-02
8.70757E-04 1.84824E-03 4.28526E-03 7.39490E-03 8.48646E-03 1.35562E-01 3.49049E-01 4.28526E-03 1.84824E-03 8.70757E-04 8.44431E-02
8.92417E-04 1.78547E-03 4.00966E-03 6.85976E-03 7.83195E-03 1.26991E-01 3.30261E-01 4.00966E-03 1.78547E-03 8.92417E-04 7.49034E-02
9.00586E-04 1.71583E-03 3.74415E-03 6.35398E-03 7.21912E-03 1.18836E-01 3.12154E-01 3.74415E-03 1.71583E-03 9.00586E-04 6.64324E-02
8.97704E-04 1.64129E-03 3.48951E-03 5.87715E-03 6.64634E-03 1.11089E-01 2.94731E-01 3.48951E-03 1.64129E-03 8.97704E-04 5.89248E-02
8.85878E-04 1.56354E-03 3.24628E-03 5.42866E-03 6.11194E-03 1.03739E-01 2.77989E-01 3.24628E-03 1.56354E-03 8.85878E-04 5.22816E-02
8.66921E-04 1.48399E-03 3.01482E-03 5.00777E-03 5.61420E-03 9.67749E-02 2.61925E-01 3.01482E-03 1.48399E-03 8.66921E-04 4.64099E-02
8.42384E-04 1.40380E-03 2.79531E-03 4.61363E-03 5.15139E-03 9.01855E-02 2.46535E-01 2.79531E-03 1.40380E-03 8.42384E-04 4.12243E-02
8.13586E-04 1.32395E-03 2.58780E-03 4.24529E-03 4.72173E-03 8.39590E-02 2.31809E-01 2.58780E-03 1.32395E-03 8.13586E-04 3.66464E-02
7.81647E-04 1.24521E-03 2.39219E-03 3.90173E-03 4.32348E-03 7.80835E-02 2.17741E-01 2.39219E-03 1.24521E-03 7.81647E-04 3.26054E-02
7.47481E-04 1.16826E-03 2.20851E-03 3.58228E-03 3.95540E-03 7.25523E-02 2.04331E-01 2.20851E-03 1.16826E-03 7.47481E-04 2.90450E-02
7.11916E-04 1.09357E-03 2.03635E-03 3.28554E-03 3.61540E-03 6.73489E-02 1.91560E-01 2.03635E-03 1.09357E-03 7.11916E-04 2.59015E-02
0.00000E+00 0.00000E+00 6.46891E-03 1.45093E-02 1.78352E-02 2.81648E-01 6.51760E-01 6.46891E-03 0.00000E+00 0.00000E+00 3.22252E-01
0.00000E+00 3.71023E-04 6.28343E-03 1.36723E-02 1.66316E-02 2.65839E-01 6.22121E-01 6.28343E-03 3.71023E-04 0.00000E+00 2.94800E-01
0.00000E+00 6.88143E-04 6.10209E-03 1.29030E-02 1.55429E-02 2.51076E-01 5.93971E-01 6.10209E-03 6.88143E-04 0.00000E+00 2.68436E-01
0.00000E+00 9.37286E-04 5.89992E-03 1.21646E-02 1.45230E-02 2.37148E-01 5.67007E-01 5.89992E-03 9.37286E-04 0.00000E+00 2.43646E-01
0.00000E+00 1.13076E-03 5.68332E-03 1.14574E-02 1.35667E-02 2.23980E-01 5.41137E-01 5.68332E-03 1.13076E-03 0.00000E+00 2.20524E-01
0.00000E+00 1.27622E-03 5.45649E-03 1.07821E-02 1.26715E-02 2.11537E-01 5.16328E-01 5.45649E-03 1.27622E-03 0.00000E+00 1.99192E-01
0.00000E+00 1.38284E-03 5.22350E-03 1.01375E-02 1.18313E-02 1.99751E-01 4.92492E-01 5.22350E-03 1.38284E-03 0.00000E+00 1.79603E-01
0.00000E+00 1.44455E-03 5.04103E-03 9.65754E-03 1.12137E-02 1.91018E-01 4.74631E-01 5.04103E-03 1.44455E-03 0.00000E+00 1.65513E-01
3.59830E-05 1.45408E-03 4.98386E-03 9.51876E-03 1.10381E-02 1.88566E-01 4.69569E-01 4.98386E-03 1.45408E-03 3.59830E-05 1.61588E-01
2.05902E-04 1.50302E-03 4.72802E-03 8.88906E-03 1.02418E-02 1.77193E-01 4.45930E-01 4.72802E-03 1.50302E-03 2.05902E-04 1.43470E-01
3.44218E-04 1.53006E-03 4.47517E-03 8.29080E-03 9.49467E-03 1.66360E-01 4.23089E-01 4.47517E-03 1.53006E-03 3.44218E-04 1.27085E-01
4.52109E-04 1.53544E-03 4.22311E-03 7.71921E-03 8.78983E-03 1.56031E-01 4.01008E-01 4.22311E-03 1.53544E-03 4.52109E-04 1.12394E-01
5.34093E-04 1.52303E-03 3.97399E-03 7.17466E-03 8.12604E-03 1.46192E-01 3.79686E-01 3.97399E-03 1.52303E-03 5.34093E-04 9.92792E-02
5.93962E-04 1.49612E-03 3.72981E-03 6.65779E-03 7.50271E-03 1.36838E-01 3.59132E-01 3.72981E-03 1.49612E-03 5.93962E-04 8.76332E-02
6.35456E-04 1.45786E-03 3.49212E-03 6.16851E-03 6.91836E-03 1.27953E-01 3.39342E-01 3.49212E-03 1.45786E-03 6.35456E-04 7.73185E-02
6.61827E-04 1.41091E-03 3.26210E-03 5.70635E-03 6.37126E-03 1.19520E-01 3.20305E-01 3.26210E-03 1.41091E-03 6.61827E-04 6.81964E-02
6.75697E-04 1.35743E-03 3.04067E-03 5.27092E-03 5.86001E-03 1.11525E-01 3.02018E-01 3.04067E-03 1.35743E-03 6.75697E-04 6.01477E-02
6.79330E-04 1.29925E-03 2.82854E-03 4.86169E-03 5.38315E-03 1.03957E-01 2.84476E-01 2.82854E-03 1.29925E-03 6.79330E-04 5.30595E-02
6.74674E-04 1.23791E-03 2.62620E-03 4.47799E-03 4.93919E-03 9.68004E-02 2.67671E-01 2.62620E-03 1.23791E-03 6.74674E-04 4.68264E-02
6.63394E-04 1.17469E-03 2.43396E-03 4.11904E-03 4.52658E-03 9.00432E-02 2.51595E-01 2.43396E-03 1.17469E-03 6.63394E-04 4.13511E-02
6.46910E-04 1.11066E-03 2.25196E-03 3.78397E-03 4.14377E-03 8.36711E-02 2.36238E-01 2.25196E-03 1.11066E-03 6.46910E-04 3.65449E-02
6.26426E-04 1.04670E-03 2.08024E-03 3.47182E-03 3.78921E-03 7.76703E-02 2.21588E-01 2.08024E-03 1.04670E-03 6.26426E-04 3.23273E-02
6.02958E-04 9.83509E-04 1.91871E-03 3.18160E-03 3.46132E-03 7.20264E-02 2.07633E-01 1.91871E-03 9.83509E-04 6.02958E-04 2.86261E-02
5.77354E-04 9.21647E-04 1.76717E-03 2.91226E-03 3.15859E-03 6.67253E-02 1.94358E-01 1.76717E-03 9.21647E-04 5.77354E-04 2.53769E-02
5.50309E-04 8.61590E-04 1.62556E-03 2.66309E-03 2.87988E-03 6.17583E-02 1.81758E-01 1.62556E-03 8.61590E-04 5.50309E-04 2.25288E-02
5.22436E-04 8.03660E-04 1.49344E-03 2.43277E-03 2.62342E-03 5.71070E-02 1.69810E-01 1.49344E-03 8.03660E-04 5.22436E-04 2.00260E-02
0.00000E+00 0.00000E+00 5.10667E-03 1.17169E-02 1.38164E-02 2.60205E-01 6.23868E-01 5.10667E-03 0.00000E+00 0.00000E+00 2.90307E-01
0.00000E+00 2.95888E-04 4.94514E-03 1.09901E-02 1.28479E-02 2.44536E-01 5.93251E-01 4.94514E-03 2.95888E-04 0.00000E+00 2.62493E-01
0.00000E+00 5.46271E-04 4.78749E-03 1.03251E-02 1.19735E-02 2.29985E-01 5.64336E-01 4.78749E-03 5.46271E-04 0.00000E+00 2.36442E-01
0.00000E+00 7.40671E-04 4.61391E-03 9.69130E-03 1.11562E-02 2.16334E-01 5.36793E-01 4.61391E-03 7.40671E-04 0.00000E+00 2.12426E-01
0.00000E+00 8.89591E-04 4.42978E-03 9.08833E-03 1.03917E-02 2.03497E-01 5.10508E-01 4.42978E-03 8.89591E-04 0.00000E+00 1.90419E-01
0.00000E+00 9.99621E-04 4.23867E-03 8.51642E-03 9.67793E-03 1.91436E-01 4.85435E-01 4.23867E-03 9.99621E-04 0.00000E+00 1.70448E-01
0.00000E+00 1.07848E-03 4.04388E-03 7.97384E-03 9.00999E-03 1.80070E-01 4.61466E-01 4.04388E-03 1.07848E-03 0.00000E+00 1.52375E-01
0.00000E+00 1.12297E-03 3.89221E-03 7.57188E-03 8.52017E-03 1.71684E-01 4.43578E-01 3.89221E-03 1.12297E-03 0.00000E+00 1.39521E-01
2.77901E-05 1.12931E-03 3.84513E-03 7.45638E-03 8.38122E-03 1.69338E-01 4.38526E-01 3.84513E-03 1.12931E-03 2.77901E-05 1.35981E-01
1.58573E-04 1.16219E-03 3.63429E-03 6.93282E-03 7.75196E-03 1.58483E-01 4.14986E-01 3.63429E-03 1.16219E-03 1.58573E-04 1.19747E-01
2.64013E-04 1.17795E-03 3.42714E-03 6.43824E-03 7.16347E-03 1.48196E-01 3.92352E-01 3.42714E-03 1.17795E-03 2.64013E-04 1.05247E-01
3.45359E-04 1.17703E-03 3.22199E-03 5.96856E-03 6.61019E-03 1.38438E-01 3.70576E-01 3.22199E-03 1.17703E-03 3.45359E-04 9.23918E-02
4.06355E-04 1.16259E-03 3.02052E-03 5.52375E-03 6.09097E-03 1.29191E-01 3.49648E-01 3.02052E-03 1.16259E-03 4.06355E-04 8.10374E-02
4.50128E-04 1.13731E-03 2.82425E-03 5.10403E-03 5.60518E-03 1.20443E-01 3.29570E-01 2.82425E-03 1.13731E-03 4.50128E-04 7.10577E-02
4.79720E-04 1.10370E-03 2.63433E-03 4.70898E-03 5.15147E-03 1.12177E-01 3.10327E-01 2.63433E-03 1.10370E-03 4.79720E-04 6.23033E-02
4.97748E-04 1.06387E-03 2.45157E-03 4.33790E-03 4.72826E-03 1.04369E-01 2.91902E-01 2.45157E-03 1.06387E-03 4.97748E-04 5.46304E-02
5.06308E-04 1.01951E-03 2.27662E-03 3.99020E-03 4.33428E-03 9.70027E-02 2.74281E-01 2.27662E-03 1.01951E-03 5.06308E-04 4.79175E-02
5.07196E-04 9.72020E-04 2.10990E-03 3.66517E-03 3.96818E-03 9.00628E-02 2.57453E-01 2.10990E-03 9.72020E-04 5.07196E-04 4.20527E-02
5.01942E-04 9.22591E-04 1.95170E-03 3.36201E-03 3.62864E-03 8.35325E-02 2.41403E-01 1.95170E-03 9.22591E-04 5.01942E-04 3.69338E-02
4.91843E-04 8.72189E-04 1.80216E-03 3.07989E-03 3.31429E-03 7.73954E-02 2.26117E-01 1.80216E-03 8.72189E-04 4.91843E-04 3.24687E-02
4.77995E-04 8.21605E-04 1.66130E-03 2.81786E-03 3.02375E-03 7.16353E-02 2.11577E-01 1.66130E-03 8.21605E-04 4.77995E-04 2.85747E-02
4.61320E-04 7.71476E-04 1.52903E-03 2.57499E-03 2.75568E-03 6.62362E-02 1.97766E-01 1.52903E-03 7.71476E-04 4.61320E-04 2.51781E-02
4.42586E-04 7.22305E-04 1.40520E-03 2.35029E-03 2.50873E-03 6.11818E-02 1.84666E-01 1.40520E-03 7.22305E-04 4.42586E-04 2.22139E-02
4.22430E-04 6.74486E-04 1.28957E-03 2.14278E-03 2.28158E-03 5.64562E-02 1.72257E-01 1.28957E-03 6.74486E-04 4.22430E-04 1.96250E-02
4.01370E-04 6.28349E-04 1.18202E-03 1.95173E-03 2.07327E-03 5.20491E-02 1.60529E-01 1.18202E-03 6.28349E-04 4.01370E-04 1.73664E-02
3.79856E-04 5.84098E-04 1.08212E-03 1.77597E-03 1.88232E-03 4.79410E-02 1.49455E-01 1.08212E-03 5.84098E-04 3.79856E-04 1.53902E-02
0.00000E+00 0.00000E+00 3.97576E-03 9.30305E-03 1.05757E-02 2.38083E-01 5.93055E-01 3.97576E-03 0.00000E+00 0.00000E+00 2.58966E-01
0.00000E+00 2.32167E-04 3.83770E-03 8.68599E-03 9.80598E-03 2.22763E-01 5.61816E-01 3.83770E-03 2.32167E-04 0.00000E+00 2.31416E-01
0.00000E+00 4.26793E-04 3.70342E-03 8.12410E-03 9.11257E-03 2.08615E-01 5.32474E-01 3.70342E-03 4.26793E-04 0.00000E+00 2.06188E-01
0.00000E+00 5.76201E-04 3.55738E-03 7.59220E-03 8.46602E-03 1.95414E-01 5.04669E-01 3.55738E-03 5.76201E-04 0.00000E+00 1.83353E-01
0.00000E+00 6.89145E-04 3.40396E-03 7.08939E-03 7.86288E-03 1.83068E-01 4.78268E-01 3.40396E-03 6.89145E-04 0.00000E+00 1.62773E-01
0.00000E+00 7.71158E-04 3.24608E-03 6.61552E-03 7.30135E-03 1.71530E-01 4.53213E-01 3.24608E-03 7.71158E-04 0.00000E+00 1.44388E-01
0.00000E+00 8.28600E-04 3.08639E-03 6.16863E-03 6.77741E-03 1.60714E-01 4.29378E-01 3.08639E-03 8.28600E-04 0.00000E+00 1.27981E-01
0.00000E+00 8.60106E-04 2.96274E-03 5.83913E-03 6.39415E-03 1.52767E-01 4.11656E-01 2.96274E-03 8.60106E-04 0.00000E+00 1.16436E-01
2.11908E-05 8.64182E-04 2.92467E-03 5.74500E-03 6.28572E-03 1.50553E-01 4.06670E-01 2.92467E-03 8.64182E-04 2.11908E-05 1.13291E-01
1.20591E-04 8.85601E-04 2.75417E-03 5.31876E-03 5.79519E-03 1.40326E-01 3.83478E-01 2.75417E-03 8.85601E-04 1.20591E-04 9.89565E-02
1.99989E-04 8.93876E-04 2.58760E-03 4.91833E-03 5.33796E-03 1.30685E-01 3.61285E-01 2.58760E-03 8.93876E-04 1.99989E-04 8.63057E-02
2.60587E-04 8.89502E-04 2.42368E-03 4.54025E-03 4.90958E-03 1.21586E-01 3.40033E-01 2.42368E-03 8.89502E-04 2.60587E-04 7.52126E-02
3.05432E-04 8.75021E-04 2.26367E-03 4.18420E-03 4.50902E-03 1.13006E-01 3.19703E-01 2.26367E-03 8.75021E-04 3.05432E-04 6.55155E-02
3.37055E-04 8.52569E-04 2.10871E-03 3.85013E-03 4.13563E-03 1.04932E-01 3.00288E-01 2.10871E-03 8.52569E-04 3.37055E-04 5.70766E-02
3.57884E-04 8.24118E-04 1.95961E-03 3.53741E-03 3.78820E-03 9.73381E-02 2.81766E-01 1.95961E-03 8.24118E-04 3.57884E-04 4.97423E-02
3.69988E-04 7.91300E-04 1.81691E-03 3.24523E-03 3.46533E-03 9.02009E-02 2.64109E-01 1.81691E-03 7.91300E-04 3.69988E-04 4.33695E-02
3.75019E-04 7.55412E-04 1.68102E-03 2.97289E-03 3.16589E-03 8.35004E-02 2.47298E-01 1.68102E-03 7.55412E-04 3.75019E-04 3.78393E-02
3.74374E-04 7.17528E-04 1.55219E-03 2.71962E-03 2.88871E-03 7.72174E-02 2.31313E-01 1.55219E-03 7.17528E-04 3.74374E-04 3.30445E-02
3.69238E-04 6.78529E-04 1.43057E-03 2.48459E-03 2.63261E-03 7.13333E-02 2.16133E-01 1.43057E-03 6.78529E-04 3.69238E-04 2.88893E-02
3.60604E-04 6.39134E-04 1.31616E-03 2.26695E-03 2.39640E-03 6.58296E-02 2.01737E-01 1.31616E-03 6.39134E-04 3.60604E-04 2.52886E-02
3.49307E-04 5.99916E-04 1.20891E-03 2.06581E-03 2.17893E-03 6.06882E-02 1.88102E-01 1.20891E-03 5.99916E-04 3.49307E-04 2.21676E-02
3.36040E-04 5.61332E-04 1.10867E-03 1.88028E-03 1.97904E-03 5.58912E-02 1.75206E-01 1.10867E-03 5.61332E-04 3.36040E-04 1.94606E-02
3.21377E-04 5.23733E-04 1.01525E-03 1.70944E-03 1.79559E-03 5.14214E-02 1.63026E-01 1.01525E-03 5.23733E-04 3.21377E-04 1.71104E-02
3.05788E-04 4.87389E-04 9.28421E-04 1.55241E-03 1.62749E-03 4.72615E-02 1.51535E-01 9.28421E-04 4.87389E-04 3.05788E-04 1.50675E-02
2.89656E-04 4.52524E-04 8.48010E-04 1.40853E-03 1.47393E-03 4.34000E-02 1.40723E-01 8.48010E-04 4.52524E-04 2.89656E-04 1.32930E-02
2.73304E-04 4.19261E-04 7.73650E-04 1.27676E-03 1.33369E-03 3.98170E-02 1.30555E-01 7.73650E-04 4.19261E-04 2.73304E-04 1.17463E-02
0.00000E+00 0.00000E+00 3.05205E-03 7.26005E-03 8.00022E-03 2.15618E-01 5.59837E-01 3.05205E-03 0.00000E+00 0.00000E+00 2.28399E-01
0.00000E+00 1.79040E-04 2.93605E-03 6.74765E-03 7.39548E-03 2.00847E-01 5.28333E-01 2.93605E-03 1.79040E-04 0.00000E+00 2.01729E-01
0.00000E+00 3.27843E-04 2.82381E-03 6.28337E-03 6.85211E-03 1.87282E-01 4.98896E-01 2.82381E-03 3.27843E-04 0.00000E+00 1.77799E-01
0.00000E+00 4.40868E-04 2.70326E-03 5.84675E-03 6.34691E-03 1.74694E-01 4.71141E-01 2.70326E-03 4.40868E-04 0.00000E+00 1.56505E-01
0.00000E+00 5.25231E-04 2.57787E-03 5.43657E-03 5.87703E-03 1.62982E-01 4.44915E-01 2.57787E-03 5.25231E-04 0.00000E+00 1.37609E-01
0.00000E+00 5.85454E-04 2.44994E-03 5.05234E-03 5.44094E-03 1.52096E-01 4.20149E-01 2.44994E-03 5.85454E-04 0.00000E+00 1.20977E-01
0.00000E+00 6.26655E-04 2.32149E-03 4.69209E-03 5.03532E-03 1.41943E-01 3.96697E-01 2.32149E-03 6.26655E-04 0.00000E+00 1.06330E-01
0.00000E+00 6.48590E-04 2.22257E-03 4.42766E-03 4.73939E-03 1.34513E-01 3.79326E-01 2.22257E-03 6.48590E-04 0.00000E+00 9.61293E-02
1.59475E-05 6.51106E-04 2.19236E-03 4.35252E-03 4.65590E-03 1.32451E-01 3.74455E-01 2.19236E-03 6.51106E-04 1.59475E-05 9.33779E-02
9.05227E-05 6.64593E-04 2.05703E-03 4.01270E-03 4.27862E-03 1.22946E-01 3.51844E-01 2.05703E-03 6.64593E-04 9.05227E-05 8.09136E-02
1.49564E-04 6.68158E-04 1.92557E-03 3.69515E-03 3.92816E-03 1.14030E-01 3.30305E-01 1.92557E-03 6.68158E-04 1.49564E-04 7.00397E-02
1.94160E-04 6.62294E-04 1.79698E-03 3.39697E-03 3.60099E-03 1.05658E-01 3.09775E-01 1.79698E-03 6.62294E-04 1.94160E-04 6.06049E-02
2.26742E-04 6.48997E-04 1.67218E-03 3.11768E-03 3.29619E-03 9.78028E-02 2.90223E-01 1.67218E-03 6.48997E-04 2.26742E-04 5.24392E-02
2.49318E-04 6.29938E-04 1.55201E-03 2.85704E-03 3.01313E-03 9.04468E-02 2.71636E-01 1.55201E-03 6.29938E-04 2.49318E-04 4.54007E-02
2.63794E-04 6.06634E-04 1.43701E-03 2.61434E-03 2.75074E-03 8.35631E-02 2.53982E-01 1.43701E-03 6.06634E-04 2.63794E-04 3.93378E-02
2.71778E-04 5.80327E-04 1.32752E-03 2.38874E-03 2.50783E-03 7.71240E-02 2.37227E-01 1.32752E-03 5.80327E-04 2.71778E-04 3.41130E-02
2.74546E-04 5.51993E-04 1.22378E-03 2.17950E-03 2.28340E-03 7.11079E-02 2.21343E-01 1.22378E-03 5.51993E-04 2.74546E-04 2.96141E-02
2.73171E-04 5.22435E-04 1.12593E-03 1.98588E-03 2.07643E-03 6.54933E-02 2.06304E-01 1.12593E-03 5.22435E-04 2.73171E-04 2.57415E-02
2.68552E-04 4.92300E-04 1.03399E-03 1.80708E-03 1.88594E-03 6.02599E-02 1.92084E-01 1.03399E-03 4.92300E-04 2.68552E-04 2.24079E-02
2.61442E-04 4.62109E-04 9.47915E-04 1.64231E-03 1.71092E-03 5.53877E-02 1.78655E-01 9.47915E-04 4.62109E-04 2.61442E-04 1.95370E-02
2.52463E-04 4.32272E-04 8.67594E-04 1.49075E-03 1.55038E-03 5.08574E-02 1.65991E-01 8.67594E-04 4.32272E-04 2.52463E-04 1.70626E-02
2.42131E-04 4.03109E-04 7.92866E-04 1.35159E-03 1.40339E-03 4.66501E-02 1.54063E-01 7.92866E-04 4.03109E-04 2.42131E-04 1.49276E-02
2.30867E-04 3.74860E-04 7.23531E-04 1.22406E-03 1.26900E-03 4.27477E-02 1.42843E-01 7.23531E-04 3.74860E-04 2.30867E-04 1.30828E-02
2.19016E-04 3.47705E-04 6.59362E-04 1.10736E-03 1.14632E-03 3.91326E-02 1.32304E-01 6.59362E-04 3.47705E-04 2.19016E-04 1.14860E-02
2.06854E-04 3.21790E-04 6.00194E-04 1.00091E-03 1.03467E-03 3.57923E-02 1.22428E-01 6.00194E-04 3.21790E-04 2.06854E-04 1.01044E-02
1.94611E-04 2.97188E-04 5.45706E-04 9.03858E-04 9.33097E-04 3.27069E-02 1.13179E-01 5.45706E-04 2.97188E-04 1.94611E-04 8.90440E-03
0.00000E+00 0.00000E+00 2.30680E-03 5.56096E-03 5.97306E-03 1.93073E-01 5.24589E-01 2.30680E-03 0.00000E+00 0.00000E+00 1.98789E-01
0.00000E+00 1.35373E-04 2.21096E-03 5.14495E-03 5.50371E-03 1.79041E-01 4.93173E-01 2.21096E-03 1.35373E-04 0.00000E+00 1.73558E-01
0.00000E+00 2.47023E-04 2.11887E-03 4.76996E-03 5.08328E-03 1.66223E-01 4.63964E-01 2.11887E-03 2.47023E-04 0.00000E+00 1.51339E-01
0.00000E+00 3.31011E-04 2.02127E-03 4.41959E-03 4.69372E-03 1.54392E-01 4.36558E-01 2.02127E-03 3.31011E-04 0.00000E+00 1.31878E-01
0.00000E+00 3.92956E-04 1.92079E-03 4.09243E-03 4.33263E-03 1.43442E-01 4.10785E-01 1.92079E-03 3.92956E-04 0.00000E+00 1.14860E-01
0.00000E+00 4.36456E-04 1.81918E-03 3.78782E-03 3.99868E-03 1.33317E-01 3.86561E-01 1.81918E-03 4.36456E-04 0.00000E+00 1.00089E-01
0.00000E+00 4.65525E-04 1.71791E-03 3.50379E-03 3.68914E-03 1.23922E-01 3.63729E-01 1.71791E-03 4.65525E-04 0.00000E+00 8.72460E-02
0.00000E+00 4.80522E-04 1.64035E-03 3.29623E-03 3.46393E-03 1.17074E-01 3.46878E-01 1.64035E-03 4.80522E-04 0.00000E+00 7.83885E-02
1.18243E-05 4.81999E-04 1.61683E-03 3.23754E-03 3.40058E-03 1.15180E-01 3.42169E-01 1.61683E-03 4.81999E-04 1.18243E-05 7.60224E-02
6.69604E-05 4.90164E-04 1.51154E-03 2.97249E-03 3.11467E-03 1.06470E-01 3.20349E-01 1.51154E-03 4.90164E-04 6.69604E-05 6.53624E-02
1.10246E-04 4.90981E-04 1.40982E-03 2.72608E-03 2.85004E-03 9.83408E-02 2.99659E-01 1.40982E-03 4.90981E-04 1.10246E-04 5.61659E-02
1.42621E-04 4.84893E-04 1.31091E-03 2.49593E-03 2.60391E-03 9.07452E-02 2.80025E-01 1.31091E-03 4.84893E-04 1.42621E-04 4.82671E-02
1.65982E-04 4.73436E-04 1.21546E-03 2.28148E-03 2.37547E-03 8.36538E-02 2.61411E-01 1.21546E-03 4.73436E-04 1.65982E-04 4.14962E-02
1.81892E-04 4.57888E-04 1.12404E-03 2.08237E-03 2.16415E-03 7.70456E-02 2.43794E-01 1.12404E-03 4.57888E-04 1.81892E-04 3.57131E-02
1.91817E-04 4.39393E-04 1.03703E-03 1.89792E-03 1.96901E-03 7.08919E-02 2.27136E-01 1.03703E-03 4.39393E-04 1.91817E-04 3.07739E-02
1.96983E-04 4.18875E-04 9.54600E-04 1.72730E-03 1.78905E-03 6.51632E-02 2.11393E-01 9.54600E-04 4.18875E-04 1.96983E-04 2.65508E-02
1.98358E-04 3.97058E-04 8.76888E-04 1.56982E-03 1.62342E-03 5.98361E-02 1.96534E-01 8.76888E-04 3.97058E-04 1.98358E-04 2.29409E-02
1.96751E-04 3.74527E-04 8.03932E-04 1.42479E-03 1.47127E-03 5.48881E-02 1.82525E-01 8.03932E-04 3.74527E-04 1.96751E-04 1.98546E-02
1.92836E-04 3.51749E-04 7.35704E-04 1.29149E-03 1.33176E-03 5.02975E-02 1.69335E-01 7.35704E-04 3.51749E-04 1.92836E-04 1.72144E-02
1.87169E-04 3.29094E-04 6.72119E-04 1.16922E-03 1.20408E-03 4.60437E-02 1.56932E-01 6.72119E-04 3.29094E-04 1.87169E-04 1.49536E-02
1.80209E-04 3.06850E-04 6.13048E-04 1.05726E-03 1.08741E-03 4.21067E-02 1.45284E-01 6.13048E-04 3.06850E-04 1.80209E-04 1.30152E-02
1.72333E-04 2.85236E-04 5.58329E-04 9.54938E-04 9.80984E-04 3.84674E-02 1.34359E-01 5.58329E-04 2.85236E-04 1.72333E-04 1.13505E-02
1.63846E-04 2.64412E-04 5.07774E-04 8.61569E-04 8.84054E-04 3.51072E-02 1.24126E-01 5.07774E-04 2.64412E-04 1.63846E-04 9.91820E-03
1.54996E-04 2.44495E-04 4.61181E-04 7.76510E-04 7.95903E-04 3.20085E-02 1.14553E-01 4.61181E-04 2.44495E-04 1.54996E-04 8.68316E-03
1.45980E-04 2.25579E-04 4.18398E-04 6.99264E-04 7.15982E-04 2.91586E-02 1.05621E-01 4.18398E-04 2.25579E-04 1.45980E-04 7.61832E-03
1.36960E-04 2.07701E-04 3.79158E-04 6.29139E-04 6.43541E-04 2.65382E-02 9.72899E-02 3.79158E-04 2.07701E-04 1.36960E-04 6.69628E-03
0.00000E+00 0.00000E+00 1.72065E-03 4.19117E-03 4.41208E-03 1.71033E-01 4.88186E-01 1.72065E-03 0.00000E+00 0.00000E+00 1.70785E-01
0.00000E+00 1.00496E-04 1.64258E-03 3.86004E-03 4.05136E-03 1.57892E-01 4.57192E-01 1.64258E-03 1.00496E-04 0.00000E+00 1.47441E-01
0.00000E+00 1.82852E-04 1.56823E-03 3.56316E-03 3.72940E-03 1.45953E-01 4.28514E-01 1.56823E-03 1.82852E-04 0.00000E+00 1.27232E-01
0.00000E+00 2.44281E-04 1.49054E-03 3.28756E-03 3.43229E-03 1.34990E-01 4.01734E-01 1.49054E-03 2.44281E-04 0.00000E+00 1.09790E-01
0.00000E+00 2.89107E-04 1.41141E-03 3.03176E-03 3.15795E-03 1.24895E-01 3.76664E-01 1.41141E-03 2.89107E-04 0.00000E+00 9.47446E-02
0.00000E+00 3.20107E-04 1.33211E-03 2.79499E-03 2.90523E-03 1.15609E-01 3.53211E-01 1.33211E-03 3.20107E-04 0.00000E+00 8.18576E-02
0.00000E+00 3.40358E-04 1.25367E-03 2.57541E-03 2.67185E-03 1.07033E-01 3.31203E-01 1.25367E-03 3.40358E-04 0.00000E+00 7.07857E-02
6.93889E-18 3.50477E-04 1.19393E-03 2.41563E-03 2.50257E-03 1.00808E-01 3.15018E-01 1.19393E-03 3.50477E-04 6.93889E-18 6.32204E-02
8.65840E-06 3.51298E-04 1.17594E-03 2.37066E-03 2.45510E-03 9.90928E-02 3.10508E-01 1.17594E-03 3.51298E-04 8.65840E-06 6.12178E-02
4.89279E-05 3.56057E-04 1.09544E-03 2.16786E-03 2.24113E-03 9.12193E-02 2.89658E-01 1.09544E-03 3.56057E-04 4.89279E-05 5.22415E-02
8.02987E-05 3.55462E-04 1.01810E-03 1.98027E-03 2.04382E-03 8.39069E-02 2.69974E-01 1.01810E-03 3.55462E-04 8.02987E-05 4.45793E-02
1.03548E-04 3.49887E-04 9.43327E-04 1.80593E-03 1.86103E-03 7.71076E-02 2.51378E-01 9.43327E-04 3.49887E-04 1.03548E-04 3.80613E-02
1.20129E-04 3.40489E-04 8.71561E-04 1.64430E-03 1.69202E-03 7.07903E-02 2.33824E-01 8.71561E-04 3.40489E-04 1.20129E-04 3.25247E-02
1.31236E-04 3.28228E-04 8.03196E-04 1.49499E-03 1.53629E-03 6.49322E-02 2.17283E-01 8.03196E-04 3.28228E-04 1.31236E-04 2.78365E-02
1.37976E-04 3.13949E-04 7.38449E-04 1.35732E-03 1.39306E-03 5.95030E-02 2.01710E-01 7.38449E-04 3.13949E-04 1.37976E-04 2.38643E-02
1.41270E-04 2.98331E-04 6.77412E-04 1.23058E-03 1.26147E-03 5.44725E-02 1.87056E-01 6.77412E-04 2.98331E-04 1.41270E-04 2.04928E-02
1.41841E-04 2.81899E-04 6.20137E-04 1.11415E-03 1.14082E-03 4.98165E-02 1.73283E-01 6.20137E-04 2.81899E-04 1.41841E-04 1.76303E-02
1.40289E-04 2.65074E-04 5.66612E-04 1.00741E-03 1.03042E-03 4.55119E-02 1.60353E-01 5.66612E-04 2.65074E-04 1.40289E-04 1.51982E-02
1.37109E-04 2.48187E-04 5.16779E-04 9.09740E-04 9.29582E-04 4.15368E-02 1.48229E-01 5.16779E-04 2.48187E-04 1.37109E-04 1.31294E-02
1.32711E-04 2.31498E-04 4.70538E-04 8.20548E-04 8.37638E-04 3.78702E-02 1.36877E-01 4.70538E-04 2.31498E-04 1.32711E-04 1.13671E-02
1.27427E-04 2.15204E-04 4.27761E-04 7.39240E-04 7.53945E-04 3.44921E-02 1.26260E-01 4.27761E-04 2.15204E-04 1.27427E-04 9.86302E-03
1.21529E-04 1.99453E-04 3.88300E-04 6.65245E-04 6.77888E-04 3.13837E-02 1.16344E-01 3.88300E-04 1.99453E-04 1.21529E-04 8.57672E-03
1.15235E-04 1.84351E-04 3.51990E-04 5.98015E-04 6.08874E-04 2.85267E-02 1.07094E-01 3.51990E-04 1.84351E-04 1.15235E-04 7.47406E-03
1.08722E-04 1.69971E-04 3.18657E-04 5.37025E-04 5.46343E-04 2.59041E-02 9.84763E-02 3.18657E-04 1.69971E-04 1.08722E-04 6.52643E-03
1.02129E-04 1.56372E-04 2.88171E-04 4.81870E-04 4.89863E-04 2.35029E-02 9.04688E-02 2.88171E-04 1.56372E-04 1.02129E-04 5.71185E-03
9.55681E-05 1.43570E-04 2.60316E-04 4.32006E-04 4.38857E-04 2.13051E-02 8.30317E-02 2.60316E-04 1.43570E-04 9.55681E-05 5.00838E-03
0.00000E+00 0.00000E+00 1.25904E-03 3.09128E-03 3.20393E-03 1.49457E-01 4.50486E-01 1.25904E-03 0.00000E+00 0.00000E+00 1.44274E-01
0.00000E+00 7.27265E-05 1.19658E-03 2.83384E-03 2.93089E-03 1.37349E-01 4.20236E-01 1.19658E-03 7.27265E-05 0.00000E+00 1.23182E-01
0.00000E+00 1.32030E-04 1.13773E-03 2.60433E-03 2.68824E-03 1.26404E-01 3.92383E-01 1.13773E-03 1.32030E-04 0.00000E+00 1.05212E-01
0.00000E+00 1.75955E-04 1.07719E-03 2.39270E-03 2.46538E-03 1.16407E-01 3.66493E-01 1.07719E-03 1.75955E-04 0.00000E+00 8.99170E-02
0.00000E+00 2.07710E-04 1.01623E-03 2.19746E-03 2.26053E-03 1.07247E-01 3.42366E-01 1.01623E-03 2.07710E-04 0.00000E+00 7.68955E-02
0.00000E+00 2.29370E-04 9.55718E-04 2.01782E-03 2.07265E-03 9.88647E-02 3.19900E-01 9.55718E-04 2.29370E-04 0.00000E+00 6.58823E-02
0.00000E+00 2.43218E-04 8.96331E-04 1.85212E-03 1.89987E-03 9.11620E-02 2.98911E-01 8.96331E-04 2.43218E-04 0.00000E+00 5.65285E-02
2.77556E-17 2.49919E-04 8.51358E-04 1.73207E-03 1.77495E-03 8.55920E-02 2.83530E-01 8.51358E-04 2.49919E-04 2.77556E-17 5.01940E-02
6.22185E-06 2.50341E-04 8.37900E-04 1.69843E-03 1.74003E-03 8.40626E-02 2.79258E-01 8.37900E-04 2.50341E-04 6.22185E-06 4.85318E-02
3.50921E-05 2.52978E-04 7.77756E-04 1.54696E-03 1.58288E-03 7.70573E-02 2.59544E-01 7.77756E-04 2.52978E-04 3.50921E-05 4.11174E-02
5.74232E-05 2.51801E-04 7.20300E-04 1.40754E-03 1.43855E-03 7.05832E-02 2.41016E-01 7.20300E-04 2.51801E-04 5.74232E-05 3.48527E-02
7.38330E-05 2.47108E-04 6.65064E-04 1.27862E-03 1.30536E-03 6.45926E-02 2.23588E-01 6.65064E-04 2.47108E-04 7.38330E-05 2.95727E-02
8.54087E-05 2.39749E-04 6.12334E-04 1.15968E-03 1.18273E-03 5.90536E-02 2.07209E-01 6.12334E-04 2.39749E-04 8.54087E-05 2.51267E-02
9.30390E-05 2.30424E-04 5.62362E-04 1.05034E-03 1.07019E-03 5.39421E-02 1.91844E-01 5.62362E-04 2.30424E-04 9.30390E-05 2.13927E-02
9.75429E-05 2.19746E-04 5.15269E-04 9.50002E-04 9.67094E-04 4.92276E-02 1.77441E-01 5.15269E-04 2.19746E-04 9.75429E-05 1.82528E-02
9.95970E-05 2.08201E-04 4.71084E-04 8.58053E-04 8.72753E-04 4.48798E-02 1.63945E-01 4.71084E-04 2.08201E-04 9.95970E-05 1.56060E-02
9.97293E-05 1.96162E-04 4.29811E-04 7.73965E-04 7.86597E-04 4.08746E-02 1.51315E-01 4.29811E-04 1.96162E-04 9.97293E-05 1.33730E-02
9.83756E-05 1.83923E-04 3.91412E-04 6.97219E-04 7.08064E-04 3.71890E-02 1.39509E-01 3.91412E-04 1.83923E-04 9.83756E-05 1.14865E-02
9.58941E-05 1.71716E-04 3.55814E-04 6.27307E-04 6.36610E-04 3.38012E-02 1.28486E-01 3.55814E-04 1.71716E-04 9.58941E-05 9.89016E-03
9.25773E-05 1.59719E-04 3.22922E-04 5.63737E-04 5.71710E-04 3.06908E-02 1.18207E-01 3.22922E-04 1.59719E-04 9.25773E-05 8.53655E-03
8.86634E-05 1.48064E-04 2.92618E-04 5.06034E-04 5.12859E-04 2.78384E-02 1.08635E-01 2.92618E-04 1.48064E-04 8.86634E-05 7.38610E-03
8.43444E-05 1.36849E-04 2.64774E-04 4.53741E-04 4.59580E-04 2.52256E-02 9.97326E-02 2.64774E-04 1.36849E-04 8.43444E-05 6.40580E-03
7.97743E-05 1.26141E-04 2.39254E-04 4.06426E-04 4.11415E-04 2.28352E-02 9.14628E-02 2.39254E-04 1.26141E-04 7.97743E-05 5.56816E-03
7.50759E-05 1.15986E-04 2.15916E-04 3.63678E-04 3.67938E-04 2.06508E-02 8.37909E-02 2.15916E-04 1.15986E-04 7.50759E-05 4.85035E-03
7.03462E-05 1.06420E-04 1.94651E-04 3.25179E-04 3.28815E-04 1.86601E-02 7.66922E-02 1.94651E-04 1.06420E-04 7.03462E-05 4.23492E-03
6.56624E-05 9.74464E-05 1.75293E-04 2.90511E-04 2.93612E-04 1.68462E-02 7.01267E-02 1.75293E-04 9.74464E-05 6.56624E-05 3.70466E-03
0.00000E+00 0.00000E+00 9.05190E-04 2.23555E-03 2.29040E-03 1.28873E-01 4.12299E-01 9.05190E-04 0.00000E+00 0.00000E+00 1.19862E-01
0.00000E+00 5.13187E-05 8.56038E-04 2.03961E-03 2.08662E-03 1.17892E-01 3.83091E-01 8.56038E-04 5.13187E-05 0.00000E+00 1.01241E-01
0.00000E+00 9.30385E-05 8.10311E-04 1.86600E-03 1.90644E-03 1.08019E-01 3.56325E-01 8.10311E-04 9.30385E-05 0.00000E+00 8.56116E-02
0.00000E+00 1.23782E-04 7.64047E-04 1.70701E-03 1.74187E-03 9.90453E-02 3.31560E-01 7.64047E-04 1.23782E-04 0.00000E+00 7.24844E-02
0.00000E+00 1.45846E-04 7.18036E-04 1.56127E-03 1.59137E-03 9.08650E-02 3.08585E-01 7.18036E-04 1.45846E-04 0.00000E+00 6.14462E-02
0.00000E+00 1.60723E-04 6.72830E-04 1.42796E-03 1.45401E-03 8.34164E-02 2.87289E-01 6.72830E-04 1.60723E-04 0.00000E+00 5.22223E-02
0.00000E+00 1.70055E-04 6.28823E-04 1.30569E-03 1.32826E-03 7.66049E-02 2.67480E-01 6.28823E-04 1.70055E-04 0.00000E+00 4.44736E-02
1.38778E-17 1.74438E-04 5.95690E-04 1.21747E-03 1.23766E-03 7.16986E-02 2.53015E-01 5.95690E-04 1.74438E-04 1.38778E-17 3.92708E-02
4.39531E-06 1.74635E-04 5.85839E-04 1.19285E-03 1.21243E-03 7.03562E-02 2.49010E-01 5.85839E-04 1.74635E-04 4.39531E-06 3.79168E-02
2.47494E-05 1.76035E-04 5.41867E-04 1.08220E-03 1.09902E-03 6.42196E-02 2.30563E-01 5.41867E-04 1.76035E-04 2.47494E-05 3.19046E-02
4.03944E-05 1.74773E-04 5.00098E-04 9.80859E-04 9.95307E-04 5.85761E-02 2.13304E-01 5.00098E-04 1.74773E-04 4.03944E-05 2.68740E-02
5.18037E-05 1.71073E-04 4.60168E-04 8.87608E-04 9.00008E-04 5.33792E-02 1.97140E-01 4.60168E-04 1.71073E-04 5.18037E-05 2.26711E-02
5.97718E-05 1.65545E-04 4.22249E-04 8.01986E-04 8.12620E-04 4.85971E-02 1.82016E-01 4.22249E-04 1.65545E-04 5.97718E-05 1.91609E-02
6.49461E-05 1.58690E-04 3.86496E-04 7.23645E-04 7.32760E-04 4.42053E-02 1.67890E-01 3.86496E-04 1.58690E-04 6.49461E-05 1.62355E-02
6.79192E-05 1.50942E-04 3.52964E-04 6.52091E-04 6.59899E-04 4.01739E-02 1.54706E-01 3.52964E-04 1.50942E-04 6.79192E-05 1.37927E-02
6.91779E-05 1.42640E-04 3.21646E-04 5.86811E-04 5.93494E-04 3.64735E-02 1.42406E-01 3.21646E-04 1.42640E-04 6.91779E-05 1.17465E-02
6.91007E-05 1.34044E-04 2.92520E-04 5.27374E-04 5.33088E-04 3.30806E-02 1.30943E-01 2.92520E-04 1.34044E-04 6.91007E-05 1.00300E-02
6.79983E-05 1.25359E-04 2.65537E-04 4.73362E-04 4.78244E-04 2.99729E-02 1.20274E-01 2.65537E-04 1.25359E-04 6.79983E-05 8.58737E-03
6.61245E-05 1.16741E-04 2.40626E-04 4.24369E-04 4.28536E-04 2.71296E-02 1.10356E-01 2.40626E-04 1.16741E-04 6.61245E-05 7.37211E-03
6.36859E-05 1.08310E-04 2.17700E-04 3.80007E-04 3.83560E-04 2.45311E-02 1.01147E-01 2.17700E-04 1.08310E-04 6.36859E-05 6.34582E-03
6.08492E-05 1.00154E-04 1.96660E-04 3.39905E-04 3.42931E-04 2.21590E-02 9.26065E-02 1.96660E-04 1.00154E-04 6.08492E-05 5.47664E-03
5.77486E-05 9.23364E-05 1.77402E-04 3.03711E-04 3.06287E-04 1.99962E-02 8.46971E-02 1.77402E-04 9.23364E-05 5.77486E-05 4.73831E-03
5.44908E-05 8.48998E-05 1.59816E-04 2.71093E-04 2.73284E-04 1.80265E-02 7.73810E-02 1.59816E-04 8.48998E-05 5.44908E-05 4.10913E-03
5.11603E-05 7.78711E-05 1.43792E-04 2.41741E-04 2.43602E-04 1.62347E-02 7.06224E-02 1.43792E-04 7.78711E-05 5.11603E-05 3.57125E-03
4.78237E-05 7.12718E-05 1.29244E-04 2.15411E-04 2.16991E-04 1.46093E-02 6.43955E-02 1.29244E-04 7.12718E-05 4.78237E-05 3.11108E-03
4.45332E-05 6.51013E-05 1.16046E-04 1.91793E-04 1.93134E-04 1.31350E-02 5.86606E-02 1.16046E-04 6.51013E-05 4.45332E-05 2.71536E-03
0.00000E+00 0.00000E+00 6.38516E-04 1.58364E-03 1.60894E-03 1.09559E-01 3.74085E-01 6.38516E-04 0.00000E+00 0.00000E+00 9.78112E-02
0.00000E+00 3.52003E-05 6.00505E-04 1.43767E-03 1.45925E-03 9.97645E-02 3.46188E-01 6.00505E-04 3.52003E-05 0.00000E+00 8.17553E-02
0.00000E+00 6.38005E-05 5.65651E-04 1.30919E-03 1.32766E-03 9.10029E-02 3.20743E-01 5.65651E-04 6.38005E-05 0.00000E+00 6.84679E-02
0.00000E+00 8.48217E-05 5.31021E-04 1.19240E-03 1.20823E-03 8.30803E-02 2.97307E-01 5.31021E-04 8.48217E-05 0.00000E+00 5.74469E-02
0.00000E+00 9.98364E-05 4.97038E-04 1.08604E-03 1.09964E-03 7.58934E-02 2.75662E-01 4.97038E-04 9.98364E-05 0.00000E+00 4.82888E-02
0.00000E+00 1.09874E-04 4.64009E-04 9.89352E-04 1.00106E-03 6.93821E-02 2.55691E-01 4.64009E-04 1.09874E-04 0.00000E+00 4.07237E-02
0.00000E+00 1.16078E-04 4.32132E-04 9.01160E-04 9.11261E-04 6.34562E-02 2.37195E-01 4.32132E-04 1.16078E-04 0.00000E+00 3.44345E-02
0.00000E+00 1.18919E-04 4.08276E-04 8.37806E-04 8.46811E-04 5.92041E-02 2.23737E-01 4.08276E-04 1.18919E-04 0.00000E+00 3.02459E-02
3.04827E-06 1.19000E-04 4.01227E-04 8.20205E-04 8.28925E-04 5.80448E-02 2.20023E-01 4.01227E-04 1.19000E-04 3.04827E-06 2.91643E-02
1.71411E-05 1.19724E-04 3.69812E-04 7.41216E-04 7.48669E-04 5.27558E-02 2.02946E-01 3.69812E-04 1.19724E-04 1.71411E-05 2.43825E-02
2.79151E-05 1.18628E-04 3.40143E-04 6.69228E-04 6.75597E-04 4.79153E-02 1.87039E-01 3.40143E-04 1.18628E-04 2.79151E-05 2.04182E-02
3.57202E-05 1.15874E-04 3.11937E-04 6.03311E-04 6.08749E-04 4.34792E-02 1.72208E-01 3.11937E-04 1.15874E-04 3.57202E-05 1.71334E-02
4.11229E-05 1.11889E-04 2.85291E-04 5.43073E-04 5.47713E-04 3.94166E-02 1.58391E-01 2.85291E-04 1.11889E-04 4.11229E-05 1.44109E-02
4.45837E-05 1.07022E-04 2.60291E-04 4.88216E-04 4.92172E-04 3.57036E-02 1.45543E-01 2.60291E-04 1.07022E-04 4.45837E-05 1.21582E-02
4.65219E-05 1.01572E-04 2.36953E-04 4.38338E-04 4.41709E-04 3.23114E-02 1.33604E-01 2.36953E-04 1.01572E-04 4.65219E-05 1.02890E-02
4.72805E-05 9.57732E-05 2.15252E-04 3.93033E-04 3.95904E-04 2.92123E-02 1.22514E-01 2.15252E-04 9.57732E-05 4.72805E-05 8.73218E-03
4.71250E-05 8.98021E-05 1.95155E-04 3.51961E-04 3.54403E-04 2.63839E-02 1.12223E-01 1.95155E-04 8.98021E-05 4.71250E-05 7.43283E-03
4.62728E-05 8.37968E-05 1.76612E-04 3.14795E-04 3.16871E-04 2.38053E-02 1.02686E-01 1.76612E-04 8.37968E-05 4.62728E-05 6.34566E-03
4.49003E-05 7.78627E-05 1.59560E-04 2.81223E-04 2.82985E-04 2.14569E-02 9.38581E-02 1.59560E-04 7.78627E-05 4.49003E-05 5.43347E-03
4.31508E-05 7.20789E-05 1.43926E-04 2.50949E-04 2.52443E-04 1.93206E-02 8.56963E-02 1.43926E-04 7.20789E-05 4.31508E-05 4.66574E-03
4.11392E-05 6.65031E-05 1.29632E-04 2.23691E-04 2.24958E-04 1.73794E-02 7.81598E-02 1.29632E-04 6.65031E-05 4.11392E-05 4.01746E-03
3.89575E-05 6.11756E-05 1.16595E-04 1.99187E-04 2.00260E-04 1.56176E-02 7.12097E-02 1.16595E-04 6.11756E-05 3.89575E-05 3.46817E-03
3.66787E-05 5.61231E-05 1.04732E-04 1.77191E-04 1.78098E-04 1.40204E-02 6.48083E-02 1.04732E-04 5.61231E-05 3.66787E-05 3.00112E-03
3.43601E-05 5.13613E-05 9.39591E-05 1.57472E-04 1.58238E-04 1.25740E-02 5.89199E-02 9.39591E-05 5.13613E-05 3.43601E-05 2.60261E-03
3.20469E-05 4.69029E-05 8.42121E-05 1.39852E-04 1.40499E-04 1.12681E-02 5.35181E-02 8.42121E-05 4.69029E-05 3.20469E-05 2.26229E-03
2.97738E-05 4.27454E-05 7.53989E-05 1.24105E-04 1.24652E-04 1.00889E-02 4.85642E-02 7.53989E-05 4.27454E-05 2.97738E-05 1.97010E-03
0.00000E+00 0.00000E+00 4.41213E-04 1.09753E-03 1.10853E-03 9.17424E-02 3.36287E-01 4.41213E-04 0.00000E+00 0.00000E+00 7.82970E-02
0.00000E+00 2.33756E-05 4.12357E-04 9.91168E-04 1.00049E-03 8.31555E-02 3.09934E-01 4.12357E-04 2.33756E-05 0.00000E+00 6.47833E-02
0.00000E+00 4.24217E-05 3.86326E-04 8.98215E-04 9.06150E-04 7.55134E-02 2.86012E-01 3.86326E-04 4.24217E-05 0.00000E+00 5.37490E-02
0.00000E+00 5.64307E-05 3.60965E-04 8.14381E-04 8.21149E-04 6.86374E-02 2.64079E-01 3.60965E-04 5.64307E-05 0.00000E+00 4.47059E-02
0.00000E+00 6.64236E-05 3.36436E-04 7.38561E-04 7.44345E-04 6.24303E-02 2.43912E-01 3.36436E-04 6.64236E-05 0.00000E+00 3.72759E-02
0.00000E+00 7.30761E-05 3.12873E-04 6.70090E-04 6.75045E-04 5.68347E-02 2.25390E-01 3.12873E-04 7.30761E-05 0.00000E+00 3.12055E-02
0.00000E+00 7.71500E-05 2.90338E-04 6.07994E-04 6.12245E-04 5.17664E-02 2.08311E-01 2.90338E-04 7.71500E-05 0.00000E+00 2.62090E-02
1.38778E-17 7.89851E-05 2.73580E-04 5.63584E-04 5.67359E-04 4.81436E-02 1.95927E-01 2.73580E-04 7.89851E-05 1.38778E-17 2.29070E-02
2.07246E-06 7.90150E-05 2.68659E-04 5.51299E-04 5.54950E-04 4.71592E-02 1.92520E-01 2.68659E-04 7.90150E-05 2.07246E-06 2.20608E-02
1.16419E-05 7.94003E-05 2.46766E-04 4.96262E-04 4.99366E-04 4.26775E-02 1.76886E-01 2.46766E-04 7.94003E-05 1.16419E-05 1.83341E-02
1.89261E-05 7.85688E-05 2.26212E-04 4.46356E-04 4.48994E-04 3.85956E-02 1.62389E-01 2.26212E-04 7.85688E-05 1.89261E-05 1.52713E-02
2.41741E-05 7.66320E-05 2.06780E-04 4.00881E-04 4.03122E-04 3.48727E-02 1.48931E-01 2.06780E-04 7.66320E-05 2.41741E-05 1.27530E-02
2.77793E-05 7.38796E-05 1.88517E-04 3.59521E-04 3.61422E-04 3.14793E-02 1.36449E-01 1.88517E-04 7.38796E-05 2.77793E-05 1.06805E-02
3.00613E-05 7.05487E-05 1.71464E-04 3.22030E-04 3.23642E-04 2.83928E-02 1.24894E-01 1.71464E-04 7.05487E-05 3.00613E-05 8.97668E-03
3.13096E-05 6.68416E-05 1.55616E-04 2.88094E-04 2.89461E-04 2.55863E-02 1.14204E-01 1.55616E-04 6.68416E-05 3.13096E-05 7.57105E-03
3.17605E-05 6.29148E-05 1.40942E-04 2.57404E-04 2.58561E-04 2.30343E-02 1.04317E-01 1.40942E-04 6.29148E-05 3.17605E-05 6.40619E-03
3.15963E-05 5.88869E-05 1.27407E-04 2.29698E-04 2.30677E-04 2.07161E-02 9.51835E-02 1.27407E-04 5.88869E-05 3.15963E-05 5.43823E-03
3.09658E-05 5.48493E-05 1.14968E-04 2.04731E-04 2.05559E-04 1.86123E-02 8.67550E-02 1.14968E-04 5.48493E-05 3.09658E-05 4.63141E-03
2.99895E-05 5.08713E-05 1.03571E-04 1.82270E-04 1.82969E-04 1.67053E-02 7.89867E-02 1.03571E-04 5.08713E-05 2.99895E-05 3.95665E-03
2.87647E-05 4.70047E-05 9.31591E-05 1.62096E-04 1.62685E-04 1.49785E-02 7.18359E-02 9.31591E-05 4.70047E-05 2.87647E-05 3.39032E-03
2.73695E-05 4.32867E-05 8.36725E-05 1.44003E-04 1.44499E-04 1.34166E-02 6.52616E-02 8.36725E-05 4.32867E-05 2.73695E-05 2.91322E-03
2.58658E-05 3.97427E-05 7.50494E-05 1.27800E-04 1.28218E-04 1.20056E-02 5.92249E-02 7.50494E-05 3.97427E-05 2.58658E-05 2.50977E-03
2.43027E-05 3.63895E-05 6.72283E-05 1.13310E-04 1.13662E-04 1.07322E-02 5.36888E-02 6.72283E-05 3.63895E-05 2.43027E-05 2.16732E-03
2.27186E-05 3.32363E-05 6.01487E-05 1.00369E-04 1.00665E-04 9.58439E-03 4.86183E-02 6.01487E-05 3.32363E-05 2.27186E-05 1.87558E-03
2.11437E-05 3.02905E-05 5.37635E-05 8.88487E-05 8.90966E-05 8.55281E-03 4.39872E-02 5.37635E-05 3.02905E-05 2.11437E-05 1.62679E-03
1.96009E-05 2.75494E-05 4.80076E-05 7.85905E-05 7.87986E-05 7.62560E-03 3.97585E-02 4.80076E-05 2.75494E-05 1.96009E-05 1.41348E-03
0.00000E+00 0.00000E+00 2.98177E-04 7.43191E-04 7.47695E-04 7.55939E-02 2.99326E-01 2.98177E-04 0.00000E+00 0.00000E+00 6.13933E-02
0.00000E+00 1.49541E-05 2.76706E-04 6.67434E-04 6.71231E-04 6.82001E-02 2.74717E-01 2.76706E-04 1.49541E-05 0.00000E+00 5.03013E-02
0.00000E+00 2.72314E-05 2.57683E-04 6.01752E-04 6.04967E-04 6.16534E-02 2.52483E-01 2.57683E-04 2.72314E-05 0.00000E+00 4.13599E-02
0.00000E+00 3.63095E-05 2.39538E-04 5.43016E-04 5.45744E-04 5.57920E-02 2.32191E-01 2.39538E-04 3.63095E-05 0.00000E+00 3.41157E-02
0.00000E+00 4.28067E-05 2.22264E-04 4.90291E-04 4.92609E-04 5.05266E-02 2.13617E-01 2.22264E-04 4.28067E-05 0.00000E+00 2.82281E-02
0.00000E+00 4.71385E-05 2.05880E-04 4.43003E-04 4.44979E-04 4.58032E-02 1.96636E-01 2.05880E-04 4.71385E-05 0.00000E+00 2.34681E-02
0.00000E+00 4.97893E-05 1.90362E-04 4.00378E-04 4.02064E-04 4.15452E-02 1.81047E-01 1.90362E-04 4.97893E-05 0.00000E+00 1.95872E-02
2.08167E-17 5.09793E-05 1.78899E-04 3.70033E-04 3.71525E-04 3.85133E-02 1.69784E-01 1.78899E-04 5.09793E-05 2.08167E-17 1.70412E-02
1.37960E-06 5.09929E-05 1.75554E-04 3.61674E-04 3.63115E-04 3.76923E-02 1.66695E-01 1.75554E-04 5.09929E-05 1.37960E-06 1.63933E-02
7.74486E-06 5.12285E-05 1.60701E-04 3.24301E-04 3.25519E-04 3.39619E-02 1.52548E-01 1.60701E-04 5.12285E-05 7.74486E-06 1.35506E-02
1.25749E-05 5.06686E-05 1.46841E-04 2.90584E-04 2.91614E-04 3.05807E-02 1.39489E-01 1.46841E-04 5.06686E-05 1.25749E-05 1.12333E-02
1.60406E-05 4.93857E-05 1.33811E-04 2.60013E-04 2.60883E-04 2.75115E-02 1.27420E-01 1.33811E-04 4.93857E-05 1.60406E-05 9.34131E-03
1.84072E-05 4.75711E-05 1.21625E-04 2.32339E-04 2.33073E-04 2.47273E-02 1.16276E-01 1.21625E-04 4.75711E-05 1.84072E-05 7.79424E-03
1.98905E-05 4.53813E-05 1.10301E-04 2.07370E-04 2.07989E-04 2.22070E-02 1.06006E-01 1.10301E-04 4.53813E-05 1.98905E-05 6.52965E-03
2.06857E-05 4.29496E-05 9.98217E-05 1.84869E-04 1.85390E-04 1.99263E-02 9.65482E-02 9.98217E-05 4.29496E-05 2.06857E-05 5.49159E-03
2.09515E-05 4.03787E-05 9.01575E-05 1.64606E-04 1.65045E-04 1.78620E-02 8.78389E-02 9.01575E-05 4.03787E-05 2.09515E-05 4.63499E-03
2.08104E-05 3.77463E-05 8.12775E-05 1.46389E-04 1.46759E-04 1.59956E-02 7.98283E-02 8.12775E-05 3.77463E-05 2.08104E-05 3.92576E-03
2.03622E-05 3.51119E-05 7.31452E-05 1.30040E-04 1.30350E-04 1.43097E-02 7.24689E-02 7.31452E-05 3.51119E-05 2.03622E-05 3.33641E-03
1.96873E-05 3.25207E-05 6.57202E-05 1.15389E-04 1.15650E-04 1.27886E-02 6.57159E-02 6.57202E-05 3.25207E-05 1.96873E-05 2.84477E-03
1.88508E-05 3.00058E-05 5.89596E-05 1.02281E-04 1.02499E-04 1.14176E-02 5.95269E-02 5.89596E-05 3.00058E-05 1.88508E-05 2.43299E-03
1.79045E-05 2.75913E-05 5.28191E-05 9.05691E-05 9.07523E-05 1.01833E-02 5.38618E-02 5.28191E-05 2.75913E-05 1.79045E-05 2.08669E-03
1.68896E-05 2.52933E-05 4.72547E-05 8.01201E-05 8.02734E-05 9.07331E-03 4.86829E-02 4.72547E-05 2.52933E-05 1.68896E-05 1.79428E-03
1.58387E-05 2.31221E-05 4.22228E-05 7.08096E-05 7.09378E-05 8.07624E-03 4.39543E-02 4.22228E-05 2.31221E-05 1.58387E-05 1.54639E-03
1.47771E-05 2.10835E-05 3.76813E-05 6.25242E-05 6.26312E-05 7.18163E-03 3.96423E-02 3.76813E-05 2.10835E-05 1.47771E-05 1.33545E-03
1.37247E-05 1.91819E-05 3.35968E-05 5.51743E-05 5.52637E-05 6.38135E-03 3.57216E-02 3.35968E-05 1.91819E-05 1.37247E-05 1.15577E-03
1.26965E-05 1.74152E-05 2.99251E-05 4.86526E-05 4.87272E-05 5.66534E-03 3.21572E-02 2.99251E-05 1.74152E-05 1.26965E-05 1.00191E-03
0.00000E+00 0.00000E+00 1.96680E-04 4.90833E-04 4.92566E-04 6.12195E-02 2.63591E-01 1.96680E-04 0.00000E+00 0.00000E+00 4.70752E-02
0.00000E+00 9.15080E-06 1.81046E-04 4.38163E-04 4.39616E-04 5.49728E-02 2.40884E-01 1.81046E-04 9.15080E-06 0.00000E+00 3.82078E-02
0.00000E+00 1.67743E-05 1.67467E-04 3.92895E-04 3.94118E-04 4.94697E-02 2.20467E-01 1.67467E-04 1.67743E-05 0.00000E+00 3.11476E-02
0.00000E+00 2.24775E-05 1.54809E-04 3.52790E-04 3.53822E-04 4.45671E-02 2.01919E-01 1.54809E-04 2.24775E-05 0.00000E+00 2.54902E-02
0.00000E+00 2.65984E-05 1.42965E-04 3.17079E-04 3.17951E-04 4.01841E-02 1.85018E-01 1.42965E-04 2.65984E-05 0.00000E+00 2.09397E-02
0.00000E+00 2.93708E-05 1.31885E-04 2.85286E-04 2.86025E-04 3.62719E-02 1.69638E-01 1.31885E-04 2.93708E-05 0.00000E+00 1.72975E-02
0.00000E+00 3.10845E-05 1.21501E-04 2.56811E-04 2.57439E-04 3.27617E-02 1.55583E-01 1.21501E-04 3.10845E-05 0.00000E+00 1.43544E-02
6.93889E-18 3.18646E-05 1.13885E-04 2.36638E-04 2.37191E-04 3.02718E-02 1.45464E-01 1.13885E-04 3.18646E-05 6.93889E-18 1.24370E-02
8.97720E-07 3.18775E-05 1.11676E-04 2.31105E-04 2.31639E-04 2.95999E-02 1.42698E-01 1.11676E-04 3.18775E-05 8.97720E-07 1.19522E-02
5.03864E-06 3.20566E-05 1.01891E-04 2.06418E-04 2.06867E-04 2.65531E-02 1.30054E-01 1.01891E-04 3.20566E-05 5.03864E-06 9.83274E-03
8.17551E-06 3.17274E-05 9.28174E-05 1.84263E-04 1.84641E-04 2.38048E-02 1.18435E-01 9.28174E-05 3.17274E-05 8.17551E-06 8.11781E-03
1.04205E-05 3.09342E-05 8.43344E-05 1.64276E-04 1.64593E-04 2.13220E-02 1.07746E-01 8.43344E-05 3.09342E-05 1.04205E-05 6.72649E-03
1.19473E-05 2.97993E-05 7.64403E-05 1.46269E-04 1.46534E-04 1.90805E-02 9.79212E-02 7.64403E-05 2.97993E-05 1.19473E-05 5.59523E-03
1.28972E-05 2.84231E-05 6.91369E-05 1.30096E-04 1.30319E-04 1.70613E-02 8.89084E-02 6.91369E-05 2.84231E-05 1.28972E-05 4.67508E-03
1.33984E-05 2.68911E-05 6.24065E-05 1.15586E-04 1.15773E-04 1.52426E-02 8.06454E-02 6.24065E-05 2.68911E-05 1.33984E-05 3.92288E-03
1.35548E-05 2.52694E-05 5.62225E-05 1.02574E-04 1.02730E-04 1.36043E-02 7.30708E-02 5.62225E-05 2.52694E-05 1.35548E-05 3.30429E-03
1.34468E-05 2.36077E-05 5.05601E-05 9.09231E-05 9.10540E-05 1.21300E-02 6.61351E-02 5.05601E-05 2.36077E-05 1.34468E-05 2.79356E-03
1.31397E-05 2.19442E-05 4.53916E-05 8.05077E-05 8.06171E-05 1.08045E-02 5.97918E-02 4.53916E-05 2.19442E-05 1.31397E-05 2.37010E-03
1.26863E-05 2.03079E-05 4.06871E-05 7.12102E-05 7.13014E-05 9.61411E-03 5.39972E-02 4.06871E-05 2.03079E-05 1.26863E-05 2.01748E-03
1.21290E-05 1.87200E-05 3.64162E-05 6.29223E-05 6.29984E-05 8.54622E-03 4.87104E-02 3.64162E-05 1.87200E-05 1.21290E-05 1.72255E-03
1.15018E-05 1.71960E-05 3.25481E-05 5.55445E-05 5.56079E-05 7.58927E-03 4.38928E-02 3.25481E-05 1.71960E-05 1.15018E-05 1.47480E-03
1.08317E-05 1.57460E-05 2.90524E-05 4.89853E-05 4.90381E-05 6.73270E-03 3.95083E-02 2.90524E-05 1.57460E-05 1.08317E-05 1.26581E-03
1.01397E-05 1.43769E-05 2.58994E-05 4.31612E-05 4.32050E-05 5.96683E-03 3.55229E-02 2.58994E-05 1.43769E-05 1.01397E-05 1.08879E-03
9.44242E-06 1.30921E-05 2.30609E-05 3.79959E-05 3.80323E-05 5.28285E-03 3.19051E-02 2.30609E-05 1.30921E-05 9.44242E-06 9.38290E-04
8.75279E-06 1.18946E-05 2.05146E-05 3.34293E-05 3.34596E-05 4.67387E-03 2.86304E-02 2.05146E-05 1.18946E-05 8.75279E-06 8.10218E-04
8.08048E-06 1.07829E-05 1.82311E-05 2.93907E-05 2.94158E-05 4.13153E-03 2.56667E-02 1.82311E-05 1.07829E-05 8.08048E-06 7.00661E-04
0.00000E+00 0.00000E+00 1.26330E-04 3.15512E-04 3.16136E-04 4.86663E-02 2.29442E-01 1.26330E-04 0.00000E+00 0.00000E+00 3.52333E-02
0.00000E+00 5.30123E-06 1.15215E-04 2.79825E-04 2.80345E-04 4.34935E-02 2.08755E-01 1.15215E-04 5.30123E-06 0.00000E+00 2.83401E-02
0.00000E+00 9.83220E-06 1.05765E-04 2.49447E-04 2.49882E-04 3.89596E-02 1.90244E-01 1.05765E-04 9.83220E-06 0.00000E+00 2.29167E-02
0.00000E+00 1.32934E-05 9.71727E-05 2.22809E-04 2.23174E-04 3.49402E-02 1.73506E-01 9.71727E-05 1.32934E-05 0.00000E+00 1.86166E-02
0.00000E+00 1.58396E-05 8.92842E-05 1.99297E-04 1.99604E-04 3.13643E-02 1.58325E-01 8.92842E-05 1.58396E-05 0.00000E+00 1.51921E-02
0.00000E+00 1.75847E-05 8.20157E-05 1.78532E-04 1.78791E-04 2.81882E-02 1.44575E-01 8.20157E-05 1.75847E-05 0.00000E+00 1.24769E-02
0.00000E+00 1.86886E-05 7.52817E-05 1.60062E-04 1.60280E-04 2.53520E-02 1.32066E-01 7.52817E-05 1.86886E-05 0.00000E+00 1.03013E-02
1.04083E-17 1.92080E-05 7.03805E-05 1.47043E-04 1.47235E-04 2.33480E-02 1.23093E-01 7.03805E-05 1.92080E-05 1.04083E-17 8.89297E-03
5.70014E-07 1.92251E-05 6.89674E-05 1.43488E-04 1.43673E-04 2.28090E-02 1.20649E-01 6.89674E-05 1.92251E-05 5.70014E-07 8.53909E-03
3.20027E-06 1.93850E-05 6.27268E-05 1.27662E-04 1.27816E-04 2.03700E-02 1.09496E-01 6.27268E-05 1.93850E-05 3.20027E-06 6.99668E-03
5.19265E-06 1.92278E-05 5.69774E-05 1.13537E-04 1.13666E-04 1.81806E-02 9.92950E-02 5.69774E-05 1.92278E-05 5.19265E-06 5.75699E-03
6.61741E-06 1.87781E-05 5.16320E-05 1.00859E-04 1.00967E-04 1.62123E-02 8.99542E-02 5.16320E-05 1.87781E-05 6.61741E-06 4.75675E-03
7.58430E-06 1.81116E-05 4.66815E-05 8.94912E-05 8.95812E-05 1.44437E-02 8.14075E-02 4.66815E-05 1.81116E-05 7.58430E-06 3.94731E-03
8.18323E-06 1.72908E-05 4.21210E-05 7.93288E-05 7.94038E-05 1.28582E-02 7.36041E-02 4.21210E-05 1.72908E-05 8.18323E-06 3.29156E-03
8.49572E-06 1.63689E-05 3.79342E-05 7.02507E-05 7.03133E-05 1.14371E-02 6.64830E-02 3.79342E-05 1.63689E-05 8.49572E-06 2.75720E-03
8.58820E-06 1.53877E-05 3.41003E-05 6.21432E-05 6.21952E-05 1.01629E-02 5.99851E-02 3.41003E-05 1.53877E-05 8.58820E-06 2.31885E-03
8.51203E-06 1.43783E-05 3.06008E-05 5.49126E-05 5.49559E-05 9.02167E-03 5.40625E-02 3.06008E-05 1.43783E-05 8.51203E-06 1.95762E-03
8.30901E-06 1.33650E-05 2.74155E-05 4.84732E-05 4.85091E-05 8.00049E-03 4.86706E-02 2.74155E-05 1.33650E-05 8.30901E-06 1.65854E-03
8.01295E-06 1.23661E-05 2.45240E-05 4.27459E-05 4.27758E-05 7.08771E-03 4.37676E-02 2.45240E-05 1.23661E-05 8.01295E-06 1.40975E-03
7.65109E-06 1.13953E-05 2.19056E-05 3.76587E-05 3.76835E-05 6.27271E-03 3.93148E-02 2.19056E-05 1.13953E-05 7.65109E-06 1.20182E-03
7.24518E-06 1.04622E-05 1.95398E-05 3.31458E-05 3.31663E-05 5.54580E-03 3.52757E-02 1.95398E-05 1.04622E-05 7.24518E-06 1.02725E-03
6.81253E-06 9.57383E-06 1.74065E-05 2.91471E-05 2.91640E-05 4.89819E-03 3.16166E-02 1.74065E-05 9.57383E-06 6.81253E-06 8.80065E-04
6.36670E-06 8.73438E-06 1.54867E-05 2.56080E-05 2.56220E-05 4.32187E-03 2.83059E-02 1.54867E-05 8.73438E-06 6.36670E-06 7.55470E-04
5.91829E-06 7.94638E-06 1.37619E-05 2.24793E-05 2.24909E-05 3.80958E-03 2.53142E-02 1.37619E-05 7.94638E-06 5.91829E-06 6.49611E-04
5.47560E-06 7.21179E-06 1.22179E-05 1.97222E-05 1.97317E-05 3.35563E-03 2.26189E-02 1.22179E-05 7.21179E-06 5.47560E-06 5.59605E-04
5.04483E-06 6.52990E-06 1.08360E-05 1.72912E-05 1.72991E-05 2.95325E-03 2.01909E-02 1.08360E-05 6.52990E-06 5.04483E-06 4.82695E-04
0.00000E+00 0.00000E+00 7.87946E-05 1.96882E-04 1.97091E-04 3.79188E-02 1.97193E-01 7.87946E-05 0.00000E+00 0.00000E+00 2.56823E-02
0.00000E+00 2.85928E-06 7.10968E-05 1.73367E-04 1.73540E-04 3.37257E-02 1.78601E-01 7.10968E-05 2.85928E-06 0.00000E+00 2.04829E-02
0.00000E+00 5.41331E-06 6.47021E-05 1.53563E-04 1.53707E-04 3.00693E-02 1.62046E-01 6.47021E-05 5.41331E-06 0.00000E+00 1.64388E-02
0.00000E+00 7.43334E-06 5.90415E-05 1.36394E-04 1.36514E-04 2.68438E-02 1.47148E-01 5.90415E-05 7.43334E-06 0.00000E+00 1.32646E-02
0.00000E+00 8.96366E-06 5.39526E-05 1.21386E-04 1.21486E-04 2.39881E-02 1.33699E-01 5.39526E-05 8.96366E-06 0.00000E+00 1.07604E-02
0.00000E+00 1.00447E-05 4.93422E-05 1.08246E-04 1.08330E-04 2.14643E-02 1.21577E-01 4.93422E-05 1.00447E-05 0.00000E+00 8.79251E-03
0.00000E+00 1.07544E-05 4.51248E-05 9.66448E-05 9.67156E-05 1.92214E-02 1.10599E-01 4.51248E-05 1.07544E-05 0.00000E+00 7.22782E-03
1.73472E-18 1.11058E-05 4.20809E-05 8.85126E-05 8.85745E-05 1.76427E-02 1.02755E-01 4.20809E-05 1.11058E-05 1.73472E-18 6.22082E-03
3.52425E-07 1.11266E-05 4.12088E-05 8.63023E-05 8.63618E-05 1.72195E-02 1.00624E-01 4.12088E-05 1.11266E-05 3.52425E-07 5.96919E-03
1.98037E-06 1.12760E-05 3.73697E-05 7.64854E-05 7.65349E-05 1.53086E-02 9.09257E-02 3.73697E-05 1.12760E-05 1.98037E-06 4.87549E-03
3.21572E-06 1.12321E-05 3.38571E-05 6.77741E-05 6.78152E-05 1.36017E-02 8.20976E-02 3.38571E-05 1.12321E-05 3.21572E-06 4.00150E-03
4.10009E-06 1.10071E-05 3.06094E-05 5.99957E-05 6.00298E-05 1.20746E-02 7.40518E-02 3.06094E-05 1.10071E-05 4.10009E-06 3.29949E-03
4.70034E-06 1.06462E-05 2.76155E-05 5.30554E-05 5.30837E-05 1.07090E-02 6.67247E-02 2.76155E-05 1.06462E-05 4.70034E-06 2.73349E-03
5.07163E-06 1.01867E-05 2.48685E-05 4.68793E-05 4.69028E-05 9.49075E-03 6.00669E-02 2.48685E-05 1.01867E-05 5.07163E-06 2.27628E-03
5.26429E-06 9.66121E-06 2.23550E-05 4.13859E-05 4.14054E-05 8.40407E-03 5.40200E-02 2.23550E-05 9.66121E-06 5.26429E-06 1.90450E-03
5.31953E-06 9.09528E-06 2.00602E-05 3.64994E-05 3.65155E-05 7.43444E-03 4.85282E-02 2.00602E-05 9.09528E-06 5.31953E-06 1.59997E-03
5.26931E-06 8.50827E-06 1.79709E-05 3.21581E-05 3.21714E-05 6.57009E-03 4.35462E-02 1.79709E-05 8.50827E-06 5.26931E-06 1.34926E-03
5.13974E-06 7.91527E-06 1.60737E-05 2.83058E-05 2.83168E-05 5.80035E-03 3.90319E-02 1.60737E-05 7.91527E-06 5.13974E-06 1.14179E-03
4.95197E-06 7.32785E-06 1.43551E-05 2.48914E-05 2.49005E-05 5.11560E-03 3.49462E-02 1.43551E-05 7.32785E-06 4.95197E-06 9.69255E-04
4.72312E-06 6.75470E-06 1.28019E-05 2.18688E-05 2.18763E-05 4.50709E-03 3.12531E-02 1.28019E-05 6.75470E-06 4.72312E-06 8.25079E-04
4.46686E-06 6.20217E-06 1.14009E-05 1.91960E-05 1.92021E-05 3.96694E-03 2.79189E-02 1.14009E-05 6.20217E-06 4.46686E-06 7.04052E-04
4.19409E-06 5.67475E-06 1.01399E-05 1.68351E-05 1.68401E-05 3.48800E-03 2.49126E-02 1.01399E-05 5.67475E-06 4.19409E-06 6.02030E-04
3.91338E-06 5.17540E-06 9.00681E-06 1.47518E-05 1.47560E-05 3.06380E-03 2.22053E-02 9.00681E-06 5.17540E-06 3.91338E-06 5.15696E-04
3.63141E-06 4.70593E-06 7.99048E-06 1.29156E-05 1.29190E-05 2.68852E-03 1.97705E-02 7.99048E-06 4.70593E-06 3.63141E-06 4.42389E-04
3.35344E-06 4.26777E-06 7.08205E-06 1.13021E-05 1.13048E-05 2.35757E-03 1.75874E-02 7.08205E-06 4.26777E-06 3.35344E-06 3.80115E-04
3.08337E-06 3.86072E-06 6.27027E-06 9.88345E-06 9.88574E-06 2.06561E-03 1.56300E-02 6.27027E-06 3.86072E-06 3.08337E-06 3.26964E-04
0.00000E+00 0.00000E+00 4.75174E-05 1.18761E-04 1.18826E-04 2.88927E-02 1.67060E-01 4.75174E-05 0.00000E+00 0.00000E+00 1.81713E-02
0.00000E+00 1.39061E-06 4.23439E-05 1.03747E-04 1.03800E-04 2.55724E-02 1.50597E-01 4.23439E-05 1.39061E-06 0.00000E+00 1.43787E-02
0.00000E+00 2.73532E-06 3.81512E-05 9.12531E-05 9.12971E-05 2.26919E-02 1.36013E-01 3.81512E-05 2.73532E-06 0.00000E+00 1.14613E-02
0.00000E+00 3.86121E-06 3.45466E-05 8.05565E-05 8.05930E-05 2.01635E-02 1.22953E-01 3.45466E-05 3.86121E-06 0.00000E+00 9.19326E-03
0.00000E+00 4.75344E-06 3.13810E-05 7.13071E-05 7.13375E-05 1.79360E-02 1.11220E-01 3.13810E-05 4.75344E-06 0.00000E+00 7.41970E-03
0.00000E+00 5.41211E-06 2.85672E-05 6.32871E-05 6.33124E-05 1.59772E-02 1.00696E-01 2.85672E-05 5.41211E-06 0.00000E+00 6.03731E-03
0.00000E+00 5.86704E-06 2.60297E-05 5.62631E-05 5.62843E-05 1.42448E-02 9.12112E-02 2.60297E-05 5.86704E-06 0.00000E+00 4.94576E-03
0.00000E+00 6.10714E-06 2.42155E-05 5.13688E-05 5.13872E-05 1.30302E-02 8.44598E-02 2.42155E-05 6.10714E-06 0.00000E+00 4.24684E-03
2.11432E-07 6.12905E-06 2.36989E-05 5.00449E-05 5.00626E-05 1.27058E-02 8.26327E-02 2.36989E-05 6.12905E-06 2.11432E-07 4.07305E-03
1.18990E-06 6.26474E-06 2.14341E-05 4.41807E-05 4.41953E-05 1.12437E-02 7.43314E-02 2.14341E-05 6.26474E-06 1.18990E-06 3.31944E-03
1.93530E-06 6.28529E-06 1.93770E-05 3.90085E-05 3.90205E-05 9.94418E-03 6.68122E-02 1.93770E-05 6.28529E-06 1.93530E-06 2.72001E-03
2.47061E-06 6.19588E-06 1.74856E-05 3.44151E-05 3.44250E-05 8.78716E-03 5.99927E-02 1.74856E-05 6.19588E-06 2.47061E-06 2.24013E-03
2.83484E-06 6.02203E-06 1.57496E-05 3.03369E-05 3.03451E-05 7.75765E-03 5.38126E-02 1.57496E-05 6.02203E-06 2.83484E-06 1.85417E-03
3.06052E-06 5.78553E-06 1.41624E-05 2.67244E-05 2.67312E-05 6.84374E-03 4.82247E-02 1.41624E-05 5.78553E-06 3.06052E-06 1.54291E-03
3.17766E-06 5.50563E-06 1.27144E-05 2.35248E-05 2.35303E-05 6.03252E-03 4.31744E-02 1.27144E-05 5.50563E-06 3.17766E-06 1.29005E-03
3.21100E-06 5.19764E-06 1.13954E-05 2.06897E-05 2.06942E-05 5.31219E-03 3.86099E-02 1.13954E-05 5.19764E-06 3.21100E-06 1.08300E-03
3.17987E-06 4.87336E-06 1.01968E-05 1.81800E-05 1.81838E-05 4.67316E-03 3.44892E-02 1.01968E-05 4.87336E-06 3.17987E-06 9.12538E-04
3.10012E-06 4.54210E-06 9.11013E-06 1.59606E-05 1.59637E-05 4.10684E-03 3.07734E-02 9.11013E-06 4.54210E-06 3.10012E-06 7.71442E-04
2.98468E-06 4.21112E-06 8.12714E-06 1.39999E-05 1.40024E-05 3.60546E-03 2.74268E-02 8.12714E-06 4.21112E-06 2.98468E-06 6.54056E-04
2.84401E-06 3.88595E-06 7.23976E-06 1.22694E-05 1.22715E-05 3.16207E-03 2.44164E-02 7.23976E-06 3.88595E-06 2.84401E-06 5.55929E-04
2.68656E-06 3.57075E-06 6.44025E-06 1.07436E-05 1.07453E-05 2.77038E-03 2.17118E-02 6.44025E-06 3.57075E-06 2.68656E-06 4.73538E-04
2.51905E-06 3.26851E-06 5.72127E-06 9.39971E-06 9.40110E-06 2.42475E-03 1.92851E-02 5.72127E-06 3.26851E-06 2.51905E-06 4.04084E-04
2.34677E-06 2.98131E-06 5.07583E-06 8.21704E-06 8.21817E-06 2.12010E-03 1.71103E-02 5.07583E-06 2.98131E-06 2.34677E-06 3.45329E-04
2.17387E-06 2.71050E-06 4.49740E-06 7.17728E-06 7.17820E-06 1.85188E-03 1.51640E-02 4.49740E-06 2.71050E-06 2.17387E-06 2.95470E-04
2.00361E-06 2.45716E-06 3.98084E-06 6.26599E-06 6.26674E-06 1.61651E-03 1.34275E-02 3.98084E-06 2.45716E-06 2.00361E-06 2.53160E-04
1.83841E-06 2.22139E-06 3.51966E-06 5.46676E-06 5.46737E-06 1.40986E-03 1.18782E-02 3.51966E-06 2.22139E-06 1.83841E-06 2.17098E-04
0.00000E+00 0.00000E+00 2.77308E-05 6.93177E-05 6.93361E-05 2.15436E-02 1.39516E-01 2.77308E-05 0.00000E+00 0.00000E+00 1.24822E-02
0.00000E+00 5.73788E-07 2.43554E-05 6.00202E-05 6.00353E-05 1.89739E-02 1.25158E-01 2.43554E-05 5.73788E-07 0.00000E+00 9.80782E-03
0.00000E+00 1.22381E-06 2.16904E-05 5.23841E-05 5.23966E-05 1.67560E-02 1.12503E-01 2.16904E-05 1.22381E-06 0.00000E+00 7.77214E-03
0.00000E+00 1.82190E-06 1.94702E-05 4.59376E-05 4.59478E-05 1.48190E-02 1.01228E-01 1.94702E-05 1.82190E-06 0.00000E+00 6.20358E-03
0.00000E+00 2.32820E-06 1.75705E-05 4.04297E-05 4.04381E-05 1.31209E-02 9.11483E-02 1.75705E-05 2.32820E-06 0.00000E+00 4.98672E-03
0.00000E+00 2.72457E-06 1.59180E-05 3.57046E-05 3.57117E-05 1.16352E-02 8.21533E-02 1.59180E-05 2.72457E-06 0.00000E+00 4.04504E-03
0.00000E+00 3.01573E-06 1.44519E-05 3.16033E-05 3.16091E-05 1.03275E-02 7.40861E-02 1.44519E-05 3.01573E-06 0.00000E+00 3.30583E-03
0.00000E+00 3.18030E-06 1.34148E-05 2.87639E-05 2.87689E-05 9.41424E-03 6.83663E-02 1.34148E-05 3.18030E-06 0.00000E+00 2.83446E-03
1.23317E-07 3.20081E-06 1.31214E-05 2.79997E-05 2.80046E-05 9.17118E-03 6.68238E-02 1.31214E-05 3.20081E-06 1.23317E-07 2.71773E-03
6.95570E-07 3.31713E-06 1.18410E-05 2.46248E-05 2.46288E-05 8.07798E-03 5.98305E-02 1.18410E-05 3.31713E-06 6.95570E-07 2.21246E-03
1.13420E-06 3.36623E-06 1.06873E-05 2.16673E-05 2.16706E-05 7.11115E-03 5.35279E-02 1.06873E-05 3.36623E-06 1.13420E-06 1.81186E-03
1.45090E-06 3.34940E-06 9.63235E-06 1.90554E-05 1.90581E-05 6.25458E-03 4.78403E-02 9.63235E-06 3.34940E-06 1.45090E-06 1.49173E-03
1.66741E-06 3.28056E-06 8.66800E-06 1.67480E-05 1.67502E-05 5.49615E-03 4.27118E-02 8.66800E-06 3.28056E-06 1.66741E-06 1.23452E-03
1.80219E-06 3.17190E-06 7.78890E-06 1.47135E-05 1.47153E-05 4.82623E-03 3.80982E-02 7.78890E-06 3.17190E-06 1.80219E-06 1.02713E-03
1.87254E-06 3.03454E-06 6.98852E-06 1.29187E-05 1.29202E-05 4.23452E-03 3.39493E-02 6.98852E-06 3.03454E-06 1.87254E-06 8.58604E-04
1.89289E-06 2.87754E-06 6.26049E-06 1.13343E-05 1.13355E-05 3.71166E-03 3.02183E-02 6.26049E-06 2.87754E-06 1.89289E-06 7.20503E-04
1.87461E-06 2.70798E-06 5.59956E-06 9.93641E-06 9.93740E-06 3.25008E-03 2.68667E-02 5.59956E-06 2.70798E-06 1.87461E-06 6.06691E-04
1.82709E-06 2.53158E-06 5.00072E-06 8.70402E-06 8.70482E-06 2.84300E-03 2.38596E-02 5.00072E-06 2.53158E-06 1.82709E-06 5.12390E-04
1.75804E-06 2.35286E-06 4.45919E-06 7.61835E-06 7.61900E-06 2.48436E-03 2.11647E-02 4.45919E-06 2.35286E-06 1.75804E-06 4.33861E-04
1.67377E-06 2.17537E-06 3.97041E-06 6.66271E-06 6.66324E-06 2.16874E-03 1.87527E-02 3.97041E-06 2.17537E-06 1.67377E-06 3.68167E-04
1.57936E-06 2.00182E-06 3.53007E-06 5.82222E-06 5.82265E-06 1.89128E-03 1.65966E-02 3.53007E-06 2.00182E-06 1.57936E-06 3.12986E-04
1.47889E-06 1.83425E-06 3.13407E-06 5.08362E-06 5.08397E-06 1.64764E-03 1.46716E-02 3.13407E-06 1.83425E-06 1.47889E-06 2.66468E-04
1.37557E-06 1.67413E-06 2.77858E-06 4.43509E-06 4.43538E-06 1.43393E-03 1.29552E-02 2.77858E-06 1.67413E-06 1.37557E-06 2.27131E-04
1.27195E-06 1.52246E-06 2.45999E-06 3.86615E-06 3.86639E-06 1.24670E-03 1.14268E-02 2.45999E-06 1.52246E-06 1.27195E-06 1.93778E-04
1.17000E-06 1.38006E-06 2.17549E-06 3.36855E-06 3.36874E-06 1.08320E-03 1.00701E-02 2.17549E-06 1.38006E-06 1.17000E-06 1.65511E-04
1.07120E-06 1.24715E-06 1.92153E-06 2.93302E-06 2.93317E-06 9.40353E-04 8.86580E-03 1.92153E-06 1.24715E-06 1.07120E-06 1.41461E-04
0.00000E+00 0.00000E+00 1.54775E-05 3.86914E-05 3.86961E-05 1.56246E-02 1.14368E-01 1.54775E-05 0.00000E+00 0.00000E+00 8.25213E-03
0.00000E+00 1.56040E-07 1.33602E-05 3.31646E-05 3.31685E-05 1.36915E-02 1.02075E-01 1.33602E-05 1.56040E-07 0.00000E+00 6.44549E-03
0.00000E+00 4.28430E-07 1.17343E-05 2.86916E-05 2.86947E-05 1.20317E-02 9.12991E-02 1.17343E-05 4.28430E-07 0.00000E+00 5.08384E-03
0.00000E+00 7.25453E-07 1.04256E-05 2.49745E-05 2.49771E-05 1.05895E-02 8.17477E-02 1.04256E-05 7.25453E-07 0.00000E+00 4.04304E-03
0.00000E+00 1.00237E-06 9.33852E-06 2.18417E-05 2.18438E-05 9.33146E-03 7.32532E-02 9.33852E-06 1.00237E-06 0.00000E+00 3.24123E-03
0.00000E+00 1.23598E-06 8.41660E-06 1.91866E-05 1.91884E-05 8.23646E-03 6.57128E-02 8.41660E-06 1.23598E-06 0.00000E+00 2.62442E-03
0.00000E+00 1.41984E-06 7.61430E-06 1.69052E-05 1.69067E-05 7.27742E-03 5.89844E-02 7.61430E-06 1.41984E-06 0.00000E+00 2.14242E-03
0.00000E+00 1.53104E-06 7.05381E-06 1.53373E-05 1.53386E-05 6.61032E-03 5.42336E-02 7.05381E-06 1.53104E-06 0.00000E+00 1.83598E-03
6.91734E-08 1.54840E-06 6.89635E-06 1.49177E-05 1.49189E-05 6.43341E-03 5.29570E-02 6.89635E-06 1.54840E-06 6.91734E-08 1.76032E-03
3.91391E-07 1.64152E-06 6.21329E-06 1.30705E-05 1.30714E-05 5.63938E-03 4.71825E-02 6.21329E-06 1.64152E-06 3.91391E-07 1.43322E-03
6.40547E-07 1.69643E-06 5.60324E-06 1.14630E-05 1.14638E-05 4.94072E-03 4.20057E-02 5.60324E-06 1.69643E-06 6.40547E-07 1.17426E-03
8.21826E-07 1.71267E-06 5.04847E-06 1.00518E-05 1.00525E-05 4.32484E-03 3.73584E-02 5.04847E-06 1.71267E-06 8.21826E-07 9.67346E-04
9.46646E-07 1.69738E-06 4.54317E-06 8.81158E-06 8.81211E-06 3.78227E-03 3.31897E-02 4.54317E-06 1.69738E-06 9.46646E-07 8.00980E-04
1.02493E-06 1.65708E-06 4.08350E-06 7.72290E-06 7.72334E-06 3.30546E-03 2.94594E-02 4.08350E-06 1.65708E-06 1.02493E-06 6.66667E-04
1.06621E-06 1.59799E-06 3.66540E-06 6.76632E-06 6.76668E-06 2.88643E-03 2.61226E-02 3.66540E-06 1.59799E-06 1.06621E-06 5.57328E-04
1.07859E-06 1.52534E-06 3.28514E-06 5.92469E-06 5.92497E-06 2.51801E-03 2.31374E-02 3.28514E-06 1.52534E-06 1.07859E-06 4.67563E-04
1.06848E-06 1.44331E-06 2.93978E-06 5.18437E-06 5.18460E-06 2.19438E-03 2.04698E-02 2.93978E-06 1.44331E-06 1.06848E-06 3.93449E-04
1.04130E-06 1.35534E-06 2.62661E-06 4.53342E-06 4.53361E-06 1.91039E-03 1.80888E-02 2.62661E-06 1.35534E-06 1.04130E-06 3.31937E-04
1.00149E-06 1.26424E-06 2.34311E-06 3.96133E-06 3.96148E-06 1.66144E-03 1.59662E-02 2.34311E-06 1.26424E-06 1.00149E-06 2.80645E-04
9.52721E-07 1.17225E-06 2.08691E-06 3.45882E-06 3.45894E-06 1.44344E-03 1.40763E-02 2.08691E-06 1.17225E-06 9.52721E-07 2.37698E-04
8.97987E-07 1.08114E-06 1.85579E-06 3.01771E-06 3.01781E-06 1.25276E-03 1.23957E-02 1.85579E-06 1.08114E-06 8.97987E-07 2.01608E-04
8.39686E-07 9.92274E-07 1.64769E-06 2.63076E-06 2.63084E-06 1.08615E-03 1.09033E-02 1.64769E-06 9.92274E-07 8.39686E-07 1.71188E-04
7.79728E-07 9.06664E-07 1.46063E-06 2.29156E-06 2.29162E-06 9.40747E-04 9.57947E-03 1.46063E-06 9.06664E-07 7.79728E-07 1.45481E-04
7.19612E-07 8.25053E-07 1.29282E-06 1.99444E-06 1.99449E-06 8.13984E-04 8.40685E-03 1.29282E-06 8.25053E-07 7.19612E-07 1.23711E-04
6.60523E-07 7.48031E-07 1.14281E-06 1.73497E-06 1.73501E-06 7.03854E-04 7.37160E-03 1.14281E-06 7.48031E-07 6.60523E-07 1.05294E-04
6.03333E-07 6.75868E-07 1.00880E-06 1.50819E-06 1.50822E-06 6.08119E-04 6.45747E-03 1.00880E-06 6.75868E-07 6.03333E-07 8.96574E-05
0.00000E+00 0.00000E+00 8.23169E-06 2.05787E-05 2.05797E-05 1.10149E-02 9.19208E-02 8.23169E-06 0.00000E+00 0.00000E+00 5.23849E-03
0.00000E+00 0.00000E+00 6.95828E-06 1.74336E-05 1.74344E-05 9.60227E-03 8.16026E-02 6.95828E-06 0.00000E+00 0.00000E+00 4.07332E-03
0.00000E+00 6.10222E-08 6.00847E-06 1.49293E-05 1.49300E-05 8.39586E-03 7.26081E-02 6.00847E-06 6.10222E-08 0.00000E+00 3.20301E-03
0.00000E+00 1.96760E-07 5.27226E-06 1.28852E-05 1.28858E-05 7.35298E-03 6.46789E-02 5.27226E-06 1.96760E-07 0.00000E+00 2.54226E-03
0.00000E+00 3.42571E-07 4.68135E-06 1.11893E-05 1.11897E-05 6.44795E-03 5.76650E-02 4.68135E-06 3.42571E-07 0.00000E+00 2.03603E-03
0.00000E+00 4.77180E-07 4.19522E-06 9.77210E-06 9.77246E-06 5.66430E-03 5.14730E-02 4.19522E-06 4.77180E-07 0.00000E+00 1.64824E-03
0.00000E+00 5.91023E-07 3.78209E-06 8.56854E-06 8.56884E-06 4.98138E-03 4.59771E-02 3.78209E-06 5.91023E-07 0.00000E+00 1.34602E-03
8.67362E-19 6.64254E-07 3.49794E-06 7.74833E-06 7.74858E-06 4.50828E-03 4.21133E-02 3.49794E-06 6.64254E-07 8.67362E-19 1.15414E-03
3.72273E-08 6.77693E-07 3.41872E-06 7.53012E-06 7.53037E-06 4.38328E-03 4.10790E-02 3.41872E-06 6.77693E-07 3.72273E-08 1.10684E-03
2.11507E-07 7.47195E-07 3.07773E-06 6.57343E-06 6.57363E-06 3.82340E-03 3.64112E-02 3.07773E-06 7.47195E-07 2.11507E-07 9.02461E-04
3.47856E-07 7.95557E-07 2.77635E-06 5.74747E-06 5.74763E-06 3.33333E-03 3.22496E-02 2.77635E-06 7.95557E-07 3.47856E-07 7.40548E-04
4.48066E-07 8.21723E-07 2.50384E-06 5.02696E-06 5.02708E-06 2.90353E-03 2.85340E-02 2.50384E-06 8.21723E-07 4.48066E-07 6.10912E-04
5.17716E-07 8.29129E-07 2.25634E-06 4.39711E-06 4.39721E-06 2.52683E-03 2.52191E-02 2.25634E-06 8.29129E-07 5.17716E-07 5.06413E-04
5.61836E-07 8.21104E-07 2.03137E-06 3.84673E-06 3.84682E-06 2.19750E-03 2.22693E-02 2.03137E-06 8.21104E-07 5.61836E-07 4.21794E-04
5.85430E-07 8.01015E-07 1.82659E-06 3.36492E-06 3.36499E-06 1.90957E-03 1.96451E-02 1.82659E-06 8.01015E-07 5.85430E-07 3.52698E-04
5.92846E-07 7.71813E-07 1.64002E-06 2.94229E-06 2.94234E-06 1.65770E-03 1.73102E-02 1.64002E-06 7.71813E-07 5.92846E-07 2.95808E-04
5.87596E-07 7.35912E-07 1.47014E-06 2.57146E-06 2.57150E-06 1.43758E-03 1.52351E-02 1.47014E-06 7.35912E-07 5.87596E-07 2.48716E-04
5.72661E-07 6.95361E-07 1.31565E-06 2.24606E-06 2.24609E-06 1.24541E-03 1.33930E-02 1.31565E-06 6.95361E-07 5.72661E-07 2.09552E-04
5.50542E-07 6.51866E-07 1.17535E-06 1.96055E-06 1.96058E-06 1.07780E-03 1.17598E-02 1.17535E-06 6.51866E-07 5.50542E-07 1.76846E-04
5.23311E-07 6.06827E-07 1.04815E-06 1.71012E-06 1.71015E-06 9.31785E-04 1.03136E-02 1.04815E-06 6.06827E-07 5.23311E-07 1.49438E-04
4.92666E-07 5.61373E-07 9.33046E-07 1.49054E-06 1.49056E-06 8.04715E-04 9.03466E-03 9.33046E-07 5.61373E-07 4.92666E-07 1.26403E-04
4.59984E-07 5.16396E-07 8.29086E-07 1.29811E-06 1.29813E-06 6.94256E-04 7.90507E-03 8.29086E-07 5.16396E-07 4.59984E-07 1.06996E-04
4.26363E-07 4.72587E-07 7.35382E-07 1.12957E-06 1.12958E-06 5.98344E-04 6.90868E-03 7.35382E-07 4.72587E-07 4.26363E-07 9.06150E-05
3.92667E-07 4.30464E-07 6.51100E-07 9.82048E-07 9.82058E-07 5.15159E-04 6.03093E-03 6.51100E-07 4.30464E-07 3.92667E-07 7.67668E-05
3.59577E-07 3.90439E-07 5.75591E-07 8.53315E-07 8.53322E-07 4.43264E-04 5.26036E-03 5.75591E-07 3.90439E-07 3.59577E-07 6.50780E-05
3.27598E-07 3.52748E-07 5.08003E-07 7.40881E-07 7.40887E-07 3.81087E-04 4.58371E-03 5.08003E-07 3.52748E-07 3.27598E-07 5.51820E-05
0.00000E+00 0.00000E+00 4.14224E-06 1.03555E-05 1.03557E-05 7.52433E-03 7.22212E-02 4.14224E-06 0.00000E+00 0.00000E+00 3.17381E-03
0.00000E+00 0.00000E+00 3.41255E-06 8.65286E-06 8.65300E-06 6.52468E-03 6.37528E-02 3.41255E-06 0.00000E+00 0.00000E+00 2.46213E-03
0.00000E+00 0.00000E+00 2.88451E-06 7.32152E-06 7.32163E-06 5.67557E-03 5.64141E-02 2.88451E-06 0.00000E+00 0.00000E+00 1.93456E-03
0.00000E+00 0.00000E+00 2.49180E-06 6.25677E-06 6.25686E-06 4.94542E-03 4.99814E-02 2.49180E-06 0.00000E+00 0.00000E+00 1.53594E-03
0.00000E+00 5.53687E-08 2.18896E-06 5.38930E-06 5.38937E-06 4.31508E-03 4.43232E-02 2.18896E-06 5.53687E-08 0.00000E+00 1.23156E-03
0.00000E+00 1.30739E-07 1.94901E-06 4.67638E-06 4.67644E-06 3.77217E-03 3.93570E-02 1.94901E-06 1.30739E-07 0.00000E+00 9.98773E-04
0.00000E+00 1.99139E-07 1.75121E-06 4.07929E-06 4.07934E-06 3.30147E-03 3.49735E-02 1.75121E-06 1.99139E-07 0.00000E+00 8.17374E-04
0.00000E+00 2.45541E-07 1.61791E-06 3.67643E-06 3.67647E-06 2.97675E-03 3.19056E-02 1.61791E-06 2.45541E-07 0.00000E+00 7.02103E-04
1.91081E-08 2.55113E-07 1.58107E-06 3.56999E-06 3.57003E-06 2.89126E-03 3.10878E-02 1.58107E-06 2.55113E-07 1.91081E-08 6.73685E-04
1.09145E-07 3.03373E-07 1.42425E-06 3.10555E-06 3.10558E-06 2.50923E-03 2.74053E-02 1.42425E-06 3.03373E-07 1.09145E-07 5.50833E-04
1.80655E-07 3.40281E-07 1.28745E-06 2.70819E-06 2.70822E-06 2.17659E-03 2.41412E-02 1.28745E-06 3.40281E-07 1.80655E-07 4.53176E-04
2.33883E-07 3.64794E-07 1.16448E-06 2.36399E-06 2.36402E-06 1.88639E-03 2.12435E-02 1.16448E-06 3.64794E-07 2.33883E-07 3.74638E-04
2.71311E-07 3.78432E-07 1.05298E-06 2.06479E-06 2.06481E-06 1.63338E-03 1.86732E-02 1.05298E-06 3.78432E-07 2.71311E-07 3.11030E-04
2.95309E-07 3.82801E-07 9.51481E-07 1.80449E-06 1.80451E-06 1.41336E-03 1.63992E-02 9.51481E-07 3.82801E-07 2.95309E-07 2.59282E-04
3.08361E-07 3.79667E-07 8.58752E-07 1.57737E-06 1.57738E-06 1.22201E-03 1.43879E-02 8.58752E-07 3.79667E-07 3.08361E-07 2.16845E-04
3.12694E-07 3.70649E-07 7.73838E-07 1.37861E-06 1.37862E-06 1.05549E-03 1.26085E-02 7.73838E-07 3.70649E-07 3.12694E-07 1.81775E-04
3.10146E-07 3.57112E-07 6.96071E-07 1.20451E-06 1.20451E-06 9.10730E-04 1.10362E-02 6.96071E-07 3.57112E-07 3.10146E-07 1.52659E-04
3.02301E-07 3.40244E-07 6.24902E-07 1.05189E-06 1.05189E-06 7.85002E-04 9.64843E-03 6.24902E-07 3.40244E-07 3.02301E-07 1.28392E-04
2.90509E-07 3.21060E-07 5.59859E-07 9.18055E-07 9.18059E-07 6.75922E-04 8.42513E-03 5.59859E-07 3.21060E-07 2.90509E-07 1.08100E-04
2.75900E-07 3.00412E-07 5.00524E-07 8.00690E-07 8.00694E-07 5.81388E-04 7.34816E-03 5.00524E-07 3.00412E-07 2.75900E-07 9.10869E-05
2.59409E-07 2.78999E-07 4.46511E-07 6.97778E-07 6.97781E-07 4.99552E-04 6.40123E-03 4.46511E-07 2.78999E-07 2.59409E-07 7.67931E-05
2.41796E-07 2.57387E-07 3.97460E-07 6.07567E-07 6.07570E-07 4.28788E-04 5.56972E-03 3.97460E-07 2.57387E-07 2.41796E-07 6.47644E-05
2.23671E-07 2.36023E-07 3.53026E-07 5.28529E-07 5.28531E-07 3.67665E-04 4.84052E-03 3.53026E-07 2.36023E-07 2.23671E-07 5.46292E-05
2.05515E-07 2.15251E-07 3.12880E-07 4.59323E-07 4.59324E-07 3.14932E-04 4.20187E-03 3.12880E-07 2.15251E-07 2.05515E-07 4.60820E-05
1.87706E-07 1.95345E-07 2.76770E-07 3.98907E-07 3.98908E-07 2.69600E-04 3.64452E-03 2.76770E-07 1.95345E-07 1.87706E-07 3.88893E-05
1.70524E-07 1.76483E-07 2.44339E-07 3.46123E-07 3.46124E-07 2.30602E-04 3.15796E-03 2.44339E-07 1.76483E-07 1.70524E-07 3.28209E-05
0.00000E+00 0.00000E+00 1.95395E-06 4.88486E-06 4.88488E-06 4.96293E-03 5.52657E-02 1.95395E-06 0.00000E+00 0.00000E+00 1.82151E-03
0.00000E+00 0.00000E+00 1.55869E-06 4.01502E-06 4.01504E-06 4.28019E-03 4.84932E-02 1.55869E-06 0.00000E+00 0.00000E+00 1.41428E-03
0.00000E+00 0.00000E+00 1.28134E-06 3.34828E-06 3.34830E-06 3.70348E-03 4.26604E-02 1.28134E-06 0.00000E+00 0.00000E+00 1.11395E-03
0.00000E+00 0.00000E+00 1.08417E-06 2.82733E-06 2.82735E-06 3.21022E-03 3.75785E-02 1.08417E-06 0.00000E+00 0.00000E+00 8.87404E-04
0.00000E+00 0.00000E+00 9.39176E-07 2.41194E-06 2.41195E-06 2.78665E-03 3.31350E-02 9.39176E-07 0.00000E+00 0.00000E+00 7.14383E-04
0.00000E+00 0.00000E+00 8.29697E-07 2.07737E-06 2.07738E-06 2.42382E-03 2.92587E-02 8.29697E-07 0.00000E+00 0.00000E+00 5.81780E-04
0.00000E+00 3.72739E-08 7.43130E-07 1.80191E-06 1.80192E-06 2.11089E-03 2.58574E-02 7.43130E-07 3.72739E-08 0.00000E+00 4.78073E-04
0.00000E+00 6.51989E-08 6.86458E-07 1.61834E-06 1.61835E-06 1.89593E-03 2.34883E-02 6.86458E-07 6.51989E-08 0.00000E+00 4.11919E-04
9.27149E-09 7.14745E-08 6.70984E-07 1.57025E-06 1.57025E-06 1.83956E-03 2.28594E-02 6.70984E-07 7.14745E-08 9.27149E-09 3.95570E-04
5.33268E-08 1.02540E-07 6.06170E-07 1.36161E-06 1.36162E-06 1.58817E-03 2.00350E-02 6.06170E-07 1.02540E-07 5.33268E-08 3.24777E-04
8.89919E-08 1.27733E-07 5.50665E-07 1.18506E-06 1.18506E-06 1.37048E-03 1.75466E-02 5.50665E-07 1.27733E-07 8.89919E-08 2.68123E-04
1.15958E-07 1.46253E-07 5.01095E-07 1.03336E-06 1.03336E-06 1.18158E-03 1.53510E-02 5.01095E-07 1.46253E-07 1.15958E-07 2.22231E-04
1.35185E-07 1.58694E-07 4.56126E-07 9.02272E-07 9.02274E-07 1.01778E-03 1.34153E-02 4.56126E-07 1.58694E-07 1.35185E-07 1.84808E-04
1.47689E-07 1.65785E-07 4.14957E-07 7.88714E-07 7.88716E-07 8.76105E-04 1.17133E-02 4.14957E-07 1.65785E-07 1.47689E-07 1.54172E-04
1.54623E-07 1.68412E-07 3.77002E-07 6.89886E-07 6.89888E-07 7.53562E-04 1.02170E-02 3.77002E-07 1.68412E-07 1.54623E-07 1.28917E-04
1.57063E-07 1.67435E-07 3.41866E-07 6.03511E-07 6.03512E-07 6.47494E-04 8.90138E-03 3.41866E-07 1.67435E-07 1.57063E-07 1.07961E-04
1.55924E-07 1.63602E-07 3.09308E-07 5.27866E-07 5.27867E-07 5.55776E-04 7.74586E-03 3.09308E-07 1.63602E-07 1.55924E-07 9.05102E-05
1.52011E-07 1.57578E-07 2.79155E-07 4.61520E-07 4.61521E-07 4.76546E-04 6.73221E-03 2.79155E-07 1.57578E-07 1.52011E-07 7.59384E-05
1.46022E-07 1.49948E-07 2.51278E-07 4.03273E-07 4.03274E-07 4.08177E-04 5.84411E-03 2.51278E-07 1.49948E-07 1.46022E-07 6.37438E-05
1.38546E-07 1.41209E-07 2.25570E-07 3.52110E-07 3.52111E-07 3.49245E-04 5.06702E-03 2.25570E-07 1.41209E-07 1.38546E-07 5.35222E-05
1.30077E-07 1.31778E-07 2.01932E-07 3.07163E-07 3.07163E-07 2.98505E-04 4.38795E-03 2.01932E-07 1.31778E-07 1.30077E-07 4.49442E-05
1.21018E-07 1.21995E-07 1.80270E-07 2.67682E-07 2.67683E-07 2.54866E-04 3.79532E-03 1.80270E-07 1.21995E-07 1.21018E-07 3.77395E-05
1.11694E-07 1.12136E-07 1.60489E-07 2.33019E-07 2.33019E-07 2.17378E-04 3.27880E-03 1.60489E-07 1.12136E-07 1.11694E-07 3.16852E-05
1.02360E-07 1.02414E-07 1.42490E-07 2.02605E-07 2.02605E-07 1.85210E-04 2.82921E-03 1.42490E-07 1.02414E-07 1.02360E-07 2.65962E-05
9.32176E-08 9.30003E-08 1.26201E-07 1.76002E-07 1.76002E-07 1.57711E-04 2.43932E-03 1.26201E-07 9.30003E-08 9.32176E-08 2.23302E-05
8.44150E-08 8.40141E-08 1.11496E-07 1.52719E-07 1.52719E-07 1.34183E-04 2.10106E-03 1.11496E-07 8.40141E-08 8.44150E-08 1.87463E-05
0.00000E+00 0.00000E+00 8.53267E-07 2.13317E-06 2.13317E-06 3.14732E-03 4.09912E-02 8.53267E-07 0.00000E+00 0.00000E+00 9.80524E-04
0.00000E+00 0.00000E+00 6.52893E-07 1.71817E-06 1.71817E-06 2.69911E-03 3.57369E-02 6.52893E-07 0.00000E+00 0.00000E+00 7.65668E-04
0.00000E+00 0.00000E+00 5.16485E-07 1.40686E-06 1.40686E-06 2.32266E-03 3.12417E-02 5.16485E-07 0.00000E+00 0.00000E+00 6.07343E-04
0.00000E+00 0.00000E+00 4.24141E-07 1.17003E-06 1.17003E-06 2.00246E-03 2.73502E-02 4.24141E-07 0.00000E+00 0.00000E+00 4.87466E-04
0.00000E+00 0.00000E+00 3.60007E-07 9.86029E-07 9.86030E-07 1.72900E-03 2.39692E-02 3.60007E-07 0.00000E+00 0.00000E+00 3.95377E-04
0.00000E+00 0.00000E+00 3.14626E-07 8.41536E-07 8.41537E-07 1.49606E-03 2.10389E-02 3.14626E-07 0.00000E+00 0.00000E+00 3.24235E-04
0.00000E+00 0.00000E+00 2.80905E-07 7.25182E-07 7.25183E-07 1.29624E-03 1.84838E-02 2.80905E-07 0.00000E+00 0.00000E+00 2.68097E-04
0.00000E+00 4.65127E-10 2.59839E-07 6.48900E-07 6.48901E-07 1.15958E-03 1.67132E-02 2.59839E-07 4.65127E-10 0.00000E+00 2.32004E-04
4.19270E-09 4.24049E-09 2.54196E-07 6.29129E-07 6.29130E-07 1.12388E-03 1.62453E-02 2.54196E-07 4.24049E-09 4.19270E-09 2.23036E-04
2.43388E-08 2.26759E-08 2.31224E-07 5.44046E-07 5.44047E-07 9.65052E-04 1.41497E-02 2.31224E-07 2.26759E-08 2.43388E-08 1.84086E-04
4.10555E-08 3.82264E-08 2.12163E-07 4.73067E-07 4.73067E-07 8.28282E-04 1.23154E-02 2.12163E-07 3.82264E-08 4.10555E-08 1.52585E-04
5.39437E-08 5.03590E-08 1.95290E-07 4.12685E-07 4.12686E-07 7.10258E-04 1.07074E-02 1.95290E-07 5.03590E-08 5.39437E-08 1.26810E-04
6.32892E-08 5.92618E-08 1.79904E-07 3.60867E-07 3.60868E-07 6.08480E-04 9.29889E-03 1.79904E-07 5.92618E-08 6.32892E-08 1.05606E-04
6.94696E-08 6.52365E-08 1.65604E-07 3.16155E-07 3.16156E-07 5.20950E-04 8.06855E-03 1.65604E-07 6.52365E-08 6.94696E-08 8.81202E-05
7.29729E-08 6.87066E-08 1.52144E-07 2.77299E-07 2.77300E-07 4.45662E-04 6.99406E-03 1.52144E-07 6.87066E-08 7.29729E-08 7.36238E-05
7.42853E-08 7.01080E-08 1.39393E-07 2.43320E-07 2.43320E-07 3.80857E-04 6.05536E-03 1.39393E-07 7.01080E-08 7.42853E-08 6.15470E-05
7.38338E-08 6.98305E-08 1.27297E-07 2.13498E-07 2.13498E-07 3.25131E-04 5.23626E-03 1.27297E-07 6.98305E-08 7.38338E-08 5.14658E-05
7.20053E-08 6.82323E-08 1.15842E-07 1.87256E-07 1.87256E-07 2.77261E-04 4.52240E-03 1.15842E-07 6.82323E-08 7.20053E-08 4.30386E-05
6.91408E-08 6.56320E-08 1.05029E-07 1.64123E-07 1.64123E-07 2.36183E-04 3.90103E-03 1.05029E-07 6.56320E-08 6.91408E-08 3.59873E-05
6.55332E-08 6.23060E-08 9.48680E-08 1.43711E-07 1.43711E-07 2.00973E-04 3.36089E-03 9.48680E-08 6.23060E-08 6.55332E-08 3.00844E-05
6.14291E-08 5.84884E-08 8.53697E-08 1.25692E-07 1.25692E-07 1.70828E-04 2.89198E-03 8.53697E-08 5.84884E-08 6.14291E-08 2.51416E-05
5.70316E-08 5.43731E-08 7.65388E-08 1.09787E-07 1.09787E-07 1.45047E-04 2.48544E-03 7.65388E-08 5.43731E-08 5.70316E-08 2.10028E-05
5.25044E-08 5.01177E-08 6.83734E-08 9.57569E-08 9.57570E-08 1.23025E-04 2.13344E-03 6.83734E-08 5.01177E-08 5.25044E-08 1.75378E-05
4.79763E-08 4.58468E-08 6.08648E-08 8.33917E-08 8.33917E-08 1.04236E-04 1.82909E-03 6.08648E-08 4.58468E-08 4.79763E-08 1.46377E-05
4.35493E-08 4.16592E-08 5.40076E-08 7.25302E-08 7.25302E-08 8.82661E-05 1.56692E-03 5.40076E-08 4.16592E-08 4.35493E-08 1.22184E-05
3.92967E-08 3.76272E-08 4.77718E-08 6.29887E-08 6.29887E-08 7.46802E-05 1.34098E-03 4.77718E-08 3.76272E-08 3.92967E-08 1.01963E-05
0.00000E+00 0.00000E+00 3.39452E-07 8.48630E-07 8.48630E-07 1.90988E-03 2.92885E-02 3.39452E-07 0.00000E+00 0.00000E+00 4.88833E-04
0.00000E+00 0.00000E+00 2.45584E-07 6.66149E-07 6.66149E-07 1.62833E-03 2.53570E-02 2.45584E-07 0.00000E+00 0.00000E+00 3.86839E-04
0.00000E+00 0.00000E+00 1.83418E-07 5.32304E-07 5.32304E-07 1.39325E-03 2.20173E-02 1.83418E-07 0.00000E+00 0.00000E+00 3.11095E-04
0.00000E+00 0.00000E+00 1.43450E-07 4.33555E-07 4.33555E-07 1.19443E-03 1.91461E-02 1.43450E-07 0.00000E+00 0.00000E+00 2.52955E-04
0.00000E+00 0.00000E+00 1.17558E-07 3.59251E-07 3.59251E-07 1.02559E-03 1.66685E-02 1.17558E-07 0.00000E+00 0.00000E+00 2.07597E-04
0.00000E+00 0.00000E+00 1.00856E-07 3.02816E-07 3.02816E-07 8.82607E-04 1.45364E-02 1.00856E-07 0.00000E+00 0.00000E+00 1.71952E-04
0.00000E+00 0.00000E+00 8.96802E-08 2.58753E-07 2.58753E-07 7.60633E-04 1.26897E-02 8.96802E-08 0.00000E+00 0.00000E+00 1.43355E-04
1.51788E-18 0.00000E+00 8.33124E-08 2.30539E-07 2.30539E-07 6.77591E-04 1.14171E-02 8.33124E-08 0.00000E+00 1.51788E-18 1.24726E-04
1.72865E-09 0.00000E+00 8.16760E-08 2.23343E-07 2.23343E-07 6.55987E-04 1.10824E-02 8.16760E-08 0.00000E+00 1.72865E-09 1.20055E-04
1.01678E-08 0.00000E+00 7.54346E-08 1.92731E-07 1.92731E-07 5.60094E-04 9.58784E-03 7.54346E-08 0.00000E+00 1.01678E-08 9.96778E-05
1.74091E-08 5.92406E-09 7.06449E-08 1.67726E-07 1.67726E-07 4.77999E-04 8.28891E-03 7.06449E-08 5.92406E-09 1.74091E-08 8.29551E-05
2.31360E-08 1.29761E-08 6.64883E-08 1.46757E-07 1.46757E-07 4.07565E-04 7.15808E-03 6.64883E-08 1.29761E-08 2.31360E-08 6.90995E-05
2.73783E-08 1.84244E-08 6.26226E-08 1.28920E-07 1.28920E-07 3.47176E-04 6.17449E-03 6.26226E-08 1.84244E-08 2.73783E-08 5.75856E-05
3.02425E-08 2.23775E-08 5.88614E-08 1.13587E-07 1.13587E-07 2.95547E-04 5.32140E-03 5.88614E-08 2.23775E-08 3.02425E-08 4.80172E-05
3.19102E-08 2.50232E-08 5.51153E-08 1.00253E-07 1.00253E-07 2.51397E-04 4.58162E-03 5.51153E-08 2.50232E-08 3.19102E-08 4.00432E-05
3.25808E-08 2.65688E-08 5.13591E-08 8.85446E-08 8.85447E-08 2.13615E-04 3.93985E-03 5.13591E-08 2.65688E-08 3.25808E-08 3.33794E-05
3.24385E-08 2.72056E-08 4.76034E-08 7.82001E-08 7.82002E-08 1.81314E-04 3.38376E-03 4.76034E-08 2.72056E-08 3.24385E-08 2.78094E-05
3.16562E-08 2.71141E-08 4.38769E-08 6.90210E-08 6.90211E-08 1.53729E-04 2.90252E-03 4.38769E-08 2.71141E-08 3.16562E-08 2.31543E-05
3.03896E-08 2.64577E-08 4.02160E-08 6.08533E-08 6.08533E-08 1.30196E-04 2.48658E-03 4.02160E-08 2.64577E-08 3.03896E-08 1.92654E-05
2.87749E-08 2.53798E-08 3.66578E-08 5.35748E-08 5.35749E-08 1.10143E-04 2.12757E-03 3.66578E-08 2.53798E-08 2.87749E-08 1.60185E-05
2.69276E-08 2.40031E-08 3.32364E-08 4.70862E-08 4.70862E-08 9.30757E-05 1.81811E-03 3.32364E-08 2.40031E-08 2.69276E-08 1.33095E-05
2.49435E-08 2.24303E-08 2.99799E-08 4.13043E-08 4.13043E-08 7.85661E-05 1.55172E-03 2.99799E-08 2.24303E-08 2.49435E-08 1.10510E-05
2.28999E-08 2.07450E-08 2.69102E-08 3.61580E-08 3.61580E-08 6.62455E-05 1.32271E-03 2.69102E-08 2.07450E-08 2.28999E-08 9.16949E-06
2.08577E-08 1.90140E-08 2.40423E-08 3.15848E-08 3.15849E-08 5.57962E-05 1.12611E-03 2.40423E-08 1.90140E-08 2.08577E-08 7.60333E-06
1.88648E-08 1.72900E-08 2.13890E-08 2.75375E-08 2.75375E-08 4.69685E-05 9.57992E-04 2.13890E-08 1.72900E-08 1.88648E-08 6.30457E-06
1.69556E-08 1.56129E-08 1.89512E-08 2.39586E-08 2.39586E-08 3.95039E-05 8.14148E-04 1.89512E-08 1.56129E-08 1.69556E-08 5.22575E-06
0.00000E+00 0.00000E+00 1.19869E-07 2.99671E-07 2.99671E-07 1.09999E-03 1.99628E-02 1.19869E-07 0.00000E+00 0.00000E+00 2.21174E-04
0.00000E+00 0.00000E+00 8.00354E-08 2.27258E-07 2.27258E-07 9.32082E-04 1.71514E-02 8.00354E-08 0.00000E+00 0.00000E+00 1.79608E-04
0.00000E+00 0.00000E+00 5.41921E-08 1.75282E-07 1.75282E-07 7.92733E-04 1.47818E-02 5.41921E-08 0.00000E+00 0.00000E+00 1.47887E-04
0.00000E+00 0.00000E+00 3.84043E-08 1.38239E-07 1.38239E-07 6.75577E-04 1.27598E-02 3.84043E-08 0.00000E+00 0.00000E+00 1.22701E-04
0.00000E+00 0.00000E+00 2.90023E-08 1.11476E-07 1.11476E-07 5.76671E-04 1.10282E-02 2.90023E-08 0.00000E+00 0.00000E+00 1.02395E-04
0.00000E+00 0.00000E+00 2.37349E-08 9.20800E-08 9.20800E-08 4.93418E-04 9.54932E-03 2.37349E-08 0.00000E+00 0.00000E+00 8.59202E-05
0.00000E+00 0.00000E+00 2.08922E-08 7.76383E-08 7.76384E-08 4.22813E-04 8.27793E-03 2.08922E-08 0.00000E+00 0.00000E+00 7.23378E-05
5.42101E-19 0.00000E+00 1.96516E-08 6.87448E-08 6.87448E-08 3.74973E-04 7.40701E-03 1.96516E-08 0.00000E+00 5.42101E-19 6.33128E-05
6.22144E-10 0.00000E+00 1.93827E-08 6.65399E-08 6.65400E-08 3.62580E-04 7.17921E-03 1.93827E-08 0.00000E+00 6.22144E-10 6.10210E-05
3.73877E-09 0.00000E+00 1.86441E-08 5.73450E-08 5.73450E-08 3.07709E-04 6.16508E-03 1.86441E-08 0.00000E+00 3.73877E-09 5.09611E-05
6.55262E-09 0.00000E+00 1.83673E-08 5.01148E-08 5.01148E-08 2.61022E-04 5.29050E-03 1.83673E-08 0.00000E+00 6.55262E-09 4.25535E-05
8.86114E-09 8.50452E-10 1.81935E-08 4.42080E-08 4.42080E-08 2.21209E-04 4.53489E-03 1.81935E-08 8.50452E-10 8.86114E-09 3.54883E-05
1.06227E-08 3.77173E-09 1.79666E-08 3.92590E-08 3.92590E-08 1.87284E-04 3.88269E-03 1.79666E-08 3.77173E-09 1.06227E-08 2.95566E-05
1.18461E-08 5.99516E-09 1.76060E-08 3.50223E-08 3.50223E-08 1.58461E-04 3.32142E-03 1.76060E-08 5.99516E-09 1.18461E-08 2.45932E-05
1.25846E-08 7.59516E-09 1.70841E-08 3.13175E-08 3.13175E-08 1.33966E-04 2.83845E-03 1.70841E-08 7.59516E-09 1.25846E-08 2.04410E-05
1.29091E-08 8.66157E-09 1.64063E-08 2.80233E-08 2.80234E-08 1.13133E-04 2.42267E-03 1.64063E-08 8.66157E-09 1.29091E-08 1.69662E-05
1.28904E-08 9.28068E-09 1.55933E-08 2.50623E-08 2.50623E-08 9.54328E-05 2.06516E-03 1.55933E-08 9.28068E-09 1.28904E-08 1.40632E-05
1.25985E-08 9.53598E-09 1.46744E-08 2.23819E-08 2.23820E-08 8.04106E-05 1.75815E-03 1.46744E-08 9.53598E-09 1.25985E-08 1.16423E-05
1.20983E-08 9.50440E-09 1.36812E-08 1.99464E-08 1.99464E-08 6.76756E-05 1.49485E-03 1.36812E-08 9.50440E-09 1.20983E-08 9.62665E-06
1.14477E-08 9.25432E-09 1.26448E-08 1.77304E-08 1.77304E-08 5.68922E-05 1.26935E-03 1.26448E-08 9.25432E-09 1.14477E-08 7.95121E-06
1.06964E-08 8.84472E-09 1.15930E-08 1.57154E-08 1.57154E-08 4.77723E-05 1.07648E-03 1.15930E-08 8.84472E-09 1.06964E-08 6.56064E-06
9.88586E-09 8.32518E-09 1.05498E-08 1.38868E-08 1.38868E-08 4.00685E-05 9.11742E-04 1.05498E-08 8.32518E-09 9.88586E-09 5.40815E-06
9.04973E-09 7.73637E-09 9.53459E-09 1.22319E-08 1.22319E-08 3.35688E-05 7.71234E-04 9.53459E-09 7.73637E-09 9.04973E-09 4.45420E-06
8.21439E-09 7.11088E-09 8.56239E-09 1.07396E-08 1.07396E-08 2.80918E-05 6.51556E-04 8.56239E-09 7.11088E-09 8.21439E-09 3.66553E-06
7.40055E-09 6.47429E-09 7.64523E-09 9.40163E-09 9.40163E-09 2.34952E-05 5.50033E-04 7.64523E-09 6.47429E-09 7.40055E-09 3.01623E-06
6.62288E-09 5.84638E-09 6.78998E-09 8.20538E-09 8.20538E-09 1.96336E-05 4.63855E-04 6.78998E-09 5.84638E-09 6.62288E-09 2.48086E-06
0.00000E+00 0.00000E+00 3.66130E-08 9.15325E-08 9.15325E-08 5.98980E-04 1.28566E-02 3.66130E-08 0.00000E+00 0.00000E+00 8.90116E-05
0.00000E+00 0.00000E+00 2.15603E-08 6.60684E-08 6.60684E-08 5.04188E-04 1.09528E-02 2.15603E-08 0.00000E+00 0.00000E+00 7.57466E-05
0.00000E+00 0.00000E+00 1.18425E-08 4.80810E-08 4.80810E-08 4.26032E-04 9.36183E-03 1.18425E-08 0.00000E+00 0.00000E+00 6.47571E-05
0.00000E+00 0.00000E+00 6.15050E-09 3.57277E-08 3.57278E-08 3.60741E-04 8.01559E-03 6.15050E-09 0.00000E+00 0.00000E+00 5.52988E-05
0.00000E+00 0.00000E+00 3.06841E-09 2.72566E-08 2.72566E-08 3.05970E-04 6.87212E-03 3.06841E-09 0.00000E+00 0.00000E+00 4.71510E-05
0.00000E+00 0.00000E+00 1.69058E-09 2.15369E-08 2.15370E-08 2.60167E-04 5.90384E-03 1.69058E-09 0.00000E+00 0.00000E+00 4.01674E-05
0.00000E+00 0.00000E+00 1.30225E-09 1.76183E-08 1.76183E-08 2.21567E-04 5.07817E-03 1.30225E-09 0.00000E+00 0.00000E+00 3.41681E-05
0.00000E+00 0.00000E+00 1.38119E-09 1.53865E-08 1.53865E-08 1.95547E-04 4.51633E-03 1.38119E-09 0.00000E+00 0.00000E+00 3.00736E-05
1.79938E-10 0.00000E+00 1.44386E-09 1.48688E-08 1.48689E-08 1.88837E-04 4.37024E-03 1.44386E-09 0.00000E+00 1.79938E-10 2.90169E-05
1.13035E-09 0.00000E+00 1.90369E-09 1.28039E-08 1.28039E-08 1.59209E-04 3.72213E-03 1.90369E-09 0.00000E+00 1.13035E-09 2.43464E-05
2.07213E-09 0.00000E+00 2.48797E-09 1.13337E-08 1.13337E-08 1.34167E-04 3.16795E-03 2.48797E-09 0.00000E+00 2.07213E-09 2.03639E-05
2.89335E-09 0.00000E+00 3.05205E-09 1.02214E-08 1.02214E-08 1.12952E-04 2.69318E-03 3.05205E-09 0.00000E+00 2.89335E-09 1.69710E-05
3.54979E-09 0.00000E+00 3.52825E-09 9.33122E-09 9.33123E-09 9.49946E-05 2.28685E-03 3.52825E-09 0.00000E+00 3.54979E-09 1.40977E-05
4.02566E-09 7.53736E-10 3.88276E-09 8.57630E-09 8.57631E-09 7.98401E-05 1.94016E-03 3.88276E-09 7.53736E-10 4.02566E-09 1.16827E-05
4.32861E-09 1.57979E-09 4.10805E-09 7.90042E-09 7.90043E-09 6.70480E-05 1.64438E-03 4.10805E-09 1.57979E-09 4.32861E-09 9.65975E-06
4.47834E-09 2.17228E-09 4.21204E-09 7.27168E-09 7.27168E-09 5.62409E-05 1.39190E-03 4.21204E-09 2.17228E-09 4.47834E-09 7.96891E-06
4.49791E-09 2.56609E-09 4.20920E-09 6.67387E-09 6.67387E-09 4.71207E-05 1.17664E-03 4.20920E-09 2.56609E-09 4.49791E-09 6.56068E-06
4.41207E-09 2.79609E-09 4.11760E-09 6.09987E-09 6.09987E-09 3.94328E-05 9.93369E-04 4.11760E-09 2.79609E-09 4.41207E-09 5.39155E-06
4.24489E-09 2.89507E-09 3.95622E-09 5.54794E-09 5.54795E-09 3.29598E-05 8.37530E-04 3.95622E-09 2.89507E-09 4.24489E-09 4.42364E-06
4.01839E-09 2.89253E-09 3.74323E-09 5.01927E-09 5.01927E-09 2.75164E-05 7.05203E-04 3.74323E-09 2.89253E-09 4.01839E-09 3.62431E-06
3.75184E-09 2.81413E-09 3.49499E-09 4.51627E-09 4.51627E-09 2.29446E-05 5.92998E-04 3.49499E-09 2.81413E-09 3.75184E-09 2.96562E-06
3.46146E-09 2.68157E-09 3.22559E-09 4.04162E-09 4.04162E-09 1.91095E-05 4.97989E-04 3.22559E-09 2.68157E-09 3.46146E-09 2.42389E-06
3.16045E-09 2.51273E-09 2.94668E-09 3.59761E-09 3.59761E-09 1.58965E-05 4.17655E-04 2.94668E-09 2.51273E-09 3.16045E-09 1.97908E-06
2.85917E-09 2.32198E-09 2.66755E-09 3.18590E-09 3.18590E-09 1.32082E-05 3.49825E-04 2.66755E-09 2.32198E-09 2.85917E-09 1.61440E-06
2.56573E-09 2.12055E-09 2.39552E-09 2.80796E-09 2.80796E-09 1.09683E-05 2.92795E-04 2.39552E-09 2.12055E-09 2.56573E-09 1.31677E-06
2.28583E-09 1.91732E-09 2.13581E-09 2.46355E-09 2.46355E-09 9.09998E-06 2.44808E-04 2.13581E-09 1.91732E-09 2.28583E-09 1.07349E-06
0.00000E+00 0.00000E+00 9.16870E-09 2.29217E-08 2.29217E-08 3.04001E-04 7.67492E-03 9.16870E-09 0.00000E+00 0.00000E+00 3.05952E-05
0.00000E+00 0.00000E+00 4.27384E-09 1.52742E-08 1.52742E-08 2.53997E-04 6.47596E-03 4.27384E-09 0.00000E+00 0.00000E+00 2.83175E-05
0.00000E+00 0.00000E+00 1.02779E-09 9.86844E-09 9.86845E-09 2.13065E-04 5.48365E-03 1.02779E-09 0.00000E+00 0.00000E+00 2.56310E-05
0.00000E+00 0.00000E+00 0.00000E+00 6.28012E-09 6.28012E-09 1.79112E-04 4.65186E-03 0.00000E+00 0.00000E+00 0.00000E+00 2.27381E-05
0.00000E+00 0.00000E+00 0.00000E+00 3.97931E-09 3.97932E-09 1.50831E-04 3.95191E-03 0.00000E+00 0.00000E+00 0.00000E+00 1.98816E-05
0.00000E+00 0.00000E+00 0.00000E+00 2.59644E-09 2.59644E-09 1.27352E-04 3.36486E-03 0.00000E+00 0.00000E+00 0.00000E+00 1.72020E-05
0.00000E+00 0.00000E+00 0.00000E+00 1.80367E-09 1.80368E-09 1.07703E-04 2.86886E-03 0.00000E+00 0.00000E+00 0.00000E+00 1.47664E-05
1.08420E-19 0.00000E+00 0.00000E+00 1.44323E-09 1.44323E-09 9.45343E-05 2.53387E-03 0.00000E+00 0.00000E+00 1.08420E-19 1.30498E-05
3.07677E-11 0.00000E+00 0.00000E+00 1.38022E-09 1.38022E-09 9.11561E-05 2.44735E-03 0.00000E+00 0.00000E+00 3.07677E-11 1.25990E-05
2.26081E-10 0.00000E+00 0.00000E+00 1.17962E-09 1.17962E-09 7.62829E-05 2.06500E-03 0.00000E+00 0.00000E+00 2.26081E-10 1.05934E-05
4.72713E-10 0.00000E+00 0.00000E+00 1.12969E-09 1.12969E-09 6.38057E-05 1.74121E-03 0.00000E+00 0.00000E+00 4.72713E-10 8.85091E-06
7.16424E-10 0.00000E+00 0.00000E+00 1.15222E-09 1.15223E-09 5.33135E-05 1.46645E-03 0.00000E+00 0.00000E+00 7.16424E-10 7.35063E-06
9.28191E-10 0.00000E+00 0.00000E+00 1.20105E-09 1.20106E-09 4.44983E-05 1.23354E-03 0.00000E+00 0.00000E+00 9.28191E-10 6.07391E-06
1.09300E-09 0.00000E+00 2.52962E-10 1.24806E-09 1.24806E-09 3.71158E-05 1.03675E-03 2.52962E-10 0.00000E+00 1.09300E-09 5.00017E-06
1.20685E-09 0.00000E+00 4.86814E-10 1.27813E-09 1.27813E-09 3.09315E-05 8.70467E-04 4.86814E-10 0.00000E+00 1.20685E-09 4.10306E-06
1.27242E-09 2.38578E-10 6.57269E-10 1.28530E-09 1.28531E-09 2.57465E-05 7.29884E-04 6.57269E-10 2.38578E-10 1.27242E-09 3.35674E-06
1.29522E-09 4.39698E-10 7.71326E-10 1.26877E-09 1.26877E-09 2.14041E-05 6.11180E-04 7.71326E-10 4.39698E-10 1.29522E-09 2.73905E-06
1.28236E-09 5.75402E-10 8.37523E-10 1.23070E-09 1.23070E-09 1.77720E-05 5.11084E-04 8.37523E-10 5.75402E-10 1.28236E-09 2.23004E-06
1.24137E-09 6.58001E-10 8.64737E-10 1.17484E-09 1.17484E-09 1.47375E-05 4.26796E-04 8.64737E-10 6.58001E-10 1.24137E-09 1.81214E-06
1.17944E-09 6.98749E-10 8.61441E-10 1.10548E-09 1.10548E-09 1.22058E-05 3.55920E-04 8.61441E-10 6.98749E-10 1.17944E-09 1.47010E-06
1.10306E-09 7.07533E-10 8.35274E-10 1.02688E-09 1.02688E-09 1.00961E-05 2.96408E-04 8.35274E-10 7.07533E-10 1.10306E-09 1.19090E-06
1.01777E-09 6.92773E-10 7.92835E-10 9.42927E-10 9.42927E-10 8.34061E-06 2.46510E-04 7.92835E-10 6.92773E-10 1.01777E-09 9.63506E-07
9.28100E-10 6.61439E-10 7.39630E-10 8.56917E-10 8.56917E-10 6.88167E-06 2.04734E-04 7.39630E-10 6.61439E-10 9.28100E-10 7.78660E-07
8.37656E-10 6.19163E-10 6.80112E-10 7.71535E-10 7.71535E-10 5.67085E-06 1.69809E-04 6.80112E-10 6.19163E-10 8.37656E-10 6.28652E-07
7.49228E-10 5.70327E-10 6.17765E-10 6.88921E-10 6.88921E-10 4.67035E-06 1.40741E-04 6.17765E-10 5.70327E-10 7.49228E-10 5.07500E-07
6.64802E-10 5.18474E-10 5.55315E-10 6.10577E-10 6.10577E-10 3.84273E-06 1.16525E-04 5.55315E-10 5.18474E-10 6.64802E-10 4.09499E-07
0.00000E+00 0.00000E+00 1.73545E-09 4.33862E-09 4.33862E-09 1.41099E-04 4.13268E-03 1.73545E-09 0.00000E+00 0.00000E+00 8.46396E-06
0.00000E+00 0.00000E+00 4.24470E-10 2.46786E-09 2.46786E-09 1.16860E-04 3.44841E-03 4.24470E-10 0.00000E+00 0.00000E+00 9.13030E-06
0.00000E+00 0.00000E+00 0.00000E+00 1.08776E-09 1.08776E-09 9.71865E-05 2.88838E-03 0.00000E+00 0.00000E+00 0.00000E+00 8.96522E-06
0.00000E+00 0.00000E+00 0.00000E+00 1.86576E-10 1.86577E-10 8.10026E-05 2.42402E-03 0.00000E+00 0.00000E+00 0.00000E+00 8.32271E-06
0.00000E+00 0.00000E+00 0.00000E+00 0.00000E+00 0.00000E+00 6.76334E-05 2.03746E-03 0.00000E+00 0.00000E+00 0.00000E+00 7.46444E-06
0.00000E+00 0.00000E+00 0.00000E+00 0.00000E+00 0.00000E+00 5.66292E-05 1.71683E-03 0.00000E+00 0.00000E+00 0.00000E+00 6.54222E-06
0.00000E+00 0.00000E+00 0.00000E+00 0.00000E+00 0.00000E+00 4.74963E-05 1.44881E-03 0.00000E+00 0.00000E+00 0.00000E+00 5.64636E-06
1.62630E-19 0.00000E+00 0.00000E+00 0.00000E+00 0.00000E+00 4.14171E-05 1.26936E-03 0.00000E+00 0.00000E+00 1.62630E-19 4.99456E-06
0.00000E+00 0.00000E+00 0.00000E+00 0.00000E+00 0.00000E+00 3.98671E-05 1.22338E-03 0.00000E+00 0.00000E+00 0.00000E+00 4.82092E-06
0.00000E+00 0.00000E+00 0.00000E+00 0.00000E+00 0.00000E+00 3.30668E-05 1.02106E-03 0.00000E+00 0.00000E+00 0.00000E+00 4.04519E-06
3.53707E-11 0.00000E+00 0.00000E+00 0.00000E+00 0.00000E+00 2.74124E-05 8.51630E-04 0.00000E+00 0.00000E+00 3.53707E-11 3.36269E-06
9.09668E-11 0.00000E+00 0.00000E+00 0.00000E+00 0.00000E+00 2.26993E-05 7.09443E-04 0.00000E+00 0.00000E+00 9.09668E-11 2.77258E-06
1.48122E-10 0.00000E+00 0.00000E+00 0.00000E+00 0.00000E+00 1.87747E-05 5.90246E-04 0.00000E+00 0.00000E+00 1.48122E-10 2.27099E-06
1.98194E-10 0.00000E+00 0.00000E+00 0.00000E+00 0.00000E+00 1.55176E-05 4.90666E-04 0.00000E+00 0.00000E+00 1.98194E-10 1.85126E-06
2.37068E-10 0.00000E+00 0.00000E+00 0.00000E+00 0.00000E+00 1.28140E-05 4.07468E-04 0.00000E+00 0.00000E+00 2.37068E-10 1.50318E-06
2.63685E-10 0.00000E+00 0.00000E+00 2.67290E-11 2.67291E-11 1.05677E-05 3.37908E-04 0.00000E+00 0.00000E+00 2.63685E-10 1.21621E-06
2.78568E-10 0.00000E+00 1.13729E-11 7.79211E-11 7.79212E-11 8.70364E-06 2.79830E-04 1.13729E-11 0.00000E+00 2.78568E-10 9.81106E-07
2.83154E-10 2.90072E-11 6.29438E-11 1.13849E-10 1.13849E-10 7.15882E-06 2.31404E-04 6.29438E-11 2.90072E-11 2.83154E-10 7.89483E-07
2.79286E-10 7.22806E-11 9.81300E-11 1.36904E-10 1.36904E-10 5.88025E-06 1.91085E-04 9.81300E-11 7.22806E-11 2.79286E-10 6.33957E-07
2.68894E-10 1.00535E-10 1.20134E-10 1.49534E-10 1.49534E-10 4.82350E-06 1.57566E-04 1.20134E-10 1.00535E-10 2.68894E-10 5.08167E-07
2.53792E-10 1.17068E-10 1.31855E-10 1.54035E-10 1.54035E-10 3.95132E-06 1.29741E-04 1.31855E-10 1.17068E-10 2.53792E-10 4.06723E-07
2.35580E-10 1.24709E-10 1.35805E-10 1.52448E-10 1.52448E-10 3.23247E-06 1.06677E-04 1.35805E-10 1.24709E-10 2.35580E-10 3.25109E-07
2.15594E-10 1.25821E-10 1.34096E-10 1.46510E-10 1.46510E-10 2.64085E-06 8.75895E-05 1.34096E-10 1.25821E-10 2.15594E-10 2.59582E-07
1.94904E-10 1.22319E-10 1.28451E-10 1.37648E-10 1.37648E-10 2.15463E-06 7.18161E-05 1.28451E-10 1.22319E-10 1.94904E-10 2.07060E-07
1.74343E-10 1.15694E-10 1.20210E-10 1.26983E-10 1.26983E-10 1.75689E-06 5.88419E-05 1.20210E-10 1.15694E-10 1.74343E-10 1.65171E-07
1.54521E-10 1.07184E-10 1.10484E-10 1.15433E-10 1.15433E-10 1.43113E-06 4.81594E-05 1.10484E-10 1.07184E-10 1.54521E-10 1.31704E-07
0.00000E+00 0.00000E+00 2.12404E-10 5.31011E-10 5.31011E-10 5.77565E-05 1.91715E-03 2.12404E-10 0.00000E+00 0.00000E+00 1.69706E-06
0.00000E+00 0.00000E+00 0.00000E+00 1.82268E-10 1.82268E-10 4.73053E-05 1.57835E-03 0.00000E+00 0.00000E+00 0.00000E+00 2.44141E-06
0.00000E+00 0.00000E+00 0.00000E+00 0.00000E+00 0.00000E+00 3.89133E-05 1.30476E-03 0.00000E+00 0.00000E+00 0.00000E+00 2.66083E-06
0.00000E+00 0.00000E+00 0.00000E+00 0.00000E+00 0.00000E+00 3.20822E-05 1.08085E-03 0.00000E+00 0.00000E+00 0.00000E+00 2.58504E-06
0.00000E+00 0.00000E+00 0.00000E+00 0.00000E+00 0.00000E+00 2.64983E-05 8.96856E-04 0.00000E+00 0.00000E+00 0.00000E+00 2.36466E-06
0.00000E+00 0.00000E+00 0.00000E+00 0.00000E+00 0.00000E+00 2.19521E-05 7.46267E-04 0.00000E+00 0.00000E+00 0.00000E+00 2.08512E-06
0.00000E+00 0.00000E+00 0.00000E+00 0.00000E+00 0.00000E+00 1.82186E-05 6.21987E-04 0.00000E+00 0.00000E+00 0.00000E+00 1.79739E-06
7.45389E-20 0.00000E+00 0.00000E+00 0.00000E+00 0.00000E+00 1.57549E-05 5.39650E-04 0.00000E+00 0.00000E+00 7.45389E-20 1.58359E-06
0.00000E+00 0.00000E+00 0.00000E+00 0.00000E+00 0.00000E+00 1.51317E-05 5.18749E-04 0.00000E+00 0.00000E+00 0.00000E+00 1.52634E-06
0.00000E+00 0.00000E+00 0.00000E+00 0.00000E+00 0.00000E+00 1.24093E-05 4.27273E-04 0.00000E+00 0.00000E+00 0.00000E+00 1.27067E-06
0.00000E+00 0.00000E+00 0.00000E+00 0.00000E+00 0.00000E+00 1.01711E-05 3.51701E-04 0.00000E+00 0.00000E+00 0.00000E+00 1.04545E-06
0.00000E+00 0.00000E+00 0.00000E+00 0.00000E+00 0.00000E+00 8.32639E-06 2.89119E-04 0.00000E+00 0.00000E+00 0.00000E+00 8.51764E-07
0.00000E+00 0.00000E+00 0.00000E+00 0.00000E+00 0.00000E+00 6.80761E-06 2.37356E-04 0.00000E+00 0.00000E+00 0.00000E+00 6.88656E-07
1.08709E-11 0.00000E+00 0.00000E+00 0.00000E+00 0.00000E+00 5.56175E-06 1.94700E-04 0.00000E+00 0.00000E+00 1.08709E-11 5.53798E-07
2.26221E-11 0.00000E+00 0.00000E+00 0.00000E+00 0.00000E+00 4.53951E-06 1.59543E-04 0.00000E+00 0.00000E+00 2.26221E-11 4.43458E-07
3.19538E-11 0.00000E+00 0.00000E+00 0.00000E+00 0.00000E+00 3.69998E-06 1.30543E-04 0.00000E+00 0.00000E+00 3.19538E-11 3.53771E-07
3.86320E-11 0.00000E+00 0.00000E+00 0.00000E+00 0.00000E+00 3.01142E-06 1.06657E-04 0.00000E+00 0.00000E+00 3.86320E-11 2.81366E-07
4.27924E-11 0.00000E+00 0.00000E+00 0.00000E+00 0.00000E+00 2.44748E-06 8.70114E-05 0.00000E+00 0.00000E+00 4.27924E-11 2.23231E-07
4.47642E-11 0.00000E+00 0.00000E+00 0.00000E+00 0.00000E+00 1.98627E-06 7.08776E-05 0.00000E+00 0.00000E+00 4.47642E-11 1.76754E-07
4.49550E-11 0.00000E+00 3.17478E-13 9.37355E-13 9.37361E-13 1.60963E-06 5.76487E-05 3.17478E-13 0.00000E+00 4.49550E-11 1.39728E-07
4.37798E-11 7.77039E-12 7.94270E-12 8.20116E-12 8.20116E-12 1.30254E-06 4.68186E-05 7.94270E-12 7.77039E-12 4.37798E-11 1.10314E-07
4.16213E-11 1.28810E-11 1.28954E-11 1.29170E-11 1.29170E-11 1.05251E-06 3.79664E-05 1.28954E-11 1.28810E-11 4.16213E-11 8.69997E-08
3.88093E-11 1.59039E-11 1.58196E-11 1.56932E-11 1.56932E-11 8.49269E-07 3.07422E-05 1.58196E-11 1.59039E-11 3.88093E-11 6.85543E-08
3.56143E-11 1.73850E-11 1.72438E-11 1.70319E-11 1.70319E-11 6.84306E-07 2.48562E-05 1.72438E-11 1.73850E-11 3.56143E-11 5.39829E-08
3.22490E-11 1.77477E-11 1.75785E-11 1.73247E-11 1.73247E-11 5.51068E-07 2.00839E-05 1.75785E-11 1.77477E-11 3.22490E-11 4.25288E-08
2.88783E-11 1.73535E-11 1.71753E-11 1.69080E-11 1.69080E-11 4.43316E-07 1.62101E-05 1.71753E-11 1.73535E-11 2.88783E-11 3.35043E-08
0.00000E+00 0.00000E+00 1.10395E-11 2.75987E-11 2.75987E-11 1.93145E-05 7.03399E-04 1.10395E-11 0.00000E+00 0.00000E+00 1.98231E-07
0.00000E+00 0.00000E+00 0.00000E+00 0.00000E+00 0.00000E+00 1.55790E-05 5.69195E-04 0.00000E+00 0.00000E+00 0.00000E+00 5.04875E-07
0.00000E+00 0.00000E+00 0.00000E+00 0.00000E+00 0.00000E+00 1.26239E-05 4.62659E-04 0.00000E+00 0.00000E+00 0.00000E+00 6.13696E-07
0.00000E+00 0.00000E+00 0.00000E+00 0.00000E+00 0.00000E+00 1.02535E-05 3.76911E-04 0.00000E+00 0.00000E+00 0.00000E+00 6.16121E-07
0.00000E+00 0.00000E+00 0.00000E+00 0.00000E+00 0.00000E+00 8.34404E-06 3.07613E-04 0.00000E+00 0.00000E+00 0.00000E+00 5.67506E-07
0.00000E+00 0.00000E+00 0.00000E+00 0.00000E+00 0.00000E+00 6.81280E-06 2.51858E-04 0.00000E+00 0.00000E+00 0.00000E+00 4.98104E-07
0.00000E+00 0.00000E+00 0.00000E+00 0.00000E+00 0.00000E+00 5.57352E-06 2.06593E-04 0.00000E+00 0.00000E+00 0.00000E+00 4.25117E-07
0.00000E+00 0.00000E+00 0.00000E+00 0.00000E+00 0.00000E+00 4.76552E-06 1.77007E-04 0.00000E+00 0.00000E+00 0.00000E+00 3.70896E-07
0.00000E+00 0.00000E+00 0.00000E+00 0.00000E+00 0.00000E+00 4.56333E-06 1.69587E-04 0.00000E+00 0.00000E+00 0.00000E+00 3.56511E-07
0.00000E+00 0.00000E+00 0.00000E+00 0.00000E+00 0.00000E+00 3.68544E-06 1.37333E-04 0.00000E+00 0.00000E+00 0.00000E+00 2.92692E-07
0.00000E+00 0.00000E+00 0.00000E+00 0.00000E+00 0.00000E+00 2.97489E-06 1.11146E-04 0.00000E+00 0.00000E+00 0.00000E+00 2.37241E-07
0.00000E+00 0.00000E+00 0.00000E+00 0.00000E+00 0.00000E+00 2.39821E-06 8.98296E-05 0.00000E+00 0.00000E+00 0.00000E+00 1.90333E-07
0.00000E+00 0.00000E+00 0.00000E+00 0.00000E+00 0.00000E+00 1.93078E-06 7.25013E-05 0.00000E+00 0.00000E+00 0.00000E+00 1.51539E-07
0.00000E+00 0.00000E+00 0.00000E+00 0.00000E+00 0.00000E+00 1.55339E-06 5.84707E-05 0.00000E+00 0.00000E+00 0.00000E+00 1.20071E-07
2.86058E-12 0.00000E+00 0.00000E+00 0.00000E+00 0.00000E+00 1.24861E-06 4.71076E-05 0.00000E+00 0.00000E+00 2.86058E-12 9.48034E-08
5.29815E-12 0.00000E+00 0.00000E+00 0.00000E+00 0.00000E+00 1.00220E-06 3.78963E-05 0.00000E+00 0.00000E+00 5.29815E-12 7.46365E-08
7.15261E-12 0.00000E+00 0.00000E+00 0.00000E+00 0.00000E+00 8.03286E-07 3.04404E-05 0.00000E+00 0.00000E+00 7.15261E-12 5.86403E-08
8.43491E-12 0.00000E+00 0.00000E+00 0.00000E+00 0.00000E+00 6.42939E-07 2.44147E-05 0.00000E+00 0.00000E+00 8.43491E-12 4.60112E-08
9.20630E-12 0.00000E+00 0.00000E+00 0.00000E+00 0.00000E+00 5.13878E-07 1.95526E-05 0.00000E+00 0.00000E+00 9.20630E-12 3.60745E-08
9.55017E-12 1.67550E-12 1.47978E-12 1.18619E-12 1.18620E-12 4.10159E-07 1.56357E-05 1.47978E-12 1.67550E-12 9.55017E-12 2.82757E-08
9.55483E-12 3.33656E-12 3.17474E-12 2.93202E-12 2.93202E-12 3.26935E-07 1.24853E-05 3.17474E-12 3.33656E-12 9.55483E-12 2.21654E-08
9.30357E-12 4.39275E-12 4.26052E-12 4.06217E-12 4.06217E-12 2.60258E-07 9.95561E-06 4.26052E-12 4.39275E-12 9.30357E-12 1.73833E-08
8.86967E-12 4.99015E-12 4.88328E-12 4.72299E-12 4.72299E-12 2.06919E-07 7.92749E-06 4.88328E-12 4.99015E-12 8.86967E-12 1.36429E-08
8.31454E-12 5.24803E-12 5.16259E-12 5.03443E-12 5.03443E-12 1.64315E-07 6.30414E-06 5.16259E-12 5.24803E-12 8.31454E-12 1.07178E-08
7.68701E-12 5.25884E-12 5.19119E-12 5.08973E-12 5.08973E-12 1.30456E-07 5.01142E-06 5.19119E-12 5.25884E-12 7.68701E-12 8.43863E-09
7.02706E-12 5.10165E-12 5.04865E-12 4.96915E-12 4.96915E-12 1.03503E-07 3.98045E-06 5.04865E-12 5.10165E-12 7.02706E-12 6.65574E-09
0.00000E+00 0.00000E+00 0.00000E+00 0.00000E+00 0.00000E+00 4.30118E-06 1.65439E-04 0.00000E+00 0.00000E+00 0.00000E+00 6.60370E-09
0.00000E+00 0.00000E+00 0.00000E+00 0.00000E+00 0.00000E+00 3.39142E-06 1.30680E-04 0.00000E+00 0.00000E+00 0.00000E+00 6.67733E-08
0.00000E+00 0.00000E+00 0.00000E+00 0.00000E+00 0.00000E+00 2.68820E-06 1.03745E-04 0.00000E+00 0.00000E+00 0.00000E+00 8.79215E-08
0.00000E+00 0.00000E+00 0.00000E+00 0.00000E+00 0.00000E+00 2.13667E-06 8.25728E-05 0.00000E+00 0.00000E+00 0.00000E+00 8.94770E-08
0.00000E+00 0.00000E+00 0.00000E+00 0.00000E+00 0.00000E+00 1.70230E-06 6.58621E-05 0.00000E+00 0.00000E+00 0.00000E+00 8.22450E-08
0.00000E+00 0.00000E+00 0.00000E+00 0.00000E+00 0.00000E+00 1.36191E-06 5.27400E-05 0.00000E+00 0.00000E+00 0.00000E+00 7.17738E-08
0.00000E+00 0.00000E+00 0.00000E+00 0.00000E+00 0.00000E+00 1.09244E-06 4.23330E-05 0.00000E+00 0.00000E+00 0.00000E+00 6.09506E-08
0.00000E+00 0.00000E+00 0.00000E+00 0.00000E+00 0.00000E+00 9.19897E-07 3.56603E-05 0.00000E+00 0.00000E+00 0.00000E+00 5.30485E-08
4.38750E-14 0.00000E+00 0.00000E+00 0.00000E+00 0.00000E+00 8.77413E-07 3.40154E-05 0.00000E+00 0.00000E+00 4.38750E-14 5.09900E-08
4.82258E-13 0.00000E+00 0.00000E+00 0.00000E+00 0.00000E+00 6.94577E-07 2.69324E-05 0.00000E+00 0.00000E+00 4.82258E-13 4.19257E-08
1.28254E-12 0.00000E+00 0.00000E+00 0.00000E+00 0.00000E+00 5.49961E-07 2.13223E-05 0.00000E+00 0.00000E+00 1.28254E-12 3.41722E-08
2.18467E-12 0.00000E+00 0.00000E+00 0.00000E+00 0.00000E+00 4.35177E-07 1.68644E-05 0.00000E+00 0.00000E+00 2.18467E-12 2.76879E-08
3.03672E-12 0.00000E+00 0.00000E+00 0.00000E+00 0.00000E+00 3.44181E-07 1.33272E-05 0.00000E+00 0.00000E+00 3.03672E-12 2.23670E-08
3.75180E-12 4.73506E-13 4.92738E-13 5.21585E-13 5.21585E-13 2.72321E-07 1.05321E-05 4.92738E-13 4.73506E-13 3.75180E-12 1.80646E-08
4.29391E-12 1.54190E-12 1.56828E-12 1.60785E-12 1.60785E-12 2.15517E-07 8.32183E-06 1.56828E-12 1.54190E-12 4.29391E-12 1.46028E-08
4.65974E-12 2.33516E-12 2.36598E-12 2.41221E-12 2.41221E-12 1.70534E-07 6.57149E-06 2.36598E-12 2.33516E-12 4.65974E-12 1.18196E-08
4.86163E-12 2.88743E-12 2.92054E-12 2.97021E-12 2.97021E-12 1.34940E-07 5.18696E-06 2.92054E-12 2.88743E-12 4.86163E-12 9.58448E-09
4.92089E-12 3.23656E-12 3.27031E-12 3.32094E-12 3.32094E-12 1.06795E-07 4.09299E-06 3.27031E-12 3.23656E-12 4.92089E-12 7.78876E-09
4.86245E-12 3.42006E-12 3.45323E-12 3.50299E-12 3.50299E-12 8.45554E-08 3.22948E-06 3.45323E-12 3.42006E-12 4.86245E-12 6.34406E-09
4.71148E-12 3.47274E-12 3.50446E-12 3.55204E-12 3.55204E-12 6.69892E-08 2.54849E-06 3.50446E-12 3.47274E-12 4.71148E-12 5.17940E-09
4.49150E-12 3.42545E-12 3.45514E-12 3.49966E-12 3.49966E-12 5.31184E-08 2.01185E-06 3.45514E-12 3.42545E-12 4.49150E-12 4.23816E-09
4.22329E-12 3.30464E-12 3.33194E-12 3.37288E-12 3.37288E-12 4.21666E-08 1.58921E-06 3.33194E-12 3.30464E-12 4.22329E-12 3.47542E-09
3.92451E-12 3.13235E-12 3.15708E-12 3.19418E-12 3.19418E-12 3.35182E-08 1.25648E-06 3.15708E-12 3.13235E-12 3.92451E-12 2.85560E-09
3.60966E-12 2.92651E-12 2.94864E-12 2.98184E-12 2.98184E-12 2.66861E-08 9.94569E-07 2.94864E-12 2.92651E-12 3.60966E-12 2.35051E-09
3.29036E-12 2.70123E-12 2.72082E-12 2.75020E-12 2.75020E-12 2.13052E-08 7.89161E-07 2.72082E-12 2.70123E-12 3.29036E-12 1.93911E-09
2.97571E-12 2.46801E-12 2.48518E-12 2.51094E-12 2.51094E-12 1.70494E-08 6.27468E-07 2.48518E-12 2.46801E-12 2.97571E-12 1.60224E-09
0.00000E+00 0.00000E+00 2.70710E-13 6.76774E-13 6.76774E-13 0.00000E+00 0.00000E+00 2.70710E-13 0.00000E+00 0.00000E+00 2.25186E-09
0.00000E+00 0.00000E+00 0.00000E+00 2.47536E-13 2.47536E-13 0.00000E+00 0.00000E+00 0.00000E+00 0.00000E+00 0.00000E+00 1.50150E-09
0.00000E+00 0.00000E+00 0.00000E+00 0.00000E+00 0.00000E+00 0.00000E+00 0.00000E+00 0.00000E+00 0.00000E+00 0.00000E+00 1.21211E-09
0.00000E+00 0.00000E+00 0.00000E+00 0.00000E+00 0.00000E+00 0.00000E+00 0.00000E+00 0.00000E+00 0.00000E+00 0.00000E+00 1.08178E-09
0.00000E+00 0.00000E+00 0.00000E+00 0.00000E+00 0.00000E+00 0.00000E+00 0.00000E+00 0.00000E+00 0.00000E+00 0.00000E+00 9.91006E-10
0.00000E+00 0.00000E+00 0.00000E+00 0.00000E+00 0.00000E+00 0.00000E+00 0.00000E+00 0.00000E+00 0.00000E+00 0.00000E+00 8.97221E-10
0.00000E+00 0.00000E+00 0.00000E+00 0.00000E+00 0.00000E+00 0.00000E+00 0.00000E+00 0.00000E+00 0.00000E+00 0.00000E+00 7.93168E-10
0.00000E+00 0.00000E+00 0.00000E+00 0.00000E+00 0.00000E+00 0.00000E+00 0.00000E+00 0.00000E+00 0.00000E+00 0.00000E+00 7.08311E-10
0.00000E+00 0.00000E+00 0.00000E+00 0.00000E+00 0.00000E+00 0.00000E+00 0.00000E+00 0.00000E+00 0.00000E+00 0.00000E+00 6.83329E-10
0.00000E+00 0.00000E+00 0.00000E+00 0.00000E+00 0.00000E+00 0.00000E+00 0.00000E+00 0.00000E+00 0.00000E+00 0.00000E+00 5.67562E-10
0.00000E+00 0.00000E+00 0.00000E+00 0.00000E+00 0.00000E+00 0.00000E+00 0.00000E+00 0.00000E+00 0.00000E+00 0.00000E+00 4.58235E-10
0.00000E+00 0.00000E+00 0.00000E+00 0.00000E+00 0.00000E+00 0.00000E+00 0.00000E+00 0.00000E+00 0.00000E+00 0.00000E+00 3.59591E-10
0.00000E+00 0.00000E+00 0.00000E+00 0.00000E+00 0.00000E+00 0.00000E+00 0.00000E+00 0.00000E+00 0.00000E+00 0.00000E+00 2.73857E-10
0.00000E+00 0.00000E+00 0.00000E+00 0.00000E+00 0.00000E+00 0.00000E+00 0.00000E+00 0.00000E+00 0.00000E+00 0.00000E+00 2.01983E-10
0.00000E+00 0.00000E+00 0.00000E+00 0.00000E+00 0.00000E+00 0.00000E+00 0.00000E+00 0.00000E+00 0.00000E+00 0.00000E+00 1.43452E-10
0.00000E+00 0.00000E+00 0.00000E+00 0.00000E+00 0.00000E+00 0.00000E+00 0.00000E+00 0.00000E+00 0.00000E+00 0.00000E+00 9.69248E-11
0.00000E+00 0.00000E+00 0.00000E+00 0.00000E+00 0.00000E+00 9.24619E-11 0.00000E+00 0.00000E+00 0.00000E+00 0.00000E+00 6.08569E-11
0.00000E+00 0.00000E+00 0.00000E+00 0.00000E+00 0.00000E+00 1.68284E-10 1.08564E-10 0.00000E+00 0.00000E+00 0.00000E+00 3.35982E-11
0.00000E+00 0.00000E+00 0.00000E+00 0.00000E+00 0.00000E+00 2.00496E-10 3.66374E-09 0.00000E+00 0.00000E+00 0.00000E+00 1.35563E-11
0.00000E+00 0.00000E+00 0.00000E+00 0.00000E+00 0.00000E+00 2.04619E-10 5.52446E-09 0.00000E+00 0.00000E+00 0.00000E+00 0.00000E+00
0.00000E+00 0.00000E+00 0.00000E+00 0.00000E+00 0.00000E+00 1.91681E-10 6.25354E-09 0.00000E+00 0.00000E+00 0.00000E+00 0.00000E+00
0.00000E+00 0.00000E+00 0.00000E+00 0.00000E+00 0.00000E+00 1.69362E-10 6.25715E-09 0.00000E+00 0.00000E+00 0.00000E+00 0.00000E+00
0.00000E+00 0.00000E+00 0.00000E+00 0.00000E+00 0.00000E+00 1.42869E-10 5.82363E-09 0.00000E+00 0.00000E+00 0.00000E+00 0.00000E+00
0.00000E+00 0.00000E+00 0.00000E+00 0.00000E+00 0.00000E+00 1.15610E-10 5.15346E-09 0.00000E+00 0.00000E+00 0.00000E+00 0.00000E+00
0.00000E+00 0.00000E+00 0.00000E+00 0.00000E+00 0.00000E+00 8.97471E-11 4.38220E-09 0.00000E+00 0.00000E+00 0.00000E+00 0.00000E+00
0.00000E+00 0.00000E+00 0.00000E+00 0.00000E+00 0.00000E+00 6.64804E-11 3.60079E-09 0.00000E+00 0.00000E+00 0.00000E+00 0.00000E+00
0.00000E+00 0.00000E+00 0.00000E+00 0.00000E+00 0.00000E+00 0.00000E+00 0.00000E+00 0.00000E+00 0.00000E+00 0.00000E+00 0.00000E+00
0.00000E+00 0.00000E+00 0.00000E+00 0.00000E+00 0.00000E+00 0.00000E+00 0.00000E+00 0.00000E+00 0.00000E+00 0.00000E+00 0.00000E+00
0.00000E+00 0.00000E+00 0.00000E+00 0.00000E+00 0.00000E+00 0.00000E+00 0.00000E+00 0.00000E+00 0.00000E+00 0.00000E+00 0.00000E+00
0.00000E+00 0.00000E+00 0.00000E+00 0.00000E+00 0.00000E+00 0.00000E+00 0.00000E+00 0.00000E+00 0.00000E+00 0.00000E+00 0.00000E+00
0.00000E+00 0.00000E+00 0.00000E+00 0.00000E+00 0.00000E+00 0.00000E+00 0.00000E+00 0.00000E+00 0.00000E+00 0.00000E+00 0.00000E+00
0.00000E+00 0.00000E+00 0.00000E+00 0.00000E+00 0.00000E+00 0.00000E+00 0.00000E+00 0.00000E+00 0.00000E+00 0.00000E+00 0.00000E+00
0.00000E+00 0.00000E+00 0.00000E+00 0.00000E+00 0.00000E+00 0.00000E+00 0.00000E+00 0.00000E+00 0.00000E+00 0.00000E+00 0.00000E+00
0.00000E+00 0.00000E+00 0.00000E+00 0.00000E+00 0.00000E+00 0.00000E+00 0.00000E+00 0.00000E+00 0.00000E+00 0.00000E+00 0.00000E+00
0.00000E+00 0.00000E+00 0.00000E+00 0.00000E+00 0.00000E+00 0.00000E+00 0.00000E+00 0.00000E+00 0.00000E+00 0.00000E+00 0.00000E+00
0.00000E+00 0.00000E+00 0.00000E+00 0.00000E+00 0.00000E+00 0.00000E+00 0.00000E+00 0.00000E+00 0.00000E+00 0.00000E+00 0.00000E+00
0.00000E+00 0.00000E+00 0.00000E+00 0.00000E+00 0.00000E+00 0.00000E+00 0.00000E+00 0.00000E+00 0.00000E+00 0.00000E+00 0.00000E+00
0.00000E+00 0.00000E+00 0.00000E+00 0.00000E+00 0.00000E+00 0.00000E+00 0.00000E+00 0.00000E+00 0.00000E+00 0.00000E+00 0.00000E+00
0.00000E+00 0.00000E+00 0.00000E+00 0.00000E+00 0.00000E+00 0.00000E+00 0.00000E+00 0.00000E+00 0.00000E+00 0.00000E+00 0.00000E+00
0.00000E+00 0.00000E+00 0.00000E+00 0.00000E+00 0.00000E+00 0.00000E+00 0.00000E+00 0.00000E+00 0.00000E+00 0.00000E+00 0.00000E+00
0.00000E+00 0.00000E+00 0.00000E+00 0.00000E+00 0.00000E+00 0.00000E+00 0.00000E+00 0.00000E+00 0.00000E+00 0.00000E+00 0.00000E+00
0.00000E+00 0.00000E+00 0.00000E+00 0.00000E+00 0.00000E+00 0.00000E+00 0.00000E+00 0.00000E+00 0.00000E+00 0.00000E+00 0.00000E+00
0.00000E+00 0.00000E+00 0.00000E+00 0.00000E+00 0.00000E+00 0.00000E+00 0.00000E+00 0.00000E+00 0.00000E+00 0.00000E+00 0.00000E+00
0.00000E+00 0.00000E+00 0.00000E+00 0.00000E+00 0.00000E+00 0.00000E+00 0.00000E+00 0.00000E+00 0.00000E+00 0.00000E+00 0.00000E+00
0.00000E+00 0.00000E+00 0.00000E+00 0.00000E+00 0.00000E+00 0.00000E+00 0.00000E+00 0.00000E+00 0.00000E+00 0.00000E+00 0.00000E+00
0.00000E+00 0.00000E+00 0.00000E+00 0.00000E+00 0.00000E+00 0.00000E+00 0.00000E+00 0.00000E+00 0.00000E+00 0.00000E+00 0.00000E+00
0.00000E+00 0.00000E+00 0.00000E+00 0.00000E+00 0.00000E+00 0.00000E+00 0.00000E+00 0.00000E+00 0.00000E+00 0.00000E+00 0.00000E+00
0.00000E+00 0.00000E+00 0.00000E+00 0.00000E+00 0.00000E+00 0.00000E+00 0.00000E+00 0.00000E+00 0.00000E+00 0.00000E+00 0.00000E+00
0.00000E+00 0.00000E+00 0.00000E+00 0.00000E+00 0.00000E+00 0.00000E+00 0.00000E+00 0.00000E+00 0.00000E+00 0.00000E+00 0.00000E+00
0.00000E+00 0.00000E+00 0.00000E+00 0.00000E+00 0.00000E+00 0.00000E+00 0.00000E+00 0.00000E+00 0.00000E+00 0.00000E+00 0.00000E+00
0.00000E+00 0.00000E+00 0.00000E+00 0.00000E+00 0.00000E+00 0.00000E+00 0.00000E+00 0.00000E+00 0.00000E+00 0.00000E+00 0.00000E+00
0.00000E+00 0.00000E+00 0.00000E+00 0.00000E+00 0.00000E+00 0.00000E+00 0.00000E+00 0.00000E+00 0.00000E+00 0.00000E+00 0.00000E+00
---
